{"pitch": [-2.645842765270355, 11.919444212431241, 163.53687180215232, 61.808991051454996], "energy": [-1.249082326889038, 9.732963562011719, 41.66882241624237, 33.35954914785015]}