basename,confused,default,enunciated,happy,laughing,sad
train/0000/ex01_confused_00001,1,0,0,0,0,0
train/0000/ex01_confused_00002,1,0,0,0,0,0
train/0000/ex01_confused_00003,1,0,0,0,0,0
train/0000/ex01_confused_00004,1,0,0,0,0,0
train/0000/ex01_confused_00005,1,0,0,0,0,0
train/0000/ex01_confused_00006,1,0,0,0,0,0
train/0000/ex01_confused_00007,1,0,0,0,0,0
train/0000/ex01_confused_00008,1,0,0,0,0,0
train/0000/ex01_confused_00009,1,0,0,0,0,0
train/0000/ex01_confused_00010,1,0,0,0,0,0
train/0000/ex01_confused_00011,1,0,0,0,0,0
train/0000/ex01_confused_00012,1,0,0,0,0,0
train/0000/ex01_confused_00013,1,0,0,0,0,0
train/0000/ex01_confused_00014,1,0,0,0,0,0
train/0000/ex01_confused_00015,1,0,0,0,0,0
train/0000/ex01_confused_00016,1,0,0,0,0,0
train/0000/ex01_confused_00017,1,0,0,0,0,0
train/0000/ex01_confused_00018,1,0,0,0,0,0
train/0000/ex01_confused_00019,1,0,0,0,0,0
train/0000/ex01_confused_00020,1,0,0,0,0,0
train/0000/ex01_confused_00021,1,0,0,0,0,0
train/0000/ex01_confused_00022,1,0,0,0,0,0
train/0000/ex01_confused_00023,1,0,0,0,0,0
train/0000/ex01_confused_00024,1,0,0,0,0,0
train/0000/ex01_confused_00025,1,0,0,0,0,0
train/0000/ex01_confused_00026,1,0,0,0,0,0
train/0000/ex01_confused_00027,1,0,0,0,0,0
train/0000/ex01_confused_00028,1,0,0,0,0,0
train/0000/ex01_confused_00029,1,0,0,0,0,0
train/0000/ex01_confused_00030,1,0,0,0,0,0
train/0000/ex01_confused_00031,1,0,0,0,0,0
train/0000/ex01_confused_00032,1,0,0,0,0,0
train/0000/ex01_confused_00033,1,0,0,0,0,0
train/0000/ex01_confused_00034,1,0,0,0,0,0
train/0000/ex01_confused_00035,1,0,0,0,0,0
train/0000/ex01_confused_00036,1,0,0,0,0,0
train/0000/ex01_confused_00037,1,0,0,0,0,0
train/0000/ex01_confused_00038,1,0,0,0,0,0
train/0000/ex01_confused_00039,1,0,0,0,0,0
train/0000/ex01_confused_00040,1,0,0,0,0,0
train/0000/ex01_confused_00041,1,0,0,0,0,0
train/0000/ex01_confused_00042,1,0,0,0,0,0
train/0000/ex01_confused_00043,1,0,0,0,0,0
train/0000/ex01_confused_00044,1,0,0,0,0,0
train/0000/ex01_confused_00045,1,0,0,0,0,0
train/0000/ex01_confused_00046,1,0,0,0,0,0
train/0000/ex01_confused_00047,1,0,0,0,0,0
train/0000/ex01_confused_00048,1,0,0,0,0,0
train/0000/ex01_confused_00049,1,0,0,0,0,0
train/0000/ex01_confused_00050,1,0,0,0,0,0
train/0000/ex01_confused_00051,1,0,0,0,0,0
train/0000/ex01_confused_00052,1,0,0,0,0,0
train/0000/ex01_confused_00053,1,0,0,0,0,0
train/0000/ex01_confused_00054,1,0,0,0,0,0
train/0000/ex01_confused_00055,1,0,0,0,0,0
train/0000/ex01_confused_00056,1,0,0,0,0,0
train/0000/ex01_confused_00057,1,0,0,0,0,0
train/0000/ex01_confused_00058,1,0,0,0,0,0
train/0000/ex01_confused_00059,1,0,0,0,0,0
train/0000/ex01_confused_00060,1,0,0,0,0,0
train/0000/ex01_confused_00061,1,0,0,0,0,0
train/0000/ex01_confused_00062,1,0,0,0,0,0
train/0000/ex01_confused_00063,1,0,0,0,0,0
train/0000/ex01_confused_00064,1,0,0,0,0,0
train/0000/ex01_confused_00065,1,0,0,0,0,0
train/0000/ex01_confused_00066,1,0,0,0,0,0
train/0000/ex01_confused_00067,1,0,0,0,0,0
train/0000/ex01_confused_00068,1,0,0,0,0,0
train/0000/ex01_confused_00069,1,0,0,0,0,0
train/0000/ex01_confused_00070,1,0,0,0,0,0
train/0000/ex01_confused_00071,1,0,0,0,0,0
train/0000/ex01_confused_00072,1,0,0,0,0,0
train/0000/ex01_confused_00073,1,0,0,0,0,0
train/0000/ex01_confused_00074,1,0,0,0,0,0
train/0000/ex01_confused_00075,1,0,0,0,0,0
train/0000/ex01_confused_00076,1,0,0,0,0,0
train/0000/ex01_confused_00077,1,0,0,0,0,0
train/0000/ex01_confused_00078,1,0,0,0,0,0
train/0000/ex01_confused_00079,1,0,0,0,0,0
train/0000/ex01_confused_00080,1,0,0,0,0,0
train/0000/ex01_confused_00081,1,0,0,0,0,0
train/0000/ex01_confused_00082,1,0,0,0,0,0
train/0000/ex01_confused_00083,1,0,0,0,0,0
train/0000/ex01_confused_00084,1,0,0,0,0,0
train/0000/ex01_confused_00085,1,0,0,0,0,0
train/0000/ex01_confused_00086,1,0,0,0,0,0
train/0000/ex01_confused_00087,1,0,0,0,0,0
train/0000/ex01_confused_00088,1,0,0,0,0,0
train/0000/ex01_confused_00089,1,0,0,0,0,0
train/0000/ex01_confused_00090,1,0,0,0,0,0
train/0000/ex01_confused_00091,1,0,0,0,0,0
train/0000/ex01_confused_00092,1,0,0,0,0,0
train/0000/ex01_confused_00093,1,0,0,0,0,0
train/0000/ex01_confused_00094,1,0,0,0,0,0
train/0000/ex01_confused_00095,1,0,0,0,0,0
train/0000/ex01_confused_00096,1,0,0,0,0,0
train/0000/ex01_confused_00097,1,0,0,0,0,0
train/0000/ex01_confused_00098,1,0,0,0,0,0
train/0000/ex01_confused_00099,1,0,0,0,0,0
train/0000/ex01_confused_00100,1,0,0,0,0,0
train/0000/ex01_confused_00101,1,0,0,0,0,0
train/0000/ex01_confused_00102,1,0,0,0,0,0
train/0000/ex01_confused_00103,1,0,0,0,0,0
train/0000/ex01_confused_00104,1,0,0,0,0,0
train/0000/ex01_confused_00105,1,0,0,0,0,0
train/0000/ex01_confused_00106,1,0,0,0,0,0
train/0000/ex01_confused_00107,1,0,0,0,0,0
train/0000/ex01_confused_00108,1,0,0,0,0,0
train/0000/ex01_confused_00109,1,0,0,0,0,0
train/0000/ex01_confused_00110,1,0,0,0,0,0
train/0000/ex01_confused_00111,1,0,0,0,0,0
train/0000/ex01_confused_00112,1,0,0,0,0,0
train/0000/ex01_confused_00113,1,0,0,0,0,0
train/0000/ex01_confused_00114,1,0,0,0,0,0
train/0000/ex01_confused_00115,1,0,0,0,0,0
train/0000/ex01_confused_00116,1,0,0,0,0,0
train/0000/ex01_confused_00117,1,0,0,0,0,0
train/0000/ex01_confused_00118,1,0,0,0,0,0
train/0000/ex01_confused_00119,1,0,0,0,0,0
train/0000/ex01_confused_00120,1,0,0,0,0,0
train/0000/ex01_confused_00121,1,0,0,0,0,0
train/0000/ex01_confused_00122,1,0,0,0,0,0
train/0000/ex01_confused_00123,1,0,0,0,0,0
train/0000/ex01_confused_00124,1,0,0,0,0,0
train/0000/ex01_confused_00125,1,0,0,0,0,0
train/0000/ex01_confused_00126,1,0,0,0,0,0
train/0000/ex01_confused_00127,1,0,0,0,0,0
train/0000/ex01_confused_00128,1,0,0,0,0,0
train/0000/ex01_confused_00129,1,0,0,0,0,0
train/0000/ex01_confused_00130,1,0,0,0,0,0
train/0000/ex01_confused_00131,1,0,0,0,0,0
train/0000/ex01_confused_00132,1,0,0,0,0,0
train/0000/ex01_confused_00133,1,0,0,0,0,0
train/0000/ex01_confused_00134,1,0,0,0,0,0
train/0000/ex01_confused_00135,1,0,0,0,0,0
train/0000/ex01_confused_00136,1,0,0,0,0,0
train/0000/ex01_confused_00137,1,0,0,0,0,0
train/0000/ex01_confused_00138,1,0,0,0,0,0
train/0000/ex01_confused_00139,1,0,0,0,0,0
train/0000/ex01_confused_00140,1,0,0,0,0,0
train/0000/ex01_confused_00141,1,0,0,0,0,0
train/0000/ex01_confused_00142,1,0,0,0,0,0
train/0000/ex01_confused_00143,1,0,0,0,0,0
train/0000/ex01_confused_00144,1,0,0,0,0,0
train/0000/ex01_confused_00145,1,0,0,0,0,0
train/0000/ex01_confused_00146,1,0,0,0,0,0
train/0000/ex01_confused_00147,1,0,0,0,0,0
train/0000/ex01_confused_00148,1,0,0,0,0,0
train/0000/ex01_confused_00149,1,0,0,0,0,0
train/0000/ex01_confused_00150,1,0,0,0,0,0
train/0000/ex01_confused_00151,1,0,0,0,0,0
train/0000/ex01_confused_00152,1,0,0,0,0,0
train/0000/ex01_confused_00153,1,0,0,0,0,0
train/0000/ex01_confused_00154,1,0,0,0,0,0
train/0000/ex01_confused_00155,1,0,0,0,0,0
train/0000/ex01_confused_00156,1,0,0,0,0,0
train/0000/ex01_confused_00157,1,0,0,0,0,0
train/0000/ex01_confused_00158,1,0,0,0,0,0
train/0000/ex01_confused_00159,1,0,0,0,0,0
train/0000/ex01_confused_00160,1,0,0,0,0,0
train/0000/ex01_confused_00161,1,0,0,0,0,0
train/0000/ex01_confused_00162,1,0,0,0,0,0
train/0000/ex01_confused_00163,1,0,0,0,0,0
train/0000/ex01_confused_00164,1,0,0,0,0,0
train/0000/ex01_confused_00165,1,0,0,0,0,0
train/0000/ex01_confused_00166,1,0,0,0,0,0
train/0000/ex01_confused_00167,1,0,0,0,0,0
train/0000/ex01_confused_00168,1,0,0,0,0,0
train/0000/ex01_confused_00169,1,0,0,0,0,0
train/0000/ex01_confused_00170,1,0,0,0,0,0
train/0000/ex01_confused_00171,1,0,0,0,0,0
train/0000/ex01_confused_00172,1,0,0,0,0,0
train/0000/ex01_confused_00173,1,0,0,0,0,0
train/0000/ex01_confused_00174,1,0,0,0,0,0
train/0000/ex01_confused_00175,1,0,0,0,0,0
train/0000/ex01_confused_00176,1,0,0,0,0,0
train/0000/ex01_confused_00177,1,0,0,0,0,0
train/0000/ex01_confused_00178,1,0,0,0,0,0
train/0000/ex01_confused_00179,1,0,0,0,0,0
train/0000/ex01_confused_00180,1,0,0,0,0,0
train/0000/ex01_confused_00181,1,0,0,0,0,0
train/0000/ex01_confused_00182,1,0,0,0,0,0
train/0000/ex01_confused_00183,1,0,0,0,0,0
train/0000/ex01_confused_00184,1,0,0,0,0,0
train/0000/ex01_confused_00185,1,0,0,0,0,0
train/0000/ex01_confused_00186,1,0,0,0,0,0
train/0000/ex01_confused_00187,1,0,0,0,0,0
train/0000/ex01_confused_00188,1,0,0,0,0,0
train/0000/ex01_confused_00189,1,0,0,0,0,0
train/0000/ex01_confused_00190,1,0,0,0,0,0
train/0000/ex01_confused_00191,1,0,0,0,0,0
train/0000/ex01_confused_00192,1,0,0,0,0,0
train/0000/ex01_confused_00193,1,0,0,0,0,0
train/0000/ex01_confused_00194,1,0,0,0,0,0
train/0000/ex01_confused_00195,1,0,0,0,0,0
train/0000/ex01_confused_00196,1,0,0,0,0,0
train/0000/ex01_confused_00197,1,0,0,0,0,0
train/0000/ex01_confused_00198,1,0,0,0,0,0
train/0000/ex01_confused_00199,1,0,0,0,0,0
train/0000/ex01_confused_00200,1,0,0,0,0,0
train/0000/ex01_confused_00201,1,0,0,0,0,0
train/0000/ex01_confused_00202,1,0,0,0,0,0
train/0000/ex01_confused_00203,1,0,0,0,0,0
train/0000/ex01_confused_00204,1,0,0,0,0,0
train/0000/ex01_confused_00205,1,0,0,0,0,0
train/0000/ex01_confused_00206,1,0,0,0,0,0
train/0000/ex01_confused_00207,1,0,0,0,0,0
train/0000/ex01_confused_00208,1,0,0,0,0,0
train/0000/ex01_confused_00209,1,0,0,0,0,0
train/0000/ex01_confused_00210,1,0,0,0,0,0
train/0000/ex01_confused_00211,1,0,0,0,0,0
train/0000/ex01_confused_00212,1,0,0,0,0,0
train/0000/ex01_confused_00213,1,0,0,0,0,0
train/0000/ex01_confused_00214,1,0,0,0,0,0
train/0000/ex01_confused_00215,1,0,0,0,0,0
train/0000/ex01_confused_00216,1,0,0,0,0,0
train/0000/ex01_confused_00217,1,0,0,0,0,0
train/0000/ex01_confused_00218,1,0,0,0,0,0
train/0000/ex01_confused_00219,1,0,0,0,0,0
train/0000/ex01_confused_00220,1,0,0,0,0,0
train/0000/ex01_confused_00221,1,0,0,0,0,0
train/0000/ex01_confused_00222,1,0,0,0,0,0
train/0000/ex01_confused_00223,1,0,0,0,0,0
train/0000/ex01_confused_00224,1,0,0,0,0,0
train/0000/ex01_confused_00225,1,0,0,0,0,0
train/0000/ex01_confused_00226,1,0,0,0,0,0
train/0000/ex01_confused_00227,1,0,0,0,0,0
train/0000/ex01_confused_00228,1,0,0,0,0,0
train/0000/ex01_confused_00229,1,0,0,0,0,0
train/0000/ex01_confused_00230,1,0,0,0,0,0
train/0000/ex01_confused_00231,1,0,0,0,0,0
train/0000/ex01_confused_00232,1,0,0,0,0,0
train/0000/ex01_confused_00233,1,0,0,0,0,0
train/0000/ex01_confused_00234,1,0,0,0,0,0
train/0000/ex01_confused_00235,1,0,0,0,0,0
train/0000/ex01_confused_00236,1,0,0,0,0,0
train/0000/ex01_confused_00237,1,0,0,0,0,0
train/0000/ex01_confused_00238,1,0,0,0,0,0
train/0000/ex01_confused_00239,1,0,0,0,0,0
train/0000/ex01_confused_00240,1,0,0,0,0,0
train/0000/ex01_confused_00241,1,0,0,0,0,0
train/0000/ex01_confused_00242,1,0,0,0,0,0
train/0000/ex01_confused_00243,1,0,0,0,0,0
train/0000/ex01_confused_00244,1,0,0,0,0,0
train/0000/ex01_confused_00245,1,0,0,0,0,0
train/0000/ex01_confused_00246,1,0,0,0,0,0
train/0000/ex01_confused_00247,1,0,0,0,0,0
train/0000/ex01_confused_00248,1,0,0,0,0,0
train/0000/ex01_confused_00249,1,0,0,0,0,0
train/0000/ex01_confused_00250,1,0,0,0,0,0
train/0000/ex01_confused_00251,1,0,0,0,0,0
train/0000/ex01_confused_00252,1,0,0,0,0,0
train/0000/ex01_confused_00253,1,0,0,0,0,0
train/0000/ex01_confused_00254,1,0,0,0,0,0
train/0000/ex01_confused_00255,1,0,0,0,0,0
train/0000/ex01_confused_00256,1,0,0,0,0,0
train/0000/ex01_confused_00257,1,0,0,0,0,0
train/0000/ex01_confused_00258,1,0,0,0,0,0
train/0000/ex01_confused_00259,1,0,0,0,0,0
train/0000/ex01_confused_00260,1,0,0,0,0,0
train/0000/ex01_confused_00261,1,0,0,0,0,0
train/0000/ex01_confused_00262,1,0,0,0,0,0
train/0000/ex01_confused_00263,1,0,0,0,0,0
train/0000/ex01_confused_00264,1,0,0,0,0,0
train/0000/ex01_confused_00265,1,0,0,0,0,0
train/0000/ex01_confused_00266,1,0,0,0,0,0
train/0000/ex01_confused_00267,1,0,0,0,0,0
train/0000/ex01_confused_00268,1,0,0,0,0,0
train/0000/ex01_confused_00269,1,0,0,0,0,0
train/0000/ex01_confused_00270,1,0,0,0,0,0
train/0000/ex01_confused_00271,1,0,0,0,0,0
train/0000/ex01_confused_00272,1,0,0,0,0,0
train/0000/ex01_confused_00273,1,0,0,0,0,0
train/0000/ex01_confused_00274,1,0,0,0,0,0
train/0000/ex01_confused_00275,1,0,0,0,0,0
train/0000/ex01_confused_00276,1,0,0,0,0,0
train/0000/ex01_confused_00277,1,0,0,0,0,0
train/0000/ex01_confused_00278,1,0,0,0,0,0
train/0000/ex01_confused_00279,1,0,0,0,0,0
train/0000/ex01_confused_00280,1,0,0,0,0,0
train/0000/ex01_confused_00281,1,0,0,0,0,0
train/0000/ex01_confused_00282,1,0,0,0,0,0
train/0000/ex01_confused_00283,1,0,0,0,0,0
train/0000/ex01_confused_00284,1,0,0,0,0,0
train/0000/ex01_confused_00285,1,0,0,0,0,0
train/0000/ex01_confused_00286,1,0,0,0,0,0
train/0000/ex01_confused_00287,1,0,0,0,0,0
train/0000/ex01_confused_00288,1,0,0,0,0,0
train/0000/ex01_confused_00289,1,0,0,0,0,0
train/0000/ex01_confused_00290,1,0,0,0,0,0
train/0000/ex01_confused_00291,1,0,0,0,0,0
train/0000/ex01_confused_00292,1,0,0,0,0,0
train/0000/ex01_confused_00293,1,0,0,0,0,0
train/0000/ex01_confused_00294,1,0,0,0,0,0
train/0000/ex01_confused_00295,1,0,0,0,0,0
train/0000/ex01_confused_00296,1,0,0,0,0,0
train/0000/ex01_confused_00297,1,0,0,0,0,0
train/0000/ex01_confused_00298,1,0,0,0,0,0
train/0000/ex01_confused_00299,1,0,0,0,0,0
train/0000/ex01_confused_00300,1,0,0,0,0,0
train/0000/ex01_confused_00301,1,0,0,0,0,0
train/0000/ex01_confused_00302,1,0,0,0,0,0
train/0000/ex01_confused_00303,1,0,0,0,0,0
train/0000/ex01_confused_00304,1,0,0,0,0,0
train/0000/ex01_confused_00305,1,0,0,0,0,0
train/0000/ex01_confused_00306,1,0,0,0,0,0
train/0000/ex01_confused_00307,1,0,0,0,0,0
train/0000/ex01_confused_00308,1,0,0,0,0,0
train/0000/ex01_confused_00309,1,0,0,0,0,0
train/0000/ex01_confused_00310,1,0,0,0,0,0
train/0000/ex01_confused_00311,1,0,0,0,0,0
train/0000/ex01_confused_00312,1,0,0,0,0,0
train/0000/ex01_confused_00313,1,0,0,0,0,0
train/0000/ex01_confused_00314,1,0,0,0,0,0
train/0000/ex01_confused_00315,1,0,0,0,0,0
train/0000/ex01_confused_00316,1,0,0,0,0,0
train/0000/ex01_confused_00317,1,0,0,0,0,0
train/0000/ex01_confused_00318,1,0,0,0,0,0
train/0000/ex01_confused_00319,1,0,0,0,0,0
train/0000/ex01_confused_00320,1,0,0,0,0,0
train/0000/ex01_confused_00321,1,0,0,0,0,0
train/0000/ex01_confused_00322,1,0,0,0,0,0
train/0000/ex01_confused_00323,1,0,0,0,0,0
train/0000/ex01_confused_00324,1,0,0,0,0,0
train/0000/ex01_confused_00325,1,0,0,0,0,0
train/0000/ex01_confused_00326,1,0,0,0,0,0
train/0000/ex01_confused_00327,1,0,0,0,0,0
train/0000/ex01_confused_00328,1,0,0,0,0,0
train/0000/ex01_confused_00329,1,0,0,0,0,0
train/0000/ex01_confused_00330,1,0,0,0,0,0
train/0000/ex01_confused_00331,1,0,0,0,0,0
train/0000/ex01_confused_00332,1,0,0,0,0,0
train/0000/ex01_confused_00333,1,0,0,0,0,0
train/0000/ex01_confused_00334,1,0,0,0,0,0
train/0000/ex01_confused_00335,1,0,0,0,0,0
train/0000/ex01_confused_00336,1,0,0,0,0,0
train/0000/ex01_confused_00337,1,0,0,0,0,0
train/0000/ex01_confused_00338,1,0,0,0,0,0
train/0000/ex01_confused_00339,1,0,0,0,0,0
train/0000/ex01_confused_00340,1,0,0,0,0,0
train/0000/ex01_confused_00341,1,0,0,0,0,0
train/0000/ex01_confused_00342,1,0,0,0,0,0
train/0000/ex01_confused_00343,1,0,0,0,0,0
train/0000/ex01_confused_00344,1,0,0,0,0,0
train/0000/ex01_confused_00345,1,0,0,0,0,0
train/0000/ex01_confused_00346,1,0,0,0,0,0
train/0000/ex01_confused_00347,1,0,0,0,0,0
train/0000/ex01_confused_00348,1,0,0,0,0,0
dev/0000/ex01_confused_00349,1,0,0,0,0,0
dev/0000/ex01_confused_00350,1,0,0,0,0,0
dev/0000/ex01_confused_00351,1,0,0,0,0,0
dev/0000/ex01_confused_00352,1,0,0,0,0,0
dev/0000/ex01_confused_00353,1,0,0,0,0,0
dev/0000/ex01_confused_00354,1,0,0,0,0,0
dev/0000/ex01_confused_00355,1,0,0,0,0,0
dev/0000/ex01_confused_00356,1,0,0,0,0,0
dev/0000/ex01_confused_00357,1,0,0,0,0,0
dev/0000/ex01_confused_00358,1,0,0,0,0,0
dev/0000/ex01_confused_00359,1,0,0,0,0,0
dev/0000/ex01_confused_00360,1,0,0,0,0,0
dev/0000/ex01_confused_00361,1,0,0,0,0,0
dev/0000/ex01_confused_00362,1,0,0,0,0,0
dev/0000/ex01_confused_00363,1,0,0,0,0,0
dev/0000/ex01_confused_00364,1,0,0,0,0,0
dev/0000/ex01_confused_00365,1,0,0,0,0,0
test/0000/ex01_confused_00366,1,0,0,0,0,0
test/0000/ex01_confused_00367,1,0,0,0,0,0
test/0000/ex01_confused_00368,1,0,0,0,0,0
test/0000/ex01_confused_00369,1,0,0,0,0,0
test/0000/ex01_confused_00370,1,0,0,0,0,0
test/0000/ex01_confused_00371,1,0,0,0,0,0
test/0000/ex01_confused_00372,1,0,0,0,0,0
test/0000/ex01_confused_00373,1,0,0,0,0,0
test/0000/ex01_confused_00374,1,0,0,0,0,0
test/0000/ex01_confused_00375,1,0,0,0,0,0
test/0000/ex01_confused_00376,1,0,0,0,0,0
test/0000/ex01_confused_00377,1,0,0,0,0,0
test/0000/ex01_confused_00378,1,0,0,0,0,0
test/0000/ex01_confused_00379,1,0,0,0,0,0
test/0000/ex01_confused_00380,1,0,0,0,0,0
train/0000/ex01_default_00001,0,1,0,0,0,0
train/0000/ex01_default_00002,0,1,0,0,0,0
train/0000/ex01_default_00003,0,1,0,0,0,0
train/0000/ex01_default_00004,0,1,0,0,0,0
train/0000/ex01_default_00005,0,1,0,0,0,0
train/0000/ex01_default_00006,0,1,0,0,0,0
train/0000/ex01_default_00007,0,1,0,0,0,0
train/0000/ex01_default_00008,0,1,0,0,0,0
train/0000/ex01_default_00009,0,1,0,0,0,0
train/0000/ex01_default_00010,0,1,0,0,0,0
train/0000/ex01_default_00011,0,1,0,0,0,0
train/0000/ex01_default_00012,0,1,0,0,0,0
train/0000/ex01_default_00013,0,1,0,0,0,0
train/0000/ex01_default_00014,0,1,0,0,0,0
train/0000/ex01_default_00015,0,1,0,0,0,0
train/0000/ex01_default_00016,0,1,0,0,0,0
train/0000/ex01_default_00017,0,1,0,0,0,0
train/0000/ex01_default_00018,0,1,0,0,0,0
train/0000/ex01_default_00019,0,1,0,0,0,0
train/0000/ex01_default_00020,0,1,0,0,0,0
train/0000/ex01_default_00021,0,1,0,0,0,0
train/0000/ex01_default_00022,0,1,0,0,0,0
train/0000/ex01_default_00023,0,1,0,0,0,0
train/0000/ex01_default_00024,0,1,0,0,0,0
train/0000/ex01_default_00025,0,1,0,0,0,0
train/0000/ex01_default_00026,0,1,0,0,0,0
train/0000/ex01_default_00027,0,1,0,0,0,0
train/0000/ex01_default_00028,0,1,0,0,0,0
train/0000/ex01_default_00029,0,1,0,0,0,0
train/0000/ex01_default_00030,0,1,0,0,0,0
train/0000/ex01_default_00031,0,1,0,0,0,0
train/0000/ex01_default_00032,0,1,0,0,0,0
train/0000/ex01_default_00033,0,1,0,0,0,0
train/0000/ex01_default_00034,0,1,0,0,0,0
train/0000/ex01_default_00035,0,1,0,0,0,0
train/0000/ex01_default_00036,0,1,0,0,0,0
train/0000/ex01_default_00037,0,1,0,0,0,0
train/0000/ex01_default_00038,0,1,0,0,0,0
train/0000/ex01_default_00039,0,1,0,0,0,0
train/0000/ex01_default_00040,0,1,0,0,0,0
train/0000/ex01_default_00041,0,1,0,0,0,0
train/0000/ex01_default_00042,0,1,0,0,0,0
train/0000/ex01_default_00043,0,1,0,0,0,0
train/0000/ex01_default_00044,0,1,0,0,0,0
train/0000/ex01_default_00045,0,1,0,0,0,0
train/0000/ex01_default_00046,0,1,0,0,0,0
train/0000/ex01_default_00047,0,1,0,0,0,0
train/0000/ex01_default_00048,0,1,0,0,0,0
train/0000/ex01_default_00049,0,1,0,0,0,0
train/0000/ex01_default_00050,0,1,0,0,0,0
train/0000/ex01_default_00051,0,1,0,0,0,0
train/0000/ex01_default_00052,0,1,0,0,0,0
train/0000/ex01_default_00053,0,1,0,0,0,0
train/0000/ex01_default_00054,0,1,0,0,0,0
train/0000/ex01_default_00055,0,1,0,0,0,0
train/0000/ex01_default_00056,0,1,0,0,0,0
train/0000/ex01_default_00057,0,1,0,0,0,0
train/0000/ex01_default_00058,0,1,0,0,0,0
train/0000/ex01_default_00059,0,1,0,0,0,0
train/0000/ex01_default_00060,0,1,0,0,0,0
train/0000/ex01_default_00061,0,1,0,0,0,0
train/0000/ex01_default_00062,0,1,0,0,0,0
train/0000/ex01_default_00063,0,1,0,0,0,0
train/0000/ex01_default_00064,0,1,0,0,0,0
train/0000/ex01_default_00065,0,1,0,0,0,0
train/0000/ex01_default_00066,0,1,0,0,0,0
train/0000/ex01_default_00067,0,1,0,0,0,0
train/0000/ex01_default_00068,0,1,0,0,0,0
train/0000/ex01_default_00069,0,1,0,0,0,0
train/0000/ex01_default_00070,0,1,0,0,0,0
train/0000/ex01_default_00071,0,1,0,0,0,0
train/0000/ex01_default_00072,0,1,0,0,0,0
train/0000/ex01_default_00073,0,1,0,0,0,0
train/0000/ex01_default_00074,0,1,0,0,0,0
train/0000/ex01_default_00075,0,1,0,0,0,0
train/0000/ex01_default_00076,0,1,0,0,0,0
train/0000/ex01_default_00077,0,1,0,0,0,0
train/0000/ex01_default_00078,0,1,0,0,0,0
train/0000/ex01_default_00079,0,1,0,0,0,0
train/0000/ex01_default_00080,0,1,0,0,0,0
train/0000/ex01_default_00081,0,1,0,0,0,0
train/0000/ex01_default_00082,0,1,0,0,0,0
train/0000/ex01_default_00083,0,1,0,0,0,0
train/0000/ex01_default_00084,0,1,0,0,0,0
train/0000/ex01_default_00085,0,1,0,0,0,0
train/0000/ex01_default_00086,0,1,0,0,0,0
train/0000/ex01_default_00087,0,1,0,0,0,0
train/0000/ex01_default_00088,0,1,0,0,0,0
train/0000/ex01_default_00089,0,1,0,0,0,0
train/0000/ex01_default_00090,0,1,0,0,0,0
train/0000/ex01_default_00091,0,1,0,0,0,0
train/0000/ex01_default_00092,0,1,0,0,0,0
train/0000/ex01_default_00093,0,1,0,0,0,0
train/0000/ex01_default_00094,0,1,0,0,0,0
train/0000/ex01_default_00095,0,1,0,0,0,0
train/0000/ex01_default_00096,0,1,0,0,0,0
train/0000/ex01_default_00097,0,1,0,0,0,0
train/0000/ex01_default_00098,0,1,0,0,0,0
train/0000/ex01_default_00099,0,1,0,0,0,0
train/0000/ex01_default_00100,0,1,0,0,0,0
train/0000/ex01_default_00101,0,1,0,0,0,0
train/0000/ex01_default_00102,0,1,0,0,0,0
train/0000/ex01_default_00103,0,1,0,0,0,0
train/0000/ex01_default_00104,0,1,0,0,0,0
train/0000/ex01_default_00105,0,1,0,0,0,0
train/0000/ex01_default_00106,0,1,0,0,0,0
train/0000/ex01_default_00107,0,1,0,0,0,0
train/0000/ex01_default_00108,0,1,0,0,0,0
train/0000/ex01_default_00109,0,1,0,0,0,0
train/0000/ex01_default_00110,0,1,0,0,0,0
train/0000/ex01_default_00111,0,1,0,0,0,0
train/0000/ex01_default_00112,0,1,0,0,0,0
train/0000/ex01_default_00113,0,1,0,0,0,0
train/0000/ex01_default_00114,0,1,0,0,0,0
train/0000/ex01_default_00115,0,1,0,0,0,0
train/0000/ex01_default_00116,0,1,0,0,0,0
train/0000/ex01_default_00117,0,1,0,0,0,0
train/0000/ex01_default_00118,0,1,0,0,0,0
train/0000/ex01_default_00119,0,1,0,0,0,0
train/0000/ex01_default_00120,0,1,0,0,0,0
train/0000/ex01_default_00121,0,1,0,0,0,0
train/0000/ex01_default_00122,0,1,0,0,0,0
train/0000/ex01_default_00123,0,1,0,0,0,0
train/0000/ex01_default_00124,0,1,0,0,0,0
train/0000/ex01_default_00125,0,1,0,0,0,0
train/0000/ex01_default_00126,0,1,0,0,0,0
train/0000/ex01_default_00127,0,1,0,0,0,0
train/0000/ex01_default_00128,0,1,0,0,0,0
train/0000/ex01_default_00129,0,1,0,0,0,0
train/0000/ex01_default_00130,0,1,0,0,0,0
train/0000/ex01_default_00131,0,1,0,0,0,0
train/0000/ex01_default_00132,0,1,0,0,0,0
train/0000/ex01_default_00133,0,1,0,0,0,0
train/0000/ex01_default_00134,0,1,0,0,0,0
train/0000/ex01_default_00135,0,1,0,0,0,0
train/0000/ex01_default_00136,0,1,0,0,0,0
train/0000/ex01_default_00137,0,1,0,0,0,0
train/0000/ex01_default_00138,0,1,0,0,0,0
train/0000/ex01_default_00139,0,1,0,0,0,0
train/0000/ex01_default_00140,0,1,0,0,0,0
train/0000/ex01_default_00141,0,1,0,0,0,0
train/0000/ex01_default_00142,0,1,0,0,0,0
train/0000/ex01_default_00143,0,1,0,0,0,0
train/0000/ex01_default_00144,0,1,0,0,0,0
train/0000/ex01_default_00145,0,1,0,0,0,0
train/0000/ex01_default_00146,0,1,0,0,0,0
train/0000/ex01_default_00147,0,1,0,0,0,0
train/0000/ex01_default_00148,0,1,0,0,0,0
train/0000/ex01_default_00149,0,1,0,0,0,0
train/0000/ex01_default_00150,0,1,0,0,0,0
train/0000/ex01_default_00151,0,1,0,0,0,0
train/0000/ex01_default_00152,0,1,0,0,0,0
train/0000/ex01_default_00153,0,1,0,0,0,0
train/0000/ex01_default_00154,0,1,0,0,0,0
train/0000/ex01_default_00155,0,1,0,0,0,0
train/0000/ex01_default_00156,0,1,0,0,0,0
train/0000/ex01_default_00157,0,1,0,0,0,0
train/0000/ex01_default_00158,0,1,0,0,0,0
train/0000/ex01_default_00159,0,1,0,0,0,0
train/0000/ex01_default_00160,0,1,0,0,0,0
train/0000/ex01_default_00161,0,1,0,0,0,0
train/0000/ex01_default_00162,0,1,0,0,0,0
train/0000/ex01_default_00163,0,1,0,0,0,0
train/0000/ex01_default_00164,0,1,0,0,0,0
train/0000/ex01_default_00165,0,1,0,0,0,0
train/0000/ex01_default_00166,0,1,0,0,0,0
train/0000/ex01_default_00167,0,1,0,0,0,0
train/0000/ex01_default_00168,0,1,0,0,0,0
train/0000/ex01_default_00169,0,1,0,0,0,0
train/0000/ex01_default_00170,0,1,0,0,0,0
train/0000/ex01_default_00171,0,1,0,0,0,0
train/0000/ex01_default_00172,0,1,0,0,0,0
train/0000/ex01_default_00173,0,1,0,0,0,0
train/0000/ex01_default_00174,0,1,0,0,0,0
train/0000/ex01_default_00175,0,1,0,0,0,0
train/0000/ex01_default_00176,0,1,0,0,0,0
train/0000/ex01_default_00177,0,1,0,0,0,0
train/0000/ex01_default_00178,0,1,0,0,0,0
train/0000/ex01_default_00179,0,1,0,0,0,0
train/0000/ex01_default_00180,0,1,0,0,0,0
train/0000/ex01_default_00181,0,1,0,0,0,0
train/0000/ex01_default_00182,0,1,0,0,0,0
train/0000/ex01_default_00183,0,1,0,0,0,0
train/0000/ex01_default_00184,0,1,0,0,0,0
train/0000/ex01_default_00185,0,1,0,0,0,0
train/0000/ex01_default_00186,0,1,0,0,0,0
train/0000/ex01_default_00187,0,1,0,0,0,0
train/0000/ex01_default_00188,0,1,0,0,0,0
train/0000/ex01_default_00189,0,1,0,0,0,0
train/0000/ex01_default_00190,0,1,0,0,0,0
train/0000/ex01_default_00191,0,1,0,0,0,0
train/0000/ex01_default_00192,0,1,0,0,0,0
train/0000/ex01_default_00193,0,1,0,0,0,0
train/0000/ex01_default_00194,0,1,0,0,0,0
train/0000/ex01_default_00195,0,1,0,0,0,0
train/0000/ex01_default_00196,0,1,0,0,0,0
train/0000/ex01_default_00197,0,1,0,0,0,0
train/0000/ex01_default_00198,0,1,0,0,0,0
train/0000/ex01_default_00199,0,1,0,0,0,0
train/0000/ex01_default_00200,0,1,0,0,0,0
train/0000/ex01_default_00201,0,1,0,0,0,0
train/0000/ex01_default_00202,0,1,0,0,0,0
train/0000/ex01_default_00203,0,1,0,0,0,0
train/0000/ex01_default_00204,0,1,0,0,0,0
train/0000/ex01_default_00205,0,1,0,0,0,0
train/0000/ex01_default_00206,0,1,0,0,0,0
train/0000/ex01_default_00207,0,1,0,0,0,0
train/0000/ex01_default_00208,0,1,0,0,0,0
train/0000/ex01_default_00209,0,1,0,0,0,0
train/0000/ex01_default_00210,0,1,0,0,0,0
train/0000/ex01_default_00211,0,1,0,0,0,0
train/0000/ex01_default_00212,0,1,0,0,0,0
train/0000/ex01_default_00213,0,1,0,0,0,0
train/0000/ex01_default_00214,0,1,0,0,0,0
train/0000/ex01_default_00215,0,1,0,0,0,0
train/0000/ex01_default_00216,0,1,0,0,0,0
train/0000/ex01_default_00217,0,1,0,0,0,0
train/0000/ex01_default_00218,0,1,0,0,0,0
train/0000/ex01_default_00219,0,1,0,0,0,0
train/0000/ex01_default_00220,0,1,0,0,0,0
train/0000/ex01_default_00221,0,1,0,0,0,0
train/0000/ex01_default_00222,0,1,0,0,0,0
train/0000/ex01_default_00223,0,1,0,0,0,0
train/0000/ex01_default_00224,0,1,0,0,0,0
train/0000/ex01_default_00225,0,1,0,0,0,0
train/0000/ex01_default_00226,0,1,0,0,0,0
train/0000/ex01_default_00227,0,1,0,0,0,0
train/0000/ex01_default_00228,0,1,0,0,0,0
train/0000/ex01_default_00229,0,1,0,0,0,0
train/0000/ex01_default_00230,0,1,0,0,0,0
train/0000/ex01_default_00231,0,1,0,0,0,0
train/0000/ex01_default_00232,0,1,0,0,0,0
train/0000/ex01_default_00233,0,1,0,0,0,0
train/0000/ex01_default_00234,0,1,0,0,0,0
train/0000/ex01_default_00235,0,1,0,0,0,0
train/0000/ex01_default_00236,0,1,0,0,0,0
train/0000/ex01_default_00237,0,1,0,0,0,0
train/0000/ex01_default_00238,0,1,0,0,0,0
train/0000/ex01_default_00239,0,1,0,0,0,0
train/0000/ex01_default_00240,0,1,0,0,0,0
train/0000/ex01_default_00241,0,1,0,0,0,0
train/0000/ex01_default_00242,0,1,0,0,0,0
train/0000/ex01_default_00243,0,1,0,0,0,0
train/0000/ex01_default_00244,0,1,0,0,0,0
train/0000/ex01_default_00245,0,1,0,0,0,0
train/0000/ex01_default_00246,0,1,0,0,0,0
train/0000/ex01_default_00247,0,1,0,0,0,0
train/0000/ex01_default_00248,0,1,0,0,0,0
train/0000/ex01_default_00249,0,1,0,0,0,0
train/0000/ex01_default_00250,0,1,0,0,0,0
train/0000/ex01_default_00251,0,1,0,0,0,0
train/0000/ex01_default_00252,0,1,0,0,0,0
train/0000/ex01_default_00253,0,1,0,0,0,0
train/0000/ex01_default_00254,0,1,0,0,0,0
train/0000/ex01_default_00255,0,1,0,0,0,0
train/0000/ex01_default_00256,0,1,0,0,0,0
train/0000/ex01_default_00257,0,1,0,0,0,0
train/0000/ex01_default_00258,0,1,0,0,0,0
train/0000/ex01_default_00259,0,1,0,0,0,0
train/0000/ex01_default_00260,0,1,0,0,0,0
train/0000/ex01_default_00261,0,1,0,0,0,0
train/0000/ex01_default_00262,0,1,0,0,0,0
train/0000/ex01_default_00263,0,1,0,0,0,0
train/0000/ex01_default_00264,0,1,0,0,0,0
train/0000/ex01_default_00265,0,1,0,0,0,0
train/0000/ex01_default_00266,0,1,0,0,0,0
train/0000/ex01_default_00267,0,1,0,0,0,0
train/0000/ex01_default_00268,0,1,0,0,0,0
train/0000/ex01_default_00269,0,1,0,0,0,0
train/0000/ex01_default_00270,0,1,0,0,0,0
train/0000/ex01_default_00271,0,1,0,0,0,0
train/0000/ex01_default_00272,0,1,0,0,0,0
train/0000/ex01_default_00273,0,1,0,0,0,0
train/0000/ex01_default_00274,0,1,0,0,0,0
train/0000/ex01_default_00275,0,1,0,0,0,0
train/0000/ex01_default_00276,0,1,0,0,0,0
train/0000/ex01_default_00277,0,1,0,0,0,0
train/0000/ex01_default_00278,0,1,0,0,0,0
train/0000/ex01_default_00279,0,1,0,0,0,0
train/0000/ex01_default_00280,0,1,0,0,0,0
train/0000/ex01_default_00281,0,1,0,0,0,0
train/0000/ex01_default_00282,0,1,0,0,0,0
train/0000/ex01_default_00283,0,1,0,0,0,0
train/0000/ex01_default_00284,0,1,0,0,0,0
train/0000/ex01_default_00285,0,1,0,0,0,0
train/0000/ex01_default_00286,0,1,0,0,0,0
train/0000/ex01_default_00287,0,1,0,0,0,0
train/0000/ex01_default_00288,0,1,0,0,0,0
train/0000/ex01_default_00289,0,1,0,0,0,0
train/0000/ex01_default_00290,0,1,0,0,0,0
train/0000/ex01_default_00291,0,1,0,0,0,0
train/0000/ex01_default_00292,0,1,0,0,0,0
train/0000/ex01_default_00293,0,1,0,0,0,0
train/0000/ex01_default_00294,0,1,0,0,0,0
train/0000/ex01_default_00295,0,1,0,0,0,0
train/0000/ex01_default_00296,0,1,0,0,0,0
train/0000/ex01_default_00297,0,1,0,0,0,0
train/0000/ex01_default_00298,0,1,0,0,0,0
train/0000/ex01_default_00299,0,1,0,0,0,0
train/0000/ex01_default_00300,0,1,0,0,0,0
train/0000/ex01_default_00301,0,1,0,0,0,0
train/0000/ex01_default_00302,0,1,0,0,0,0
train/0000/ex01_default_00303,0,1,0,0,0,0
train/0000/ex01_default_00304,0,1,0,0,0,0
train/0000/ex01_default_00305,0,1,0,0,0,0
train/0000/ex01_default_00306,0,1,0,0,0,0
train/0000/ex01_default_00307,0,1,0,0,0,0
train/0000/ex01_default_00308,0,1,0,0,0,0
train/0000/ex01_default_00309,0,1,0,0,0,0
train/0000/ex01_default_00310,0,1,0,0,0,0
train/0000/ex01_default_00311,0,1,0,0,0,0
train/0000/ex01_default_00312,0,1,0,0,0,0
train/0000/ex01_default_00313,0,1,0,0,0,0
train/0000/ex01_default_00314,0,1,0,0,0,0
train/0000/ex01_default_00315,0,1,0,0,0,0
train/0000/ex01_default_00316,0,1,0,0,0,0
train/0000/ex01_default_00317,0,1,0,0,0,0
train/0000/ex01_default_00318,0,1,0,0,0,0
train/0000/ex01_default_00319,0,1,0,0,0,0
train/0000/ex01_default_00320,0,1,0,0,0,0
train/0000/ex01_default_00321,0,1,0,0,0,0
train/0000/ex01_default_00323,0,1,0,0,0,0
train/0000/ex01_default_00324,0,1,0,0,0,0
train/0000/ex01_default_00325,0,1,0,0,0,0
train/0000/ex01_default_00326,0,1,0,0,0,0
train/0000/ex01_default_00327,0,1,0,0,0,0
train/0000/ex01_default_00328,0,1,0,0,0,0
train/0000/ex01_default_00329,0,1,0,0,0,0
train/0000/ex01_default_00330,0,1,0,0,0,0
train/0000/ex01_default_00331,0,1,0,0,0,0
train/0000/ex01_default_00332,0,1,0,0,0,0
train/0000/ex01_default_00333,0,1,0,0,0,0
train/0000/ex01_default_00334,0,1,0,0,0,0
train/0000/ex01_default_00335,0,1,0,0,0,0
train/0000/ex01_default_00336,0,1,0,0,0,0
train/0000/ex01_default_00337,0,1,0,0,0,0
train/0000/ex01_default_00338,0,1,0,0,0,0
train/0000/ex01_default_00339,0,1,0,0,0,0
train/0000/ex01_default_00340,0,1,0,0,0,0
dev/0000/ex01_default_00341,0,1,0,0,0,0
dev/0000/ex01_default_00342,0,1,0,0,0,0
dev/0000/ex01_default_00343,0,1,0,0,0,0
dev/0000/ex01_default_00344,0,1,0,0,0,0
dev/0000/ex01_default_00345,0,1,0,0,0,0
dev/0000/ex01_default_00346,0,1,0,0,0,0
dev/0000/ex01_default_00347,0,1,0,0,0,0
dev/0000/ex01_default_00348,0,1,0,0,0,0
dev/0000/ex01_default_00349,0,1,0,0,0,0
dev/0000/ex01_default_00350,0,1,0,0,0,0
dev/0000/ex01_default_00351,0,1,0,0,0,0
dev/0000/ex01_default_00352,0,1,0,0,0,0
dev/0000/ex01_default_00353,0,1,0,0,0,0
dev/0000/ex01_default_00354,0,1,0,0,0,0
dev/0000/ex01_default_00355,0,1,0,0,0,0
dev/0000/ex01_default_00356,0,1,0,0,0,0
dev/0000/ex01_default_00357,0,1,0,0,0,0
test/0000/ex01_default_00358,0,1,0,0,0,0
test/0000/ex01_default_00359,0,1,0,0,0,0
test/0000/ex01_default_00360,0,1,0,0,0,0
test/0000/ex01_default_00361,0,1,0,0,0,0
test/0000/ex01_default_00362,0,1,0,0,0,0
test/0000/ex01_default_00363,0,1,0,0,0,0
test/0000/ex01_default_00364,0,1,0,0,0,0
test/0000/ex01_default_00365,0,1,0,0,0,0
test/0000/ex01_default_00366,0,1,0,0,0,0
test/0000/ex01_default_00367,0,1,0,0,0,0
test/0000/ex01_default_00368,0,1,0,0,0,0
test/0000/ex01_default_00369,0,1,0,0,0,0
test/0000/ex01_default_00370,0,1,0,0,0,0
test/0000/ex01_default_00371,0,1,0,0,0,0
test/0000/ex01_default_00372,0,1,0,0,0,0
test/0000/ex01_default_00373,0,1,0,0,0,0
test/0000/ex01_default_00374,0,1,0,0,0,0
test/0000/ex01_default_00375,0,1,0,0,0,0
test/0000/ex01_default_00376,0,1,0,0,0,0
test/0000/ex01_default_00377,0,1,0,0,0,0
test/0000/ex01_default_00378,0,1,0,0,0,0
test/0000/ex01_default_00379,0,1,0,0,0,0
test/0000/ex01_default_00380,0,1,0,0,0,0
train/0000/ex01_default_emphasis_00001,0,1,0,0,0,0
train/0000/ex01_default_emphasis_00002,0,1,0,0,0,0
train/0000/ex01_default_emphasis_00003,0,1,0,0,0,0
train/0000/ex01_default_emphasis_00004,0,1,0,0,0,0
train/0000/ex01_default_emphasis_00005,0,1,0,0,0,0
train/0000/ex01_default_emphasis_00006,0,1,0,0,0,0
train/0000/ex01_default_emphasis_00007,0,1,0,0,0,0
train/0000/ex01_default_emphasis_00008,0,1,0,0,0,0
train/0000/ex01_default_emphasis_00009,0,1,0,0,0,0
train/0000/ex01_default_emphasis_00010,0,1,0,0,0,0
train/0000/ex01_default_emphasis_00011,0,1,0,0,0,0
train/0000/ex01_default_emphasis_00012,0,1,0,0,0,0
train/0000/ex01_default_emphasis_00013,0,1,0,0,0,0
train/0000/ex01_default_emphasis_00014,0,1,0,0,0,0
train/0000/ex01_default_emphasis_00015,0,1,0,0,0,0
train/0000/ex01_default_emphasis_00016,0,1,0,0,0,0
train/0000/ex01_default_emphasis_00017,0,1,0,0,0,0
train/0000/ex01_default_emphasis_00018,0,1,0,0,0,0
train/0000/ex01_default_emphasis_00019,0,1,0,0,0,0
train/0000/ex01_default_emphasis_00020,0,1,0,0,0,0
train/0000/ex01_default_emphasis_00021,0,1,0,0,0,0
train/0000/ex01_default_emphasis_00022,0,1,0,0,0,0
train/0000/ex01_default_emphasis_00023,0,1,0,0,0,0
train/0000/ex01_default_emphasis_00024,0,1,0,0,0,0
train/0000/ex01_default_emphasis_00025,0,1,0,0,0,0
train/0000/ex01_default_emphasis_00026,0,1,0,0,0,0
train/0000/ex01_default_emphasis_00027,0,1,0,0,0,0
train/0000/ex01_default_emphasis_00028,0,1,0,0,0,0
train/0000/ex01_default_emphasis_00029,0,1,0,0,0,0
train/0000/ex01_default_emphasis_00030,0,1,0,0,0,0
train/0000/ex01_default_emphasis_00031,0,1,0,0,0,0
train/0000/ex01_default_emphasis_00032,0,1,0,0,0,0
train/0000/ex01_default_emphasis_00033,0,1,0,0,0,0
train/0000/ex01_default_emphasis_00034,0,1,0,0,0,0
train/0000/ex01_default_emphasis_00035,0,1,0,0,0,0
train/0000/ex01_default_emphasis_00036,0,1,0,0,0,0
train/0000/ex01_default_emphasis_00037,0,1,0,0,0,0
train/0000/ex01_default_emphasis_00038,0,1,0,0,0,0
train/0000/ex01_default_emphasis_00039,0,1,0,0,0,0
train/0000/ex01_default_emphasis_00040,0,1,0,0,0,0
train/0000/ex01_default_emphasis_00041,0,1,0,0,0,0
train/0000/ex01_default_emphasis_00042,0,1,0,0,0,0
train/0000/ex01_default_emphasis_00043,0,1,0,0,0,0
train/0000/ex01_default_emphasis_00044,0,1,0,0,0,0
train/0000/ex01_default_emphasis_00045,0,1,0,0,0,0
train/0000/ex01_default_emphasis_00046,0,1,0,0,0,0
train/0000/ex01_default_emphasis_00047,0,1,0,0,0,0
train/0000/ex01_default_emphasis_00048,0,1,0,0,0,0
train/0000/ex01_default_emphasis_00049,0,1,0,0,0,0
train/0000/ex01_default_emphasis_00050,0,1,0,0,0,0
train/0000/ex01_default_emphasis_00051,0,1,0,0,0,0
train/0000/ex01_default_emphasis_00052,0,1,0,0,0,0
train/0000/ex01_default_emphasis_00053,0,1,0,0,0,0
train/0000/ex01_default_emphasis_00054,0,1,0,0,0,0
train/0000/ex01_default_emphasis_00055,0,1,0,0,0,0
train/0000/ex01_default_emphasis_00056,0,1,0,0,0,0
train/0000/ex01_default_emphasis_00057,0,1,0,0,0,0
train/0000/ex01_default_emphasis_00058,0,1,0,0,0,0
train/0000/ex01_default_emphasis_00059,0,1,0,0,0,0
train/0000/ex01_default_emphasis_00060,0,1,0,0,0,0
train/0000/ex01_default_emphasis_00061,0,1,0,0,0,0
train/0000/ex01_default_emphasis_00062,0,1,0,0,0,0
train/0000/ex01_default_emphasis_00063,0,1,0,0,0,0
train/0000/ex01_default_emphasis_00064,0,1,0,0,0,0
train/0000/ex01_default_emphasis_00065,0,1,0,0,0,0
train/0000/ex01_default_emphasis_00066,0,1,0,0,0,0
train/0000/ex01_default_emphasis_00067,0,1,0,0,0,0
train/0000/ex01_default_emphasis_00068,0,1,0,0,0,0
train/0000/ex01_default_emphasis_00069,0,1,0,0,0,0
train/0000/ex01_default_emphasis_00070,0,1,0,0,0,0
train/0000/ex01_default_emphasis_00071,0,1,0,0,0,0
train/0000/ex01_default_emphasis_00072,0,1,0,0,0,0
train/0000/ex01_default_emphasis_00073,0,1,0,0,0,0
train/0000/ex01_default_emphasis_00074,0,1,0,0,0,0
train/0000/ex01_default_emphasis_00075,0,1,0,0,0,0
train/0000/ex01_default_emphasis_00076,0,1,0,0,0,0
train/0000/ex01_default_emphasis_00077,0,1,0,0,0,0
train/0000/ex01_default_emphasis_00078,0,1,0,0,0,0
train/0000/ex01_default_emphasis_00079,0,1,0,0,0,0
train/0000/ex01_default_emphasis_00080,0,1,0,0,0,0
train/0000/ex01_default_emphasis_00081,0,1,0,0,0,0
train/0000/ex01_default_emphasis_00082,0,1,0,0,0,0
train/0000/ex01_default_emphasis_00083,0,1,0,0,0,0
train/0000/ex01_default_emphasis_00084,0,1,0,0,0,0
train/0000/ex01_default_emphasis_00085,0,1,0,0,0,0
train/0000/ex01_default_emphasis_00086,0,1,0,0,0,0
train/0000/ex01_default_emphasis_00087,0,1,0,0,0,0
train/0000/ex01_default_emphasis_00088,0,1,0,0,0,0
train/0000/ex01_default_emphasis_00089,0,1,0,0,0,0
train/0000/ex01_default_emphasis_00090,0,1,0,0,0,0
train/0000/ex01_default_emphasis_00091,0,1,0,0,0,0
train/0000/ex01_default_emphasis_00092,0,1,0,0,0,0
train/0000/ex01_default_emphasis_00093,0,1,0,0,0,0
train/0000/ex01_default_emphasis_00094,0,1,0,0,0,0
train/0000/ex01_default_emphasis_00095,0,1,0,0,0,0
train/0000/ex01_default_emphasis_00096,0,1,0,0,0,0
train/0000/ex01_default_emphasis_00097,0,1,0,0,0,0
train/0000/ex01_default_emphasis_00098,0,1,0,0,0,0
train/0000/ex01_default_emphasis_00099,0,1,0,0,0,0
train/0000/ex01_default_emphasis_00100,0,1,0,0,0,0
train/0000/ex01_default_emphasis_00101,0,1,0,0,0,0
train/0000/ex01_default_emphasis_00102,0,1,0,0,0,0
train/0000/ex01_default_emphasis_00103,0,1,0,0,0,0
train/0000/ex01_default_emphasis_00104,0,1,0,0,0,0
train/0000/ex01_default_emphasis_00105,0,1,0,0,0,0
train/0000/ex01_default_emphasis_00106,0,1,0,0,0,0
train/0000/ex01_default_emphasis_00107,0,1,0,0,0,0
train/0000/ex01_default_emphasis_00108,0,1,0,0,0,0
train/0000/ex01_default_emphasis_00109,0,1,0,0,0,0
train/0000/ex01_default_emphasis_00110,0,1,0,0,0,0
train/0000/ex01_default_emphasis_00111,0,1,0,0,0,0
train/0000/ex01_default_emphasis_00112,0,1,0,0,0,0
train/0000/ex01_default_emphasis_00113,0,1,0,0,0,0
train/0000/ex01_default_emphasis_00114,0,1,0,0,0,0
train/0000/ex01_default_emphasis_00115,0,1,0,0,0,0
train/0000/ex01_default_emphasis_00116,0,1,0,0,0,0
train/0000/ex01_default_emphasis_00117,0,1,0,0,0,0
train/0000/ex01_default_emphasis_00118,0,1,0,0,0,0
train/0000/ex01_default_emphasis_00119,0,1,0,0,0,0
train/0000/ex01_default_emphasis_00120,0,1,0,0,0,0
train/0000/ex01_default_emphasis_00121,0,1,0,0,0,0
train/0000/ex01_default_emphasis_00122,0,1,0,0,0,0
train/0000/ex01_default_emphasis_00123,0,1,0,0,0,0
train/0000/ex01_default_emphasis_00124,0,1,0,0,0,0
train/0000/ex01_default_emphasis_00125,0,1,0,0,0,0
train/0000/ex01_default_emphasis_00126,0,1,0,0,0,0
train/0000/ex01_default_emphasis_00127,0,1,0,0,0,0
train/0000/ex01_default_emphasis_00128,0,1,0,0,0,0
train/0000/ex01_default_emphasis_00129,0,1,0,0,0,0
train/0000/ex01_default_emphasis_00130,0,1,0,0,0,0
train/0000/ex01_default_emphasis_00131,0,1,0,0,0,0
train/0000/ex01_default_emphasis_00132,0,1,0,0,0,0
train/0000/ex01_default_emphasis_00133,0,1,0,0,0,0
train/0000/ex01_default_emphasis_00134,0,1,0,0,0,0
train/0000/ex01_default_emphasis_00135,0,1,0,0,0,0
train/0000/ex01_default_emphasis_00136,0,1,0,0,0,0
train/0000/ex01_default_emphasis_00137,0,1,0,0,0,0
train/0000/ex01_default_emphasis_00138,0,1,0,0,0,0
train/0000/ex01_default_emphasis_00139,0,1,0,0,0,0
train/0000/ex01_default_emphasis_00140,0,1,0,0,0,0
train/0000/ex01_default_emphasis_00141,0,1,0,0,0,0
train/0000/ex01_default_emphasis_00142,0,1,0,0,0,0
train/0000/ex01_default_emphasis_00143,0,1,0,0,0,0
train/0000/ex01_default_emphasis_00144,0,1,0,0,0,0
train/0000/ex01_default_emphasis_00145,0,1,0,0,0,0
train/0000/ex01_default_emphasis_00146,0,1,0,0,0,0
train/0000/ex01_default_emphasis_00147,0,1,0,0,0,0
train/0000/ex01_default_emphasis_00148,0,1,0,0,0,0
train/0000/ex01_default_emphasis_00149,0,1,0,0,0,0
train/0000/ex01_default_emphasis_00150,0,1,0,0,0,0
train/0000/ex01_default_emphasis_00151,0,1,0,0,0,0
train/0000/ex01_default_emphasis_00152,0,1,0,0,0,0
train/0000/ex01_default_emphasis_00153,0,1,0,0,0,0
train/0000/ex01_default_emphasis_00154,0,1,0,0,0,0
train/0000/ex01_default_emphasis_00155,0,1,0,0,0,0
train/0000/ex01_default_emphasis_00156,0,1,0,0,0,0
dev/0000/ex01_default_emphasis_00157,0,1,0,0,0,0
dev/0000/ex01_default_emphasis_00158,0,1,0,0,0,0
dev/0000/ex01_default_emphasis_00159,0,1,0,0,0,0
dev/0000/ex01_default_emphasis_00160,0,1,0,0,0,0
dev/0000/ex01_default_emphasis_00161,0,1,0,0,0,0
dev/0000/ex01_default_emphasis_00162,0,1,0,0,0,0
dev/0000/ex01_default_emphasis_00163,0,1,0,0,0,0
dev/0000/ex01_default_emphasis_00164,0,1,0,0,0,0
dev/0000/ex01_default_emphasis_00165,0,1,0,0,0,0
dev/0000/ex01_default_emphasis_00166,0,1,0,0,0,0
dev/0000/ex01_default_emphasis_00167,0,1,0,0,0,0
dev/0000/ex01_default_emphasis_00168,0,1,0,0,0,0
dev/0000/ex01_default_emphasis_00169,0,1,0,0,0,0
dev/0000/ex01_default_emphasis_00170,0,1,0,0,0,0
dev/0000/ex01_default_emphasis_00171,0,1,0,0,0,0
dev/0000/ex01_default_emphasis_00172,0,1,0,0,0,0
dev/0000/ex01_default_emphasis_00173,0,1,0,0,0,0
dev/0000/ex01_default_emphasis_00174,0,1,0,0,0,0
dev/0000/ex01_default_emphasis_00175,0,1,0,0,0,0
dev/0000/ex01_default_emphasis_00176,0,1,0,0,0,0
dev/0000/ex01_default_emphasis_00177,0,1,0,0,0,0
dev/0000/ex01_default_emphasis_00178,0,1,0,0,0,0
dev/0000/ex01_default_emphasis_00179,0,1,0,0,0,0
dev/0000/ex01_default_emphasis_00180,0,1,0,0,0,0
dev/0000/ex01_default_emphasis_00181,0,1,0,0,0,0
dev/0000/ex01_default_emphasis_00182,0,1,0,0,0,0
test/0000/ex01_default_emphasis_00183,0,1,0,0,0,0
test/0000/ex01_default_emphasis_00184,0,1,0,0,0,0
test/0000/ex01_default_emphasis_00185,0,1,0,0,0,0
test/0000/ex01_default_emphasis_00186,0,1,0,0,0,0
test/0000/ex01_default_emphasis_00187,0,1,0,0,0,0
test/0000/ex01_default_emphasis_00188,0,1,0,0,0,0
test/0000/ex01_default_emphasis_00189,0,1,0,0,0,0
test/0000/ex01_default_emphasis_00190,0,1,0,0,0,0
test/0000/ex01_default_emphasis_00191,0,1,0,0,0,0
test/0000/ex01_default_emphasis_00192,0,1,0,0,0,0
test/0000/ex01_default_emphasis_00193,0,1,0,0,0,0
test/0000/ex01_default_emphasis_00194,0,1,0,0,0,0
test/0000/ex01_default_emphasis_00195,0,1,0,0,0,0
test/0000/ex01_default_emphasis_00196,0,1,0,0,0,0
test/0000/ex01_default_emphasis_00197,0,1,0,0,0,0
test/0000/ex01_default_emphasis_00198,0,1,0,0,0,0
test/0000/ex01_default_emphasis_00199,0,1,0,0,0,0
test/0000/ex01_default_emphasis_00200,0,1,0,0,0,0
train/0000/ex01_default_essentials_00001,0,1,0,0,0,0
train/0000/ex01_default_essentials_00002,0,1,0,0,0,0
train/0000/ex01_default_essentials_00003,0,1,0,0,0,0
train/0000/ex01_default_essentials_00004,0,1,0,0,0,0
train/0000/ex01_default_essentials_00005,0,1,0,0,0,0
train/0000/ex01_default_essentials_00006,0,1,0,0,0,0
train/0000/ex01_default_essentials_00007,0,1,0,0,0,0
train/0000/ex01_default_essentials_00008,0,1,0,0,0,0
train/0000/ex01_default_essentials_00009,0,1,0,0,0,0
train/0000/ex01_default_essentials_00010,0,1,0,0,0,0
train/0000/ex01_default_essentials_00011,0,1,0,0,0,0
train/0000/ex01_default_essentials_00012,0,1,0,0,0,0
train/0000/ex01_default_essentials_00013,0,1,0,0,0,0
train/0000/ex01_default_essentials_00014,0,1,0,0,0,0
train/0000/ex01_default_essentials_00015,0,1,0,0,0,0
train/0000/ex01_default_essentials_00016,0,1,0,0,0,0
train/0000/ex01_default_essentials_00017,0,1,0,0,0,0
train/0000/ex01_default_essentials_00018,0,1,0,0,0,0
train/0000/ex01_default_essentials_00019,0,1,0,0,0,0
train/0000/ex01_default_essentials_00020,0,1,0,0,0,0
train/0000/ex01_default_essentials_00021,0,1,0,0,0,0
train/0000/ex01_default_essentials_00022,0,1,0,0,0,0
train/0000/ex01_default_essentials_00023,0,1,0,0,0,0
train/0000/ex01_default_essentials_00024,0,1,0,0,0,0
train/0000/ex01_default_essentials_00025,0,1,0,0,0,0
train/0000/ex01_default_essentials_00026,0,1,0,0,0,0
train/0000/ex01_default_essentials_00027,0,1,0,0,0,0
train/0000/ex01_default_essentials_00028,0,1,0,0,0,0
train/0000/ex01_default_essentials_00029,0,1,0,0,0,0
train/0000/ex01_default_essentials_00030,0,1,0,0,0,0
train/0000/ex01_default_essentials_00031,0,1,0,0,0,0
train/0000/ex01_default_essentials_00032,0,1,0,0,0,0
train/0000/ex01_default_essentials_00033,0,1,0,0,0,0
dev/0000/ex01_default_essentials_00034,0,1,0,0,0,0
dev/0000/ex01_default_essentials_00035,0,1,0,0,0,0
dev/0000/ex01_default_essentials_00036,0,1,0,0,0,0
test/0000/ex01_default_essentials_00037,0,1,0,0,0,0
test/0000/ex01_default_essentials_00038,0,1,0,0,0,0
test/0000/ex01_default_essentials_00039,0,1,0,0,0,0
test/0000/ex01_default_essentials_00040,0,1,0,0,0,0
train/0000/ex01_enunciated_00001,0,0,1,0,0,0
train/0000/ex01_enunciated_00002,0,0,1,0,0,0
train/0000/ex01_enunciated_00003,0,0,1,0,0,0
train/0000/ex01_enunciated_00004,0,0,1,0,0,0
train/0000/ex01_enunciated_00005,0,0,1,0,0,0
train/0000/ex01_enunciated_00006,0,0,1,0,0,0
train/0000/ex01_enunciated_00007,0,0,1,0,0,0
train/0000/ex01_enunciated_00008,0,0,1,0,0,0
train/0000/ex01_enunciated_00009,0,0,1,0,0,0
train/0000/ex01_enunciated_00010,0,0,1,0,0,0
train/0000/ex01_enunciated_00011,0,0,1,0,0,0
train/0000/ex01_enunciated_00012,0,0,1,0,0,0
train/0000/ex01_enunciated_00013,0,0,1,0,0,0
train/0000/ex01_enunciated_00014,0,0,1,0,0,0
train/0000/ex01_enunciated_00015,0,0,1,0,0,0
train/0000/ex01_enunciated_00016,0,0,1,0,0,0
train/0000/ex01_enunciated_00017,0,0,1,0,0,0
train/0000/ex01_enunciated_00018,0,0,1,0,0,0
train/0000/ex01_enunciated_00019,0,0,1,0,0,0
train/0000/ex01_enunciated_00020,0,0,1,0,0,0
train/0000/ex01_enunciated_00021,0,0,1,0,0,0
train/0000/ex01_enunciated_00022,0,0,1,0,0,0
train/0000/ex01_enunciated_00023,0,0,1,0,0,0
train/0000/ex01_enunciated_00024,0,0,1,0,0,0
train/0000/ex01_enunciated_00025,0,0,1,0,0,0
train/0000/ex01_enunciated_00026,0,0,1,0,0,0
train/0000/ex01_enunciated_00027,0,0,1,0,0,0
train/0000/ex01_enunciated_00028,0,0,1,0,0,0
train/0000/ex01_enunciated_00029,0,0,1,0,0,0
train/0000/ex01_enunciated_00030,0,0,1,0,0,0
train/0000/ex01_enunciated_00031,0,0,1,0,0,0
train/0000/ex01_enunciated_00032,0,0,1,0,0,0
train/0000/ex01_enunciated_00033,0,0,1,0,0,0
train/0000/ex01_enunciated_00034,0,0,1,0,0,0
train/0000/ex01_enunciated_00035,0,0,1,0,0,0
train/0000/ex01_enunciated_00036,0,0,1,0,0,0
train/0000/ex01_enunciated_00037,0,0,1,0,0,0
train/0000/ex01_enunciated_00038,0,0,1,0,0,0
train/0000/ex01_enunciated_00039,0,0,1,0,0,0
train/0000/ex01_enunciated_00040,0,0,1,0,0,0
train/0000/ex01_enunciated_00041,0,0,1,0,0,0
train/0000/ex01_enunciated_00042,0,0,1,0,0,0
train/0000/ex01_enunciated_00043,0,0,1,0,0,0
train/0000/ex01_enunciated_00044,0,0,1,0,0,0
train/0000/ex01_enunciated_00045,0,0,1,0,0,0
train/0000/ex01_enunciated_00046,0,0,1,0,0,0
train/0000/ex01_enunciated_00047,0,0,1,0,0,0
train/0000/ex01_enunciated_00048,0,0,1,0,0,0
train/0000/ex01_enunciated_00049,0,0,1,0,0,0
train/0000/ex01_enunciated_00050,0,0,1,0,0,0
train/0000/ex01_enunciated_00051,0,0,1,0,0,0
train/0000/ex01_enunciated_00052,0,0,1,0,0,0
train/0000/ex01_enunciated_00053,0,0,1,0,0,0
train/0000/ex01_enunciated_00054,0,0,1,0,0,0
train/0000/ex01_enunciated_00055,0,0,1,0,0,0
train/0000/ex01_enunciated_00056,0,0,1,0,0,0
train/0000/ex01_enunciated_00057,0,0,1,0,0,0
train/0000/ex01_enunciated_00058,0,0,1,0,0,0
train/0000/ex01_enunciated_00059,0,0,1,0,0,0
train/0000/ex01_enunciated_00060,0,0,1,0,0,0
train/0000/ex01_enunciated_00061,0,0,1,0,0,0
train/0000/ex01_enunciated_00062,0,0,1,0,0,0
train/0000/ex01_enunciated_00063,0,0,1,0,0,0
train/0000/ex01_enunciated_00064,0,0,1,0,0,0
train/0000/ex01_enunciated_00065,0,0,1,0,0,0
train/0000/ex01_enunciated_00066,0,0,1,0,0,0
train/0000/ex01_enunciated_00067,0,0,1,0,0,0
train/0000/ex01_enunciated_00068,0,0,1,0,0,0
train/0000/ex01_enunciated_00069,0,0,1,0,0,0
train/0000/ex01_enunciated_00070,0,0,1,0,0,0
train/0000/ex01_enunciated_00071,0,0,1,0,0,0
train/0000/ex01_enunciated_00072,0,0,1,0,0,0
train/0000/ex01_enunciated_00073,0,0,1,0,0,0
train/0000/ex01_enunciated_00074,0,0,1,0,0,0
train/0000/ex01_enunciated_00075,0,0,1,0,0,0
train/0000/ex01_enunciated_00076,0,0,1,0,0,0
train/0000/ex01_enunciated_00077,0,0,1,0,0,0
train/0000/ex01_enunciated_00078,0,0,1,0,0,0
train/0000/ex01_enunciated_00079,0,0,1,0,0,0
train/0000/ex01_enunciated_00080,0,0,1,0,0,0
train/0000/ex01_enunciated_00081,0,0,1,0,0,0
train/0000/ex01_enunciated_00082,0,0,1,0,0,0
train/0000/ex01_enunciated_00083,0,0,1,0,0,0
train/0000/ex01_enunciated_00084,0,0,1,0,0,0
train/0000/ex01_enunciated_00085,0,0,1,0,0,0
train/0000/ex01_enunciated_00086,0,0,1,0,0,0
train/0000/ex01_enunciated_00087,0,0,1,0,0,0
train/0000/ex01_enunciated_00088,0,0,1,0,0,0
train/0000/ex01_enunciated_00089,0,0,1,0,0,0
train/0000/ex01_enunciated_00090,0,0,1,0,0,0
train/0000/ex01_enunciated_00091,0,0,1,0,0,0
train/0000/ex01_enunciated_00092,0,0,1,0,0,0
train/0000/ex01_enunciated_00093,0,0,1,0,0,0
train/0000/ex01_enunciated_00094,0,0,1,0,0,0
train/0000/ex01_enunciated_00095,0,0,1,0,0,0
train/0000/ex01_enunciated_00096,0,0,1,0,0,0
train/0000/ex01_enunciated_00097,0,0,1,0,0,0
train/0000/ex01_enunciated_00098,0,0,1,0,0,0
train/0000/ex01_enunciated_00099,0,0,1,0,0,0
train/0000/ex01_enunciated_00100,0,0,1,0,0,0
train/0000/ex01_enunciated_00101,0,0,1,0,0,0
train/0000/ex01_enunciated_00102,0,0,1,0,0,0
train/0000/ex01_enunciated_00103,0,0,1,0,0,0
train/0000/ex01_enunciated_00104,0,0,1,0,0,0
train/0000/ex01_enunciated_00105,0,0,1,0,0,0
train/0000/ex01_enunciated_00106,0,0,1,0,0,0
train/0000/ex01_enunciated_00107,0,0,1,0,0,0
train/0000/ex01_enunciated_00108,0,0,1,0,0,0
train/0000/ex01_enunciated_00109,0,0,1,0,0,0
train/0000/ex01_enunciated_00110,0,0,1,0,0,0
train/0000/ex01_enunciated_00111,0,0,1,0,0,0
train/0000/ex01_enunciated_00112,0,0,1,0,0,0
train/0000/ex01_enunciated_00113,0,0,1,0,0,0
train/0000/ex01_enunciated_00114,0,0,1,0,0,0
train/0000/ex01_enunciated_00115,0,0,1,0,0,0
train/0000/ex01_enunciated_00116,0,0,1,0,0,0
train/0000/ex01_enunciated_00117,0,0,1,0,0,0
train/0000/ex01_enunciated_00118,0,0,1,0,0,0
train/0000/ex01_enunciated_00119,0,0,1,0,0,0
train/0000/ex01_enunciated_00120,0,0,1,0,0,0
train/0000/ex01_enunciated_00121,0,0,1,0,0,0
train/0000/ex01_enunciated_00122,0,0,1,0,0,0
train/0000/ex01_enunciated_00123,0,0,1,0,0,0
train/0000/ex01_enunciated_00124,0,0,1,0,0,0
train/0000/ex01_enunciated_00125,0,0,1,0,0,0
train/0000/ex01_enunciated_00126,0,0,1,0,0,0
train/0000/ex01_enunciated_00127,0,0,1,0,0,0
train/0000/ex01_enunciated_00128,0,0,1,0,0,0
train/0000/ex01_enunciated_00129,0,0,1,0,0,0
train/0000/ex01_enunciated_00130,0,0,1,0,0,0
train/0000/ex01_enunciated_00131,0,0,1,0,0,0
train/0000/ex01_enunciated_00132,0,0,1,0,0,0
train/0000/ex01_enunciated_00133,0,0,1,0,0,0
train/0000/ex01_enunciated_00134,0,0,1,0,0,0
train/0000/ex01_enunciated_00135,0,0,1,0,0,0
train/0000/ex01_enunciated_00136,0,0,1,0,0,0
train/0000/ex01_enunciated_00137,0,0,1,0,0,0
train/0000/ex01_enunciated_00138,0,0,1,0,0,0
train/0000/ex01_enunciated_00139,0,0,1,0,0,0
train/0000/ex01_enunciated_00140,0,0,1,0,0,0
train/0000/ex01_enunciated_00141,0,0,1,0,0,0
train/0000/ex01_enunciated_00142,0,0,1,0,0,0
train/0000/ex01_enunciated_00143,0,0,1,0,0,0
train/0000/ex01_enunciated_00144,0,0,1,0,0,0
train/0000/ex01_enunciated_00145,0,0,1,0,0,0
train/0000/ex01_enunciated_00146,0,0,1,0,0,0
train/0000/ex01_enunciated_00147,0,0,1,0,0,0
train/0000/ex01_enunciated_00148,0,0,1,0,0,0
train/0000/ex01_enunciated_00149,0,0,1,0,0,0
train/0000/ex01_enunciated_00150,0,0,1,0,0,0
train/0000/ex01_enunciated_00151,0,0,1,0,0,0
train/0000/ex01_enunciated_00152,0,0,1,0,0,0
train/0000/ex01_enunciated_00153,0,0,1,0,0,0
train/0000/ex01_enunciated_00154,0,0,1,0,0,0
train/0000/ex01_enunciated_00155,0,0,1,0,0,0
train/0000/ex01_enunciated_00156,0,0,1,0,0,0
train/0000/ex01_enunciated_00157,0,0,1,0,0,0
train/0000/ex01_enunciated_00158,0,0,1,0,0,0
train/0000/ex01_enunciated_00159,0,0,1,0,0,0
train/0000/ex01_enunciated_00160,0,0,1,0,0,0
train/0000/ex01_enunciated_00161,0,0,1,0,0,0
train/0000/ex01_enunciated_00162,0,0,1,0,0,0
train/0000/ex01_enunciated_00163,0,0,1,0,0,0
train/0000/ex01_enunciated_00164,0,0,1,0,0,0
train/0000/ex01_enunciated_00165,0,0,1,0,0,0
train/0000/ex01_enunciated_00166,0,0,1,0,0,0
train/0000/ex01_enunciated_00167,0,0,1,0,0,0
train/0000/ex01_enunciated_00168,0,0,1,0,0,0
train/0000/ex01_enunciated_00169,0,0,1,0,0,0
train/0000/ex01_enunciated_00170,0,0,1,0,0,0
train/0000/ex01_enunciated_00171,0,0,1,0,0,0
train/0000/ex01_enunciated_00172,0,0,1,0,0,0
train/0000/ex01_enunciated_00173,0,0,1,0,0,0
train/0000/ex01_enunciated_00174,0,0,1,0,0,0
train/0000/ex01_enunciated_00175,0,0,1,0,0,0
train/0000/ex01_enunciated_00176,0,0,1,0,0,0
train/0000/ex01_enunciated_00177,0,0,1,0,0,0
train/0000/ex01_enunciated_00178,0,0,1,0,0,0
train/0000/ex01_enunciated_00179,0,0,1,0,0,0
train/0000/ex01_enunciated_00180,0,0,1,0,0,0
train/0000/ex01_enunciated_00181,0,0,1,0,0,0
train/0000/ex01_enunciated_00182,0,0,1,0,0,0
train/0000/ex01_enunciated_00183,0,0,1,0,0,0
train/0000/ex01_enunciated_00184,0,0,1,0,0,0
train/0000/ex01_enunciated_00185,0,0,1,0,0,0
train/0000/ex01_enunciated_00186,0,0,1,0,0,0
train/0000/ex01_enunciated_00187,0,0,1,0,0,0
train/0000/ex01_enunciated_00188,0,0,1,0,0,0
train/0000/ex01_enunciated_00189,0,0,1,0,0,0
train/0000/ex01_enunciated_00190,0,0,1,0,0,0
train/0000/ex01_enunciated_00191,0,0,1,0,0,0
train/0000/ex01_enunciated_00192,0,0,1,0,0,0
train/0000/ex01_enunciated_00193,0,0,1,0,0,0
train/0000/ex01_enunciated_00194,0,0,1,0,0,0
train/0000/ex01_enunciated_00195,0,0,1,0,0,0
train/0000/ex01_enunciated_00196,0,0,1,0,0,0
train/0000/ex01_enunciated_00197,0,0,1,0,0,0
train/0000/ex01_enunciated_00198,0,0,1,0,0,0
train/0000/ex01_enunciated_00199,0,0,1,0,0,0
train/0000/ex01_enunciated_00200,0,0,1,0,0,0
train/0000/ex01_enunciated_00201,0,0,1,0,0,0
train/0000/ex01_enunciated_00202,0,0,1,0,0,0
train/0000/ex01_enunciated_00203,0,0,1,0,0,0
train/0000/ex01_enunciated_00204,0,0,1,0,0,0
train/0000/ex01_enunciated_00205,0,0,1,0,0,0
train/0000/ex01_enunciated_00206,0,0,1,0,0,0
train/0000/ex01_enunciated_00207,0,0,1,0,0,0
train/0000/ex01_enunciated_00208,0,0,1,0,0,0
train/0000/ex01_enunciated_00209,0,0,1,0,0,0
train/0000/ex01_enunciated_00210,0,0,1,0,0,0
train/0000/ex01_enunciated_00211,0,0,1,0,0,0
train/0000/ex01_enunciated_00212,0,0,1,0,0,0
train/0000/ex01_enunciated_00213,0,0,1,0,0,0
train/0000/ex01_enunciated_00214,0,0,1,0,0,0
train/0000/ex01_enunciated_00215,0,0,1,0,0,0
train/0000/ex01_enunciated_00216,0,0,1,0,0,0
train/0000/ex01_enunciated_00217,0,0,1,0,0,0
train/0000/ex01_enunciated_00218,0,0,1,0,0,0
train/0000/ex01_enunciated_00219,0,0,1,0,0,0
train/0000/ex01_enunciated_00220,0,0,1,0,0,0
train/0000/ex01_enunciated_00221,0,0,1,0,0,0
train/0000/ex01_enunciated_00222,0,0,1,0,0,0
train/0000/ex01_enunciated_00223,0,0,1,0,0,0
train/0000/ex01_enunciated_00224,0,0,1,0,0,0
train/0000/ex01_enunciated_00225,0,0,1,0,0,0
train/0000/ex01_enunciated_00226,0,0,1,0,0,0
train/0000/ex01_enunciated_00227,0,0,1,0,0,0
train/0000/ex01_enunciated_00228,0,0,1,0,0,0
train/0000/ex01_enunciated_00229,0,0,1,0,0,0
train/0000/ex01_enunciated_00230,0,0,1,0,0,0
train/0000/ex01_enunciated_00231,0,0,1,0,0,0
train/0000/ex01_enunciated_00232,0,0,1,0,0,0
train/0000/ex01_enunciated_00233,0,0,1,0,0,0
train/0000/ex01_enunciated_00234,0,0,1,0,0,0
train/0000/ex01_enunciated_00235,0,0,1,0,0,0
train/0000/ex01_enunciated_00236,0,0,1,0,0,0
train/0000/ex01_enunciated_00237,0,0,1,0,0,0
train/0000/ex01_enunciated_00238,0,0,1,0,0,0
train/0000/ex01_enunciated_00239,0,0,1,0,0,0
train/0000/ex01_enunciated_00240,0,0,1,0,0,0
train/0000/ex01_enunciated_00241,0,0,1,0,0,0
train/0000/ex01_enunciated_00242,0,0,1,0,0,0
train/0000/ex01_enunciated_00243,0,0,1,0,0,0
train/0000/ex01_enunciated_00244,0,0,1,0,0,0
train/0000/ex01_enunciated_00245,0,0,1,0,0,0
train/0000/ex01_enunciated_00246,0,0,1,0,0,0
train/0000/ex01_enunciated_00247,0,0,1,0,0,0
train/0000/ex01_enunciated_00248,0,0,1,0,0,0
train/0000/ex01_enunciated_00249,0,0,1,0,0,0
train/0000/ex01_enunciated_00250,0,0,1,0,0,0
train/0000/ex01_enunciated_00251,0,0,1,0,0,0
train/0000/ex01_enunciated_00252,0,0,1,0,0,0
train/0000/ex01_enunciated_00253,0,0,1,0,0,0
train/0000/ex01_enunciated_00254,0,0,1,0,0,0
train/0000/ex01_enunciated_00255,0,0,1,0,0,0
train/0000/ex01_enunciated_00256,0,0,1,0,0,0
train/0000/ex01_enunciated_00257,0,0,1,0,0,0
train/0000/ex01_enunciated_00258,0,0,1,0,0,0
train/0000/ex01_enunciated_00259,0,0,1,0,0,0
train/0000/ex01_enunciated_00260,0,0,1,0,0,0
train/0000/ex01_enunciated_00261,0,0,1,0,0,0
train/0000/ex01_enunciated_00262,0,0,1,0,0,0
train/0000/ex01_enunciated_00263,0,0,1,0,0,0
train/0000/ex01_enunciated_00264,0,0,1,0,0,0
train/0000/ex01_enunciated_00265,0,0,1,0,0,0
train/0000/ex01_enunciated_00266,0,0,1,0,0,0
train/0000/ex01_enunciated_00267,0,0,1,0,0,0
train/0000/ex01_enunciated_00268,0,0,1,0,0,0
train/0000/ex01_enunciated_00269,0,0,1,0,0,0
train/0000/ex01_enunciated_00270,0,0,1,0,0,0
train/0000/ex01_enunciated_00271,0,0,1,0,0,0
train/0000/ex01_enunciated_00272,0,0,1,0,0,0
train/0000/ex01_enunciated_00273,0,0,1,0,0,0
train/0000/ex01_enunciated_00274,0,0,1,0,0,0
train/0000/ex01_enunciated_00275,0,0,1,0,0,0
train/0000/ex01_enunciated_00276,0,0,1,0,0,0
train/0000/ex01_enunciated_00277,0,0,1,0,0,0
train/0000/ex01_enunciated_00278,0,0,1,0,0,0
train/0000/ex01_enunciated_00279,0,0,1,0,0,0
train/0000/ex01_enunciated_00280,0,0,1,0,0,0
train/0000/ex01_enunciated_00281,0,0,1,0,0,0
train/0000/ex01_enunciated_00282,0,0,1,0,0,0
train/0000/ex01_enunciated_00283,0,0,1,0,0,0
train/0000/ex01_enunciated_00284,0,0,1,0,0,0
train/0000/ex01_enunciated_00285,0,0,1,0,0,0
train/0000/ex01_enunciated_00286,0,0,1,0,0,0
train/0000/ex01_enunciated_00287,0,0,1,0,0,0
train/0000/ex01_enunciated_00288,0,0,1,0,0,0
train/0000/ex01_enunciated_00289,0,0,1,0,0,0
train/0000/ex01_enunciated_00290,0,0,1,0,0,0
train/0000/ex01_enunciated_00291,0,0,1,0,0,0
train/0000/ex01_enunciated_00292,0,0,1,0,0,0
train/0000/ex01_enunciated_00293,0,0,1,0,0,0
train/0000/ex01_enunciated_00294,0,0,1,0,0,0
train/0000/ex01_enunciated_00295,0,0,1,0,0,0
train/0000/ex01_enunciated_00296,0,0,1,0,0,0
train/0000/ex01_enunciated_00297,0,0,1,0,0,0
train/0000/ex01_enunciated_00298,0,0,1,0,0,0
train/0000/ex01_enunciated_00299,0,0,1,0,0,0
train/0000/ex01_enunciated_00300,0,0,1,0,0,0
train/0000/ex01_enunciated_00301,0,0,1,0,0,0
train/0000/ex01_enunciated_00302,0,0,1,0,0,0
train/0000/ex01_enunciated_00303,0,0,1,0,0,0
train/0000/ex01_enunciated_00304,0,0,1,0,0,0
train/0000/ex01_enunciated_00305,0,0,1,0,0,0
train/0000/ex01_enunciated_00306,0,0,1,0,0,0
train/0000/ex01_enunciated_00307,0,0,1,0,0,0
train/0000/ex01_enunciated_00308,0,0,1,0,0,0
train/0000/ex01_enunciated_00309,0,0,1,0,0,0
train/0000/ex01_enunciated_00310,0,0,1,0,0,0
train/0000/ex01_enunciated_00311,0,0,1,0,0,0
train/0000/ex01_enunciated_00312,0,0,1,0,0,0
train/0000/ex01_enunciated_00313,0,0,1,0,0,0
train/0000/ex01_enunciated_00314,0,0,1,0,0,0
train/0000/ex01_enunciated_00315,0,0,1,0,0,0
train/0000/ex01_enunciated_00316,0,0,1,0,0,0
train/0000/ex01_enunciated_00317,0,0,1,0,0,0
train/0000/ex01_enunciated_00318,0,0,1,0,0,0
train/0000/ex01_enunciated_00319,0,0,1,0,0,0
train/0000/ex01_enunciated_00320,0,0,1,0,0,0
train/0000/ex01_enunciated_00321,0,0,1,0,0,0
train/0000/ex01_enunciated_00322,0,0,1,0,0,0
train/0000/ex01_enunciated_00323,0,0,1,0,0,0
train/0000/ex01_enunciated_00324,0,0,1,0,0,0
train/0000/ex01_enunciated_00325,0,0,1,0,0,0
train/0000/ex01_enunciated_00326,0,0,1,0,0,0
train/0000/ex01_enunciated_00327,0,0,1,0,0,0
train/0000/ex01_enunciated_00328,0,0,1,0,0,0
train/0000/ex01_enunciated_00329,0,0,1,0,0,0
train/0000/ex01_enunciated_00330,0,0,1,0,0,0
train/0000/ex01_enunciated_00331,0,0,1,0,0,0
train/0000/ex01_enunciated_00332,0,0,1,0,0,0
train/0000/ex01_enunciated_00333,0,0,1,0,0,0
train/0000/ex01_enunciated_00334,0,0,1,0,0,0
train/0000/ex01_enunciated_00335,0,0,1,0,0,0
train/0000/ex01_enunciated_00336,0,0,1,0,0,0
train/0000/ex01_enunciated_00337,0,0,1,0,0,0
train/0000/ex01_enunciated_00338,0,0,1,0,0,0
train/0000/ex01_enunciated_00339,0,0,1,0,0,0
train/0000/ex01_enunciated_00340,0,0,1,0,0,0
train/0000/ex01_enunciated_00341,0,0,1,0,0,0
train/0000/ex01_enunciated_00342,0,0,1,0,0,0
train/0000/ex01_enunciated_00343,0,0,1,0,0,0
train/0000/ex01_enunciated_00344,0,0,1,0,0,0
train/0000/ex01_enunciated_00345,0,0,1,0,0,0
train/0000/ex01_enunciated_00346,0,0,1,0,0,0
train/0000/ex01_enunciated_00347,0,0,1,0,0,0
train/0000/ex01_enunciated_00348,0,0,1,0,0,0
train/0000/ex01_enunciated_00349,0,0,1,0,0,0
train/0000/ex01_enunciated_00350,0,0,1,0,0,0
dev/0000/ex01_enunciated_00351,0,0,1,0,0,0
dev/0000/ex01_enunciated_00352,0,0,1,0,0,0
dev/0000/ex01_enunciated_00353,0,0,1,0,0,0
dev/0000/ex01_enunciated_00354,0,0,1,0,0,0
dev/0000/ex01_enunciated_00355,0,0,1,0,0,0
dev/0000/ex01_enunciated_00356,0,0,1,0,0,0
dev/0000/ex01_enunciated_00357,0,0,1,0,0,0
dev/0000/ex01_enunciated_00358,0,0,1,0,0,0
dev/0000/ex01_enunciated_00359,0,0,1,0,0,0
dev/0000/ex01_enunciated_00360,0,0,1,0,0,0
dev/0000/ex01_enunciated_00361,0,0,1,0,0,0
dev/0000/ex01_enunciated_00362,0,0,1,0,0,0
dev/0000/ex01_enunciated_00363,0,0,1,0,0,0
dev/0000/ex01_enunciated_00364,0,0,1,0,0,0
dev/0000/ex01_enunciated_00365,0,0,1,0,0,0
test/0000/ex01_enunciated_00366,0,0,1,0,0,0
test/0000/ex01_enunciated_00367,0,0,1,0,0,0
test/0000/ex01_enunciated_00368,0,0,1,0,0,0
test/0000/ex01_enunciated_00369,0,0,1,0,0,0
test/0000/ex01_enunciated_00370,0,0,1,0,0,0
test/0000/ex01_enunciated_00371,0,0,1,0,0,0
test/0000/ex01_enunciated_00372,0,0,1,0,0,0
test/0000/ex01_enunciated_00373,0,0,1,0,0,0
test/0000/ex01_enunciated_00374,0,0,1,0,0,0
test/0000/ex01_enunciated_00375,0,0,1,0,0,0
test/0000/ex01_enunciated_00376,0,0,1,0,0,0
test/0000/ex01_enunciated_00377,0,0,1,0,0,0
test/0000/ex01_enunciated_00378,0,0,1,0,0,0
test/0000/ex01_enunciated_00379,0,0,1,0,0,0
test/0000/ex01_enunciated_00380,0,0,1,0,0,0
train/0000/ex01_happy_00001,0,0,0,1,0,0
train/0000/ex01_happy_00002,0,0,0,1,0,0
train/0000/ex01_happy_00003,0,0,0,1,0,0
train/0000/ex01_happy_00004,0,0,0,1,0,0
train/0000/ex01_happy_00005,0,0,0,1,0,0
train/0000/ex01_happy_00006,0,0,0,1,0,0
train/0000/ex01_happy_00007,0,0,0,1,0,0
train/0000/ex01_happy_00008,0,0,0,1,0,0
train/0000/ex01_happy_00009,0,0,0,1,0,0
train/0000/ex01_happy_00010,0,0,0,1,0,0
train/0000/ex01_happy_00011,0,0,0,1,0,0
train/0000/ex01_happy_00012,0,0,0,1,0,0
train/0000/ex01_happy_00013,0,0,0,1,0,0
train/0000/ex01_happy_00014,0,0,0,1,0,0
train/0000/ex01_happy_00015,0,0,0,1,0,0
train/0000/ex01_happy_00016,0,0,0,1,0,0
train/0000/ex01_happy_00017,0,0,0,1,0,0
train/0000/ex01_happy_00018,0,0,0,1,0,0
train/0000/ex01_happy_00019,0,0,0,1,0,0
train/0000/ex01_happy_00020,0,0,0,1,0,0
train/0000/ex01_happy_00021,0,0,0,1,0,0
train/0000/ex01_happy_00022,0,0,0,1,0,0
train/0000/ex01_happy_00023,0,0,0,1,0,0
train/0000/ex01_happy_00024,0,0,0,1,0,0
train/0000/ex01_happy_00025,0,0,0,1,0,0
train/0000/ex01_happy_00026,0,0,0,1,0,0
train/0000/ex01_happy_00027,0,0,0,1,0,0
train/0000/ex01_happy_00028,0,0,0,1,0,0
train/0000/ex01_happy_00029,0,0,0,1,0,0
train/0000/ex01_happy_00030,0,0,0,1,0,0
train/0000/ex01_happy_00031,0,0,0,1,0,0
train/0000/ex01_happy_00032,0,0,0,1,0,0
train/0000/ex01_happy_00033,0,0,0,1,0,0
train/0000/ex01_happy_00034,0,0,0,1,0,0
train/0000/ex01_happy_00035,0,0,0,1,0,0
train/0000/ex01_happy_00036,0,0,0,1,0,0
train/0000/ex01_happy_00037,0,0,0,1,0,0
train/0000/ex01_happy_00038,0,0,0,1,0,0
train/0000/ex01_happy_00039,0,0,0,1,0,0
train/0000/ex01_happy_00040,0,0,0,1,0,0
train/0000/ex01_happy_00041,0,0,0,1,0,0
train/0000/ex01_happy_00042,0,0,0,1,0,0
train/0000/ex01_happy_00043,0,0,0,1,0,0
train/0000/ex01_happy_00044,0,0,0,1,0,0
train/0000/ex01_happy_00045,0,0,0,1,0,0
train/0000/ex01_happy_00046,0,0,0,1,0,0
train/0000/ex01_happy_00047,0,0,0,1,0,0
train/0000/ex01_happy_00048,0,0,0,1,0,0
train/0000/ex01_happy_00049,0,0,0,1,0,0
train/0000/ex01_happy_00050,0,0,0,1,0,0
train/0000/ex01_happy_00051,0,0,0,1,0,0
train/0000/ex01_happy_00052,0,0,0,1,0,0
train/0000/ex01_happy_00053,0,0,0,1,0,0
train/0000/ex01_happy_00054,0,0,0,1,0,0
train/0000/ex01_happy_00055,0,0,0,1,0,0
train/0000/ex01_happy_00056,0,0,0,1,0,0
train/0000/ex01_happy_00057,0,0,0,1,0,0
train/0000/ex01_happy_00058,0,0,0,1,0,0
train/0000/ex01_happy_00059,0,0,0,1,0,0
train/0000/ex01_happy_00060,0,0,0,1,0,0
train/0000/ex01_happy_00061,0,0,0,1,0,0
train/0000/ex01_happy_00062,0,0,0,1,0,0
train/0000/ex01_happy_00063,0,0,0,1,0,0
train/0000/ex01_happy_00064,0,0,0,1,0,0
train/0000/ex01_happy_00065,0,0,0,1,0,0
train/0000/ex01_happy_00066,0,0,0,1,0,0
train/0000/ex01_happy_00067,0,0,0,1,0,0
train/0000/ex01_happy_00068,0,0,0,1,0,0
train/0000/ex01_happy_00069,0,0,0,1,0,0
train/0000/ex01_happy_00070,0,0,0,1,0,0
train/0000/ex01_happy_00071,0,0,0,1,0,0
train/0000/ex01_happy_00072,0,0,0,1,0,0
train/0000/ex01_happy_00073,0,0,0,1,0,0
train/0000/ex01_happy_00074,0,0,0,1,0,0
train/0000/ex01_happy_00075,0,0,0,1,0,0
train/0000/ex01_happy_00076,0,0,0,1,0,0
train/0000/ex01_happy_00077,0,0,0,1,0,0
train/0000/ex01_happy_00078,0,0,0,1,0,0
train/0000/ex01_happy_00079,0,0,0,1,0,0
train/0000/ex01_happy_00080,0,0,0,1,0,0
train/0000/ex01_happy_00081,0,0,0,1,0,0
train/0000/ex01_happy_00082,0,0,0,1,0,0
train/0000/ex01_happy_00083,0,0,0,1,0,0
train/0000/ex01_happy_00084,0,0,0,1,0,0
train/0000/ex01_happy_00085,0,0,0,1,0,0
train/0000/ex01_happy_00086,0,0,0,1,0,0
train/0000/ex01_happy_00087,0,0,0,1,0,0
train/0000/ex01_happy_00088,0,0,0,1,0,0
train/0000/ex01_happy_00089,0,0,0,1,0,0
train/0000/ex01_happy_00090,0,0,0,1,0,0
train/0000/ex01_happy_00091,0,0,0,1,0,0
train/0000/ex01_happy_00092,0,0,0,1,0,0
train/0000/ex01_happy_00093,0,0,0,1,0,0
train/0000/ex01_happy_00094,0,0,0,1,0,0
train/0000/ex01_happy_00095,0,0,0,1,0,0
train/0000/ex01_happy_00096,0,0,0,1,0,0
train/0000/ex01_happy_00097,0,0,0,1,0,0
train/0000/ex01_happy_00098,0,0,0,1,0,0
train/0000/ex01_happy_00099,0,0,0,1,0,0
train/0000/ex01_happy_00100,0,0,0,1,0,0
train/0000/ex01_happy_00101,0,0,0,1,0,0
train/0000/ex01_happy_00102,0,0,0,1,0,0
train/0000/ex01_happy_00103,0,0,0,1,0,0
train/0000/ex01_happy_00104,0,0,0,1,0,0
train/0000/ex01_happy_00105,0,0,0,1,0,0
train/0000/ex01_happy_00106,0,0,0,1,0,0
train/0000/ex01_happy_00107,0,0,0,1,0,0
train/0000/ex01_happy_00108,0,0,0,1,0,0
train/0000/ex01_happy_00109,0,0,0,1,0,0
train/0000/ex01_happy_00110,0,0,0,1,0,0
train/0000/ex01_happy_00111,0,0,0,1,0,0
train/0000/ex01_happy_00112,0,0,0,1,0,0
train/0000/ex01_happy_00113,0,0,0,1,0,0
train/0000/ex01_happy_00114,0,0,0,1,0,0
train/0000/ex01_happy_00115,0,0,0,1,0,0
train/0000/ex01_happy_00116,0,0,0,1,0,0
train/0000/ex01_happy_00117,0,0,0,1,0,0
train/0000/ex01_happy_00118,0,0,0,1,0,0
train/0000/ex01_happy_00119,0,0,0,1,0,0
train/0000/ex01_happy_00120,0,0,0,1,0,0
train/0000/ex01_happy_00121,0,0,0,1,0,0
train/0000/ex01_happy_00122,0,0,0,1,0,0
train/0000/ex01_happy_00123,0,0,0,1,0,0
train/0000/ex01_happy_00124,0,0,0,1,0,0
train/0000/ex01_happy_00125,0,0,0,1,0,0
train/0000/ex01_happy_00126,0,0,0,1,0,0
train/0000/ex01_happy_00127,0,0,0,1,0,0
train/0000/ex01_happy_00128,0,0,0,1,0,0
train/0000/ex01_happy_00129,0,0,0,1,0,0
train/0000/ex01_happy_00130,0,0,0,1,0,0
train/0000/ex01_happy_00131,0,0,0,1,0,0
train/0000/ex01_happy_00132,0,0,0,1,0,0
train/0000/ex01_happy_00133,0,0,0,1,0,0
train/0000/ex01_happy_00134,0,0,0,1,0,0
train/0000/ex01_happy_00135,0,0,0,1,0,0
train/0000/ex01_happy_00136,0,0,0,1,0,0
train/0000/ex01_happy_00137,0,0,0,1,0,0
train/0000/ex01_happy_00138,0,0,0,1,0,0
train/0000/ex01_happy_00139,0,0,0,1,0,0
train/0000/ex01_happy_00140,0,0,0,1,0,0
train/0000/ex01_happy_00141,0,0,0,1,0,0
train/0000/ex01_happy_00142,0,0,0,1,0,0
train/0000/ex01_happy_00143,0,0,0,1,0,0
train/0000/ex01_happy_00144,0,0,0,1,0,0
train/0000/ex01_happy_00145,0,0,0,1,0,0
train/0000/ex01_happy_00146,0,0,0,1,0,0
train/0000/ex01_happy_00147,0,0,0,1,0,0
train/0000/ex01_happy_00148,0,0,0,1,0,0
train/0000/ex01_happy_00149,0,0,0,1,0,0
train/0000/ex01_happy_00150,0,0,0,1,0,0
train/0000/ex01_happy_00151,0,0,0,1,0,0
train/0000/ex01_happy_00152,0,0,0,1,0,0
train/0000/ex01_happy_00153,0,0,0,1,0,0
train/0000/ex01_happy_00154,0,0,0,1,0,0
train/0000/ex01_happy_00155,0,0,0,1,0,0
train/0000/ex01_happy_00156,0,0,0,1,0,0
train/0000/ex01_happy_00157,0,0,0,1,0,0
train/0000/ex01_happy_00158,0,0,0,1,0,0
train/0000/ex01_happy_00159,0,0,0,1,0,0
train/0000/ex01_happy_00160,0,0,0,1,0,0
train/0000/ex01_happy_00161,0,0,0,1,0,0
train/0000/ex01_happy_00162,0,0,0,1,0,0
train/0000/ex01_happy_00163,0,0,0,1,0,0
train/0000/ex01_happy_00164,0,0,0,1,0,0
train/0000/ex01_happy_00165,0,0,0,1,0,0
train/0000/ex01_happy_00166,0,0,0,1,0,0
train/0000/ex01_happy_00167,0,0,0,1,0,0
train/0000/ex01_happy_00168,0,0,0,1,0,0
train/0000/ex01_happy_00169,0,0,0,1,0,0
train/0000/ex01_happy_00170,0,0,0,1,0,0
train/0000/ex01_happy_00171,0,0,0,1,0,0
train/0000/ex01_happy_00172,0,0,0,1,0,0
train/0000/ex01_happy_00173,0,0,0,1,0,0
train/0000/ex01_happy_00174,0,0,0,1,0,0
train/0000/ex01_happy_00175,0,0,0,1,0,0
train/0000/ex01_happy_00176,0,0,0,1,0,0
train/0000/ex01_happy_00177,0,0,0,1,0,0
train/0000/ex01_happy_00178,0,0,0,1,0,0
train/0000/ex01_happy_00179,0,0,0,1,0,0
train/0000/ex01_happy_00180,0,0,0,1,0,0
train/0000/ex01_happy_00181,0,0,0,1,0,0
train/0000/ex01_happy_00182,0,0,0,1,0,0
train/0000/ex01_happy_00183,0,0,0,1,0,0
train/0000/ex01_happy_00184,0,0,0,1,0,0
train/0000/ex01_happy_00185,0,0,0,1,0,0
train/0000/ex01_happy_00186,0,0,0,1,0,0
train/0000/ex01_happy_00187,0,0,0,1,0,0
train/0000/ex01_happy_00188,0,0,0,1,0,0
train/0000/ex01_happy_00189,0,0,0,1,0,0
train/0000/ex01_happy_00190,0,0,0,1,0,0
train/0000/ex01_happy_00191,0,0,0,1,0,0
train/0000/ex01_happy_00192,0,0,0,1,0,0
train/0000/ex01_happy_00193,0,0,0,1,0,0
train/0000/ex01_happy_00194,0,0,0,1,0,0
train/0000/ex01_happy_00195,0,0,0,1,0,0
train/0000/ex01_happy_00196,0,0,0,1,0,0
train/0000/ex01_happy_00197,0,0,0,1,0,0
train/0000/ex01_happy_00198,0,0,0,1,0,0
train/0000/ex01_happy_00199,0,0,0,1,0,0
train/0000/ex01_happy_00200,0,0,0,1,0,0
train/0000/ex01_happy_00201,0,0,0,1,0,0
train/0000/ex01_happy_00202,0,0,0,1,0,0
train/0000/ex01_happy_00203,0,0,0,1,0,0
train/0000/ex01_happy_00204,0,0,0,1,0,0
train/0000/ex01_happy_00205,0,0,0,1,0,0
train/0000/ex01_happy_00206,0,0,0,1,0,0
train/0000/ex01_happy_00207,0,0,0,1,0,0
train/0000/ex01_happy_00208,0,0,0,1,0,0
train/0000/ex01_happy_00209,0,0,0,1,0,0
train/0000/ex01_happy_00210,0,0,0,1,0,0
train/0000/ex01_happy_00211,0,0,0,1,0,0
train/0000/ex01_happy_00212,0,0,0,1,0,0
train/0000/ex01_happy_00213,0,0,0,1,0,0
train/0000/ex01_happy_00214,0,0,0,1,0,0
train/0000/ex01_happy_00215,0,0,0,1,0,0
train/0000/ex01_happy_00216,0,0,0,1,0,0
train/0000/ex01_happy_00217,0,0,0,1,0,0
train/0000/ex01_happy_00218,0,0,0,1,0,0
train/0000/ex01_happy_00219,0,0,0,1,0,0
train/0000/ex01_happy_00220,0,0,0,1,0,0
train/0000/ex01_happy_00221,0,0,0,1,0,0
train/0000/ex01_happy_00222,0,0,0,1,0,0
train/0000/ex01_happy_00223,0,0,0,1,0,0
train/0000/ex01_happy_00224,0,0,0,1,0,0
train/0000/ex01_happy_00225,0,0,0,1,0,0
train/0000/ex01_happy_00226,0,0,0,1,0,0
train/0000/ex01_happy_00227,0,0,0,1,0,0
train/0000/ex01_happy_00228,0,0,0,1,0,0
train/0000/ex01_happy_00229,0,0,0,1,0,0
train/0000/ex01_happy_00230,0,0,0,1,0,0
train/0000/ex01_happy_00231,0,0,0,1,0,0
train/0000/ex01_happy_00232,0,0,0,1,0,0
train/0000/ex01_happy_00233,0,0,0,1,0,0
train/0000/ex01_happy_00234,0,0,0,1,0,0
train/0000/ex01_happy_00235,0,0,0,1,0,0
train/0000/ex01_happy_00236,0,0,0,1,0,0
train/0000/ex01_happy_00237,0,0,0,1,0,0
train/0000/ex01_happy_00238,0,0,0,1,0,0
train/0000/ex01_happy_00239,0,0,0,1,0,0
train/0000/ex01_happy_00240,0,0,0,1,0,0
train/0000/ex01_happy_00241,0,0,0,1,0,0
train/0000/ex01_happy_00242,0,0,0,1,0,0
train/0000/ex01_happy_00243,0,0,0,1,0,0
train/0000/ex01_happy_00244,0,0,0,1,0,0
train/0000/ex01_happy_00245,0,0,0,1,0,0
train/0000/ex01_happy_00246,0,0,0,1,0,0
train/0000/ex01_happy_00247,0,0,0,1,0,0
train/0000/ex01_happy_00248,0,0,0,1,0,0
train/0000/ex01_happy_00249,0,0,0,1,0,0
train/0000/ex01_happy_00250,0,0,0,1,0,0
train/0000/ex01_happy_00251,0,0,0,1,0,0
train/0000/ex01_happy_00252,0,0,0,1,0,0
train/0000/ex01_happy_00253,0,0,0,1,0,0
train/0000/ex01_happy_00254,0,0,0,1,0,0
train/0000/ex01_happy_00255,0,0,0,1,0,0
train/0000/ex01_happy_00256,0,0,0,1,0,0
train/0000/ex01_happy_00257,0,0,0,1,0,0
train/0000/ex01_happy_00258,0,0,0,1,0,0
train/0000/ex01_happy_00259,0,0,0,1,0,0
train/0000/ex01_happy_00260,0,0,0,1,0,0
train/0000/ex01_happy_00261,0,0,0,1,0,0
train/0000/ex01_happy_00262,0,0,0,1,0,0
train/0000/ex01_happy_00263,0,0,0,1,0,0
train/0000/ex01_happy_00264,0,0,0,1,0,0
train/0000/ex01_happy_00265,0,0,0,1,0,0
train/0000/ex01_happy_00266,0,0,0,1,0,0
train/0000/ex01_happy_00267,0,0,0,1,0,0
train/0000/ex01_happy_00268,0,0,0,1,0,0
train/0000/ex01_happy_00269,0,0,0,1,0,0
train/0000/ex01_happy_00270,0,0,0,1,0,0
train/0000/ex01_happy_00271,0,0,0,1,0,0
train/0000/ex01_happy_00272,0,0,0,1,0,0
train/0000/ex01_happy_00273,0,0,0,1,0,0
train/0000/ex01_happy_00274,0,0,0,1,0,0
train/0000/ex01_happy_00275,0,0,0,1,0,0
train/0000/ex01_happy_00276,0,0,0,1,0,0
train/0000/ex01_happy_00277,0,0,0,1,0,0
train/0000/ex01_happy_00278,0,0,0,1,0,0
train/0000/ex01_happy_00279,0,0,0,1,0,0
train/0000/ex01_happy_00280,0,0,0,1,0,0
train/0000/ex01_happy_00281,0,0,0,1,0,0
train/0000/ex01_happy_00282,0,0,0,1,0,0
train/0000/ex01_happy_00283,0,0,0,1,0,0
train/0000/ex01_happy_00284,0,0,0,1,0,0
train/0000/ex01_happy_00285,0,0,0,1,0,0
train/0000/ex01_happy_00286,0,0,0,1,0,0
train/0000/ex01_happy_00287,0,0,0,1,0,0
train/0000/ex01_happy_00288,0,0,0,1,0,0
train/0000/ex01_happy_00289,0,0,0,1,0,0
train/0000/ex01_happy_00290,0,0,0,1,0,0
train/0000/ex01_happy_00291,0,0,0,1,0,0
train/0000/ex01_happy_00292,0,0,0,1,0,0
train/0000/ex01_happy_00293,0,0,0,1,0,0
train/0000/ex01_happy_00294,0,0,0,1,0,0
train/0000/ex01_happy_00295,0,0,0,1,0,0
train/0000/ex01_happy_00296,0,0,0,1,0,0
train/0000/ex01_happy_00297,0,0,0,1,0,0
train/0000/ex01_happy_00298,0,0,0,1,0,0
train/0000/ex01_happy_00299,0,0,0,1,0,0
train/0000/ex01_happy_00300,0,0,0,1,0,0
train/0000/ex01_happy_00301,0,0,0,1,0,0
train/0000/ex01_happy_00302,0,0,0,1,0,0
train/0000/ex01_happy_00303,0,0,0,1,0,0
train/0000/ex01_happy_00304,0,0,0,1,0,0
train/0000/ex01_happy_00305,0,0,0,1,0,0
train/0000/ex01_happy_00306,0,0,0,1,0,0
train/0000/ex01_happy_00307,0,0,0,1,0,0
train/0000/ex01_happy_00308,0,0,0,1,0,0
train/0000/ex01_happy_00309,0,0,0,1,0,0
train/0000/ex01_happy_00310,0,0,0,1,0,0
train/0000/ex01_happy_00311,0,0,0,1,0,0
train/0000/ex01_happy_00312,0,0,0,1,0,0
train/0000/ex01_happy_00313,0,0,0,1,0,0
train/0000/ex01_happy_00314,0,0,0,1,0,0
train/0000/ex01_happy_00315,0,0,0,1,0,0
train/0000/ex01_happy_00316,0,0,0,1,0,0
train/0000/ex01_happy_00317,0,0,0,1,0,0
train/0000/ex01_happy_00318,0,0,0,1,0,0
train/0000/ex01_happy_00319,0,0,0,1,0,0
train/0000/ex01_happy_00320,0,0,0,1,0,0
train/0000/ex01_happy_00321,0,0,0,1,0,0
train/0000/ex01_happy_00322,0,0,0,1,0,0
train/0000/ex01_happy_00323,0,0,0,1,0,0
train/0000/ex01_happy_00324,0,0,0,1,0,0
train/0000/ex01_happy_00325,0,0,0,1,0,0
train/0000/ex01_happy_00326,0,0,0,1,0,0
train/0000/ex01_happy_00327,0,0,0,1,0,0
train/0000/ex01_happy_00328,0,0,0,1,0,0
train/0000/ex01_happy_00329,0,0,0,1,0,0
train/0000/ex01_happy_00330,0,0,0,1,0,0
train/0000/ex01_happy_00331,0,0,0,1,0,0
train/0000/ex01_happy_00332,0,0,0,1,0,0
train/0000/ex01_happy_00333,0,0,0,1,0,0
train/0000/ex01_happy_00334,0,0,0,1,0,0
train/0000/ex01_happy_00335,0,0,0,1,0,0
train/0000/ex01_happy_00336,0,0,0,1,0,0
train/0000/ex01_happy_00337,0,0,0,1,0,0
train/0000/ex01_happy_00338,0,0,0,1,0,0
train/0000/ex01_happy_00339,0,0,0,1,0,0
dev/0000/ex01_happy_00340,0,0,0,1,0,0
dev/0000/ex01_happy_00341,0,0,0,1,0,0
dev/0000/ex01_happy_00342,0,0,0,1,0,0
dev/0000/ex01_happy_00343,0,0,0,1,0,0
dev/0000/ex01_happy_00344,0,0,0,1,0,0
dev/0000/ex01_happy_00345,0,0,0,1,0,0
dev/0000/ex01_happy_00346,0,0,0,1,0,0
dev/0000/ex01_happy_00347,0,0,0,1,0,0
dev/0000/ex01_happy_00348,0,0,0,1,0,0
dev/0000/ex01_happy_00349,0,0,0,1,0,0
dev/0000/ex01_happy_00350,0,0,0,1,0,0
dev/0000/ex01_happy_00351,0,0,0,1,0,0
dev/0000/ex01_happy_00352,0,0,0,1,0,0
dev/0000/ex01_happy_00353,0,0,0,1,0,0
dev/0000/ex01_happy_00354,0,0,0,1,0,0
dev/0000/ex01_happy_00355,0,0,0,1,0,0
dev/0000/ex01_happy_00356,0,0,0,1,0,0
test/0000/ex01_happy_00357,0,0,0,1,0,0
test/0000/ex01_happy_00358,0,0,0,1,0,0
test/0000/ex01_happy_00359,0,0,0,1,0,0
test/0000/ex01_happy_00360,0,0,0,1,0,0
test/0000/ex01_happy_00361,0,0,0,1,0,0
test/0000/ex01_happy_00362,0,0,0,1,0,0
test/0000/ex01_happy_00363,0,0,0,1,0,0
test/0000/ex01_happy_00364,0,0,0,1,0,0
test/0000/ex01_happy_00365,0,0,0,1,0,0
test/0000/ex01_happy_00366,0,0,0,1,0,0
test/0000/ex01_happy_00367,0,0,0,1,0,0
test/0000/ex01_happy_00368,0,0,0,1,0,0
test/0000/ex01_happy_00369,0,0,0,1,0,0
test/0000/ex01_happy_00370,0,0,0,1,0,0
test/0000/ex01_happy_00371,0,0,0,1,0,0
test/0000/ex01_happy_00372,0,0,0,1,0,0
test/0000/ex01_happy_00373,0,0,0,1,0,0
test/0000/ex01_happy_00374,0,0,0,1,0,0
test/0000/ex01_happy_00375,0,0,0,1,0,0
test/0000/ex01_happy_00376,0,0,0,1,0,0
test/0000/ex01_happy_00377,0,0,0,1,0,0
test/0000/ex01_happy_00378,0,0,0,1,0,0
test/0000/ex01_happy_00379,0,0,0,1,0,0
test/0000/ex01_happy_00380,0,0,0,1,0,0
train/0000/ex01_laughing_00001,0,0,0,0,1,0
train/0000/ex01_laughing_00002,0,0,0,0,1,0
train/0000/ex01_laughing_00003,0,0,0,0,1,0
train/0000/ex01_laughing_00004,0,0,0,0,1,0
train/0000/ex01_laughing_00005,0,0,0,0,1,0
train/0000/ex01_laughing_00006,0,0,0,0,1,0
train/0000/ex01_laughing_00007,0,0,0,0,1,0
train/0000/ex01_laughing_00008,0,0,0,0,1,0
train/0000/ex01_laughing_00009,0,0,0,0,1,0
train/0000/ex01_laughing_00010,0,0,0,0,1,0
train/0000/ex01_laughing_00011,0,0,0,0,1,0
train/0000/ex01_laughing_00012,0,0,0,0,1,0
train/0000/ex01_laughing_00013,0,0,0,0,1,0
train/0000/ex01_laughing_00014,0,0,0,0,1,0
train/0000/ex01_laughing_00015,0,0,0,0,1,0
train/0000/ex01_laughing_00016,0,0,0,0,1,0
train/0000/ex01_laughing_00017,0,0,0,0,1,0
train/0000/ex01_laughing_00018,0,0,0,0,1,0
train/0000/ex01_laughing_00019,0,0,0,0,1,0
train/0000/ex01_laughing_00020,0,0,0,0,1,0
train/0000/ex01_laughing_00021,0,0,0,0,1,0
train/0000/ex01_laughing_00022,0,0,0,0,1,0
train/0000/ex01_laughing_00023,0,0,0,0,1,0
train/0000/ex01_laughing_00024,0,0,0,0,1,0
train/0000/ex01_laughing_00025,0,0,0,0,1,0
train/0000/ex01_laughing_00026,0,0,0,0,1,0
train/0000/ex01_laughing_00027,0,0,0,0,1,0
train/0000/ex01_laughing_00028,0,0,0,0,1,0
train/0000/ex01_laughing_00029,0,0,0,0,1,0
train/0000/ex01_laughing_00030,0,0,0,0,1,0
train/0000/ex01_laughing_00031,0,0,0,0,1,0
train/0000/ex01_laughing_00032,0,0,0,0,1,0
train/0000/ex01_laughing_00033,0,0,0,0,1,0
train/0000/ex01_laughing_00034,0,0,0,0,1,0
train/0000/ex01_laughing_00035,0,0,0,0,1,0
train/0000/ex01_laughing_00036,0,0,0,0,1,0
train/0000/ex01_laughing_00037,0,0,0,0,1,0
train/0000/ex01_laughing_00038,0,0,0,0,1,0
train/0000/ex01_laughing_00039,0,0,0,0,1,0
train/0000/ex01_laughing_00040,0,0,0,0,1,0
train/0000/ex01_laughing_00041,0,0,0,0,1,0
train/0000/ex01_laughing_00042,0,0,0,0,1,0
train/0000/ex01_laughing_00043,0,0,0,0,1,0
train/0000/ex01_laughing_00044,0,0,0,0,1,0
train/0000/ex01_laughing_00045,0,0,0,0,1,0
train/0000/ex01_laughing_00046,0,0,0,0,1,0
train/0000/ex01_laughing_00047,0,0,0,0,1,0
train/0000/ex01_laughing_00048,0,0,0,0,1,0
train/0000/ex01_laughing_00049,0,0,0,0,1,0
train/0000/ex01_laughing_00050,0,0,0,0,1,0
train/0000/ex01_laughing_00051,0,0,0,0,1,0
train/0000/ex01_laughing_00052,0,0,0,0,1,0
train/0000/ex01_laughing_00053,0,0,0,0,1,0
train/0000/ex01_laughing_00054,0,0,0,0,1,0
train/0000/ex01_laughing_00055,0,0,0,0,1,0
train/0000/ex01_laughing_00056,0,0,0,0,1,0
train/0000/ex01_laughing_00057,0,0,0,0,1,0
train/0000/ex01_laughing_00058,0,0,0,0,1,0
train/0000/ex01_laughing_00059,0,0,0,0,1,0
train/0000/ex01_laughing_00060,0,0,0,0,1,0
train/0000/ex01_laughing_00061,0,0,0,0,1,0
train/0000/ex01_laughing_00062,0,0,0,0,1,0
train/0000/ex01_laughing_00063,0,0,0,0,1,0
train/0000/ex01_laughing_00064,0,0,0,0,1,0
train/0000/ex01_laughing_00065,0,0,0,0,1,0
train/0000/ex01_laughing_00066,0,0,0,0,1,0
train/0000/ex01_laughing_00067,0,0,0,0,1,0
train/0000/ex01_laughing_00068,0,0,0,0,1,0
train/0000/ex01_laughing_00069,0,0,0,0,1,0
train/0000/ex01_laughing_00070,0,0,0,0,1,0
train/0000/ex01_laughing_00071,0,0,0,0,1,0
train/0000/ex01_laughing_00072,0,0,0,0,1,0
train/0000/ex01_laughing_00073,0,0,0,0,1,0
train/0000/ex01_laughing_00074,0,0,0,0,1,0
train/0000/ex01_laughing_00075,0,0,0,0,1,0
train/0000/ex01_laughing_00076,0,0,0,0,1,0
train/0000/ex01_laughing_00077,0,0,0,0,1,0
train/0000/ex01_laughing_00078,0,0,0,0,1,0
train/0000/ex01_laughing_00079,0,0,0,0,1,0
train/0000/ex01_laughing_00080,0,0,0,0,1,0
train/0000/ex01_laughing_00081,0,0,0,0,1,0
train/0000/ex01_laughing_00082,0,0,0,0,1,0
train/0000/ex01_laughing_00083,0,0,0,0,1,0
train/0000/ex01_laughing_00084,0,0,0,0,1,0
train/0000/ex01_laughing_00085,0,0,0,0,1,0
train/0000/ex01_laughing_00086,0,0,0,0,1,0
train/0000/ex01_laughing_00087,0,0,0,0,1,0
train/0000/ex01_laughing_00088,0,0,0,0,1,0
train/0000/ex01_laughing_00089,0,0,0,0,1,0
train/0000/ex01_laughing_00090,0,0,0,0,1,0
train/0000/ex01_laughing_00091,0,0,0,0,1,0
train/0000/ex01_laughing_00092,0,0,0,0,1,0
train/0000/ex01_laughing_00093,0,0,0,0,1,0
train/0000/ex01_laughing_00094,0,0,0,0,1,0
train/0000/ex01_laughing_00095,0,0,0,0,1,0
train/0000/ex01_laughing_00096,0,0,0,0,1,0
train/0000/ex01_laughing_00097,0,0,0,0,1,0
train/0000/ex01_laughing_00098,0,0,0,0,1,0
train/0000/ex01_laughing_00099,0,0,0,0,1,0
train/0000/ex01_laughing_00100,0,0,0,0,1,0
train/0000/ex01_laughing_00101,0,0,0,0,1,0
train/0000/ex01_laughing_00102,0,0,0,0,1,0
train/0000/ex01_laughing_00103,0,0,0,0,1,0
train/0000/ex01_laughing_00104,0,0,0,0,1,0
train/0000/ex01_laughing_00105,0,0,0,0,1,0
train/0000/ex01_laughing_00106,0,0,0,0,1,0
train/0000/ex01_laughing_00107,0,0,0,0,1,0
train/0000/ex01_laughing_00108,0,0,0,0,1,0
train/0000/ex01_laughing_00109,0,0,0,0,1,0
train/0000/ex01_laughing_00110,0,0,0,0,1,0
train/0000/ex01_laughing_00111,0,0,0,0,1,0
train/0000/ex01_laughing_00112,0,0,0,0,1,0
train/0000/ex01_laughing_00113,0,0,0,0,1,0
train/0000/ex01_laughing_00114,0,0,0,0,1,0
train/0000/ex01_laughing_00115,0,0,0,0,1,0
train/0000/ex01_laughing_00116,0,0,0,0,1,0
train/0000/ex01_laughing_00117,0,0,0,0,1,0
train/0000/ex01_laughing_00118,0,0,0,0,1,0
train/0000/ex01_laughing_00119,0,0,0,0,1,0
train/0000/ex01_laughing_00120,0,0,0,0,1,0
train/0000/ex01_laughing_00121,0,0,0,0,1,0
train/0000/ex01_laughing_00122,0,0,0,0,1,0
train/0000/ex01_laughing_00123,0,0,0,0,1,0
train/0000/ex01_laughing_00124,0,0,0,0,1,0
train/0000/ex01_laughing_00125,0,0,0,0,1,0
train/0000/ex01_laughing_00126,0,0,0,0,1,0
train/0000/ex01_laughing_00127,0,0,0,0,1,0
train/0000/ex01_laughing_00128,0,0,0,0,1,0
train/0000/ex01_laughing_00129,0,0,0,0,1,0
train/0000/ex01_laughing_00130,0,0,0,0,1,0
train/0000/ex01_laughing_00131,0,0,0,0,1,0
train/0000/ex01_laughing_00132,0,0,0,0,1,0
train/0000/ex01_laughing_00133,0,0,0,0,1,0
train/0000/ex01_laughing_00134,0,0,0,0,1,0
train/0000/ex01_laughing_00135,0,0,0,0,1,0
train/0000/ex01_laughing_00136,0,0,0,0,1,0
train/0000/ex01_laughing_00137,0,0,0,0,1,0
train/0000/ex01_laughing_00138,0,0,0,0,1,0
train/0000/ex01_laughing_00139,0,0,0,0,1,0
train/0000/ex01_laughing_00140,0,0,0,0,1,0
train/0000/ex01_laughing_00141,0,0,0,0,1,0
train/0000/ex01_laughing_00142,0,0,0,0,1,0
train/0000/ex01_laughing_00143,0,0,0,0,1,0
train/0000/ex01_laughing_00144,0,0,0,0,1,0
train/0000/ex01_laughing_00145,0,0,0,0,1,0
train/0000/ex01_laughing_00146,0,0,0,0,1,0
train/0000/ex01_laughing_00147,0,0,0,0,1,0
train/0000/ex01_laughing_00148,0,0,0,0,1,0
train/0000/ex01_laughing_00149,0,0,0,0,1,0
train/0000/ex01_laughing_00150,0,0,0,0,1,0
train/0000/ex01_laughing_00151,0,0,0,0,1,0
train/0000/ex01_laughing_00152,0,0,0,0,1,0
train/0000/ex01_laughing_00153,0,0,0,0,1,0
train/0000/ex01_laughing_00154,0,0,0,0,1,0
train/0000/ex01_laughing_00155,0,0,0,0,1,0
train/0000/ex01_laughing_00156,0,0,0,0,1,0
train/0000/ex01_laughing_00157,0,0,0,0,1,0
train/0000/ex01_laughing_00158,0,0,0,0,1,0
train/0000/ex01_laughing_00159,0,0,0,0,1,0
train/0000/ex01_laughing_00160,0,0,0,0,1,0
train/0000/ex01_laughing_00161,0,0,0,0,1,0
train/0000/ex01_laughing_00162,0,0,0,0,1,0
train/0000/ex01_laughing_00163,0,0,0,0,1,0
train/0000/ex01_laughing_00164,0,0,0,0,1,0
train/0000/ex01_laughing_00165,0,0,0,0,1,0
train/0000/ex01_laughing_00166,0,0,0,0,1,0
train/0000/ex01_laughing_00167,0,0,0,0,1,0
train/0000/ex01_laughing_00168,0,0,0,0,1,0
train/0000/ex01_laughing_00169,0,0,0,0,1,0
train/0000/ex01_laughing_00170,0,0,0,0,1,0
train/0000/ex01_laughing_00171,0,0,0,0,1,0
train/0000/ex01_laughing_00172,0,0,0,0,1,0
train/0000/ex01_laughing_00173,0,0,0,0,1,0
train/0000/ex01_laughing_00174,0,0,0,0,1,0
train/0000/ex01_laughing_00175,0,0,0,0,1,0
train/0000/ex01_laughing_00176,0,0,0,0,1,0
train/0000/ex01_laughing_00177,0,0,0,0,1,0
train/0000/ex01_laughing_00178,0,0,0,0,1,0
train/0000/ex01_laughing_00179,0,0,0,0,1,0
train/0000/ex01_laughing_00180,0,0,0,0,1,0
train/0000/ex01_laughing_00181,0,0,0,0,1,0
train/0000/ex01_laughing_00182,0,0,0,0,1,0
train/0000/ex01_laughing_00183,0,0,0,0,1,0
train/0000/ex01_laughing_00184,0,0,0,0,1,0
train/0000/ex01_laughing_00185,0,0,0,0,1,0
train/0000/ex01_laughing_00186,0,0,0,0,1,0
train/0000/ex01_laughing_00187,0,0,0,0,1,0
train/0000/ex01_laughing_00188,0,0,0,0,1,0
train/0000/ex01_laughing_00189,0,0,0,0,1,0
train/0000/ex01_laughing_00190,0,0,0,0,1,0
train/0000/ex01_laughing_00191,0,0,0,0,1,0
train/0000/ex01_laughing_00192,0,0,0,0,1,0
train/0000/ex01_laughing_00193,0,0,0,0,1,0
train/0000/ex01_laughing_00194,0,0,0,0,1,0
train/0000/ex01_laughing_00195,0,0,0,0,1,0
train/0000/ex01_laughing_00196,0,0,0,0,1,0
train/0000/ex01_laughing_00197,0,0,0,0,1,0
train/0000/ex01_laughing_00198,0,0,0,0,1,0
train/0000/ex01_laughing_00199,0,0,0,0,1,0
train/0000/ex01_laughing_00200,0,0,0,0,1,0
train/0000/ex01_laughing_00201,0,0,0,0,1,0
train/0000/ex01_laughing_00202,0,0,0,0,1,0
train/0000/ex01_laughing_00203,0,0,0,0,1,0
train/0000/ex01_laughing_00204,0,0,0,0,1,0
train/0000/ex01_laughing_00205,0,0,0,0,1,0
train/0000/ex01_laughing_00206,0,0,0,0,1,0
train/0000/ex01_laughing_00207,0,0,0,0,1,0
train/0000/ex01_laughing_00208,0,0,0,0,1,0
train/0000/ex01_laughing_00209,0,0,0,0,1,0
train/0000/ex01_laughing_00210,0,0,0,0,1,0
train/0000/ex01_laughing_00211,0,0,0,0,1,0
train/0000/ex01_laughing_00212,0,0,0,0,1,0
train/0000/ex01_laughing_00213,0,0,0,0,1,0
train/0000/ex01_laughing_00214,0,0,0,0,1,0
train/0000/ex01_laughing_00215,0,0,0,0,1,0
train/0000/ex01_laughing_00216,0,0,0,0,1,0
train/0000/ex01_laughing_00217,0,0,0,0,1,0
train/0000/ex01_laughing_00218,0,0,0,0,1,0
train/0000/ex01_laughing_00219,0,0,0,0,1,0
train/0000/ex01_laughing_00220,0,0,0,0,1,0
train/0000/ex01_laughing_00221,0,0,0,0,1,0
train/0000/ex01_laughing_00222,0,0,0,0,1,0
train/0000/ex01_laughing_00223,0,0,0,0,1,0
train/0000/ex01_laughing_00224,0,0,0,0,1,0
train/0000/ex01_laughing_00225,0,0,0,0,1,0
train/0000/ex01_laughing_00226,0,0,0,0,1,0
train/0000/ex01_laughing_00227,0,0,0,0,1,0
train/0000/ex01_laughing_00228,0,0,0,0,1,0
train/0000/ex01_laughing_00229,0,0,0,0,1,0
train/0000/ex01_laughing_00230,0,0,0,0,1,0
train/0000/ex01_laughing_00231,0,0,0,0,1,0
train/0000/ex01_laughing_00232,0,0,0,0,1,0
train/0000/ex01_laughing_00233,0,0,0,0,1,0
train/0000/ex01_laughing_00234,0,0,0,0,1,0
train/0000/ex01_laughing_00235,0,0,0,0,1,0
train/0000/ex01_laughing_00236,0,0,0,0,1,0
train/0000/ex01_laughing_00237,0,0,0,0,1,0
train/0000/ex01_laughing_00238,0,0,0,0,1,0
train/0000/ex01_laughing_00239,0,0,0,0,1,0
train/0000/ex01_laughing_00240,0,0,0,0,1,0
train/0000/ex01_laughing_00241,0,0,0,0,1,0
train/0000/ex01_laughing_00242,0,0,0,0,1,0
train/0000/ex01_laughing_00243,0,0,0,0,1,0
train/0000/ex01_laughing_00244,0,0,0,0,1,0
train/0000/ex01_laughing_00245,0,0,0,0,1,0
train/0000/ex01_laughing_00246,0,0,0,0,1,0
train/0000/ex01_laughing_00247,0,0,0,0,1,0
train/0000/ex01_laughing_00248,0,0,0,0,1,0
train/0000/ex01_laughing_00249,0,0,0,0,1,0
train/0000/ex01_laughing_00250,0,0,0,0,1,0
train/0000/ex01_laughing_00251,0,0,0,0,1,0
train/0000/ex01_laughing_00252,0,0,0,0,1,0
train/0000/ex01_laughing_00253,0,0,0,0,1,0
train/0000/ex01_laughing_00254,0,0,0,0,1,0
train/0000/ex01_laughing_00255,0,0,0,0,1,0
train/0000/ex01_laughing_00256,0,0,0,0,1,0
train/0000/ex01_laughing_00257,0,0,0,0,1,0
train/0000/ex01_laughing_00258,0,0,0,0,1,0
train/0000/ex01_laughing_00259,0,0,0,0,1,0
train/0000/ex01_laughing_00260,0,0,0,0,1,0
train/0000/ex01_laughing_00261,0,0,0,0,1,0
train/0000/ex01_laughing_00262,0,0,0,0,1,0
train/0000/ex01_laughing_00263,0,0,0,0,1,0
train/0000/ex01_laughing_00264,0,0,0,0,1,0
train/0000/ex01_laughing_00265,0,0,0,0,1,0
train/0000/ex01_laughing_00266,0,0,0,0,1,0
train/0000/ex01_laughing_00267,0,0,0,0,1,0
train/0000/ex01_laughing_00268,0,0,0,0,1,0
train/0000/ex01_laughing_00269,0,0,0,0,1,0
train/0000/ex01_laughing_00270,0,0,0,0,1,0
train/0000/ex01_laughing_00271,0,0,0,0,1,0
train/0000/ex01_laughing_00272,0,0,0,0,1,0
train/0000/ex01_laughing_00273,0,0,0,0,1,0
train/0000/ex01_laughing_00274,0,0,0,0,1,0
train/0000/ex01_laughing_00275,0,0,0,0,1,0
train/0000/ex01_laughing_00276,0,0,0,0,1,0
train/0000/ex01_laughing_00277,0,0,0,0,1,0
train/0000/ex01_laughing_00278,0,0,0,0,1,0
train/0000/ex01_laughing_00279,0,0,0,0,1,0
train/0000/ex01_laughing_00280,0,0,0,0,1,0
train/0000/ex01_laughing_00281,0,0,0,0,1,0
train/0000/ex01_laughing_00282,0,0,0,0,1,0
train/0000/ex01_laughing_00283,0,0,0,0,1,0
train/0000/ex01_laughing_00284,0,0,0,0,1,0
train/0000/ex01_laughing_00285,0,0,0,0,1,0
train/0000/ex01_laughing_00286,0,0,0,0,1,0
train/0000/ex01_laughing_00287,0,0,0,0,1,0
train/0000/ex01_laughing_00288,0,0,0,0,1,0
train/0000/ex01_laughing_00289,0,0,0,0,1,0
train/0000/ex01_laughing_00290,0,0,0,0,1,0
train/0000/ex01_laughing_00291,0,0,0,0,1,0
train/0000/ex01_laughing_00292,0,0,0,0,1,0
train/0000/ex01_laughing_00293,0,0,0,0,1,0
train/0000/ex01_laughing_00294,0,0,0,0,1,0
train/0000/ex01_laughing_00295,0,0,0,0,1,0
train/0000/ex01_laughing_00296,0,0,0,0,1,0
train/0000/ex01_laughing_00297,0,0,0,0,1,0
train/0000/ex01_laughing_00298,0,0,0,0,1,0
train/0000/ex01_laughing_00299,0,0,0,0,1,0
train/0000/ex01_laughing_00300,0,0,0,0,1,0
train/0000/ex01_laughing_00301,0,0,0,0,1,0
train/0000/ex01_laughing_00302,0,0,0,0,1,0
train/0000/ex01_laughing_00303,0,0,0,0,1,0
train/0000/ex01_laughing_00304,0,0,0,0,1,0
train/0000/ex01_laughing_00305,0,0,0,0,1,0
train/0000/ex01_laughing_00306,0,0,0,0,1,0
train/0000/ex01_laughing_00307,0,0,0,0,1,0
train/0000/ex01_laughing_00308,0,0,0,0,1,0
train/0000/ex01_laughing_00309,0,0,0,0,1,0
train/0000/ex01_laughing_00310,0,0,0,0,1,0
train/0000/ex01_laughing_00311,0,0,0,0,1,0
train/0000/ex01_laughing_00312,0,0,0,0,1,0
train/0000/ex01_laughing_00313,0,0,0,0,1,0
train/0000/ex01_laughing_00314,0,0,0,0,1,0
train/0000/ex01_laughing_00315,0,0,0,0,1,0
train/0000/ex01_laughing_00316,0,0,0,0,1,0
train/0000/ex01_laughing_00317,0,0,0,0,1,0
train/0000/ex01_laughing_00318,0,0,0,0,1,0
train/0000/ex01_laughing_00319,0,0,0,0,1,0
train/0000/ex01_laughing_00320,0,0,0,0,1,0
train/0000/ex01_laughing_00321,0,0,0,0,1,0
train/0000/ex01_laughing_00322,0,0,0,0,1,0
train/0000/ex01_laughing_00323,0,0,0,0,1,0
train/0000/ex01_laughing_00324,0,0,0,0,1,0
train/0000/ex01_laughing_00325,0,0,0,0,1,0
train/0000/ex01_laughing_00326,0,0,0,0,1,0
train/0000/ex01_laughing_00327,0,0,0,0,1,0
train/0000/ex01_laughing_00328,0,0,0,0,1,0
train/0000/ex01_laughing_00329,0,0,0,0,1,0
train/0000/ex01_laughing_00330,0,0,0,0,1,0
train/0000/ex01_laughing_00331,0,0,0,0,1,0
train/0000/ex01_laughing_00332,0,0,0,0,1,0
train/0000/ex01_laughing_00333,0,0,0,0,1,0
train/0000/ex01_laughing_00334,0,0,0,0,1,0
train/0000/ex01_laughing_00335,0,0,0,0,1,0
train/0000/ex01_laughing_00336,0,0,0,0,1,0
train/0000/ex01_laughing_00337,0,0,0,0,1,0
train/0000/ex01_laughing_00338,0,0,0,0,1,0
train/0000/ex01_laughing_00339,0,0,0,0,1,0
train/0000/ex01_laughing_00340,0,0,0,0,1,0
train/0000/ex01_laughing_00341,0,0,0,0,1,0
train/0000/ex01_laughing_00342,0,0,0,0,1,0
train/0000/ex01_laughing_00343,0,0,0,0,1,0
train/0000/ex01_laughing_00344,0,0,0,0,1,0
train/0000/ex01_laughing_00345,0,0,0,0,1,0
train/0000/ex01_laughing_00346,0,0,0,0,1,0
train/0000/ex01_laughing_00347,0,0,0,0,1,0
train/0000/ex01_laughing_00348,0,0,0,0,1,0
dev/0000/ex01_laughing_00349,0,0,0,0,1,0
dev/0000/ex01_laughing_00350,0,0,0,0,1,0
dev/0000/ex01_laughing_00351,0,0,0,0,1,0
dev/0000/ex01_laughing_00352,0,0,0,0,1,0
dev/0000/ex01_laughing_00353,0,0,0,0,1,0
dev/0000/ex01_laughing_00354,0,0,0,0,1,0
dev/0000/ex01_laughing_00355,0,0,0,0,1,0
dev/0000/ex01_laughing_00356,0,0,0,0,1,0
dev/0000/ex01_laughing_00357,0,0,0,0,1,0
dev/0000/ex01_laughing_00358,0,0,0,0,1,0
dev/0000/ex01_laughing_00359,0,0,0,0,1,0
dev/0000/ex01_laughing_00360,0,0,0,0,1,0
dev/0000/ex01_laughing_00361,0,0,0,0,1,0
dev/0000/ex01_laughing_00362,0,0,0,0,1,0
dev/0000/ex01_laughing_00363,0,0,0,0,1,0
dev/0000/ex01_laughing_00364,0,0,0,0,1,0
test/0000/ex01_laughing_00365,0,0,0,0,1,0
test/0000/ex01_laughing_00366,0,0,0,0,1,0
test/0000/ex01_laughing_00367,0,0,0,0,1,0
test/0000/ex01_laughing_00368,0,0,0,0,1,0
test/0000/ex01_laughing_00369,0,0,0,0,1,0
test/0000/ex01_laughing_00370,0,0,0,0,1,0
test/0000/ex01_laughing_00371,0,0,0,0,1,0
test/0000/ex01_laughing_00372,0,0,0,0,1,0
test/0000/ex01_laughing_00373,0,0,0,0,1,0
test/0000/ex01_laughing_00374,0,0,0,0,1,0
test/0000/ex01_laughing_00375,0,0,0,0,1,0
test/0000/ex01_laughing_00376,0,0,0,0,1,0
test/0000/ex01_laughing_00377,0,0,0,0,1,0
test/0000/ex01_laughing_00378,0,0,0,0,1,0
test/0000/ex01_laughing_00379,0,0,0,0,1,0
test/0000/ex01_laughing_00380,0,0,0,0,1,0
train/0000/ex01_sad_00001,0,0,0,0,0,1
train/0000/ex01_sad_00002,0,0,0,0,0,1
train/0000/ex01_sad_00003,0,0,0,0,0,1
train/0000/ex01_sad_00004,0,0,0,0,0,1
train/0000/ex01_sad_00005,0,0,0,0,0,1
train/0000/ex01_sad_00006,0,0,0,0,0,1
train/0000/ex01_sad_00007,0,0,0,0,0,1
train/0000/ex01_sad_00008,0,0,0,0,0,1
train/0000/ex01_sad_00009,0,0,0,0,0,1
train/0000/ex01_sad_00010,0,0,0,0,0,1
train/0000/ex01_sad_00011,0,0,0,0,0,1
train/0000/ex01_sad_00012,0,0,0,0,0,1
train/0000/ex01_sad_00013,0,0,0,0,0,1
train/0000/ex01_sad_00014,0,0,0,0,0,1
train/0000/ex01_sad_00015,0,0,0,0,0,1
train/0000/ex01_sad_00016,0,0,0,0,0,1
train/0000/ex01_sad_00017,0,0,0,0,0,1
train/0000/ex01_sad_00018,0,0,0,0,0,1
train/0000/ex01_sad_00019,0,0,0,0,0,1
train/0000/ex01_sad_00020,0,0,0,0,0,1
train/0000/ex01_sad_00021,0,0,0,0,0,1
train/0000/ex01_sad_00022,0,0,0,0,0,1
train/0000/ex01_sad_00023,0,0,0,0,0,1
train/0000/ex01_sad_00024,0,0,0,0,0,1
train/0000/ex01_sad_00025,0,0,0,0,0,1
train/0000/ex01_sad_00026,0,0,0,0,0,1
train/0000/ex01_sad_00027,0,0,0,0,0,1
train/0000/ex01_sad_00028,0,0,0,0,0,1
train/0000/ex01_sad_00029,0,0,0,0,0,1
train/0000/ex01_sad_00030,0,0,0,0,0,1
train/0000/ex01_sad_00031,0,0,0,0,0,1
train/0000/ex01_sad_00032,0,0,0,0,0,1
train/0000/ex01_sad_00033,0,0,0,0,0,1
train/0000/ex01_sad_00034,0,0,0,0,0,1
train/0000/ex01_sad_00035,0,0,0,0,0,1
train/0000/ex01_sad_00036,0,0,0,0,0,1
train/0000/ex01_sad_00037,0,0,0,0,0,1
train/0000/ex01_sad_00038,0,0,0,0,0,1
train/0000/ex01_sad_00039,0,0,0,0,0,1
train/0000/ex01_sad_00040,0,0,0,0,0,1
train/0000/ex01_sad_00041,0,0,0,0,0,1
train/0000/ex01_sad_00042,0,0,0,0,0,1
train/0000/ex01_sad_00043,0,0,0,0,0,1
train/0000/ex01_sad_00044,0,0,0,0,0,1
train/0000/ex01_sad_00045,0,0,0,0,0,1
train/0000/ex01_sad_00046,0,0,0,0,0,1
train/0000/ex01_sad_00047,0,0,0,0,0,1
train/0000/ex01_sad_00048,0,0,0,0,0,1
train/0000/ex01_sad_00049,0,0,0,0,0,1
train/0000/ex01_sad_00050,0,0,0,0,0,1
train/0000/ex01_sad_00051,0,0,0,0,0,1
train/0000/ex01_sad_00052,0,0,0,0,0,1
train/0000/ex01_sad_00053,0,0,0,0,0,1
train/0000/ex01_sad_00054,0,0,0,0,0,1
train/0000/ex01_sad_00055,0,0,0,0,0,1
train/0000/ex01_sad_00056,0,0,0,0,0,1
train/0000/ex01_sad_00057,0,0,0,0,0,1
train/0000/ex01_sad_00058,0,0,0,0,0,1
train/0000/ex01_sad_00059,0,0,0,0,0,1
train/0000/ex01_sad_00060,0,0,0,0,0,1
train/0000/ex01_sad_00061,0,0,0,0,0,1
train/0000/ex01_sad_00062,0,0,0,0,0,1
train/0000/ex01_sad_00063,0,0,0,0,0,1
train/0000/ex01_sad_00064,0,0,0,0,0,1
train/0000/ex01_sad_00065,0,0,0,0,0,1
train/0000/ex01_sad_00066,0,0,0,0,0,1
train/0000/ex01_sad_00067,0,0,0,0,0,1
train/0000/ex01_sad_00068,0,0,0,0,0,1
train/0000/ex01_sad_00069,0,0,0,0,0,1
train/0000/ex01_sad_00070,0,0,0,0,0,1
train/0000/ex01_sad_00071,0,0,0,0,0,1
train/0000/ex01_sad_00072,0,0,0,0,0,1
train/0000/ex01_sad_00073,0,0,0,0,0,1
train/0000/ex01_sad_00074,0,0,0,0,0,1
train/0000/ex01_sad_00075,0,0,0,0,0,1
train/0000/ex01_sad_00076,0,0,0,0,0,1
train/0000/ex01_sad_00077,0,0,0,0,0,1
train/0000/ex01_sad_00078,0,0,0,0,0,1
train/0000/ex01_sad_00079,0,0,0,0,0,1
train/0000/ex01_sad_00080,0,0,0,0,0,1
train/0000/ex01_sad_00081,0,0,0,0,0,1
train/0000/ex01_sad_00082,0,0,0,0,0,1
train/0000/ex01_sad_00083,0,0,0,0,0,1
train/0000/ex01_sad_00084,0,0,0,0,0,1
train/0000/ex01_sad_00085,0,0,0,0,0,1
train/0000/ex01_sad_00086,0,0,0,0,0,1
train/0000/ex01_sad_00087,0,0,0,0,0,1
train/0000/ex01_sad_00088,0,0,0,0,0,1
train/0000/ex01_sad_00089,0,0,0,0,0,1
train/0000/ex01_sad_00090,0,0,0,0,0,1
train/0000/ex01_sad_00091,0,0,0,0,0,1
train/0000/ex01_sad_00092,0,0,0,0,0,1
train/0000/ex01_sad_00093,0,0,0,0,0,1
train/0000/ex01_sad_00094,0,0,0,0,0,1
train/0000/ex01_sad_00095,0,0,0,0,0,1
train/0000/ex01_sad_00097,0,0,0,0,0,1
train/0000/ex01_sad_00098,0,0,0,0,0,1
train/0000/ex01_sad_00099,0,0,0,0,0,1
train/0000/ex01_sad_00100,0,0,0,0,0,1
train/0000/ex01_sad_00101,0,0,0,0,0,1
train/0000/ex01_sad_00102,0,0,0,0,0,1
train/0000/ex01_sad_00103,0,0,0,0,0,1
train/0000/ex01_sad_00104,0,0,0,0,0,1
train/0000/ex01_sad_00105,0,0,0,0,0,1
train/0000/ex01_sad_00106,0,0,0,0,0,1
train/0000/ex01_sad_00107,0,0,0,0,0,1
train/0000/ex01_sad_00108,0,0,0,0,0,1
train/0000/ex01_sad_00109,0,0,0,0,0,1
train/0000/ex01_sad_00110,0,0,0,0,0,1
train/0000/ex01_sad_00111,0,0,0,0,0,1
train/0000/ex01_sad_00112,0,0,0,0,0,1
train/0000/ex01_sad_00113,0,0,0,0,0,1
train/0000/ex01_sad_00114,0,0,0,0,0,1
train/0000/ex01_sad_00115,0,0,0,0,0,1
train/0000/ex01_sad_00116,0,0,0,0,0,1
train/0000/ex01_sad_00117,0,0,0,0,0,1
train/0000/ex01_sad_00118,0,0,0,0,0,1
train/0000/ex01_sad_00119,0,0,0,0,0,1
train/0000/ex01_sad_00120,0,0,0,0,0,1
train/0000/ex01_sad_00121,0,0,0,0,0,1
train/0000/ex01_sad_00122,0,0,0,0,0,1
train/0000/ex01_sad_00123,0,0,0,0,0,1
train/0000/ex01_sad_00124,0,0,0,0,0,1
train/0000/ex01_sad_00125,0,0,0,0,0,1
train/0000/ex01_sad_00126,0,0,0,0,0,1
train/0000/ex01_sad_00127,0,0,0,0,0,1
train/0000/ex01_sad_00128,0,0,0,0,0,1
train/0000/ex01_sad_00129,0,0,0,0,0,1
train/0000/ex01_sad_00130,0,0,0,0,0,1
train/0000/ex01_sad_00131,0,0,0,0,0,1
train/0000/ex01_sad_00132,0,0,0,0,0,1
train/0000/ex01_sad_00133,0,0,0,0,0,1
train/0000/ex01_sad_00134,0,0,0,0,0,1
train/0000/ex01_sad_00135,0,0,0,0,0,1
train/0000/ex01_sad_00136,0,0,0,0,0,1
train/0000/ex01_sad_00137,0,0,0,0,0,1
train/0000/ex01_sad_00138,0,0,0,0,0,1
train/0000/ex01_sad_00139,0,0,0,0,0,1
train/0000/ex01_sad_00140,0,0,0,0,0,1
train/0000/ex01_sad_00141,0,0,0,0,0,1
train/0000/ex01_sad_00142,0,0,0,0,0,1
train/0000/ex01_sad_00143,0,0,0,0,0,1
train/0000/ex01_sad_00144,0,0,0,0,0,1
train/0000/ex01_sad_00145,0,0,0,0,0,1
train/0000/ex01_sad_00146,0,0,0,0,0,1
train/0000/ex01_sad_00147,0,0,0,0,0,1
train/0000/ex01_sad_00148,0,0,0,0,0,1
train/0000/ex01_sad_00149,0,0,0,0,0,1
train/0000/ex01_sad_00150,0,0,0,0,0,1
train/0000/ex01_sad_00151,0,0,0,0,0,1
train/0000/ex01_sad_00152,0,0,0,0,0,1
train/0000/ex01_sad_00153,0,0,0,0,0,1
train/0000/ex01_sad_00154,0,0,0,0,0,1
train/0000/ex01_sad_00155,0,0,0,0,0,1
train/0000/ex01_sad_00156,0,0,0,0,0,1
train/0000/ex01_sad_00157,0,0,0,0,0,1
train/0000/ex01_sad_00158,0,0,0,0,0,1
train/0000/ex01_sad_00159,0,0,0,0,0,1
train/0000/ex01_sad_00160,0,0,0,0,0,1
train/0000/ex01_sad_00161,0,0,0,0,0,1
train/0000/ex01_sad_00162,0,0,0,0,0,1
train/0000/ex01_sad_00163,0,0,0,0,0,1
train/0000/ex01_sad_00164,0,0,0,0,0,1
train/0000/ex01_sad_00165,0,0,0,0,0,1
train/0000/ex01_sad_00166,0,0,0,0,0,1
train/0000/ex01_sad_00167,0,0,0,0,0,1
train/0000/ex01_sad_00168,0,0,0,0,0,1
train/0000/ex01_sad_00169,0,0,0,0,0,1
train/0000/ex01_sad_00170,0,0,0,0,0,1
train/0000/ex01_sad_00171,0,0,0,0,0,1
train/0000/ex01_sad_00172,0,0,0,0,0,1
train/0000/ex01_sad_00173,0,0,0,0,0,1
train/0000/ex01_sad_00174,0,0,0,0,0,1
train/0000/ex01_sad_00175,0,0,0,0,0,1
train/0000/ex01_sad_00176,0,0,0,0,0,1
train/0000/ex01_sad_00177,0,0,0,0,0,1
train/0000/ex01_sad_00178,0,0,0,0,0,1
train/0000/ex01_sad_00179,0,0,0,0,0,1
train/0000/ex01_sad_00180,0,0,0,0,0,1
train/0000/ex01_sad_00181,0,0,0,0,0,1
train/0000/ex01_sad_00182,0,0,0,0,0,1
train/0000/ex01_sad_00183,0,0,0,0,0,1
train/0000/ex01_sad_00184,0,0,0,0,0,1
train/0000/ex01_sad_00185,0,0,0,0,0,1
train/0000/ex01_sad_00186,0,0,0,0,0,1
train/0000/ex01_sad_00187,0,0,0,0,0,1
train/0000/ex01_sad_00188,0,0,0,0,0,1
train/0000/ex01_sad_00189,0,0,0,0,0,1
train/0000/ex01_sad_00190,0,0,0,0,0,1
train/0000/ex01_sad_00191,0,0,0,0,0,1
train/0000/ex01_sad_00192,0,0,0,0,0,1
train/0000/ex01_sad_00193,0,0,0,0,0,1
train/0000/ex01_sad_00194,0,0,0,0,0,1
train/0000/ex01_sad_00195,0,0,0,0,0,1
train/0000/ex01_sad_00196,0,0,0,0,0,1
train/0000/ex01_sad_00197,0,0,0,0,0,1
train/0000/ex01_sad_00198,0,0,0,0,0,1
train/0000/ex01_sad_00199,0,0,0,0,0,1
train/0000/ex01_sad_00200,0,0,0,0,0,1
train/0000/ex01_sad_00201,0,0,0,0,0,1
train/0000/ex01_sad_00202,0,0,0,0,0,1
train/0000/ex01_sad_00203,0,0,0,0,0,1
train/0000/ex01_sad_00204,0,0,0,0,0,1
train/0000/ex01_sad_00205,0,0,0,0,0,1
train/0000/ex01_sad_00206,0,0,0,0,0,1
train/0000/ex01_sad_00207,0,0,0,0,0,1
train/0000/ex01_sad_00208,0,0,0,0,0,1
train/0000/ex01_sad_00209,0,0,0,0,0,1
train/0000/ex01_sad_00210,0,0,0,0,0,1
train/0000/ex01_sad_00211,0,0,0,0,0,1
train/0000/ex01_sad_00212,0,0,0,0,0,1
train/0000/ex01_sad_00213,0,0,0,0,0,1
train/0000/ex01_sad_00214,0,0,0,0,0,1
train/0000/ex01_sad_00215,0,0,0,0,0,1
train/0000/ex01_sad_00216,0,0,0,0,0,1
train/0000/ex01_sad_00217,0,0,0,0,0,1
train/0000/ex01_sad_00218,0,0,0,0,0,1
train/0000/ex01_sad_00219,0,0,0,0,0,1
train/0000/ex01_sad_00220,0,0,0,0,0,1
train/0000/ex01_sad_00221,0,0,0,0,0,1
train/0000/ex01_sad_00222,0,0,0,0,0,1
train/0000/ex01_sad_00223,0,0,0,0,0,1
train/0000/ex01_sad_00224,0,0,0,0,0,1
train/0000/ex01_sad_00225,0,0,0,0,0,1
train/0000/ex01_sad_00226,0,0,0,0,0,1
train/0000/ex01_sad_00227,0,0,0,0,0,1
train/0000/ex01_sad_00228,0,0,0,0,0,1
train/0000/ex01_sad_00229,0,0,0,0,0,1
train/0000/ex01_sad_00230,0,0,0,0,0,1
train/0000/ex01_sad_00231,0,0,0,0,0,1
train/0000/ex01_sad_00232,0,0,0,0,0,1
train/0000/ex01_sad_00233,0,0,0,0,0,1
train/0000/ex01_sad_00234,0,0,0,0,0,1
train/0000/ex01_sad_00235,0,0,0,0,0,1
train/0000/ex01_sad_00236,0,0,0,0,0,1
train/0000/ex01_sad_00237,0,0,0,0,0,1
train/0000/ex01_sad_00238,0,0,0,0,0,1
train/0000/ex01_sad_00239,0,0,0,0,0,1
train/0000/ex01_sad_00240,0,0,0,0,0,1
train/0000/ex01_sad_00241,0,0,0,0,0,1
train/0000/ex01_sad_00242,0,0,0,0,0,1
train/0000/ex01_sad_00243,0,0,0,0,0,1
train/0000/ex01_sad_00244,0,0,0,0,0,1
train/0000/ex01_sad_00245,0,0,0,0,0,1
train/0000/ex01_sad_00246,0,0,0,0,0,1
train/0000/ex01_sad_00247,0,0,0,0,0,1
train/0000/ex01_sad_00248,0,0,0,0,0,1
train/0000/ex01_sad_00249,0,0,0,0,0,1
train/0000/ex01_sad_00250,0,0,0,0,0,1
train/0000/ex01_sad_00251,0,0,0,0,0,1
train/0000/ex01_sad_00252,0,0,0,0,0,1
train/0000/ex01_sad_00253,0,0,0,0,0,1
train/0000/ex01_sad_00254,0,0,0,0,0,1
train/0000/ex01_sad_00255,0,0,0,0,0,1
train/0000/ex01_sad_00256,0,0,0,0,0,1
train/0000/ex01_sad_00257,0,0,0,0,0,1
train/0000/ex01_sad_00258,0,0,0,0,0,1
train/0000/ex01_sad_00259,0,0,0,0,0,1
train/0000/ex01_sad_00260,0,0,0,0,0,1
train/0000/ex01_sad_00261,0,0,0,0,0,1
train/0000/ex01_sad_00262,0,0,0,0,0,1
train/0000/ex01_sad_00263,0,0,0,0,0,1
train/0000/ex01_sad_00264,0,0,0,0,0,1
train/0000/ex01_sad_00265,0,0,0,0,0,1
train/0000/ex01_sad_00266,0,0,0,0,0,1
train/0000/ex01_sad_00267,0,0,0,0,0,1
train/0000/ex01_sad_00268,0,0,0,0,0,1
train/0000/ex01_sad_00269,0,0,0,0,0,1
train/0000/ex01_sad_00270,0,0,0,0,0,1
train/0000/ex01_sad_00271,0,0,0,0,0,1
train/0000/ex01_sad_00272,0,0,0,0,0,1
train/0000/ex01_sad_00273,0,0,0,0,0,1
train/0000/ex01_sad_00274,0,0,0,0,0,1
train/0000/ex01_sad_00275,0,0,0,0,0,1
train/0000/ex01_sad_00276,0,0,0,0,0,1
train/0000/ex01_sad_00277,0,0,0,0,0,1
train/0000/ex01_sad_00278,0,0,0,0,0,1
train/0000/ex01_sad_00279,0,0,0,0,0,1
train/0000/ex01_sad_00280,0,0,0,0,0,1
train/0000/ex01_sad_00281,0,0,0,0,0,1
train/0000/ex01_sad_00282,0,0,0,0,0,1
train/0000/ex01_sad_00283,0,0,0,0,0,1
train/0000/ex01_sad_00284,0,0,0,0,0,1
train/0000/ex01_sad_00285,0,0,0,0,0,1
train/0000/ex01_sad_00286,0,0,0,0,0,1
train/0000/ex01_sad_00287,0,0,0,0,0,1
train/0000/ex01_sad_00288,0,0,0,0,0,1
train/0000/ex01_sad_00289,0,0,0,0,0,1
train/0000/ex01_sad_00290,0,0,0,0,0,1
train/0000/ex01_sad_00291,0,0,0,0,0,1
train/0000/ex01_sad_00292,0,0,0,0,0,1
train/0000/ex01_sad_00293,0,0,0,0,0,1
train/0000/ex01_sad_00294,0,0,0,0,0,1
train/0000/ex01_sad_00295,0,0,0,0,0,1
train/0000/ex01_sad_00296,0,0,0,0,0,1
train/0000/ex01_sad_00297,0,0,0,0,0,1
train/0000/ex01_sad_00298,0,0,0,0,0,1
train/0000/ex01_sad_00299,0,0,0,0,0,1
train/0000/ex01_sad_00300,0,0,0,0,0,1
train/0000/ex01_sad_00301,0,0,0,0,0,1
train/0000/ex01_sad_00302,0,0,0,0,0,1
train/0000/ex01_sad_00303,0,0,0,0,0,1
train/0000/ex01_sad_00304,0,0,0,0,0,1
train/0000/ex01_sad_00305,0,0,0,0,0,1
train/0000/ex01_sad_00306,0,0,0,0,0,1
train/0000/ex01_sad_00307,0,0,0,0,0,1
train/0000/ex01_sad_00308,0,0,0,0,0,1
train/0000/ex01_sad_00309,0,0,0,0,0,1
train/0000/ex01_sad_00310,0,0,0,0,0,1
train/0000/ex01_sad_00311,0,0,0,0,0,1
train/0000/ex01_sad_00312,0,0,0,0,0,1
train/0000/ex01_sad_00313,0,0,0,0,0,1
train/0000/ex01_sad_00314,0,0,0,0,0,1
train/0000/ex01_sad_00315,0,0,0,0,0,1
train/0000/ex01_sad_00316,0,0,0,0,0,1
train/0000/ex01_sad_00317,0,0,0,0,0,1
train/0000/ex01_sad_00318,0,0,0,0,0,1
train/0000/ex01_sad_00319,0,0,0,0,0,1
train/0000/ex01_sad_00320,0,0,0,0,0,1
train/0000/ex01_sad_00321,0,0,0,0,0,1
train/0000/ex01_sad_00322,0,0,0,0,0,1
train/0000/ex01_sad_00323,0,0,0,0,0,1
train/0000/ex01_sad_00324,0,0,0,0,0,1
train/0000/ex01_sad_00325,0,0,0,0,0,1
train/0000/ex01_sad_00326,0,0,0,0,0,1
train/0000/ex01_sad_00327,0,0,0,0,0,1
train/0000/ex01_sad_00328,0,0,0,0,0,1
train/0000/ex01_sad_00329,0,0,0,0,0,1
train/0000/ex01_sad_00330,0,0,0,0,0,1
train/0000/ex01_sad_00331,0,0,0,0,0,1
train/0000/ex01_sad_00332,0,0,0,0,0,1
train/0000/ex01_sad_00333,0,0,0,0,0,1
train/0000/ex01_sad_00334,0,0,0,0,0,1
train/0000/ex01_sad_00335,0,0,0,0,0,1
train/0000/ex01_sad_00336,0,0,0,0,0,1
train/0000/ex01_sad_00337,0,0,0,0,0,1
train/0000/ex01_sad_00338,0,0,0,0,0,1
train/0000/ex01_sad_00339,0,0,0,0,0,1
train/0000/ex01_sad_00340,0,0,0,0,0,1
train/0000/ex01_sad_00341,0,0,0,0,0,1
dev/0000/ex01_sad_00342,0,0,0,0,0,1
dev/0000/ex01_sad_00343,0,0,0,0,0,1
dev/0000/ex01_sad_00344,0,0,0,0,0,1
dev/0000/ex01_sad_00345,0,0,0,0,0,1
dev/0000/ex01_sad_00346,0,0,0,0,0,1
dev/0000/ex01_sad_00347,0,0,0,0,0,1
dev/0000/ex01_sad_00348,0,0,0,0,0,1
dev/0000/ex01_sad_00349,0,0,0,0,0,1
dev/0000/ex01_sad_00350,0,0,0,0,0,1
dev/0000/ex01_sad_00351,0,0,0,0,0,1
dev/0000/ex01_sad_00352,0,0,0,0,0,1
dev/0000/ex01_sad_00353,0,0,0,0,0,1
dev/0000/ex01_sad_00354,0,0,0,0,0,1
dev/0000/ex01_sad_00355,0,0,0,0,0,1
dev/0000/ex01_sad_00356,0,0,0,0,0,1
dev/0000/ex01_sad_00357,0,0,0,0,0,1
test/0000/ex01_sad_00358,0,0,0,0,0,1
test/0000/ex01_sad_00359,0,0,0,0,0,1
test/0000/ex01_sad_00360,0,0,0,0,0,1
test/0000/ex01_sad_00361,0,0,0,0,0,1
test/0000/ex01_sad_00362,0,0,0,0,0,1
test/0000/ex01_sad_00363,0,0,0,0,0,1
test/0000/ex01_sad_00364,0,0,0,0,0,1
test/0000/ex01_sad_00365,0,0,0,0,0,1
test/0000/ex01_sad_00366,0,0,0,0,0,1
test/0000/ex01_sad_00367,0,0,0,0,0,1
test/0000/ex01_sad_00368,0,0,0,0,0,1
test/0000/ex01_sad_00369,0,0,0,0,0,1
test/0000/ex01_sad_00370,0,0,0,0,0,1
test/0000/ex01_sad_00371,0,0,0,0,0,1
test/0000/ex01_sad_00372,0,0,0,0,0,1
test/0000/ex01_sad_00373,0,0,0,0,0,1
test/0000/ex01_sad_00374,0,0,0,0,0,1
test/0000/ex01_sad_00375,0,0,0,0,0,1
test/0000/ex01_sad_00376,0,0,0,0,0,1
test/0000/ex01_sad_00377,0,0,0,0,0,1
test/0000/ex01_sad_00378,0,0,0,0,0,1
test/0000/ex01_sad_00379,0,0,0,0,0,1
test/0000/ex01_sad_00380,0,0,0,0,0,1
train/0001/ex02_confused_00001,1,0,0,0,0,0
train/0001/ex02_confused_00002,1,0,0,0,0,0
train/0001/ex02_confused_00003,1,0,0,0,0,0
train/0001/ex02_confused_00004,1,0,0,0,0,0
train/0001/ex02_confused_00005,1,0,0,0,0,0
train/0001/ex02_confused_00006,1,0,0,0,0,0
train/0001/ex02_confused_00007,1,0,0,0,0,0
train/0001/ex02_confused_00008,1,0,0,0,0,0
train/0001/ex02_confused_00009,1,0,0,0,0,0
train/0001/ex02_confused_00010,1,0,0,0,0,0
train/0001/ex02_confused_00011,1,0,0,0,0,0
train/0001/ex02_confused_00012,1,0,0,0,0,0
train/0001/ex02_confused_00013,1,0,0,0,0,0
train/0001/ex02_confused_00014,1,0,0,0,0,0
train/0001/ex02_confused_00015,1,0,0,0,0,0
train/0001/ex02_confused_00016,1,0,0,0,0,0
train/0001/ex02_confused_00017,1,0,0,0,0,0
train/0001/ex02_confused_00018,1,0,0,0,0,0
train/0001/ex02_confused_00019,1,0,0,0,0,0
train/0001/ex02_confused_00020,1,0,0,0,0,0
train/0001/ex02_confused_00021,1,0,0,0,0,0
train/0001/ex02_confused_00022,1,0,0,0,0,0
train/0001/ex02_confused_00023,1,0,0,0,0,0
train/0001/ex02_confused_00024,1,0,0,0,0,0
train/0001/ex02_confused_00025,1,0,0,0,0,0
train/0001/ex02_confused_00026,1,0,0,0,0,0
train/0001/ex02_confused_00027,1,0,0,0,0,0
train/0001/ex02_confused_00028,1,0,0,0,0,0
train/0001/ex02_confused_00029,1,0,0,0,0,0
train/0001/ex02_confused_00030,1,0,0,0,0,0
train/0001/ex02_confused_00031,1,0,0,0,0,0
train/0001/ex02_confused_00032,1,0,0,0,0,0
train/0001/ex02_confused_00033,1,0,0,0,0,0
train/0001/ex02_confused_00034,1,0,0,0,0,0
train/0001/ex02_confused_00035,1,0,0,0,0,0
train/0001/ex02_confused_00036,1,0,0,0,0,0
train/0001/ex02_confused_00037,1,0,0,0,0,0
train/0001/ex02_confused_00038,1,0,0,0,0,0
train/0001/ex02_confused_00039,1,0,0,0,0,0
train/0001/ex02_confused_00040,1,0,0,0,0,0
train/0001/ex02_confused_00041,1,0,0,0,0,0
train/0001/ex02_confused_00042,1,0,0,0,0,0
train/0001/ex02_confused_00043,1,0,0,0,0,0
train/0001/ex02_confused_00044,1,0,0,0,0,0
train/0001/ex02_confused_00045,1,0,0,0,0,0
train/0001/ex02_confused_00046,1,0,0,0,0,0
train/0001/ex02_confused_00047,1,0,0,0,0,0
train/0001/ex02_confused_00048,1,0,0,0,0,0
train/0001/ex02_confused_00049,1,0,0,0,0,0
train/0001/ex02_confused_00050,1,0,0,0,0,0
train/0001/ex02_confused_00051,1,0,0,0,0,0
train/0001/ex02_confused_00052,1,0,0,0,0,0
train/0001/ex02_confused_00053,1,0,0,0,0,0
train/0001/ex02_confused_00054,1,0,0,0,0,0
train/0001/ex02_confused_00055,1,0,0,0,0,0
train/0001/ex02_confused_00056,1,0,0,0,0,0
train/0001/ex02_confused_00057,1,0,0,0,0,0
train/0001/ex02_confused_00058,1,0,0,0,0,0
train/0001/ex02_confused_00059,1,0,0,0,0,0
train/0001/ex02_confused_00060,1,0,0,0,0,0
train/0001/ex02_confused_00061,1,0,0,0,0,0
train/0001/ex02_confused_00062,1,0,0,0,0,0
train/0001/ex02_confused_00063,1,0,0,0,0,0
train/0001/ex02_confused_00064,1,0,0,0,0,0
train/0001/ex02_confused_00065,1,0,0,0,0,0
train/0001/ex02_confused_00066,1,0,0,0,0,0
train/0001/ex02_confused_00067,1,0,0,0,0,0
train/0001/ex02_confused_00068,1,0,0,0,0,0
train/0001/ex02_confused_00069,1,0,0,0,0,0
train/0001/ex02_confused_00070,1,0,0,0,0,0
train/0001/ex02_confused_00071,1,0,0,0,0,0
train/0001/ex02_confused_00072,1,0,0,0,0,0
train/0001/ex02_confused_00073,1,0,0,0,0,0
train/0001/ex02_confused_00074,1,0,0,0,0,0
train/0001/ex02_confused_00075,1,0,0,0,0,0
train/0001/ex02_confused_00076,1,0,0,0,0,0
train/0001/ex02_confused_00077,1,0,0,0,0,0
train/0001/ex02_confused_00078,1,0,0,0,0,0
train/0001/ex02_confused_00079,1,0,0,0,0,0
train/0001/ex02_confused_00080,1,0,0,0,0,0
train/0001/ex02_confused_00081,1,0,0,0,0,0
train/0001/ex02_confused_00082,1,0,0,0,0,0
train/0001/ex02_confused_00083,1,0,0,0,0,0
train/0001/ex02_confused_00084,1,0,0,0,0,0
train/0001/ex02_confused_00085,1,0,0,0,0,0
train/0001/ex02_confused_00086,1,0,0,0,0,0
train/0001/ex02_confused_00087,1,0,0,0,0,0
train/0001/ex02_confused_00088,1,0,0,0,0,0
train/0001/ex02_confused_00089,1,0,0,0,0,0
train/0001/ex02_confused_00090,1,0,0,0,0,0
train/0001/ex02_confused_00091,1,0,0,0,0,0
train/0001/ex02_confused_00092,1,0,0,0,0,0
train/0001/ex02_confused_00093,1,0,0,0,0,0
train/0001/ex02_confused_00094,1,0,0,0,0,0
train/0001/ex02_confused_00095,1,0,0,0,0,0
train/0001/ex02_confused_00096,1,0,0,0,0,0
train/0001/ex02_confused_00097,1,0,0,0,0,0
train/0001/ex02_confused_00098,1,0,0,0,0,0
train/0001/ex02_confused_00099,1,0,0,0,0,0
train/0001/ex02_confused_00100,1,0,0,0,0,0
train/0001/ex02_confused_00101,1,0,0,0,0,0
train/0001/ex02_confused_00102,1,0,0,0,0,0
train/0001/ex02_confused_00103,1,0,0,0,0,0
train/0001/ex02_confused_00104,1,0,0,0,0,0
train/0001/ex02_confused_00105,1,0,0,0,0,0
train/0001/ex02_confused_00106,1,0,0,0,0,0
train/0001/ex02_confused_00107,1,0,0,0,0,0
train/0001/ex02_confused_00108,1,0,0,0,0,0
train/0001/ex02_confused_00109,1,0,0,0,0,0
train/0001/ex02_confused_00110,1,0,0,0,0,0
train/0001/ex02_confused_00111,1,0,0,0,0,0
train/0001/ex02_confused_00112,1,0,0,0,0,0
train/0001/ex02_confused_00113,1,0,0,0,0,0
train/0001/ex02_confused_00114,1,0,0,0,0,0
train/0001/ex02_confused_00115,1,0,0,0,0,0
train/0001/ex02_confused_00116,1,0,0,0,0,0
train/0001/ex02_confused_00117,1,0,0,0,0,0
train/0001/ex02_confused_00118,1,0,0,0,0,0
train/0001/ex02_confused_00119,1,0,0,0,0,0
train/0001/ex02_confused_00120,1,0,0,0,0,0
train/0001/ex02_confused_00121,1,0,0,0,0,0
train/0001/ex02_confused_00122,1,0,0,0,0,0
train/0001/ex02_confused_00123,1,0,0,0,0,0
train/0001/ex02_confused_00124,1,0,0,0,0,0
train/0001/ex02_confused_00125,1,0,0,0,0,0
train/0001/ex02_confused_00126,1,0,0,0,0,0
train/0001/ex02_confused_00127,1,0,0,0,0,0
train/0001/ex02_confused_00128,1,0,0,0,0,0
train/0001/ex02_confused_00129,1,0,0,0,0,0
train/0001/ex02_confused_00130,1,0,0,0,0,0
train/0001/ex02_confused_00131,1,0,0,0,0,0
train/0001/ex02_confused_00132,1,0,0,0,0,0
train/0001/ex02_confused_00133,1,0,0,0,0,0
train/0001/ex02_confused_00134,1,0,0,0,0,0
train/0001/ex02_confused_00135,1,0,0,0,0,0
train/0001/ex02_confused_00136,1,0,0,0,0,0
train/0001/ex02_confused_00137,1,0,0,0,0,0
train/0001/ex02_confused_00138,1,0,0,0,0,0
train/0001/ex02_confused_00139,1,0,0,0,0,0
train/0001/ex02_confused_00140,1,0,0,0,0,0
train/0001/ex02_confused_00141,1,0,0,0,0,0
train/0001/ex02_confused_00142,1,0,0,0,0,0
train/0001/ex02_confused_00143,1,0,0,0,0,0
train/0001/ex02_confused_00144,1,0,0,0,0,0
train/0001/ex02_confused_00145,1,0,0,0,0,0
train/0001/ex02_confused_00146,1,0,0,0,0,0
train/0001/ex02_confused_00147,1,0,0,0,0,0
train/0001/ex02_confused_00148,1,0,0,0,0,0
train/0001/ex02_confused_00149,1,0,0,0,0,0
train/0001/ex02_confused_00150,1,0,0,0,0,0
train/0001/ex02_confused_00151,1,0,0,0,0,0
train/0001/ex02_confused_00152,1,0,0,0,0,0
train/0001/ex02_confused_00153,1,0,0,0,0,0
train/0001/ex02_confused_00154,1,0,0,0,0,0
train/0001/ex02_confused_00155,1,0,0,0,0,0
train/0001/ex02_confused_00156,1,0,0,0,0,0
train/0001/ex02_confused_00157,1,0,0,0,0,0
train/0001/ex02_confused_00158,1,0,0,0,0,0
train/0001/ex02_confused_00159,1,0,0,0,0,0
train/0001/ex02_confused_00160,1,0,0,0,0,0
train/0001/ex02_confused_00161,1,0,0,0,0,0
train/0001/ex02_confused_00162,1,0,0,0,0,0
train/0001/ex02_confused_00163,1,0,0,0,0,0
train/0001/ex02_confused_00164,1,0,0,0,0,0
train/0001/ex02_confused_00165,1,0,0,0,0,0
train/0001/ex02_confused_00166,1,0,0,0,0,0
train/0001/ex02_confused_00167,1,0,0,0,0,0
train/0001/ex02_confused_00168,1,0,0,0,0,0
train/0001/ex02_confused_00169,1,0,0,0,0,0
train/0001/ex02_confused_00170,1,0,0,0,0,0
train/0001/ex02_confused_00171,1,0,0,0,0,0
train/0001/ex02_confused_00172,1,0,0,0,0,0
train/0001/ex02_confused_00173,1,0,0,0,0,0
train/0001/ex02_confused_00174,1,0,0,0,0,0
train/0001/ex02_confused_00175,1,0,0,0,0,0
train/0001/ex02_confused_00176,1,0,0,0,0,0
train/0001/ex02_confused_00177,1,0,0,0,0,0
train/0001/ex02_confused_00178,1,0,0,0,0,0
train/0001/ex02_confused_00179,1,0,0,0,0,0
train/0001/ex02_confused_00180,1,0,0,0,0,0
train/0001/ex02_confused_00181,1,0,0,0,0,0
train/0001/ex02_confused_00182,1,0,0,0,0,0
train/0001/ex02_confused_00183,1,0,0,0,0,0
train/0001/ex02_confused_00184,1,0,0,0,0,0
train/0001/ex02_confused_00185,1,0,0,0,0,0
train/0001/ex02_confused_00186,1,0,0,0,0,0
train/0001/ex02_confused_00187,1,0,0,0,0,0
train/0001/ex02_confused_00188,1,0,0,0,0,0
train/0001/ex02_confused_00189,1,0,0,0,0,0
train/0001/ex02_confused_00190,1,0,0,0,0,0
train/0001/ex02_confused_00191,1,0,0,0,0,0
train/0001/ex02_confused_00192,1,0,0,0,0,0
train/0001/ex02_confused_00193,1,0,0,0,0,0
train/0001/ex02_confused_00194,1,0,0,0,0,0
train/0001/ex02_confused_00195,1,0,0,0,0,0
train/0001/ex02_confused_00196,1,0,0,0,0,0
train/0001/ex02_confused_00197,1,0,0,0,0,0
train/0001/ex02_confused_00198,1,0,0,0,0,0
train/0001/ex02_confused_00199,1,0,0,0,0,0
train/0001/ex02_confused_00200,1,0,0,0,0,0
train/0001/ex02_confused_00201,1,0,0,0,0,0
train/0001/ex02_confused_00202,1,0,0,0,0,0
train/0001/ex02_confused_00203,1,0,0,0,0,0
train/0001/ex02_confused_00204,1,0,0,0,0,0
train/0001/ex02_confused_00205,1,0,0,0,0,0
train/0001/ex02_confused_00206,1,0,0,0,0,0
train/0001/ex02_confused_00207,1,0,0,0,0,0
train/0001/ex02_confused_00208,1,0,0,0,0,0
train/0001/ex02_confused_00209,1,0,0,0,0,0
train/0001/ex02_confused_00210,1,0,0,0,0,0
train/0001/ex02_confused_00211,1,0,0,0,0,0
train/0001/ex02_confused_00212,1,0,0,0,0,0
train/0001/ex02_confused_00213,1,0,0,0,0,0
train/0001/ex02_confused_00214,1,0,0,0,0,0
train/0001/ex02_confused_00215,1,0,0,0,0,0
train/0001/ex02_confused_00216,1,0,0,0,0,0
train/0001/ex02_confused_00217,1,0,0,0,0,0
train/0001/ex02_confused_00218,1,0,0,0,0,0
train/0001/ex02_confused_00219,1,0,0,0,0,0
train/0001/ex02_confused_00220,1,0,0,0,0,0
train/0001/ex02_confused_00221,1,0,0,0,0,0
train/0001/ex02_confused_00222,1,0,0,0,0,0
train/0001/ex02_confused_00223,1,0,0,0,0,0
train/0001/ex02_confused_00224,1,0,0,0,0,0
train/0001/ex02_confused_00225,1,0,0,0,0,0
train/0001/ex02_confused_00226,1,0,0,0,0,0
train/0001/ex02_confused_00227,1,0,0,0,0,0
train/0001/ex02_confused_00228,1,0,0,0,0,0
train/0001/ex02_confused_00229,1,0,0,0,0,0
train/0001/ex02_confused_00230,1,0,0,0,0,0
train/0001/ex02_confused_00231,1,0,0,0,0,0
train/0001/ex02_confused_00232,1,0,0,0,0,0
train/0001/ex02_confused_00233,1,0,0,0,0,0
train/0001/ex02_confused_00234,1,0,0,0,0,0
train/0001/ex02_confused_00235,1,0,0,0,0,0
train/0001/ex02_confused_00236,1,0,0,0,0,0
train/0001/ex02_confused_00237,1,0,0,0,0,0
train/0001/ex02_confused_00238,1,0,0,0,0,0
train/0001/ex02_confused_00239,1,0,0,0,0,0
train/0001/ex02_confused_00240,1,0,0,0,0,0
train/0001/ex02_confused_00241,1,0,0,0,0,0
train/0001/ex02_confused_00242,1,0,0,0,0,0
train/0001/ex02_confused_00243,1,0,0,0,0,0
train/0001/ex02_confused_00244,1,0,0,0,0,0
train/0001/ex02_confused_00245,1,0,0,0,0,0
train/0001/ex02_confused_00246,1,0,0,0,0,0
train/0001/ex02_confused_00247,1,0,0,0,0,0
train/0001/ex02_confused_00248,1,0,0,0,0,0
train/0001/ex02_confused_00249,1,0,0,0,0,0
train/0001/ex02_confused_00250,1,0,0,0,0,0
train/0001/ex02_confused_00251,1,0,0,0,0,0
train/0001/ex02_confused_00252,1,0,0,0,0,0
train/0001/ex02_confused_00253,1,0,0,0,0,0
train/0001/ex02_confused_00254,1,0,0,0,0,0
train/0001/ex02_confused_00255,1,0,0,0,0,0
train/0001/ex02_confused_00256,1,0,0,0,0,0
train/0001/ex02_confused_00257,1,0,0,0,0,0
train/0001/ex02_confused_00258,1,0,0,0,0,0
train/0001/ex02_confused_00259,1,0,0,0,0,0
train/0001/ex02_confused_00260,1,0,0,0,0,0
train/0001/ex02_confused_00261,1,0,0,0,0,0
train/0001/ex02_confused_00262,1,0,0,0,0,0
train/0001/ex02_confused_00263,1,0,0,0,0,0
train/0001/ex02_confused_00264,1,0,0,0,0,0
train/0001/ex02_confused_00265,1,0,0,0,0,0
train/0001/ex02_confused_00266,1,0,0,0,0,0
train/0001/ex02_confused_00267,1,0,0,0,0,0
train/0001/ex02_confused_00268,1,0,0,0,0,0
train/0001/ex02_confused_00269,1,0,0,0,0,0
train/0001/ex02_confused_00270,1,0,0,0,0,0
train/0001/ex02_confused_00271,1,0,0,0,0,0
train/0001/ex02_confused_00272,1,0,0,0,0,0
train/0001/ex02_confused_00273,1,0,0,0,0,0
train/0001/ex02_confused_00274,1,0,0,0,0,0
train/0001/ex02_confused_00275,1,0,0,0,0,0
train/0001/ex02_confused_00276,1,0,0,0,0,0
train/0001/ex02_confused_00277,1,0,0,0,0,0
train/0001/ex02_confused_00278,1,0,0,0,0,0
train/0001/ex02_confused_00279,1,0,0,0,0,0
train/0001/ex02_confused_00280,1,0,0,0,0,0
train/0001/ex02_confused_00281,1,0,0,0,0,0
train/0001/ex02_confused_00282,1,0,0,0,0,0
train/0001/ex02_confused_00283,1,0,0,0,0,0
train/0001/ex02_confused_00284,1,0,0,0,0,0
train/0001/ex02_confused_00285,1,0,0,0,0,0
train/0001/ex02_confused_00286,1,0,0,0,0,0
train/0001/ex02_confused_00287,1,0,0,0,0,0
train/0001/ex02_confused_00288,1,0,0,0,0,0
train/0001/ex02_confused_00289,1,0,0,0,0,0
train/0001/ex02_confused_00290,1,0,0,0,0,0
train/0001/ex02_confused_00291,1,0,0,0,0,0
train/0001/ex02_confused_00292,1,0,0,0,0,0
train/0001/ex02_confused_00293,1,0,0,0,0,0
train/0001/ex02_confused_00294,1,0,0,0,0,0
train/0001/ex02_confused_00295,1,0,0,0,0,0
train/0001/ex02_confused_00296,1,0,0,0,0,0
train/0001/ex02_confused_00297,1,0,0,0,0,0
train/0001/ex02_confused_00298,1,0,0,0,0,0
train/0001/ex02_confused_00299,1,0,0,0,0,0
train/0001/ex02_confused_00300,1,0,0,0,0,0
train/0001/ex02_confused_00301,1,0,0,0,0,0
train/0001/ex02_confused_00302,1,0,0,0,0,0
train/0001/ex02_confused_00303,1,0,0,0,0,0
train/0001/ex02_confused_00304,1,0,0,0,0,0
train/0001/ex02_confused_00305,1,0,0,0,0,0
train/0001/ex02_confused_00306,1,0,0,0,0,0
train/0001/ex02_confused_00307,1,0,0,0,0,0
train/0001/ex02_confused_00308,1,0,0,0,0,0
train/0001/ex02_confused_00309,1,0,0,0,0,0
train/0001/ex02_confused_00310,1,0,0,0,0,0
train/0001/ex02_confused_00311,1,0,0,0,0,0
train/0001/ex02_confused_00312,1,0,0,0,0,0
train/0001/ex02_confused_00313,1,0,0,0,0,0
train/0001/ex02_confused_00314,1,0,0,0,0,0
train/0001/ex02_confused_00315,1,0,0,0,0,0
train/0001/ex02_confused_00316,1,0,0,0,0,0
train/0001/ex02_confused_00317,1,0,0,0,0,0
train/0001/ex02_confused_00318,1,0,0,0,0,0
train/0001/ex02_confused_00319,1,0,0,0,0,0
train/0001/ex02_confused_00320,1,0,0,0,0,0
train/0001/ex02_confused_00321,1,0,0,0,0,0
train/0001/ex02_confused_00322,1,0,0,0,0,0
train/0001/ex02_confused_00323,1,0,0,0,0,0
train/0001/ex02_confused_00324,1,0,0,0,0,0
train/0001/ex02_confused_00325,1,0,0,0,0,0
train/0001/ex02_confused_00326,1,0,0,0,0,0
train/0001/ex02_confused_00327,1,0,0,0,0,0
train/0001/ex02_confused_00328,1,0,0,0,0,0
train/0001/ex02_confused_00329,1,0,0,0,0,0
train/0001/ex02_confused_00330,1,0,0,0,0,0
train/0001/ex02_confused_00331,1,0,0,0,0,0
train/0001/ex02_confused_00332,1,0,0,0,0,0
train/0001/ex02_confused_00333,1,0,0,0,0,0
train/0001/ex02_confused_00334,1,0,0,0,0,0
train/0001/ex02_confused_00335,1,0,0,0,0,0
train/0001/ex02_confused_00336,1,0,0,0,0,0
train/0001/ex02_confused_00337,1,0,0,0,0,0
train/0001/ex02_confused_00338,1,0,0,0,0,0
train/0001/ex02_confused_00339,1,0,0,0,0,0
train/0001/ex02_confused_00340,1,0,0,0,0,0
train/0001/ex02_confused_00341,1,0,0,0,0,0
train/0001/ex02_confused_00342,1,0,0,0,0,0
train/0001/ex02_confused_00343,1,0,0,0,0,0
train/0001/ex02_confused_00344,1,0,0,0,0,0
train/0001/ex02_confused_00345,1,0,0,0,0,0
train/0001/ex02_confused_00346,1,0,0,0,0,0
train/0001/ex02_confused_00347,1,0,0,0,0,0
train/0001/ex02_confused_00348,1,0,0,0,0,0
train/0001/ex02_confused_00349,1,0,0,0,0,0
train/0001/ex02_confused_00350,1,0,0,0,0,0
train/0001/ex02_confused_00351,1,0,0,0,0,0
train/0001/ex02_confused_00352,1,0,0,0,0,0
dev/0001/ex02_confused_00353,1,0,0,0,0,0
dev/0001/ex02_confused_00354,1,0,0,0,0,0
dev/0001/ex02_confused_00355,1,0,0,0,0,0
dev/0001/ex02_confused_00356,1,0,0,0,0,0
dev/0001/ex02_confused_00357,1,0,0,0,0,0
dev/0001/ex02_confused_00358,1,0,0,0,0,0
dev/0001/ex02_confused_00359,1,0,0,0,0,0
dev/0001/ex02_confused_00360,1,0,0,0,0,0
dev/0001/ex02_confused_00361,1,0,0,0,0,0
dev/0001/ex02_confused_00362,1,0,0,0,0,0
dev/0001/ex02_confused_00363,1,0,0,0,0,0
dev/0001/ex02_confused_00364,1,0,0,0,0,0
dev/0001/ex02_confused_00365,1,0,0,0,0,0
dev/0001/ex02_confused_00366,1,0,0,0,0,0
test/0001/ex02_confused_00367,1,0,0,0,0,0
test/0001/ex02_confused_00368,1,0,0,0,0,0
test/0001/ex02_confused_00369,1,0,0,0,0,0
test/0001/ex02_confused_00370,1,0,0,0,0,0
test/0001/ex02_confused_00371,1,0,0,0,0,0
test/0001/ex02_confused_00372,1,0,0,0,0,0
test/0001/ex02_confused_00373,1,0,0,0,0,0
test/0001/ex02_confused_00374,1,0,0,0,0,0
test/0001/ex02_confused_00375,1,0,0,0,0,0
test/0001/ex02_confused_00376,1,0,0,0,0,0
test/0001/ex02_confused_00377,1,0,0,0,0,0
test/0001/ex02_confused_00378,1,0,0,0,0,0
test/0001/ex02_confused_00379,1,0,0,0,0,0
test/0001/ex02_confused_00380,1,0,0,0,0,0
train/0001/ex02_default_00001,0,1,0,0,0,0
train/0001/ex02_default_00002,0,1,0,0,0,0
train/0001/ex02_default_00003,0,1,0,0,0,0
train/0001/ex02_default_00004,0,1,0,0,0,0
train/0001/ex02_default_00005,0,1,0,0,0,0
train/0001/ex02_default_00006,0,1,0,0,0,0
train/0001/ex02_default_00007,0,1,0,0,0,0
train/0001/ex02_default_00008,0,1,0,0,0,0
train/0001/ex02_default_00009,0,1,0,0,0,0
train/0001/ex02_default_00010,0,1,0,0,0,0
train/0001/ex02_default_00011,0,1,0,0,0,0
train/0001/ex02_default_00012,0,1,0,0,0,0
train/0001/ex02_default_00013,0,1,0,0,0,0
train/0001/ex02_default_00014,0,1,0,0,0,0
train/0001/ex02_default_00015,0,1,0,0,0,0
train/0001/ex02_default_00016,0,1,0,0,0,0
train/0001/ex02_default_00017,0,1,0,0,0,0
train/0001/ex02_default_00018,0,1,0,0,0,0
train/0001/ex02_default_00019,0,1,0,0,0,0
train/0001/ex02_default_00020,0,1,0,0,0,0
train/0001/ex02_default_00021,0,1,0,0,0,0
train/0001/ex02_default_00022,0,1,0,0,0,0
train/0001/ex02_default_00023,0,1,0,0,0,0
train/0001/ex02_default_00024,0,1,0,0,0,0
train/0001/ex02_default_00025,0,1,0,0,0,0
train/0001/ex02_default_00026,0,1,0,0,0,0
train/0001/ex02_default_00027,0,1,0,0,0,0
train/0001/ex02_default_00028,0,1,0,0,0,0
train/0001/ex02_default_00029,0,1,0,0,0,0
train/0001/ex02_default_00030,0,1,0,0,0,0
train/0001/ex02_default_00031,0,1,0,0,0,0
train/0001/ex02_default_00032,0,1,0,0,0,0
train/0001/ex02_default_00033,0,1,0,0,0,0
train/0001/ex02_default_00034,0,1,0,0,0,0
train/0001/ex02_default_00035,0,1,0,0,0,0
train/0001/ex02_default_00036,0,1,0,0,0,0
train/0001/ex02_default_00037,0,1,0,0,0,0
train/0001/ex02_default_00038,0,1,0,0,0,0
train/0001/ex02_default_00039,0,1,0,0,0,0
train/0001/ex02_default_00040,0,1,0,0,0,0
train/0001/ex02_default_00041,0,1,0,0,0,0
train/0001/ex02_default_00042,0,1,0,0,0,0
train/0001/ex02_default_00043,0,1,0,0,0,0
train/0001/ex02_default_00044,0,1,0,0,0,0
train/0001/ex02_default_00045,0,1,0,0,0,0
train/0001/ex02_default_00046,0,1,0,0,0,0
train/0001/ex02_default_00047,0,1,0,0,0,0
train/0001/ex02_default_00048,0,1,0,0,0,0
train/0001/ex02_default_00049,0,1,0,0,0,0
train/0001/ex02_default_00050,0,1,0,0,0,0
train/0001/ex02_default_00051,0,1,0,0,0,0
train/0001/ex02_default_00052,0,1,0,0,0,0
train/0001/ex02_default_00053,0,1,0,0,0,0
train/0001/ex02_default_00054,0,1,0,0,0,0
train/0001/ex02_default_00055,0,1,0,0,0,0
train/0001/ex02_default_00056,0,1,0,0,0,0
train/0001/ex02_default_00057,0,1,0,0,0,0
train/0001/ex02_default_00058,0,1,0,0,0,0
train/0001/ex02_default_00059,0,1,0,0,0,0
train/0001/ex02_default_00060,0,1,0,0,0,0
train/0001/ex02_default_00061,0,1,0,0,0,0
train/0001/ex02_default_00062,0,1,0,0,0,0
train/0001/ex02_default_00063,0,1,0,0,0,0
train/0001/ex02_default_00064,0,1,0,0,0,0
train/0001/ex02_default_00065,0,1,0,0,0,0
train/0001/ex02_default_00066,0,1,0,0,0,0
train/0001/ex02_default_00067,0,1,0,0,0,0
train/0001/ex02_default_00068,0,1,0,0,0,0
train/0001/ex02_default_00069,0,1,0,0,0,0
train/0001/ex02_default_00070,0,1,0,0,0,0
train/0001/ex02_default_00071,0,1,0,0,0,0
train/0001/ex02_default_00072,0,1,0,0,0,0
train/0001/ex02_default_00073,0,1,0,0,0,0
train/0001/ex02_default_00074,0,1,0,0,0,0
train/0001/ex02_default_00075,0,1,0,0,0,0
train/0001/ex02_default_00076,0,1,0,0,0,0
train/0001/ex02_default_00077,0,1,0,0,0,0
train/0001/ex02_default_00078,0,1,0,0,0,0
train/0001/ex02_default_00079,0,1,0,0,0,0
train/0001/ex02_default_00080,0,1,0,0,0,0
train/0001/ex02_default_00081,0,1,0,0,0,0
train/0001/ex02_default_00082,0,1,0,0,0,0
train/0001/ex02_default_00083,0,1,0,0,0,0
train/0001/ex02_default_00084,0,1,0,0,0,0
train/0001/ex02_default_00085,0,1,0,0,0,0
train/0001/ex02_default_00086,0,1,0,0,0,0
train/0001/ex02_default_00087,0,1,0,0,0,0
train/0001/ex02_default_00088,0,1,0,0,0,0
train/0001/ex02_default_00089,0,1,0,0,0,0
train/0001/ex02_default_00090,0,1,0,0,0,0
train/0001/ex02_default_00091,0,1,0,0,0,0
train/0001/ex02_default_00092,0,1,0,0,0,0
train/0001/ex02_default_00093,0,1,0,0,0,0
train/0001/ex02_default_00094,0,1,0,0,0,0
train/0001/ex02_default_00095,0,1,0,0,0,0
train/0001/ex02_default_00096,0,1,0,0,0,0
train/0001/ex02_default_00097,0,1,0,0,0,0
train/0001/ex02_default_00098,0,1,0,0,0,0
train/0001/ex02_default_00099,0,1,0,0,0,0
train/0001/ex02_default_00100,0,1,0,0,0,0
train/0001/ex02_default_00101,0,1,0,0,0,0
train/0001/ex02_default_00102,0,1,0,0,0,0
train/0001/ex02_default_00103,0,1,0,0,0,0
train/0001/ex02_default_00104,0,1,0,0,0,0
train/0001/ex02_default_00105,0,1,0,0,0,0
train/0001/ex02_default_00106,0,1,0,0,0,0
train/0001/ex02_default_00107,0,1,0,0,0,0
train/0001/ex02_default_00108,0,1,0,0,0,0
train/0001/ex02_default_00109,0,1,0,0,0,0
train/0001/ex02_default_00110,0,1,0,0,0,0
train/0001/ex02_default_00111,0,1,0,0,0,0
train/0001/ex02_default_00112,0,1,0,0,0,0
train/0001/ex02_default_00113,0,1,0,0,0,0
train/0001/ex02_default_00114,0,1,0,0,0,0
train/0001/ex02_default_00115,0,1,0,0,0,0
train/0001/ex02_default_00116,0,1,0,0,0,0
train/0001/ex02_default_00117,0,1,0,0,0,0
train/0001/ex02_default_00118,0,1,0,0,0,0
train/0001/ex02_default_00119,0,1,0,0,0,0
train/0001/ex02_default_00120,0,1,0,0,0,0
train/0001/ex02_default_00121,0,1,0,0,0,0
train/0001/ex02_default_00122,0,1,0,0,0,0
train/0001/ex02_default_00123,0,1,0,0,0,0
train/0001/ex02_default_00124,0,1,0,0,0,0
train/0001/ex02_default_00125,0,1,0,0,0,0
train/0001/ex02_default_00126,0,1,0,0,0,0
train/0001/ex02_default_00127,0,1,0,0,0,0
train/0001/ex02_default_00128,0,1,0,0,0,0
train/0001/ex02_default_00129,0,1,0,0,0,0
train/0001/ex02_default_00130,0,1,0,0,0,0
train/0001/ex02_default_00131,0,1,0,0,0,0
train/0001/ex02_default_00132,0,1,0,0,0,0
train/0001/ex02_default_00133,0,1,0,0,0,0
train/0001/ex02_default_00134,0,1,0,0,0,0
train/0001/ex02_default_00135,0,1,0,0,0,0
train/0001/ex02_default_00136,0,1,0,0,0,0
train/0001/ex02_default_00137,0,1,0,0,0,0
train/0001/ex02_default_00138,0,1,0,0,0,0
train/0001/ex02_default_00139,0,1,0,0,0,0
train/0001/ex02_default_00140,0,1,0,0,0,0
train/0001/ex02_default_00141,0,1,0,0,0,0
train/0001/ex02_default_00142,0,1,0,0,0,0
train/0001/ex02_default_00143,0,1,0,0,0,0
train/0001/ex02_default_00144,0,1,0,0,0,0
train/0001/ex02_default_00145,0,1,0,0,0,0
train/0001/ex02_default_00146,0,1,0,0,0,0
train/0001/ex02_default_00147,0,1,0,0,0,0
train/0001/ex02_default_00148,0,1,0,0,0,0
train/0001/ex02_default_00149,0,1,0,0,0,0
train/0001/ex02_default_00150,0,1,0,0,0,0
train/0001/ex02_default_00151,0,1,0,0,0,0
train/0001/ex02_default_00152,0,1,0,0,0,0
train/0001/ex02_default_00153,0,1,0,0,0,0
train/0001/ex02_default_00154,0,1,0,0,0,0
train/0001/ex02_default_00155,0,1,0,0,0,0
train/0001/ex02_default_00156,0,1,0,0,0,0
train/0001/ex02_default_00157,0,1,0,0,0,0
train/0001/ex02_default_00158,0,1,0,0,0,0
train/0001/ex02_default_00159,0,1,0,0,0,0
train/0001/ex02_default_00160,0,1,0,0,0,0
train/0001/ex02_default_00161,0,1,0,0,0,0
train/0001/ex02_default_00162,0,1,0,0,0,0
train/0001/ex02_default_00163,0,1,0,0,0,0
train/0001/ex02_default_00164,0,1,0,0,0,0
train/0001/ex02_default_00165,0,1,0,0,0,0
train/0001/ex02_default_00166,0,1,0,0,0,0
train/0001/ex02_default_00167,0,1,0,0,0,0
train/0001/ex02_default_00168,0,1,0,0,0,0
train/0001/ex02_default_00169,0,1,0,0,0,0
train/0001/ex02_default_00170,0,1,0,0,0,0
train/0001/ex02_default_00171,0,1,0,0,0,0
train/0001/ex02_default_00172,0,1,0,0,0,0
train/0001/ex02_default_00173,0,1,0,0,0,0
train/0001/ex02_default_00174,0,1,0,0,0,0
train/0001/ex02_default_00175,0,1,0,0,0,0
train/0001/ex02_default_00176,0,1,0,0,0,0
train/0001/ex02_default_00177,0,1,0,0,0,0
train/0001/ex02_default_00178,0,1,0,0,0,0
train/0001/ex02_default_00179,0,1,0,0,0,0
train/0001/ex02_default_00180,0,1,0,0,0,0
train/0001/ex02_default_00181,0,1,0,0,0,0
train/0001/ex02_default_00182,0,1,0,0,0,0
train/0001/ex02_default_00183,0,1,0,0,0,0
train/0001/ex02_default_00184,0,1,0,0,0,0
train/0001/ex02_default_00185,0,1,0,0,0,0
train/0001/ex02_default_00186,0,1,0,0,0,0
train/0001/ex02_default_00187,0,1,0,0,0,0
train/0001/ex02_default_00188,0,1,0,0,0,0
train/0001/ex02_default_00189,0,1,0,0,0,0
train/0001/ex02_default_00190,0,1,0,0,0,0
train/0001/ex02_default_00191,0,1,0,0,0,0
train/0001/ex02_default_00192,0,1,0,0,0,0
train/0001/ex02_default_00193,0,1,0,0,0,0
train/0001/ex02_default_00194,0,1,0,0,0,0
train/0001/ex02_default_00195,0,1,0,0,0,0
train/0001/ex02_default_00196,0,1,0,0,0,0
train/0001/ex02_default_00197,0,1,0,0,0,0
train/0001/ex02_default_00198,0,1,0,0,0,0
train/0001/ex02_default_00199,0,1,0,0,0,0
train/0001/ex02_default_00200,0,1,0,0,0,0
train/0001/ex02_default_00201,0,1,0,0,0,0
train/0001/ex02_default_00202,0,1,0,0,0,0
train/0001/ex02_default_00203,0,1,0,0,0,0
train/0001/ex02_default_00204,0,1,0,0,0,0
train/0001/ex02_default_00205,0,1,0,0,0,0
train/0001/ex02_default_00206,0,1,0,0,0,0
train/0001/ex02_default_00207,0,1,0,0,0,0
train/0001/ex02_default_00208,0,1,0,0,0,0
train/0001/ex02_default_00209,0,1,0,0,0,0
train/0001/ex02_default_00210,0,1,0,0,0,0
train/0001/ex02_default_00211,0,1,0,0,0,0
train/0001/ex02_default_00212,0,1,0,0,0,0
train/0001/ex02_default_00213,0,1,0,0,0,0
train/0001/ex02_default_00214,0,1,0,0,0,0
train/0001/ex02_default_00215,0,1,0,0,0,0
train/0001/ex02_default_00216,0,1,0,0,0,0
train/0001/ex02_default_00217,0,1,0,0,0,0
train/0001/ex02_default_00218,0,1,0,0,0,0
train/0001/ex02_default_00219,0,1,0,0,0,0
train/0001/ex02_default_00220,0,1,0,0,0,0
train/0001/ex02_default_00221,0,1,0,0,0,0
train/0001/ex02_default_00222,0,1,0,0,0,0
train/0001/ex02_default_00223,0,1,0,0,0,0
train/0001/ex02_default_00224,0,1,0,0,0,0
train/0001/ex02_default_00225,0,1,0,0,0,0
train/0001/ex02_default_00226,0,1,0,0,0,0
train/0001/ex02_default_00227,0,1,0,0,0,0
train/0001/ex02_default_00228,0,1,0,0,0,0
train/0001/ex02_default_00229,0,1,0,0,0,0
train/0001/ex02_default_00230,0,1,0,0,0,0
train/0001/ex02_default_00231,0,1,0,0,0,0
train/0001/ex02_default_00232,0,1,0,0,0,0
train/0001/ex02_default_00233,0,1,0,0,0,0
train/0001/ex02_default_00234,0,1,0,0,0,0
train/0001/ex02_default_00235,0,1,0,0,0,0
train/0001/ex02_default_00236,0,1,0,0,0,0
train/0001/ex02_default_00237,0,1,0,0,0,0
train/0001/ex02_default_00238,0,1,0,0,0,0
train/0001/ex02_default_00239,0,1,0,0,0,0
train/0001/ex02_default_00240,0,1,0,0,0,0
train/0001/ex02_default_00241,0,1,0,0,0,0
train/0001/ex02_default_00242,0,1,0,0,0,0
train/0001/ex02_default_00243,0,1,0,0,0,0
train/0001/ex02_default_00244,0,1,0,0,0,0
train/0001/ex02_default_00245,0,1,0,0,0,0
train/0001/ex02_default_00246,0,1,0,0,0,0
train/0001/ex02_default_00247,0,1,0,0,0,0
train/0001/ex02_default_00248,0,1,0,0,0,0
train/0001/ex02_default_00249,0,1,0,0,0,0
train/0001/ex02_default_00250,0,1,0,0,0,0
train/0001/ex02_default_00251,0,1,0,0,0,0
train/0001/ex02_default_00252,0,1,0,0,0,0
train/0001/ex02_default_00253,0,1,0,0,0,0
train/0001/ex02_default_00254,0,1,0,0,0,0
train/0001/ex02_default_00255,0,1,0,0,0,0
train/0001/ex02_default_00256,0,1,0,0,0,0
train/0001/ex02_default_00257,0,1,0,0,0,0
train/0001/ex02_default_00258,0,1,0,0,0,0
train/0001/ex02_default_00259,0,1,0,0,0,0
train/0001/ex02_default_00260,0,1,0,0,0,0
train/0001/ex02_default_00261,0,1,0,0,0,0
train/0001/ex02_default_00262,0,1,0,0,0,0
train/0001/ex02_default_00263,0,1,0,0,0,0
train/0001/ex02_default_00264,0,1,0,0,0,0
train/0001/ex02_default_00265,0,1,0,0,0,0
train/0001/ex02_default_00266,0,1,0,0,0,0
train/0001/ex02_default_00267,0,1,0,0,0,0
train/0001/ex02_default_00268,0,1,0,0,0,0
train/0001/ex02_default_00269,0,1,0,0,0,0
train/0001/ex02_default_00270,0,1,0,0,0,0
train/0001/ex02_default_00271,0,1,0,0,0,0
train/0001/ex02_default_00272,0,1,0,0,0,0
train/0001/ex02_default_00273,0,1,0,0,0,0
train/0001/ex02_default_00274,0,1,0,0,0,0
train/0001/ex02_default_00275,0,1,0,0,0,0
train/0001/ex02_default_00276,0,1,0,0,0,0
train/0001/ex02_default_00277,0,1,0,0,0,0
train/0001/ex02_default_00278,0,1,0,0,0,0
train/0001/ex02_default_00279,0,1,0,0,0,0
train/0001/ex02_default_00280,0,1,0,0,0,0
train/0001/ex02_default_00281,0,1,0,0,0,0
train/0001/ex02_default_00282,0,1,0,0,0,0
train/0001/ex02_default_00283,0,1,0,0,0,0
train/0001/ex02_default_00284,0,1,0,0,0,0
train/0001/ex02_default_00285,0,1,0,0,0,0
train/0001/ex02_default_00286,0,1,0,0,0,0
train/0001/ex02_default_00287,0,1,0,0,0,0
train/0001/ex02_default_00288,0,1,0,0,0,0
train/0001/ex02_default_00289,0,1,0,0,0,0
train/0001/ex02_default_00290,0,1,0,0,0,0
train/0001/ex02_default_00291,0,1,0,0,0,0
train/0001/ex02_default_00292,0,1,0,0,0,0
train/0001/ex02_default_00293,0,1,0,0,0,0
train/0001/ex02_default_00294,0,1,0,0,0,0
train/0001/ex02_default_00295,0,1,0,0,0,0
train/0001/ex02_default_00296,0,1,0,0,0,0
train/0001/ex02_default_00297,0,1,0,0,0,0
train/0001/ex02_default_00298,0,1,0,0,0,0
train/0001/ex02_default_00299,0,1,0,0,0,0
train/0001/ex02_default_00300,0,1,0,0,0,0
train/0001/ex02_default_00301,0,1,0,0,0,0
train/0001/ex02_default_00302,0,1,0,0,0,0
train/0001/ex02_default_00303,0,1,0,0,0,0
train/0001/ex02_default_00304,0,1,0,0,0,0
train/0001/ex02_default_00305,0,1,0,0,0,0
train/0001/ex02_default_00306,0,1,0,0,0,0
train/0001/ex02_default_00307,0,1,0,0,0,0
train/0001/ex02_default_00308,0,1,0,0,0,0
train/0001/ex02_default_00309,0,1,0,0,0,0
train/0001/ex02_default_00310,0,1,0,0,0,0
train/0001/ex02_default_00311,0,1,0,0,0,0
train/0001/ex02_default_00312,0,1,0,0,0,0
train/0001/ex02_default_00313,0,1,0,0,0,0
train/0001/ex02_default_00314,0,1,0,0,0,0
train/0001/ex02_default_00315,0,1,0,0,0,0
train/0001/ex02_default_00316,0,1,0,0,0,0
train/0001/ex02_default_00317,0,1,0,0,0,0
train/0001/ex02_default_00318,0,1,0,0,0,0
train/0001/ex02_default_00319,0,1,0,0,0,0
train/0001/ex02_default_00320,0,1,0,0,0,0
train/0001/ex02_default_00321,0,1,0,0,0,0
train/0001/ex02_default_00322,0,1,0,0,0,0
train/0001/ex02_default_00323,0,1,0,0,0,0
train/0001/ex02_default_00324,0,1,0,0,0,0
train/0001/ex02_default_00325,0,1,0,0,0,0
train/0001/ex02_default_00326,0,1,0,0,0,0
train/0001/ex02_default_00327,0,1,0,0,0,0
train/0001/ex02_default_00328,0,1,0,0,0,0
train/0001/ex02_default_00329,0,1,0,0,0,0
train/0001/ex02_default_00330,0,1,0,0,0,0
train/0001/ex02_default_00331,0,1,0,0,0,0
train/0001/ex02_default_00332,0,1,0,0,0,0
train/0001/ex02_default_00333,0,1,0,0,0,0
train/0001/ex02_default_00334,0,1,0,0,0,0
train/0001/ex02_default_00335,0,1,0,0,0,0
train/0001/ex02_default_00336,0,1,0,0,0,0
train/0001/ex02_default_00337,0,1,0,0,0,0
train/0001/ex02_default_00338,0,1,0,0,0,0
train/0001/ex02_default_00339,0,1,0,0,0,0
train/0001/ex02_default_00340,0,1,0,0,0,0
train/0001/ex02_default_00341,0,1,0,0,0,0
dev/0001/ex02_default_00342,0,1,0,0,0,0
dev/0001/ex02_default_00343,0,1,0,0,0,0
dev/0001/ex02_default_00344,0,1,0,0,0,0
dev/0001/ex02_default_00345,0,1,0,0,0,0
dev/0001/ex02_default_00346,0,1,0,0,0,0
dev/0001/ex02_default_00347,0,1,0,0,0,0
dev/0001/ex02_default_00348,0,1,0,0,0,0
dev/0001/ex02_default_00349,0,1,0,0,0,0
dev/0001/ex02_default_00350,0,1,0,0,0,0
dev/0001/ex02_default_00351,0,1,0,0,0,0
dev/0001/ex02_default_00352,0,1,0,0,0,0
dev/0001/ex02_default_00353,0,1,0,0,0,0
dev/0001/ex02_default_00354,0,1,0,0,0,0
dev/0001/ex02_default_00355,0,1,0,0,0,0
dev/0001/ex02_default_00356,0,1,0,0,0,0
dev/0001/ex02_default_00357,0,1,0,0,0,0
dev/0001/ex02_default_00358,0,1,0,0,0,0
dev/0001/ex02_default_00359,0,1,0,0,0,0
dev/0001/ex02_default_00360,0,1,0,0,0,0
dev/0001/ex02_default_00361,0,1,0,0,0,0
dev/0001/ex02_default_00362,0,1,0,0,0,0
test/0001/ex02_default_00363,0,1,0,0,0,0
test/0001/ex02_default_00364,0,1,0,0,0,0
test/0001/ex02_default_00365,0,1,0,0,0,0
test/0001/ex02_default_00366,0,1,0,0,0,0
test/0001/ex02_default_00367,0,1,0,0,0,0
test/0001/ex02_default_00368,0,1,0,0,0,0
test/0001/ex02_default_00369,0,1,0,0,0,0
test/0001/ex02_default_00370,0,1,0,0,0,0
test/0001/ex02_default_00371,0,1,0,0,0,0
test/0001/ex02_default_00372,0,1,0,0,0,0
test/0001/ex02_default_00373,0,1,0,0,0,0
test/0001/ex02_default_00374,0,1,0,0,0,0
test/0001/ex02_default_00375,0,1,0,0,0,0
test/0001/ex02_default_00376,0,1,0,0,0,0
test/0001/ex02_default_00377,0,1,0,0,0,0
test/0001/ex02_default_00378,0,1,0,0,0,0
test/0001/ex02_default_00379,0,1,0,0,0,0
test/0001/ex02_default_00380,0,1,0,0,0,0
train/0001/ex02_default_emphasis_00001,0,1,0,0,0,0
train/0001/ex02_default_emphasis_00002,0,1,0,0,0,0
train/0001/ex02_default_emphasis_00003,0,1,0,0,0,0
train/0001/ex02_default_emphasis_00004,0,1,0,0,0,0
train/0001/ex02_default_emphasis_00005,0,1,0,0,0,0
train/0001/ex02_default_emphasis_00006,0,1,0,0,0,0
train/0001/ex02_default_emphasis_00007,0,1,0,0,0,0
train/0001/ex02_default_emphasis_00008,0,1,0,0,0,0
train/0001/ex02_default_emphasis_00009,0,1,0,0,0,0
train/0001/ex02_default_emphasis_00010,0,1,0,0,0,0
train/0001/ex02_default_emphasis_00011,0,1,0,0,0,0
train/0001/ex02_default_emphasis_00012,0,1,0,0,0,0
train/0001/ex02_default_emphasis_00013,0,1,0,0,0,0
train/0001/ex02_default_emphasis_00014,0,1,0,0,0,0
train/0001/ex02_default_emphasis_00015,0,1,0,0,0,0
train/0001/ex02_default_emphasis_00016,0,1,0,0,0,0
train/0001/ex02_default_emphasis_00017,0,1,0,0,0,0
train/0001/ex02_default_emphasis_00018,0,1,0,0,0,0
train/0001/ex02_default_emphasis_00019,0,1,0,0,0,0
train/0001/ex02_default_emphasis_00020,0,1,0,0,0,0
train/0001/ex02_default_emphasis_00021,0,1,0,0,0,0
train/0001/ex02_default_emphasis_00022,0,1,0,0,0,0
train/0001/ex02_default_emphasis_00023,0,1,0,0,0,0
train/0001/ex02_default_emphasis_00024,0,1,0,0,0,0
train/0001/ex02_default_emphasis_00025,0,1,0,0,0,0
train/0001/ex02_default_emphasis_00026,0,1,0,0,0,0
train/0001/ex02_default_emphasis_00027,0,1,0,0,0,0
train/0001/ex02_default_emphasis_00028,0,1,0,0,0,0
train/0001/ex02_default_emphasis_00029,0,1,0,0,0,0
train/0001/ex02_default_emphasis_00030,0,1,0,0,0,0
train/0001/ex02_default_emphasis_00031,0,1,0,0,0,0
train/0001/ex02_default_emphasis_00032,0,1,0,0,0,0
train/0001/ex02_default_emphasis_00033,0,1,0,0,0,0
train/0001/ex02_default_emphasis_00034,0,1,0,0,0,0
train/0001/ex02_default_emphasis_00035,0,1,0,0,0,0
train/0001/ex02_default_emphasis_00036,0,1,0,0,0,0
train/0001/ex02_default_emphasis_00037,0,1,0,0,0,0
train/0001/ex02_default_emphasis_00038,0,1,0,0,0,0
train/0001/ex02_default_emphasis_00039,0,1,0,0,0,0
train/0001/ex02_default_emphasis_00040,0,1,0,0,0,0
train/0001/ex02_default_emphasis_00041,0,1,0,0,0,0
train/0001/ex02_default_emphasis_00042,0,1,0,0,0,0
train/0001/ex02_default_emphasis_00043,0,1,0,0,0,0
train/0001/ex02_default_emphasis_00044,0,1,0,0,0,0
train/0001/ex02_default_emphasis_00045,0,1,0,0,0,0
train/0001/ex02_default_emphasis_00046,0,1,0,0,0,0
train/0001/ex02_default_emphasis_00047,0,1,0,0,0,0
train/0001/ex02_default_emphasis_00048,0,1,0,0,0,0
train/0001/ex02_default_emphasis_00049,0,1,0,0,0,0
train/0001/ex02_default_emphasis_00050,0,1,0,0,0,0
train/0001/ex02_default_emphasis_00051,0,1,0,0,0,0
train/0001/ex02_default_emphasis_00052,0,1,0,0,0,0
train/0001/ex02_default_emphasis_00053,0,1,0,0,0,0
train/0001/ex02_default_emphasis_00054,0,1,0,0,0,0
train/0001/ex02_default_emphasis_00055,0,1,0,0,0,0
train/0001/ex02_default_emphasis_00056,0,1,0,0,0,0
train/0001/ex02_default_emphasis_00057,0,1,0,0,0,0
train/0001/ex02_default_emphasis_00058,0,1,0,0,0,0
train/0001/ex02_default_emphasis_00059,0,1,0,0,0,0
train/0001/ex02_default_emphasis_00060,0,1,0,0,0,0
train/0001/ex02_default_emphasis_00061,0,1,0,0,0,0
train/0001/ex02_default_emphasis_00062,0,1,0,0,0,0
train/0001/ex02_default_emphasis_00063,0,1,0,0,0,0
train/0001/ex02_default_emphasis_00064,0,1,0,0,0,0
train/0001/ex02_default_emphasis_00065,0,1,0,0,0,0
train/0001/ex02_default_emphasis_00066,0,1,0,0,0,0
train/0001/ex02_default_emphasis_00067,0,1,0,0,0,0
train/0001/ex02_default_emphasis_00068,0,1,0,0,0,0
train/0001/ex02_default_emphasis_00069,0,1,0,0,0,0
train/0001/ex02_default_emphasis_00070,0,1,0,0,0,0
train/0001/ex02_default_emphasis_00071,0,1,0,0,0,0
train/0001/ex02_default_emphasis_00072,0,1,0,0,0,0
train/0001/ex02_default_emphasis_00073,0,1,0,0,0,0
train/0001/ex02_default_emphasis_00074,0,1,0,0,0,0
train/0001/ex02_default_emphasis_00075,0,1,0,0,0,0
train/0001/ex02_default_emphasis_00076,0,1,0,0,0,0
train/0001/ex02_default_emphasis_00077,0,1,0,0,0,0
train/0001/ex02_default_emphasis_00078,0,1,0,0,0,0
train/0001/ex02_default_emphasis_00079,0,1,0,0,0,0
train/0001/ex02_default_emphasis_00080,0,1,0,0,0,0
train/0001/ex02_default_emphasis_00081,0,1,0,0,0,0
train/0001/ex02_default_emphasis_00082,0,1,0,0,0,0
train/0001/ex02_default_emphasis_00083,0,1,0,0,0,0
train/0001/ex02_default_emphasis_00084,0,1,0,0,0,0
train/0001/ex02_default_emphasis_00085,0,1,0,0,0,0
train/0001/ex02_default_emphasis_00086,0,1,0,0,0,0
train/0001/ex02_default_emphasis_00087,0,1,0,0,0,0
train/0001/ex02_default_emphasis_00088,0,1,0,0,0,0
train/0001/ex02_default_emphasis_00089,0,1,0,0,0,0
train/0001/ex02_default_emphasis_00090,0,1,0,0,0,0
train/0001/ex02_default_emphasis_00091,0,1,0,0,0,0
train/0001/ex02_default_emphasis_00092,0,1,0,0,0,0
train/0001/ex02_default_emphasis_00093,0,1,0,0,0,0
train/0001/ex02_default_emphasis_00094,0,1,0,0,0,0
train/0001/ex02_default_emphasis_00095,0,1,0,0,0,0
train/0001/ex02_default_emphasis_00096,0,1,0,0,0,0
train/0001/ex02_default_emphasis_00097,0,1,0,0,0,0
train/0001/ex02_default_emphasis_00098,0,1,0,0,0,0
train/0001/ex02_default_emphasis_00099,0,1,0,0,0,0
train/0001/ex02_default_emphasis_00100,0,1,0,0,0,0
train/0001/ex02_default_emphasis_00101,0,1,0,0,0,0
train/0001/ex02_default_emphasis_00102,0,1,0,0,0,0
train/0001/ex02_default_emphasis_00103,0,1,0,0,0,0
train/0001/ex02_default_emphasis_00104,0,1,0,0,0,0
train/0001/ex02_default_emphasis_00105,0,1,0,0,0,0
train/0001/ex02_default_emphasis_00106,0,1,0,0,0,0
train/0001/ex02_default_emphasis_00107,0,1,0,0,0,0
train/0001/ex02_default_emphasis_00108,0,1,0,0,0,0
train/0001/ex02_default_emphasis_00109,0,1,0,0,0,0
train/0001/ex02_default_emphasis_00110,0,1,0,0,0,0
train/0001/ex02_default_emphasis_00111,0,1,0,0,0,0
train/0001/ex02_default_emphasis_00112,0,1,0,0,0,0
train/0001/ex02_default_emphasis_00113,0,1,0,0,0,0
train/0001/ex02_default_emphasis_00114,0,1,0,0,0,0
train/0001/ex02_default_emphasis_00115,0,1,0,0,0,0
train/0001/ex02_default_emphasis_00116,0,1,0,0,0,0
train/0001/ex02_default_emphasis_00117,0,1,0,0,0,0
train/0001/ex02_default_emphasis_00118,0,1,0,0,0,0
train/0001/ex02_default_emphasis_00119,0,1,0,0,0,0
train/0001/ex02_default_emphasis_00120,0,1,0,0,0,0
train/0001/ex02_default_emphasis_00121,0,1,0,0,0,0
train/0001/ex02_default_emphasis_00122,0,1,0,0,0,0
train/0001/ex02_default_emphasis_00123,0,1,0,0,0,0
train/0001/ex02_default_emphasis_00124,0,1,0,0,0,0
train/0001/ex02_default_emphasis_00125,0,1,0,0,0,0
train/0001/ex02_default_emphasis_00126,0,1,0,0,0,0
train/0001/ex02_default_emphasis_00127,0,1,0,0,0,0
train/0001/ex02_default_emphasis_00128,0,1,0,0,0,0
train/0001/ex02_default_emphasis_00129,0,1,0,0,0,0
train/0001/ex02_default_emphasis_00130,0,1,0,0,0,0
train/0001/ex02_default_emphasis_00131,0,1,0,0,0,0
train/0001/ex02_default_emphasis_00132,0,1,0,0,0,0
train/0001/ex02_default_emphasis_00133,0,1,0,0,0,0
train/0001/ex02_default_emphasis_00134,0,1,0,0,0,0
train/0001/ex02_default_emphasis_00135,0,1,0,0,0,0
train/0001/ex02_default_emphasis_00136,0,1,0,0,0,0
train/0001/ex02_default_emphasis_00137,0,1,0,0,0,0
train/0001/ex02_default_emphasis_00138,0,1,0,0,0,0
train/0001/ex02_default_emphasis_00139,0,1,0,0,0,0
train/0001/ex02_default_emphasis_00140,0,1,0,0,0,0
train/0001/ex02_default_emphasis_00141,0,1,0,0,0,0
train/0001/ex02_default_emphasis_00142,0,1,0,0,0,0
train/0001/ex02_default_emphasis_00143,0,1,0,0,0,0
train/0001/ex02_default_emphasis_00144,0,1,0,0,0,0
train/0001/ex02_default_emphasis_00145,0,1,0,0,0,0
train/0001/ex02_default_emphasis_00146,0,1,0,0,0,0
train/0001/ex02_default_emphasis_00147,0,1,0,0,0,0
train/0001/ex02_default_emphasis_00148,0,1,0,0,0,0
train/0001/ex02_default_emphasis_00149,0,1,0,0,0,0
train/0001/ex02_default_emphasis_00150,0,1,0,0,0,0
train/0001/ex02_default_emphasis_00151,0,1,0,0,0,0
train/0001/ex02_default_emphasis_00152,0,1,0,0,0,0
train/0001/ex02_default_emphasis_00153,0,1,0,0,0,0
train/0001/ex02_default_emphasis_00154,0,1,0,0,0,0
train/0001/ex02_default_emphasis_00155,0,1,0,0,0,0
train/0001/ex02_default_emphasis_00156,0,1,0,0,0,0
train/0001/ex02_default_emphasis_00157,0,1,0,0,0,0
train/0001/ex02_default_emphasis_00158,0,1,0,0,0,0
train/0001/ex02_default_emphasis_00159,0,1,0,0,0,0
dev/0001/ex02_default_emphasis_00160,0,1,0,0,0,0
dev/0001/ex02_default_emphasis_00161,0,1,0,0,0,0
dev/0001/ex02_default_emphasis_00162,0,1,0,0,0,0
dev/0001/ex02_default_emphasis_00163,0,1,0,0,0,0
dev/0001/ex02_default_emphasis_00164,0,1,0,0,0,0
dev/0001/ex02_default_emphasis_00165,0,1,0,0,0,0
dev/0001/ex02_default_emphasis_00166,0,1,0,0,0,0
dev/0001/ex02_default_emphasis_00167,0,1,0,0,0,0
dev/0001/ex02_default_emphasis_00168,0,1,0,0,0,0
dev/0001/ex02_default_emphasis_00169,0,1,0,0,0,0
dev/0001/ex02_default_emphasis_00170,0,1,0,0,0,0
dev/0001/ex02_default_emphasis_00171,0,1,0,0,0,0
dev/0001/ex02_default_emphasis_00172,0,1,0,0,0,0
dev/0001/ex02_default_emphasis_00173,0,1,0,0,0,0
dev/0001/ex02_default_emphasis_00174,0,1,0,0,0,0
dev/0001/ex02_default_emphasis_00175,0,1,0,0,0,0
dev/0001/ex02_default_emphasis_00176,0,1,0,0,0,0
dev/0001/ex02_default_emphasis_00177,0,1,0,0,0,0
dev/0001/ex02_default_emphasis_00178,0,1,0,0,0,0
dev/0001/ex02_default_emphasis_00179,0,1,0,0,0,0
dev/0001/ex02_default_emphasis_00180,0,1,0,0,0,0
test/0001/ex02_default_emphasis_00181,0,1,0,0,0,0
test/0001/ex02_default_emphasis_00182,0,1,0,0,0,0
test/0001/ex02_default_emphasis_00183,0,1,0,0,0,0
test/0001/ex02_default_emphasis_00184,0,1,0,0,0,0
test/0001/ex02_default_emphasis_00185,0,1,0,0,0,0
test/0001/ex02_default_emphasis_00186,0,1,0,0,0,0
test/0001/ex02_default_emphasis_00187,0,1,0,0,0,0
test/0001/ex02_default_emphasis_00188,0,1,0,0,0,0
test/0001/ex02_default_emphasis_00189,0,1,0,0,0,0
test/0001/ex02_default_emphasis_00190,0,1,0,0,0,0
test/0001/ex02_default_emphasis_00191,0,1,0,0,0,0
test/0001/ex02_default_emphasis_00192,0,1,0,0,0,0
test/0001/ex02_default_emphasis_00193,0,1,0,0,0,0
test/0001/ex02_default_emphasis_00194,0,1,0,0,0,0
test/0001/ex02_default_emphasis_00195,0,1,0,0,0,0
test/0001/ex02_default_emphasis_00196,0,1,0,0,0,0
test/0001/ex02_default_emphasis_00197,0,1,0,0,0,0
test/0001/ex02_default_emphasis_00198,0,1,0,0,0,0
test/0001/ex02_default_emphasis_00199,0,1,0,0,0,0
test/0001/ex02_default_emphasis_00200,0,1,0,0,0,0
train/0001/ex02_default_essentials_00001,0,1,0,0,0,0
train/0001/ex02_default_essentials_00002,0,1,0,0,0,0
train/0001/ex02_default_essentials_00003,0,1,0,0,0,0
train/0001/ex02_default_essentials_00004,0,1,0,0,0,0
train/0001/ex02_default_essentials_00005,0,1,0,0,0,0
train/0001/ex02_default_essentials_00006,0,1,0,0,0,0
train/0001/ex02_default_essentials_00007,0,1,0,0,0,0
train/0001/ex02_default_essentials_00008,0,1,0,0,0,0
train/0001/ex02_default_essentials_00009,0,1,0,0,0,0
train/0001/ex02_default_essentials_00010,0,1,0,0,0,0
train/0001/ex02_default_essentials_00011,0,1,0,0,0,0
train/0001/ex02_default_essentials_00012,0,1,0,0,0,0
train/0001/ex02_default_essentials_00013,0,1,0,0,0,0
train/0001/ex02_default_essentials_00014,0,1,0,0,0,0
train/0001/ex02_default_essentials_00015,0,1,0,0,0,0
train/0001/ex02_default_essentials_00016,0,1,0,0,0,0
train/0001/ex02_default_essentials_00017,0,1,0,0,0,0
train/0001/ex02_default_essentials_00018,0,1,0,0,0,0
train/0001/ex02_default_essentials_00019,0,1,0,0,0,0
train/0001/ex02_default_essentials_00020,0,1,0,0,0,0
train/0001/ex02_default_essentials_00021,0,1,0,0,0,0
train/0001/ex02_default_essentials_00022,0,1,0,0,0,0
train/0001/ex02_default_essentials_00023,0,1,0,0,0,0
train/0001/ex02_default_essentials_00024,0,1,0,0,0,0
train/0001/ex02_default_essentials_00025,0,1,0,0,0,0
train/0001/ex02_default_essentials_00026,0,1,0,0,0,0
train/0001/ex02_default_essentials_00027,0,1,0,0,0,0
train/0001/ex02_default_essentials_00028,0,1,0,0,0,0
train/0001/ex02_default_essentials_00029,0,1,0,0,0,0
train/0001/ex02_default_essentials_00030,0,1,0,0,0,0
train/0001/ex02_default_essentials_00031,0,1,0,0,0,0
train/0001/ex02_default_essentials_00032,0,1,0,0,0,0
train/0001/ex02_default_essentials_00033,0,1,0,0,0,0
dev/0001/ex02_default_essentials_00034,0,1,0,0,0,0
dev/0001/ex02_default_essentials_00035,0,1,0,0,0,0
dev/0001/ex02_default_essentials_00036,0,1,0,0,0,0
test/0001/ex02_default_essentials_00037,0,1,0,0,0,0
test/0001/ex02_default_essentials_00038,0,1,0,0,0,0
test/0001/ex02_default_essentials_00039,0,1,0,0,0,0
test/0001/ex02_default_essentials_00040,0,1,0,0,0,0
train/0001/ex02_enunciated_00001,0,0,1,0,0,0
train/0001/ex02_enunciated_00002,0,0,1,0,0,0
train/0001/ex02_enunciated_00003,0,0,1,0,0,0
train/0001/ex02_enunciated_00004,0,0,1,0,0,0
train/0001/ex02_enunciated_00005,0,0,1,0,0,0
train/0001/ex02_enunciated_00006,0,0,1,0,0,0
train/0001/ex02_enunciated_00007,0,0,1,0,0,0
train/0001/ex02_enunciated_00008,0,0,1,0,0,0
train/0001/ex02_enunciated_00009,0,0,1,0,0,0
train/0001/ex02_enunciated_00010,0,0,1,0,0,0
train/0001/ex02_enunciated_00011,0,0,1,0,0,0
train/0001/ex02_enunciated_00012,0,0,1,0,0,0
train/0001/ex02_enunciated_00013,0,0,1,0,0,0
train/0001/ex02_enunciated_00014,0,0,1,0,0,0
train/0001/ex02_enunciated_00015,0,0,1,0,0,0
train/0001/ex02_enunciated_00016,0,0,1,0,0,0
train/0001/ex02_enunciated_00017,0,0,1,0,0,0
train/0001/ex02_enunciated_00018,0,0,1,0,0,0
train/0001/ex02_enunciated_00019,0,0,1,0,0,0
train/0001/ex02_enunciated_00020,0,0,1,0,0,0
train/0001/ex02_enunciated_00021,0,0,1,0,0,0
train/0001/ex02_enunciated_00022,0,0,1,0,0,0
train/0001/ex02_enunciated_00023,0,0,1,0,0,0
train/0001/ex02_enunciated_00024,0,0,1,0,0,0
train/0001/ex02_enunciated_00025,0,0,1,0,0,0
train/0001/ex02_enunciated_00026,0,0,1,0,0,0
train/0001/ex02_enunciated_00027,0,0,1,0,0,0
train/0001/ex02_enunciated_00028,0,0,1,0,0,0
train/0001/ex02_enunciated_00029,0,0,1,0,0,0
train/0001/ex02_enunciated_00030,0,0,1,0,0,0
train/0001/ex02_enunciated_00031,0,0,1,0,0,0
train/0001/ex02_enunciated_00032,0,0,1,0,0,0
train/0001/ex02_enunciated_00033,0,0,1,0,0,0
train/0001/ex02_enunciated_00034,0,0,1,0,0,0
train/0001/ex02_enunciated_00035,0,0,1,0,0,0
train/0001/ex02_enunciated_00036,0,0,1,0,0,0
train/0001/ex02_enunciated_00037,0,0,1,0,0,0
train/0001/ex02_enunciated_00038,0,0,1,0,0,0
train/0001/ex02_enunciated_00039,0,0,1,0,0,0
train/0001/ex02_enunciated_00040,0,0,1,0,0,0
train/0001/ex02_enunciated_00041,0,0,1,0,0,0
train/0001/ex02_enunciated_00042,0,0,1,0,0,0
train/0001/ex02_enunciated_00043,0,0,1,0,0,0
train/0001/ex02_enunciated_00044,0,0,1,0,0,0
train/0001/ex02_enunciated_00045,0,0,1,0,0,0
train/0001/ex02_enunciated_00046,0,0,1,0,0,0
train/0001/ex02_enunciated_00047,0,0,1,0,0,0
train/0001/ex02_enunciated_00048,0,0,1,0,0,0
train/0001/ex02_enunciated_00049,0,0,1,0,0,0
train/0001/ex02_enunciated_00050,0,0,1,0,0,0
train/0001/ex02_enunciated_00051,0,0,1,0,0,0
train/0001/ex02_enunciated_00052,0,0,1,0,0,0
train/0001/ex02_enunciated_00053,0,0,1,0,0,0
train/0001/ex02_enunciated_00054,0,0,1,0,0,0
train/0001/ex02_enunciated_00055,0,0,1,0,0,0
train/0001/ex02_enunciated_00056,0,0,1,0,0,0
train/0001/ex02_enunciated_00057,0,0,1,0,0,0
train/0001/ex02_enunciated_00058,0,0,1,0,0,0
train/0001/ex02_enunciated_00059,0,0,1,0,0,0
train/0001/ex02_enunciated_00060,0,0,1,0,0,0
train/0001/ex02_enunciated_00061,0,0,1,0,0,0
train/0001/ex02_enunciated_00062,0,0,1,0,0,0
train/0001/ex02_enunciated_00063,0,0,1,0,0,0
train/0001/ex02_enunciated_00064,0,0,1,0,0,0
train/0001/ex02_enunciated_00065,0,0,1,0,0,0
train/0001/ex02_enunciated_00066,0,0,1,0,0,0
train/0001/ex02_enunciated_00067,0,0,1,0,0,0
train/0001/ex02_enunciated_00068,0,0,1,0,0,0
train/0001/ex02_enunciated_00069,0,0,1,0,0,0
train/0001/ex02_enunciated_00070,0,0,1,0,0,0
train/0001/ex02_enunciated_00071,0,0,1,0,0,0
train/0001/ex02_enunciated_00072,0,0,1,0,0,0
train/0001/ex02_enunciated_00073,0,0,1,0,0,0
train/0001/ex02_enunciated_00074,0,0,1,0,0,0
train/0001/ex02_enunciated_00075,0,0,1,0,0,0
train/0001/ex02_enunciated_00076,0,0,1,0,0,0
train/0001/ex02_enunciated_00077,0,0,1,0,0,0
train/0001/ex02_enunciated_00078,0,0,1,0,0,0
train/0001/ex02_enunciated_00079,0,0,1,0,0,0
train/0001/ex02_enunciated_00080,0,0,1,0,0,0
train/0001/ex02_enunciated_00081,0,0,1,0,0,0
train/0001/ex02_enunciated_00082,0,0,1,0,0,0
train/0001/ex02_enunciated_00083,0,0,1,0,0,0
train/0001/ex02_enunciated_00084,0,0,1,0,0,0
train/0001/ex02_enunciated_00085,0,0,1,0,0,0
train/0001/ex02_enunciated_00086,0,0,1,0,0,0
train/0001/ex02_enunciated_00087,0,0,1,0,0,0
train/0001/ex02_enunciated_00088,0,0,1,0,0,0
train/0001/ex02_enunciated_00089,0,0,1,0,0,0
train/0001/ex02_enunciated_00090,0,0,1,0,0,0
train/0001/ex02_enunciated_00091,0,0,1,0,0,0
train/0001/ex02_enunciated_00092,0,0,1,0,0,0
train/0001/ex02_enunciated_00093,0,0,1,0,0,0
train/0001/ex02_enunciated_00094,0,0,1,0,0,0
train/0001/ex02_enunciated_00095,0,0,1,0,0,0
train/0001/ex02_enunciated_00096,0,0,1,0,0,0
train/0001/ex02_enunciated_00097,0,0,1,0,0,0
train/0001/ex02_enunciated_00098,0,0,1,0,0,0
train/0001/ex02_enunciated_00099,0,0,1,0,0,0
train/0001/ex02_enunciated_00100,0,0,1,0,0,0
train/0001/ex02_enunciated_00101,0,0,1,0,0,0
train/0001/ex02_enunciated_00102,0,0,1,0,0,0
train/0001/ex02_enunciated_00103,0,0,1,0,0,0
train/0001/ex02_enunciated_00104,0,0,1,0,0,0
train/0001/ex02_enunciated_00105,0,0,1,0,0,0
train/0001/ex02_enunciated_00106,0,0,1,0,0,0
train/0001/ex02_enunciated_00107,0,0,1,0,0,0
train/0001/ex02_enunciated_00108,0,0,1,0,0,0
train/0001/ex02_enunciated_00109,0,0,1,0,0,0
train/0001/ex02_enunciated_00110,0,0,1,0,0,0
train/0001/ex02_enunciated_00111,0,0,1,0,0,0
train/0001/ex02_enunciated_00112,0,0,1,0,0,0
train/0001/ex02_enunciated_00113,0,0,1,0,0,0
train/0001/ex02_enunciated_00114,0,0,1,0,0,0
train/0001/ex02_enunciated_00115,0,0,1,0,0,0
train/0001/ex02_enunciated_00116,0,0,1,0,0,0
train/0001/ex02_enunciated_00117,0,0,1,0,0,0
train/0001/ex02_enunciated_00118,0,0,1,0,0,0
train/0001/ex02_enunciated_00119,0,0,1,0,0,0
train/0001/ex02_enunciated_00120,0,0,1,0,0,0
train/0001/ex02_enunciated_00121,0,0,1,0,0,0
train/0001/ex02_enunciated_00122,0,0,1,0,0,0
train/0001/ex02_enunciated_00123,0,0,1,0,0,0
train/0001/ex02_enunciated_00124,0,0,1,0,0,0
train/0001/ex02_enunciated_00125,0,0,1,0,0,0
train/0001/ex02_enunciated_00126,0,0,1,0,0,0
train/0001/ex02_enunciated_00127,0,0,1,0,0,0
train/0001/ex02_enunciated_00128,0,0,1,0,0,0
train/0001/ex02_enunciated_00129,0,0,1,0,0,0
train/0001/ex02_enunciated_00130,0,0,1,0,0,0
train/0001/ex02_enunciated_00131,0,0,1,0,0,0
train/0001/ex02_enunciated_00132,0,0,1,0,0,0
train/0001/ex02_enunciated_00133,0,0,1,0,0,0
train/0001/ex02_enunciated_00134,0,0,1,0,0,0
train/0001/ex02_enunciated_00135,0,0,1,0,0,0
train/0001/ex02_enunciated_00136,0,0,1,0,0,0
train/0001/ex02_enunciated_00137,0,0,1,0,0,0
train/0001/ex02_enunciated_00138,0,0,1,0,0,0
train/0001/ex02_enunciated_00139,0,0,1,0,0,0
train/0001/ex02_enunciated_00140,0,0,1,0,0,0
train/0001/ex02_enunciated_00141,0,0,1,0,0,0
train/0001/ex02_enunciated_00142,0,0,1,0,0,0
train/0001/ex02_enunciated_00143,0,0,1,0,0,0
train/0001/ex02_enunciated_00144,0,0,1,0,0,0
train/0001/ex02_enunciated_00145,0,0,1,0,0,0
train/0001/ex02_enunciated_00146,0,0,1,0,0,0
train/0001/ex02_enunciated_00147,0,0,1,0,0,0
train/0001/ex02_enunciated_00148,0,0,1,0,0,0
train/0001/ex02_enunciated_00149,0,0,1,0,0,0
train/0001/ex02_enunciated_00150,0,0,1,0,0,0
train/0001/ex02_enunciated_00151,0,0,1,0,0,0
train/0001/ex02_enunciated_00152,0,0,1,0,0,0
train/0001/ex02_enunciated_00153,0,0,1,0,0,0
train/0001/ex02_enunciated_00154,0,0,1,0,0,0
train/0001/ex02_enunciated_00155,0,0,1,0,0,0
train/0001/ex02_enunciated_00156,0,0,1,0,0,0
train/0001/ex02_enunciated_00157,0,0,1,0,0,0
train/0001/ex02_enunciated_00158,0,0,1,0,0,0
train/0001/ex02_enunciated_00159,0,0,1,0,0,0
train/0001/ex02_enunciated_00160,0,0,1,0,0,0
train/0001/ex02_enunciated_00161,0,0,1,0,0,0
train/0001/ex02_enunciated_00162,0,0,1,0,0,0
train/0001/ex02_enunciated_00163,0,0,1,0,0,0
train/0001/ex02_enunciated_00164,0,0,1,0,0,0
train/0001/ex02_enunciated_00165,0,0,1,0,0,0
train/0001/ex02_enunciated_00166,0,0,1,0,0,0
train/0001/ex02_enunciated_00167,0,0,1,0,0,0
train/0001/ex02_enunciated_00168,0,0,1,0,0,0
train/0001/ex02_enunciated_00169,0,0,1,0,0,0
train/0001/ex02_enunciated_00170,0,0,1,0,0,0
train/0001/ex02_enunciated_00171,0,0,1,0,0,0
train/0001/ex02_enunciated_00172,0,0,1,0,0,0
train/0001/ex02_enunciated_00173,0,0,1,0,0,0
train/0001/ex02_enunciated_00174,0,0,1,0,0,0
train/0001/ex02_enunciated_00175,0,0,1,0,0,0
train/0001/ex02_enunciated_00176,0,0,1,0,0,0
train/0001/ex02_enunciated_00177,0,0,1,0,0,0
train/0001/ex02_enunciated_00178,0,0,1,0,0,0
train/0001/ex02_enunciated_00179,0,0,1,0,0,0
train/0001/ex02_enunciated_00180,0,0,1,0,0,0
train/0001/ex02_enunciated_00181,0,0,1,0,0,0
train/0001/ex02_enunciated_00182,0,0,1,0,0,0
train/0001/ex02_enunciated_00183,0,0,1,0,0,0
train/0001/ex02_enunciated_00184,0,0,1,0,0,0
train/0001/ex02_enunciated_00185,0,0,1,0,0,0
train/0001/ex02_enunciated_00186,0,0,1,0,0,0
train/0001/ex02_enunciated_00187,0,0,1,0,0,0
train/0001/ex02_enunciated_00188,0,0,1,0,0,0
train/0001/ex02_enunciated_00189,0,0,1,0,0,0
train/0001/ex02_enunciated_00190,0,0,1,0,0,0
train/0001/ex02_enunciated_00191,0,0,1,0,0,0
train/0001/ex02_enunciated_00192,0,0,1,0,0,0
train/0001/ex02_enunciated_00193,0,0,1,0,0,0
train/0001/ex02_enunciated_00194,0,0,1,0,0,0
train/0001/ex02_enunciated_00195,0,0,1,0,0,0
train/0001/ex02_enunciated_00196,0,0,1,0,0,0
train/0001/ex02_enunciated_00197,0,0,1,0,0,0
train/0001/ex02_enunciated_00198,0,0,1,0,0,0
train/0001/ex02_enunciated_00199,0,0,1,0,0,0
train/0001/ex02_enunciated_00200,0,0,1,0,0,0
train/0001/ex02_enunciated_00201,0,0,1,0,0,0
train/0001/ex02_enunciated_00202,0,0,1,0,0,0
train/0001/ex02_enunciated_00203,0,0,1,0,0,0
train/0001/ex02_enunciated_00204,0,0,1,0,0,0
train/0001/ex02_enunciated_00205,0,0,1,0,0,0
train/0001/ex02_enunciated_00206,0,0,1,0,0,0
train/0001/ex02_enunciated_00207,0,0,1,0,0,0
train/0001/ex02_enunciated_00208,0,0,1,0,0,0
train/0001/ex02_enunciated_00209,0,0,1,0,0,0
train/0001/ex02_enunciated_00210,0,0,1,0,0,0
train/0001/ex02_enunciated_00211,0,0,1,0,0,0
train/0001/ex02_enunciated_00212,0,0,1,0,0,0
train/0001/ex02_enunciated_00213,0,0,1,0,0,0
train/0001/ex02_enunciated_00214,0,0,1,0,0,0
train/0001/ex02_enunciated_00215,0,0,1,0,0,0
train/0001/ex02_enunciated_00216,0,0,1,0,0,0
train/0001/ex02_enunciated_00217,0,0,1,0,0,0
train/0001/ex02_enunciated_00218,0,0,1,0,0,0
train/0001/ex02_enunciated_00219,0,0,1,0,0,0
train/0001/ex02_enunciated_00220,0,0,1,0,0,0
train/0001/ex02_enunciated_00221,0,0,1,0,0,0
train/0001/ex02_enunciated_00222,0,0,1,0,0,0
train/0001/ex02_enunciated_00223,0,0,1,0,0,0
train/0001/ex02_enunciated_00224,0,0,1,0,0,0
train/0001/ex02_enunciated_00225,0,0,1,0,0,0
train/0001/ex02_enunciated_00226,0,0,1,0,0,0
train/0001/ex02_enunciated_00227,0,0,1,0,0,0
train/0001/ex02_enunciated_00228,0,0,1,0,0,0
train/0001/ex02_enunciated_00229,0,0,1,0,0,0
train/0001/ex02_enunciated_00230,0,0,1,0,0,0
train/0001/ex02_enunciated_00231,0,0,1,0,0,0
train/0001/ex02_enunciated_00232,0,0,1,0,0,0
train/0001/ex02_enunciated_00233,0,0,1,0,0,0
train/0001/ex02_enunciated_00234,0,0,1,0,0,0
train/0001/ex02_enunciated_00235,0,0,1,0,0,0
train/0001/ex02_enunciated_00236,0,0,1,0,0,0
train/0001/ex02_enunciated_00237,0,0,1,0,0,0
train/0001/ex02_enunciated_00238,0,0,1,0,0,0
train/0001/ex02_enunciated_00239,0,0,1,0,0,0
train/0001/ex02_enunciated_00240,0,0,1,0,0,0
train/0001/ex02_enunciated_00241,0,0,1,0,0,0
train/0001/ex02_enunciated_00242,0,0,1,0,0,0
train/0001/ex02_enunciated_00243,0,0,1,0,0,0
train/0001/ex02_enunciated_00244,0,0,1,0,0,0
train/0001/ex02_enunciated_00245,0,0,1,0,0,0
train/0001/ex02_enunciated_00246,0,0,1,0,0,0
train/0001/ex02_enunciated_00247,0,0,1,0,0,0
train/0001/ex02_enunciated_00248,0,0,1,0,0,0
train/0001/ex02_enunciated_00249,0,0,1,0,0,0
train/0001/ex02_enunciated_00250,0,0,1,0,0,0
train/0001/ex02_enunciated_00251,0,0,1,0,0,0
train/0001/ex02_enunciated_00252,0,0,1,0,0,0
train/0001/ex02_enunciated_00253,0,0,1,0,0,0
train/0001/ex02_enunciated_00254,0,0,1,0,0,0
train/0001/ex02_enunciated_00255,0,0,1,0,0,0
train/0001/ex02_enunciated_00256,0,0,1,0,0,0
train/0001/ex02_enunciated_00257,0,0,1,0,0,0
train/0001/ex02_enunciated_00258,0,0,1,0,0,0
train/0001/ex02_enunciated_00259,0,0,1,0,0,0
train/0001/ex02_enunciated_00260,0,0,1,0,0,0
train/0001/ex02_enunciated_00261,0,0,1,0,0,0
train/0001/ex02_enunciated_00262,0,0,1,0,0,0
train/0001/ex02_enunciated_00263,0,0,1,0,0,0
train/0001/ex02_enunciated_00264,0,0,1,0,0,0
train/0001/ex02_enunciated_00265,0,0,1,0,0,0
train/0001/ex02_enunciated_00266,0,0,1,0,0,0
train/0001/ex02_enunciated_00267,0,0,1,0,0,0
train/0001/ex02_enunciated_00268,0,0,1,0,0,0
train/0001/ex02_enunciated_00269,0,0,1,0,0,0
train/0001/ex02_enunciated_00270,0,0,1,0,0,0
train/0001/ex02_enunciated_00271,0,0,1,0,0,0
train/0001/ex02_enunciated_00272,0,0,1,0,0,0
train/0001/ex02_enunciated_00273,0,0,1,0,0,0
train/0001/ex02_enunciated_00274,0,0,1,0,0,0
train/0001/ex02_enunciated_00275,0,0,1,0,0,0
train/0001/ex02_enunciated_00276,0,0,1,0,0,0
train/0001/ex02_enunciated_00277,0,0,1,0,0,0
train/0001/ex02_enunciated_00278,0,0,1,0,0,0
train/0001/ex02_enunciated_00279,0,0,1,0,0,0
train/0001/ex02_enunciated_00280,0,0,1,0,0,0
train/0001/ex02_enunciated_00281,0,0,1,0,0,0
train/0001/ex02_enunciated_00282,0,0,1,0,0,0
train/0001/ex02_enunciated_00283,0,0,1,0,0,0
train/0001/ex02_enunciated_00284,0,0,1,0,0,0
train/0001/ex02_enunciated_00285,0,0,1,0,0,0
train/0001/ex02_enunciated_00286,0,0,1,0,0,0
train/0001/ex02_enunciated_00287,0,0,1,0,0,0
train/0001/ex02_enunciated_00288,0,0,1,0,0,0
train/0001/ex02_enunciated_00289,0,0,1,0,0,0
train/0001/ex02_enunciated_00290,0,0,1,0,0,0
train/0001/ex02_enunciated_00291,0,0,1,0,0,0
train/0001/ex02_enunciated_00292,0,0,1,0,0,0
train/0001/ex02_enunciated_00293,0,0,1,0,0,0
train/0001/ex02_enunciated_00294,0,0,1,0,0,0
train/0001/ex02_enunciated_00295,0,0,1,0,0,0
train/0001/ex02_enunciated_00296,0,0,1,0,0,0
train/0001/ex02_enunciated_00297,0,0,1,0,0,0
train/0001/ex02_enunciated_00298,0,0,1,0,0,0
train/0001/ex02_enunciated_00299,0,0,1,0,0,0
train/0001/ex02_enunciated_00300,0,0,1,0,0,0
train/0001/ex02_enunciated_00301,0,0,1,0,0,0
train/0001/ex02_enunciated_00302,0,0,1,0,0,0
train/0001/ex02_enunciated_00303,0,0,1,0,0,0
train/0001/ex02_enunciated_00304,0,0,1,0,0,0
train/0001/ex02_enunciated_00305,0,0,1,0,0,0
train/0001/ex02_enunciated_00306,0,0,1,0,0,0
train/0001/ex02_enunciated_00307,0,0,1,0,0,0
train/0001/ex02_enunciated_00308,0,0,1,0,0,0
train/0001/ex02_enunciated_00309,0,0,1,0,0,0
train/0001/ex02_enunciated_00310,0,0,1,0,0,0
train/0001/ex02_enunciated_00311,0,0,1,0,0,0
train/0001/ex02_enunciated_00312,0,0,1,0,0,0
train/0001/ex02_enunciated_00313,0,0,1,0,0,0
train/0001/ex02_enunciated_00314,0,0,1,0,0,0
train/0001/ex02_enunciated_00315,0,0,1,0,0,0
train/0001/ex02_enunciated_00316,0,0,1,0,0,0
train/0001/ex02_enunciated_00317,0,0,1,0,0,0
train/0001/ex02_enunciated_00318,0,0,1,0,0,0
train/0001/ex02_enunciated_00319,0,0,1,0,0,0
train/0001/ex02_enunciated_00320,0,0,1,0,0,0
train/0001/ex02_enunciated_00321,0,0,1,0,0,0
train/0001/ex02_enunciated_00322,0,0,1,0,0,0
train/0001/ex02_enunciated_00323,0,0,1,0,0,0
train/0001/ex02_enunciated_00324,0,0,1,0,0,0
train/0001/ex02_enunciated_00325,0,0,1,0,0,0
train/0001/ex02_enunciated_00326,0,0,1,0,0,0
train/0001/ex02_enunciated_00327,0,0,1,0,0,0
train/0001/ex02_enunciated_00328,0,0,1,0,0,0
train/0001/ex02_enunciated_00329,0,0,1,0,0,0
train/0001/ex02_enunciated_00330,0,0,1,0,0,0
train/0001/ex02_enunciated_00331,0,0,1,0,0,0
train/0001/ex02_enunciated_00332,0,0,1,0,0,0
train/0001/ex02_enunciated_00333,0,0,1,0,0,0
train/0001/ex02_enunciated_00334,0,0,1,0,0,0
train/0001/ex02_enunciated_00335,0,0,1,0,0,0
train/0001/ex02_enunciated_00336,0,0,1,0,0,0
train/0001/ex02_enunciated_00337,0,0,1,0,0,0
train/0001/ex02_enunciated_00338,0,0,1,0,0,0
train/0001/ex02_enunciated_00339,0,0,1,0,0,0
train/0001/ex02_enunciated_00340,0,0,1,0,0,0
train/0001/ex02_enunciated_00341,0,0,1,0,0,0
train/0001/ex02_enunciated_00342,0,0,1,0,0,0
train/0001/ex02_enunciated_00343,0,0,1,0,0,0
train/0001/ex02_enunciated_00344,0,0,1,0,0,0
train/0001/ex02_enunciated_00345,0,0,1,0,0,0
train/0001/ex02_enunciated_00346,0,0,1,0,0,0
train/0001/ex02_enunciated_00347,0,0,1,0,0,0
train/0001/ex02_enunciated_00348,0,0,1,0,0,0
train/0001/ex02_enunciated_00349,0,0,1,0,0,0
train/0001/ex02_enunciated_00350,0,0,1,0,0,0
train/0001/ex02_enunciated_00351,0,0,1,0,0,0
train/0001/ex02_enunciated_00352,0,0,1,0,0,0
train/0001/ex02_enunciated_00353,0,0,1,0,0,0
train/0001/ex02_enunciated_00354,0,0,1,0,0,0
dev/0001/ex02_enunciated_00355,0,0,1,0,0,0
dev/0001/ex02_enunciated_00356,0,0,1,0,0,0
dev/0001/ex02_enunciated_00357,0,0,1,0,0,0
dev/0001/ex02_enunciated_00358,0,0,1,0,0,0
dev/0001/ex02_enunciated_00359,0,0,1,0,0,0
dev/0001/ex02_enunciated_00360,0,0,1,0,0,0
dev/0001/ex02_enunciated_00361,0,0,1,0,0,0
dev/0001/ex02_enunciated_00362,0,0,1,0,0,0
dev/0001/ex02_enunciated_00363,0,0,1,0,0,0
dev/0001/ex02_enunciated_00364,0,0,1,0,0,0
dev/0001/ex02_enunciated_00365,0,0,1,0,0,0
dev/0001/ex02_enunciated_00366,0,0,1,0,0,0
dev/0001/ex02_enunciated_00367,0,0,1,0,0,0
dev/0001/ex02_enunciated_00368,0,0,1,0,0,0
dev/0001/ex02_enunciated_00369,0,0,1,0,0,0
test/0001/ex02_enunciated_00370,0,0,1,0,0,0
test/0001/ex02_enunciated_00371,0,0,1,0,0,0
test/0001/ex02_enunciated_00372,0,0,1,0,0,0
test/0001/ex02_enunciated_00373,0,0,1,0,0,0
test/0001/ex02_enunciated_00374,0,0,1,0,0,0
test/0001/ex02_enunciated_00375,0,0,1,0,0,0
test/0001/ex02_enunciated_00376,0,0,1,0,0,0
test/0001/ex02_enunciated_00377,0,0,1,0,0,0
test/0001/ex02_enunciated_00378,0,0,1,0,0,0
test/0001/ex02_enunciated_00379,0,0,1,0,0,0
test/0001/ex02_enunciated_00380,0,0,1,0,0,0
train/0001/ex02_happy_00001,0,0,0,1,0,0
train/0001/ex02_happy_00002,0,0,0,1,0,0
train/0001/ex02_happy_00003,0,0,0,1,0,0
train/0001/ex02_happy_00004,0,0,0,1,0,0
train/0001/ex02_happy_00005,0,0,0,1,0,0
train/0001/ex02_happy_00006,0,0,0,1,0,0
train/0001/ex02_happy_00007,0,0,0,1,0,0
train/0001/ex02_happy_00008,0,0,0,1,0,0
train/0001/ex02_happy_00009,0,0,0,1,0,0
train/0001/ex02_happy_00010,0,0,0,1,0,0
train/0001/ex02_happy_00011,0,0,0,1,0,0
train/0001/ex02_happy_00012,0,0,0,1,0,0
train/0001/ex02_happy_00013,0,0,0,1,0,0
train/0001/ex02_happy_00014,0,0,0,1,0,0
train/0001/ex02_happy_00015,0,0,0,1,0,0
train/0001/ex02_happy_00016,0,0,0,1,0,0
train/0001/ex02_happy_00017,0,0,0,1,0,0
train/0001/ex02_happy_00018,0,0,0,1,0,0
train/0001/ex02_happy_00019,0,0,0,1,0,0
train/0001/ex02_happy_00020,0,0,0,1,0,0
train/0001/ex02_happy_00021,0,0,0,1,0,0
train/0001/ex02_happy_00022,0,0,0,1,0,0
train/0001/ex02_happy_00023,0,0,0,1,0,0
train/0001/ex02_happy_00024,0,0,0,1,0,0
train/0001/ex02_happy_00025,0,0,0,1,0,0
train/0001/ex02_happy_00026,0,0,0,1,0,0
train/0001/ex02_happy_00027,0,0,0,1,0,0
train/0001/ex02_happy_00028,0,0,0,1,0,0
train/0001/ex02_happy_00029,0,0,0,1,0,0
train/0001/ex02_happy_00030,0,0,0,1,0,0
train/0001/ex02_happy_00031,0,0,0,1,0,0
train/0001/ex02_happy_00032,0,0,0,1,0,0
train/0001/ex02_happy_00033,0,0,0,1,0,0
train/0001/ex02_happy_00034,0,0,0,1,0,0
train/0001/ex02_happy_00035,0,0,0,1,0,0
train/0001/ex02_happy_00036,0,0,0,1,0,0
train/0001/ex02_happy_00037,0,0,0,1,0,0
train/0001/ex02_happy_00038,0,0,0,1,0,0
train/0001/ex02_happy_00039,0,0,0,1,0,0
train/0001/ex02_happy_00040,0,0,0,1,0,0
train/0001/ex02_happy_00041,0,0,0,1,0,0
train/0001/ex02_happy_00042,0,0,0,1,0,0
train/0001/ex02_happy_00043,0,0,0,1,0,0
train/0001/ex02_happy_00044,0,0,0,1,0,0
train/0001/ex02_happy_00045,0,0,0,1,0,0
train/0001/ex02_happy_00046,0,0,0,1,0,0
train/0001/ex02_happy_00047,0,0,0,1,0,0
train/0001/ex02_happy_00048,0,0,0,1,0,0
train/0001/ex02_happy_00049,0,0,0,1,0,0
train/0001/ex02_happy_00050,0,0,0,1,0,0
train/0001/ex02_happy_00051,0,0,0,1,0,0
train/0001/ex02_happy_00052,0,0,0,1,0,0
train/0001/ex02_happy_00053,0,0,0,1,0,0
train/0001/ex02_happy_00054,0,0,0,1,0,0
train/0001/ex02_happy_00055,0,0,0,1,0,0
train/0001/ex02_happy_00056,0,0,0,1,0,0
train/0001/ex02_happy_00057,0,0,0,1,0,0
train/0001/ex02_happy_00058,0,0,0,1,0,0
train/0001/ex02_happy_00059,0,0,0,1,0,0
train/0001/ex02_happy_00060,0,0,0,1,0,0
train/0001/ex02_happy_00061,0,0,0,1,0,0
train/0001/ex02_happy_00062,0,0,0,1,0,0
train/0001/ex02_happy_00063,0,0,0,1,0,0
train/0001/ex02_happy_00064,0,0,0,1,0,0
train/0001/ex02_happy_00065,0,0,0,1,0,0
train/0001/ex02_happy_00066,0,0,0,1,0,0
train/0001/ex02_happy_00067,0,0,0,1,0,0
train/0001/ex02_happy_00068,0,0,0,1,0,0
train/0001/ex02_happy_00069,0,0,0,1,0,0
train/0001/ex02_happy_00070,0,0,0,1,0,0
train/0001/ex02_happy_00071,0,0,0,1,0,0
train/0001/ex02_happy_00072,0,0,0,1,0,0
train/0001/ex02_happy_00073,0,0,0,1,0,0
train/0001/ex02_happy_00074,0,0,0,1,0,0
train/0001/ex02_happy_00075,0,0,0,1,0,0
train/0001/ex02_happy_00076,0,0,0,1,0,0
train/0001/ex02_happy_00077,0,0,0,1,0,0
train/0001/ex02_happy_00078,0,0,0,1,0,0
train/0001/ex02_happy_00079,0,0,0,1,0,0
train/0001/ex02_happy_00080,0,0,0,1,0,0
train/0001/ex02_happy_00081,0,0,0,1,0,0
train/0001/ex02_happy_00082,0,0,0,1,0,0
train/0001/ex02_happy_00083,0,0,0,1,0,0
train/0001/ex02_happy_00084,0,0,0,1,0,0
train/0001/ex02_happy_00085,0,0,0,1,0,0
train/0001/ex02_happy_00086,0,0,0,1,0,0
train/0001/ex02_happy_00087,0,0,0,1,0,0
train/0001/ex02_happy_00088,0,0,0,1,0,0
train/0001/ex02_happy_00089,0,0,0,1,0,0
train/0001/ex02_happy_00090,0,0,0,1,0,0
train/0001/ex02_happy_00091,0,0,0,1,0,0
train/0001/ex02_happy_00092,0,0,0,1,0,0
train/0001/ex02_happy_00093,0,0,0,1,0,0
train/0001/ex02_happy_00094,0,0,0,1,0,0
train/0001/ex02_happy_00095,0,0,0,1,0,0
train/0001/ex02_happy_00096,0,0,0,1,0,0
train/0001/ex02_happy_00097,0,0,0,1,0,0
train/0001/ex02_happy_00098,0,0,0,1,0,0
train/0001/ex02_happy_00099,0,0,0,1,0,0
train/0001/ex02_happy_00100,0,0,0,1,0,0
train/0001/ex02_happy_00101,0,0,0,1,0,0
train/0001/ex02_happy_00102,0,0,0,1,0,0
train/0001/ex02_happy_00103,0,0,0,1,0,0
train/0001/ex02_happy_00104,0,0,0,1,0,0
train/0001/ex02_happy_00105,0,0,0,1,0,0
train/0001/ex02_happy_00106,0,0,0,1,0,0
train/0001/ex02_happy_00107,0,0,0,1,0,0
train/0001/ex02_happy_00108,0,0,0,1,0,0
train/0001/ex02_happy_00109,0,0,0,1,0,0
train/0001/ex02_happy_00110,0,0,0,1,0,0
train/0001/ex02_happy_00111,0,0,0,1,0,0
train/0001/ex02_happy_00112,0,0,0,1,0,0
train/0001/ex02_happy_00113,0,0,0,1,0,0
train/0001/ex02_happy_00114,0,0,0,1,0,0
train/0001/ex02_happy_00115,0,0,0,1,0,0
train/0001/ex02_happy_00116,0,0,0,1,0,0
train/0001/ex02_happy_00117,0,0,0,1,0,0
train/0001/ex02_happy_00118,0,0,0,1,0,0
train/0001/ex02_happy_00119,0,0,0,1,0,0
train/0001/ex02_happy_00120,0,0,0,1,0,0
train/0001/ex02_happy_00121,0,0,0,1,0,0
train/0001/ex02_happy_00122,0,0,0,1,0,0
train/0001/ex02_happy_00123,0,0,0,1,0,0
train/0001/ex02_happy_00124,0,0,0,1,0,0
train/0001/ex02_happy_00125,0,0,0,1,0,0
train/0001/ex02_happy_00126,0,0,0,1,0,0
train/0001/ex02_happy_00127,0,0,0,1,0,0
train/0001/ex02_happy_00128,0,0,0,1,0,0
train/0001/ex02_happy_00129,0,0,0,1,0,0
train/0001/ex02_happy_00130,0,0,0,1,0,0
train/0001/ex02_happy_00131,0,0,0,1,0,0
train/0001/ex02_happy_00132,0,0,0,1,0,0
train/0001/ex02_happy_00133,0,0,0,1,0,0
train/0001/ex02_happy_00134,0,0,0,1,0,0
train/0001/ex02_happy_00135,0,0,0,1,0,0
train/0001/ex02_happy_00136,0,0,0,1,0,0
train/0001/ex02_happy_00137,0,0,0,1,0,0
train/0001/ex02_happy_00138,0,0,0,1,0,0
train/0001/ex02_happy_00139,0,0,0,1,0,0
train/0001/ex02_happy_00140,0,0,0,1,0,0
train/0001/ex02_happy_00141,0,0,0,1,0,0
train/0001/ex02_happy_00142,0,0,0,1,0,0
train/0001/ex02_happy_00143,0,0,0,1,0,0
train/0001/ex02_happy_00144,0,0,0,1,0,0
train/0001/ex02_happy_00145,0,0,0,1,0,0
train/0001/ex02_happy_00146,0,0,0,1,0,0
train/0001/ex02_happy_00147,0,0,0,1,0,0
train/0001/ex02_happy_00148,0,0,0,1,0,0
train/0001/ex02_happy_00149,0,0,0,1,0,0
train/0001/ex02_happy_00150,0,0,0,1,0,0
train/0001/ex02_happy_00151,0,0,0,1,0,0
train/0001/ex02_happy_00152,0,0,0,1,0,0
train/0001/ex02_happy_00153,0,0,0,1,0,0
train/0001/ex02_happy_00154,0,0,0,1,0,0
train/0001/ex02_happy_00155,0,0,0,1,0,0
train/0001/ex02_happy_00156,0,0,0,1,0,0
train/0001/ex02_happy_00157,0,0,0,1,0,0
train/0001/ex02_happy_00158,0,0,0,1,0,0
train/0001/ex02_happy_00159,0,0,0,1,0,0
train/0001/ex02_happy_00160,0,0,0,1,0,0
train/0001/ex02_happy_00161,0,0,0,1,0,0
train/0001/ex02_happy_00162,0,0,0,1,0,0
train/0001/ex02_happy_00163,0,0,0,1,0,0
train/0001/ex02_happy_00164,0,0,0,1,0,0
train/0001/ex02_happy_00165,0,0,0,1,0,0
train/0001/ex02_happy_00166,0,0,0,1,0,0
train/0001/ex02_happy_00167,0,0,0,1,0,0
train/0001/ex02_happy_00168,0,0,0,1,0,0
train/0001/ex02_happy_00169,0,0,0,1,0,0
train/0001/ex02_happy_00170,0,0,0,1,0,0
train/0001/ex02_happy_00171,0,0,0,1,0,0
train/0001/ex02_happy_00172,0,0,0,1,0,0
train/0001/ex02_happy_00173,0,0,0,1,0,0
train/0001/ex02_happy_00174,0,0,0,1,0,0
train/0001/ex02_happy_00175,0,0,0,1,0,0
train/0001/ex02_happy_00176,0,0,0,1,0,0
train/0001/ex02_happy_00177,0,0,0,1,0,0
train/0001/ex02_happy_00178,0,0,0,1,0,0
train/0001/ex02_happy_00179,0,0,0,1,0,0
train/0001/ex02_happy_00180,0,0,0,1,0,0
train/0001/ex02_happy_00181,0,0,0,1,0,0
train/0001/ex02_happy_00182,0,0,0,1,0,0
train/0001/ex02_happy_00183,0,0,0,1,0,0
train/0001/ex02_happy_00184,0,0,0,1,0,0
train/0001/ex02_happy_00185,0,0,0,1,0,0
train/0001/ex02_happy_00186,0,0,0,1,0,0
train/0001/ex02_happy_00187,0,0,0,1,0,0
train/0001/ex02_happy_00188,0,0,0,1,0,0
train/0001/ex02_happy_00189,0,0,0,1,0,0
train/0001/ex02_happy_00190,0,0,0,1,0,0
train/0001/ex02_happy_00191,0,0,0,1,0,0
train/0001/ex02_happy_00192,0,0,0,1,0,0
train/0001/ex02_happy_00193,0,0,0,1,0,0
train/0001/ex02_happy_00194,0,0,0,1,0,0
train/0001/ex02_happy_00195,0,0,0,1,0,0
train/0001/ex02_happy_00196,0,0,0,1,0,0
train/0001/ex02_happy_00197,0,0,0,1,0,0
train/0001/ex02_happy_00198,0,0,0,1,0,0
train/0001/ex02_happy_00199,0,0,0,1,0,0
train/0001/ex02_happy_00200,0,0,0,1,0,0
train/0001/ex02_happy_00201,0,0,0,1,0,0
train/0001/ex02_happy_00202,0,0,0,1,0,0
train/0001/ex02_happy_00203,0,0,0,1,0,0
train/0001/ex02_happy_00204,0,0,0,1,0,0
train/0001/ex02_happy_00205,0,0,0,1,0,0
train/0001/ex02_happy_00206,0,0,0,1,0,0
train/0001/ex02_happy_00207,0,0,0,1,0,0
train/0001/ex02_happy_00208,0,0,0,1,0,0
train/0001/ex02_happy_00209,0,0,0,1,0,0
train/0001/ex02_happy_00210,0,0,0,1,0,0
train/0001/ex02_happy_00211,0,0,0,1,0,0
train/0001/ex02_happy_00212,0,0,0,1,0,0
train/0001/ex02_happy_00213,0,0,0,1,0,0
train/0001/ex02_happy_00214,0,0,0,1,0,0
train/0001/ex02_happy_00215,0,0,0,1,0,0
train/0001/ex02_happy_00216,0,0,0,1,0,0
train/0001/ex02_happy_00217,0,0,0,1,0,0
train/0001/ex02_happy_00218,0,0,0,1,0,0
train/0001/ex02_happy_00219,0,0,0,1,0,0
train/0001/ex02_happy_00220,0,0,0,1,0,0
train/0001/ex02_happy_00221,0,0,0,1,0,0
train/0001/ex02_happy_00222,0,0,0,1,0,0
train/0001/ex02_happy_00223,0,0,0,1,0,0
train/0001/ex02_happy_00224,0,0,0,1,0,0
train/0001/ex02_happy_00225,0,0,0,1,0,0
train/0001/ex02_happy_00226,0,0,0,1,0,0
train/0001/ex02_happy_00227,0,0,0,1,0,0
train/0001/ex02_happy_00228,0,0,0,1,0,0
train/0001/ex02_happy_00229,0,0,0,1,0,0
train/0001/ex02_happy_00230,0,0,0,1,0,0
train/0001/ex02_happy_00231,0,0,0,1,0,0
train/0001/ex02_happy_00232,0,0,0,1,0,0
train/0001/ex02_happy_00233,0,0,0,1,0,0
train/0001/ex02_happy_00234,0,0,0,1,0,0
train/0001/ex02_happy_00235,0,0,0,1,0,0
train/0001/ex02_happy_00236,0,0,0,1,0,0
train/0001/ex02_happy_00237,0,0,0,1,0,0
train/0001/ex02_happy_00238,0,0,0,1,0,0
train/0001/ex02_happy_00239,0,0,0,1,0,0
train/0001/ex02_happy_00240,0,0,0,1,0,0
train/0001/ex02_happy_00241,0,0,0,1,0,0
train/0001/ex02_happy_00242,0,0,0,1,0,0
train/0001/ex02_happy_00243,0,0,0,1,0,0
train/0001/ex02_happy_00244,0,0,0,1,0,0
train/0001/ex02_happy_00245,0,0,0,1,0,0
train/0001/ex02_happy_00246,0,0,0,1,0,0
train/0001/ex02_happy_00247,0,0,0,1,0,0
train/0001/ex02_happy_00248,0,0,0,1,0,0
train/0001/ex02_happy_00249,0,0,0,1,0,0
train/0001/ex02_happy_00250,0,0,0,1,0,0
train/0001/ex02_happy_00251,0,0,0,1,0,0
train/0001/ex02_happy_00252,0,0,0,1,0,0
train/0001/ex02_happy_00253,0,0,0,1,0,0
train/0001/ex02_happy_00254,0,0,0,1,0,0
train/0001/ex02_happy_00255,0,0,0,1,0,0
train/0001/ex02_happy_00256,0,0,0,1,0,0
train/0001/ex02_happy_00257,0,0,0,1,0,0
train/0001/ex02_happy_00258,0,0,0,1,0,0
train/0001/ex02_happy_00259,0,0,0,1,0,0
train/0001/ex02_happy_00260,0,0,0,1,0,0
train/0001/ex02_happy_00261,0,0,0,1,0,0
train/0001/ex02_happy_00262,0,0,0,1,0,0
train/0001/ex02_happy_00263,0,0,0,1,0,0
train/0001/ex02_happy_00264,0,0,0,1,0,0
train/0001/ex02_happy_00265,0,0,0,1,0,0
train/0001/ex02_happy_00266,0,0,0,1,0,0
train/0001/ex02_happy_00267,0,0,0,1,0,0
train/0001/ex02_happy_00268,0,0,0,1,0,0
train/0001/ex02_happy_00269,0,0,0,1,0,0
train/0001/ex02_happy_00270,0,0,0,1,0,0
train/0001/ex02_happy_00271,0,0,0,1,0,0
train/0001/ex02_happy_00272,0,0,0,1,0,0
train/0001/ex02_happy_00273,0,0,0,1,0,0
train/0001/ex02_happy_00274,0,0,0,1,0,0
train/0001/ex02_happy_00275,0,0,0,1,0,0
train/0001/ex02_happy_00276,0,0,0,1,0,0
train/0001/ex02_happy_00277,0,0,0,1,0,0
train/0001/ex02_happy_00278,0,0,0,1,0,0
train/0001/ex02_happy_00279,0,0,0,1,0,0
train/0001/ex02_happy_00280,0,0,0,1,0,0
train/0001/ex02_happy_00281,0,0,0,1,0,0
train/0001/ex02_happy_00282,0,0,0,1,0,0
train/0001/ex02_happy_00283,0,0,0,1,0,0
train/0001/ex02_happy_00284,0,0,0,1,0,0
train/0001/ex02_happy_00285,0,0,0,1,0,0
train/0001/ex02_happy_00286,0,0,0,1,0,0
train/0001/ex02_happy_00287,0,0,0,1,0,0
train/0001/ex02_happy_00288,0,0,0,1,0,0
train/0001/ex02_happy_00289,0,0,0,1,0,0
train/0001/ex02_happy_00290,0,0,0,1,0,0
train/0001/ex02_happy_00291,0,0,0,1,0,0
train/0001/ex02_happy_00292,0,0,0,1,0,0
train/0001/ex02_happy_00293,0,0,0,1,0,0
train/0001/ex02_happy_00294,0,0,0,1,0,0
train/0001/ex02_happy_00295,0,0,0,1,0,0
train/0001/ex02_happy_00296,0,0,0,1,0,0
train/0001/ex02_happy_00297,0,0,0,1,0,0
train/0001/ex02_happy_00298,0,0,0,1,0,0
train/0001/ex02_happy_00299,0,0,0,1,0,0
train/0001/ex02_happy_00300,0,0,0,1,0,0
train/0001/ex02_happy_00301,0,0,0,1,0,0
train/0001/ex02_happy_00302,0,0,0,1,0,0
train/0001/ex02_happy_00303,0,0,0,1,0,0
train/0001/ex02_happy_00304,0,0,0,1,0,0
train/0001/ex02_happy_00305,0,0,0,1,0,0
train/0001/ex02_happy_00306,0,0,0,1,0,0
train/0001/ex02_happy_00307,0,0,0,1,0,0
train/0001/ex02_happy_00308,0,0,0,1,0,0
train/0001/ex02_happy_00309,0,0,0,1,0,0
train/0001/ex02_happy_00310,0,0,0,1,0,0
train/0001/ex02_happy_00311,0,0,0,1,0,0
train/0001/ex02_happy_00312,0,0,0,1,0,0
train/0001/ex02_happy_00313,0,0,0,1,0,0
train/0001/ex02_happy_00314,0,0,0,1,0,0
train/0001/ex02_happy_00315,0,0,0,1,0,0
train/0001/ex02_happy_00316,0,0,0,1,0,0
train/0001/ex02_happy_00317,0,0,0,1,0,0
train/0001/ex02_happy_00318,0,0,0,1,0,0
train/0001/ex02_happy_00319,0,0,0,1,0,0
train/0001/ex02_happy_00320,0,0,0,1,0,0
train/0001/ex02_happy_00321,0,0,0,1,0,0
train/0001/ex02_happy_00322,0,0,0,1,0,0
train/0001/ex02_happy_00323,0,0,0,1,0,0
train/0001/ex02_happy_00324,0,0,0,1,0,0
train/0001/ex02_happy_00325,0,0,0,1,0,0
train/0001/ex02_happy_00326,0,0,0,1,0,0
train/0001/ex02_happy_00327,0,0,0,1,0,0
train/0001/ex02_happy_00328,0,0,0,1,0,0
train/0001/ex02_happy_00329,0,0,0,1,0,0
train/0001/ex02_happy_00330,0,0,0,1,0,0
train/0001/ex02_happy_00331,0,0,0,1,0,0
train/0001/ex02_happy_00332,0,0,0,1,0,0
train/0001/ex02_happy_00333,0,0,0,1,0,0
train/0001/ex02_happy_00334,0,0,0,1,0,0
train/0001/ex02_happy_00335,0,0,0,1,0,0
train/0001/ex02_happy_00336,0,0,0,1,0,0
train/0001/ex02_happy_00337,0,0,0,1,0,0
train/0001/ex02_happy_00338,0,0,0,1,0,0
train/0001/ex02_happy_00339,0,0,0,1,0,0
train/0001/ex02_happy_00340,0,0,0,1,0,0
train/0001/ex02_happy_00341,0,0,0,1,0,0
dev/0001/ex02_happy_00342,0,0,0,1,0,0
dev/0001/ex02_happy_00343,0,0,0,1,0,0
dev/0001/ex02_happy_00344,0,0,0,1,0,0
dev/0001/ex02_happy_00345,0,0,0,1,0,0
dev/0001/ex02_happy_00346,0,0,0,1,0,0
dev/0001/ex02_happy_00347,0,0,0,1,0,0
dev/0001/ex02_happy_00348,0,0,0,1,0,0
dev/0001/ex02_happy_00349,0,0,0,1,0,0
dev/0001/ex02_happy_00350,0,0,0,1,0,0
dev/0001/ex02_happy_00351,0,0,0,1,0,0
dev/0001/ex02_happy_00352,0,0,0,1,0,0
dev/0001/ex02_happy_00353,0,0,0,1,0,0
dev/0001/ex02_happy_00354,0,0,0,1,0,0
dev/0001/ex02_happy_00355,0,0,0,1,0,0
dev/0001/ex02_happy_00356,0,0,0,1,0,0
dev/0001/ex02_happy_00357,0,0,0,1,0,0
dev/0001/ex02_happy_00358,0,0,0,1,0,0
dev/0001/ex02_happy_00359,0,0,0,1,0,0
dev/0001/ex02_happy_00360,0,0,0,1,0,0
dev/0001/ex02_happy_00361,0,0,0,1,0,0
dev/0001/ex02_happy_00362,0,0,0,1,0,0
test/0001/ex02_happy_00363,0,0,0,1,0,0
test/0001/ex02_happy_00364,0,0,0,1,0,0
test/0001/ex02_happy_00365,0,0,0,1,0,0
test/0001/ex02_happy_00366,0,0,0,1,0,0
test/0001/ex02_happy_00367,0,0,0,1,0,0
test/0001/ex02_happy_00368,0,0,0,1,0,0
test/0001/ex02_happy_00369,0,0,0,1,0,0
test/0001/ex02_happy_00370,0,0,0,1,0,0
test/0001/ex02_happy_00371,0,0,0,1,0,0
test/0001/ex02_happy_00372,0,0,0,1,0,0
test/0001/ex02_happy_00373,0,0,0,1,0,0
test/0001/ex02_happy_00374,0,0,0,1,0,0
test/0001/ex02_happy_00375,0,0,0,1,0,0
test/0001/ex02_happy_00376,0,0,0,1,0,0
test/0001/ex02_happy_00377,0,0,0,1,0,0
test/0001/ex02_happy_00378,0,0,0,1,0,0
test/0001/ex02_happy_00379,0,0,0,1,0,0
test/0001/ex02_happy_00380,0,0,0,1,0,0
train/0001/ex02_laughing_00001,0,0,0,0,1,0
train/0001/ex02_laughing_00002,0,0,0,0,1,0
train/0001/ex02_laughing_00003,0,0,0,0,1,0
train/0001/ex02_laughing_00004,0,0,0,0,1,0
train/0001/ex02_laughing_00005,0,0,0,0,1,0
train/0001/ex02_laughing_00006,0,0,0,0,1,0
train/0001/ex02_laughing_00007,0,0,0,0,1,0
train/0001/ex02_laughing_00008,0,0,0,0,1,0
train/0001/ex02_laughing_00009,0,0,0,0,1,0
train/0001/ex02_laughing_00010,0,0,0,0,1,0
train/0001/ex02_laughing_00011,0,0,0,0,1,0
train/0001/ex02_laughing_00012,0,0,0,0,1,0
train/0001/ex02_laughing_00013,0,0,0,0,1,0
train/0001/ex02_laughing_00014,0,0,0,0,1,0
train/0001/ex02_laughing_00015,0,0,0,0,1,0
train/0001/ex02_laughing_00016,0,0,0,0,1,0
train/0001/ex02_laughing_00017,0,0,0,0,1,0
train/0001/ex02_laughing_00018,0,0,0,0,1,0
train/0001/ex02_laughing_00019,0,0,0,0,1,0
train/0001/ex02_laughing_00020,0,0,0,0,1,0
train/0001/ex02_laughing_00021,0,0,0,0,1,0
train/0001/ex02_laughing_00022,0,0,0,0,1,0
train/0001/ex02_laughing_00023,0,0,0,0,1,0
train/0001/ex02_laughing_00024,0,0,0,0,1,0
train/0001/ex02_laughing_00025,0,0,0,0,1,0
train/0001/ex02_laughing_00026,0,0,0,0,1,0
train/0001/ex02_laughing_00027,0,0,0,0,1,0
train/0001/ex02_laughing_00028,0,0,0,0,1,0
train/0001/ex02_laughing_00029,0,0,0,0,1,0
train/0001/ex02_laughing_00030,0,0,0,0,1,0
train/0001/ex02_laughing_00031,0,0,0,0,1,0
train/0001/ex02_laughing_00032,0,0,0,0,1,0
train/0001/ex02_laughing_00033,0,0,0,0,1,0
train/0001/ex02_laughing_00034,0,0,0,0,1,0
train/0001/ex02_laughing_00035,0,0,0,0,1,0
train/0001/ex02_laughing_00036,0,0,0,0,1,0
train/0001/ex02_laughing_00037,0,0,0,0,1,0
train/0001/ex02_laughing_00038,0,0,0,0,1,0
train/0001/ex02_laughing_00039,0,0,0,0,1,0
train/0001/ex02_laughing_00040,0,0,0,0,1,0
train/0001/ex02_laughing_00041,0,0,0,0,1,0
train/0001/ex02_laughing_00042,0,0,0,0,1,0
train/0001/ex02_laughing_00043,0,0,0,0,1,0
train/0001/ex02_laughing_00044,0,0,0,0,1,0
train/0001/ex02_laughing_00045,0,0,0,0,1,0
train/0001/ex02_laughing_00046,0,0,0,0,1,0
train/0001/ex02_laughing_00047,0,0,0,0,1,0
train/0001/ex02_laughing_00048,0,0,0,0,1,0
train/0001/ex02_laughing_00049,0,0,0,0,1,0
train/0001/ex02_laughing_00050,0,0,0,0,1,0
train/0001/ex02_laughing_00051,0,0,0,0,1,0
train/0001/ex02_laughing_00052,0,0,0,0,1,0
train/0001/ex02_laughing_00053,0,0,0,0,1,0
train/0001/ex02_laughing_00054,0,0,0,0,1,0
train/0001/ex02_laughing_00055,0,0,0,0,1,0
train/0001/ex02_laughing_00056,0,0,0,0,1,0
train/0001/ex02_laughing_00057,0,0,0,0,1,0
train/0001/ex02_laughing_00058,0,0,0,0,1,0
train/0001/ex02_laughing_00059,0,0,0,0,1,0
train/0001/ex02_laughing_00060,0,0,0,0,1,0
train/0001/ex02_laughing_00061,0,0,0,0,1,0
train/0001/ex02_laughing_00062,0,0,0,0,1,0
train/0001/ex02_laughing_00063,0,0,0,0,1,0
train/0001/ex02_laughing_00064,0,0,0,0,1,0
train/0001/ex02_laughing_00065,0,0,0,0,1,0
train/0001/ex02_laughing_00066,0,0,0,0,1,0
train/0001/ex02_laughing_00067,0,0,0,0,1,0
train/0001/ex02_laughing_00068,0,0,0,0,1,0
train/0001/ex02_laughing_00069,0,0,0,0,1,0
train/0001/ex02_laughing_00070,0,0,0,0,1,0
train/0001/ex02_laughing_00071,0,0,0,0,1,0
train/0001/ex02_laughing_00072,0,0,0,0,1,0
train/0001/ex02_laughing_00073,0,0,0,0,1,0
train/0001/ex02_laughing_00074,0,0,0,0,1,0
train/0001/ex02_laughing_00075,0,0,0,0,1,0
train/0001/ex02_laughing_00076,0,0,0,0,1,0
train/0001/ex02_laughing_00077,0,0,0,0,1,0
train/0001/ex02_laughing_00078,0,0,0,0,1,0
train/0001/ex02_laughing_00079,0,0,0,0,1,0
train/0001/ex02_laughing_00080,0,0,0,0,1,0
train/0001/ex02_laughing_00081,0,0,0,0,1,0
train/0001/ex02_laughing_00082,0,0,0,0,1,0
train/0001/ex02_laughing_00083,0,0,0,0,1,0
train/0001/ex02_laughing_00084,0,0,0,0,1,0
train/0001/ex02_laughing_00085,0,0,0,0,1,0
train/0001/ex02_laughing_00086,0,0,0,0,1,0
train/0001/ex02_laughing_00087,0,0,0,0,1,0
train/0001/ex02_laughing_00088,0,0,0,0,1,0
train/0001/ex02_laughing_00089,0,0,0,0,1,0
train/0001/ex02_laughing_00090,0,0,0,0,1,0
train/0001/ex02_laughing_00091,0,0,0,0,1,0
train/0001/ex02_laughing_00092,0,0,0,0,1,0
train/0001/ex02_laughing_00093,0,0,0,0,1,0
train/0001/ex02_laughing_00094,0,0,0,0,1,0
train/0001/ex02_laughing_00095,0,0,0,0,1,0
train/0001/ex02_laughing_00096,0,0,0,0,1,0
train/0001/ex02_laughing_00097,0,0,0,0,1,0
train/0001/ex02_laughing_00098,0,0,0,0,1,0
train/0001/ex02_laughing_00099,0,0,0,0,1,0
train/0001/ex02_laughing_00100,0,0,0,0,1,0
train/0001/ex02_laughing_00101,0,0,0,0,1,0
train/0001/ex02_laughing_00102,0,0,0,0,1,0
train/0001/ex02_laughing_00103,0,0,0,0,1,0
train/0001/ex02_laughing_00104,0,0,0,0,1,0
train/0001/ex02_laughing_00105,0,0,0,0,1,0
train/0001/ex02_laughing_00106,0,0,0,0,1,0
train/0001/ex02_laughing_00107,0,0,0,0,1,0
train/0001/ex02_laughing_00108,0,0,0,0,1,0
train/0001/ex02_laughing_00109,0,0,0,0,1,0
train/0001/ex02_laughing_00110,0,0,0,0,1,0
train/0001/ex02_laughing_00111,0,0,0,0,1,0
train/0001/ex02_laughing_00112,0,0,0,0,1,0
train/0001/ex02_laughing_00113,0,0,0,0,1,0
train/0001/ex02_laughing_00114,0,0,0,0,1,0
train/0001/ex02_laughing_00115,0,0,0,0,1,0
train/0001/ex02_laughing_00116,0,0,0,0,1,0
train/0001/ex02_laughing_00117,0,0,0,0,1,0
train/0001/ex02_laughing_00118,0,0,0,0,1,0
train/0001/ex02_laughing_00119,0,0,0,0,1,0
train/0001/ex02_laughing_00120,0,0,0,0,1,0
train/0001/ex02_laughing_00121,0,0,0,0,1,0
train/0001/ex02_laughing_00122,0,0,0,0,1,0
train/0001/ex02_laughing_00123,0,0,0,0,1,0
train/0001/ex02_laughing_00124,0,0,0,0,1,0
train/0001/ex02_laughing_00125,0,0,0,0,1,0
train/0001/ex02_laughing_00126,0,0,0,0,1,0
train/0001/ex02_laughing_00127,0,0,0,0,1,0
train/0001/ex02_laughing_00128,0,0,0,0,1,0
train/0001/ex02_laughing_00129,0,0,0,0,1,0
train/0001/ex02_laughing_00130,0,0,0,0,1,0
train/0001/ex02_laughing_00131,0,0,0,0,1,0
train/0001/ex02_laughing_00132,0,0,0,0,1,0
train/0001/ex02_laughing_00133,0,0,0,0,1,0
train/0001/ex02_laughing_00134,0,0,0,0,1,0
train/0001/ex02_laughing_00135,0,0,0,0,1,0
train/0001/ex02_laughing_00136,0,0,0,0,1,0
train/0001/ex02_laughing_00137,0,0,0,0,1,0
train/0001/ex02_laughing_00138,0,0,0,0,1,0
train/0001/ex02_laughing_00139,0,0,0,0,1,0
train/0001/ex02_laughing_00140,0,0,0,0,1,0
train/0001/ex02_laughing_00141,0,0,0,0,1,0
train/0001/ex02_laughing_00142,0,0,0,0,1,0
train/0001/ex02_laughing_00143,0,0,0,0,1,0
train/0001/ex02_laughing_00144,0,0,0,0,1,0
train/0001/ex02_laughing_00145,0,0,0,0,1,0
train/0001/ex02_laughing_00146,0,0,0,0,1,0
train/0001/ex02_laughing_00147,0,0,0,0,1,0
train/0001/ex02_laughing_00148,0,0,0,0,1,0
train/0001/ex02_laughing_00149,0,0,0,0,1,0
train/0001/ex02_laughing_00150,0,0,0,0,1,0
train/0001/ex02_laughing_00151,0,0,0,0,1,0
train/0001/ex02_laughing_00152,0,0,0,0,1,0
train/0001/ex02_laughing_00153,0,0,0,0,1,0
train/0001/ex02_laughing_00154,0,0,0,0,1,0
train/0001/ex02_laughing_00155,0,0,0,0,1,0
train/0001/ex02_laughing_00156,0,0,0,0,1,0
train/0001/ex02_laughing_00157,0,0,0,0,1,0
train/0001/ex02_laughing_00158,0,0,0,0,1,0
train/0001/ex02_laughing_00159,0,0,0,0,1,0
train/0001/ex02_laughing_00160,0,0,0,0,1,0
train/0001/ex02_laughing_00161,0,0,0,0,1,0
train/0001/ex02_laughing_00162,0,0,0,0,1,0
train/0001/ex02_laughing_00163,0,0,0,0,1,0
train/0001/ex02_laughing_00164,0,0,0,0,1,0
train/0001/ex02_laughing_00165,0,0,0,0,1,0
train/0001/ex02_laughing_00166,0,0,0,0,1,0
train/0001/ex02_laughing_00167,0,0,0,0,1,0
train/0001/ex02_laughing_00168,0,0,0,0,1,0
train/0001/ex02_laughing_00169,0,0,0,0,1,0
train/0001/ex02_laughing_00170,0,0,0,0,1,0
train/0001/ex02_laughing_00171,0,0,0,0,1,0
train/0001/ex02_laughing_00172,0,0,0,0,1,0
train/0001/ex02_laughing_00173,0,0,0,0,1,0
train/0001/ex02_laughing_00174,0,0,0,0,1,0
train/0001/ex02_laughing_00175,0,0,0,0,1,0
train/0001/ex02_laughing_00176,0,0,0,0,1,0
train/0001/ex02_laughing_00177,0,0,0,0,1,0
train/0001/ex02_laughing_00178,0,0,0,0,1,0
train/0001/ex02_laughing_00179,0,0,0,0,1,0
train/0001/ex02_laughing_00180,0,0,0,0,1,0
train/0001/ex02_laughing_00181,0,0,0,0,1,0
train/0001/ex02_laughing_00182,0,0,0,0,1,0
train/0001/ex02_laughing_00183,0,0,0,0,1,0
train/0001/ex02_laughing_00184,0,0,0,0,1,0
train/0001/ex02_laughing_00185,0,0,0,0,1,0
train/0001/ex02_laughing_00186,0,0,0,0,1,0
train/0001/ex02_laughing_00187,0,0,0,0,1,0
train/0001/ex02_laughing_00188,0,0,0,0,1,0
train/0001/ex02_laughing_00189,0,0,0,0,1,0
train/0001/ex02_laughing_00190,0,0,0,0,1,0
train/0001/ex02_laughing_00191,0,0,0,0,1,0
train/0001/ex02_laughing_00192,0,0,0,0,1,0
train/0001/ex02_laughing_00193,0,0,0,0,1,0
train/0001/ex02_laughing_00194,0,0,0,0,1,0
train/0001/ex02_laughing_00195,0,0,0,0,1,0
train/0001/ex02_laughing_00196,0,0,0,0,1,0
train/0001/ex02_laughing_00197,0,0,0,0,1,0
train/0001/ex02_laughing_00198,0,0,0,0,1,0
train/0001/ex02_laughing_00199,0,0,0,0,1,0
train/0001/ex02_laughing_00200,0,0,0,0,1,0
train/0001/ex02_laughing_00201,0,0,0,0,1,0
train/0001/ex02_laughing_00202,0,0,0,0,1,0
train/0001/ex02_laughing_00203,0,0,0,0,1,0
train/0001/ex02_laughing_00204,0,0,0,0,1,0
train/0001/ex02_laughing_00205,0,0,0,0,1,0
train/0001/ex02_laughing_00206,0,0,0,0,1,0
train/0001/ex02_laughing_00207,0,0,0,0,1,0
train/0001/ex02_laughing_00208,0,0,0,0,1,0
train/0001/ex02_laughing_00209,0,0,0,0,1,0
train/0001/ex02_laughing_00210,0,0,0,0,1,0
train/0001/ex02_laughing_00211,0,0,0,0,1,0
train/0001/ex02_laughing_00212,0,0,0,0,1,0
train/0001/ex02_laughing_00213,0,0,0,0,1,0
train/0001/ex02_laughing_00214,0,0,0,0,1,0
train/0001/ex02_laughing_00215,0,0,0,0,1,0
train/0001/ex02_laughing_00216,0,0,0,0,1,0
train/0001/ex02_laughing_00217,0,0,0,0,1,0
train/0001/ex02_laughing_00218,0,0,0,0,1,0
train/0001/ex02_laughing_00219,0,0,0,0,1,0
train/0001/ex02_laughing_00220,0,0,0,0,1,0
train/0001/ex02_laughing_00221,0,0,0,0,1,0
train/0001/ex02_laughing_00222,0,0,0,0,1,0
train/0001/ex02_laughing_00223,0,0,0,0,1,0
train/0001/ex02_laughing_00224,0,0,0,0,1,0
train/0001/ex02_laughing_00225,0,0,0,0,1,0
train/0001/ex02_laughing_00226,0,0,0,0,1,0
train/0001/ex02_laughing_00227,0,0,0,0,1,0
train/0001/ex02_laughing_00228,0,0,0,0,1,0
train/0001/ex02_laughing_00229,0,0,0,0,1,0
train/0001/ex02_laughing_00230,0,0,0,0,1,0
train/0001/ex02_laughing_00231,0,0,0,0,1,0
train/0001/ex02_laughing_00232,0,0,0,0,1,0
train/0001/ex02_laughing_00233,0,0,0,0,1,0
train/0001/ex02_laughing_00234,0,0,0,0,1,0
train/0001/ex02_laughing_00235,0,0,0,0,1,0
train/0001/ex02_laughing_00236,0,0,0,0,1,0
train/0001/ex02_laughing_00237,0,0,0,0,1,0
train/0001/ex02_laughing_00238,0,0,0,0,1,0
train/0001/ex02_laughing_00239,0,0,0,0,1,0
train/0001/ex02_laughing_00240,0,0,0,0,1,0
train/0001/ex02_laughing_00241,0,0,0,0,1,0
train/0001/ex02_laughing_00242,0,0,0,0,1,0
train/0001/ex02_laughing_00243,0,0,0,0,1,0
train/0001/ex02_laughing_00244,0,0,0,0,1,0
train/0001/ex02_laughing_00245,0,0,0,0,1,0
train/0001/ex02_laughing_00246,0,0,0,0,1,0
train/0001/ex02_laughing_00247,0,0,0,0,1,0
train/0001/ex02_laughing_00248,0,0,0,0,1,0
train/0001/ex02_laughing_00249,0,0,0,0,1,0
train/0001/ex02_laughing_00250,0,0,0,0,1,0
train/0001/ex02_laughing_00251,0,0,0,0,1,0
train/0001/ex02_laughing_00252,0,0,0,0,1,0
train/0001/ex02_laughing_00253,0,0,0,0,1,0
train/0001/ex02_laughing_00254,0,0,0,0,1,0
train/0001/ex02_laughing_00255,0,0,0,0,1,0
train/0001/ex02_laughing_00256,0,0,0,0,1,0
train/0001/ex02_laughing_00257,0,0,0,0,1,0
train/0001/ex02_laughing_00258,0,0,0,0,1,0
train/0001/ex02_laughing_00259,0,0,0,0,1,0
train/0001/ex02_laughing_00260,0,0,0,0,1,0
train/0001/ex02_laughing_00261,0,0,0,0,1,0
train/0001/ex02_laughing_00262,0,0,0,0,1,0
train/0001/ex02_laughing_00263,0,0,0,0,1,0
train/0001/ex02_laughing_00264,0,0,0,0,1,0
train/0001/ex02_laughing_00265,0,0,0,0,1,0
train/0001/ex02_laughing_00266,0,0,0,0,1,0
train/0001/ex02_laughing_00267,0,0,0,0,1,0
train/0001/ex02_laughing_00268,0,0,0,0,1,0
train/0001/ex02_laughing_00269,0,0,0,0,1,0
train/0001/ex02_laughing_00270,0,0,0,0,1,0
train/0001/ex02_laughing_00271,0,0,0,0,1,0
train/0001/ex02_laughing_00272,0,0,0,0,1,0
train/0001/ex02_laughing_00273,0,0,0,0,1,0
train/0001/ex02_laughing_00274,0,0,0,0,1,0
train/0001/ex02_laughing_00275,0,0,0,0,1,0
train/0001/ex02_laughing_00276,0,0,0,0,1,0
train/0001/ex02_laughing_00277,0,0,0,0,1,0
train/0001/ex02_laughing_00278,0,0,0,0,1,0
train/0001/ex02_laughing_00279,0,0,0,0,1,0
train/0001/ex02_laughing_00280,0,0,0,0,1,0
train/0001/ex02_laughing_00281,0,0,0,0,1,0
train/0001/ex02_laughing_00282,0,0,0,0,1,0
train/0001/ex02_laughing_00283,0,0,0,0,1,0
train/0001/ex02_laughing_00284,0,0,0,0,1,0
train/0001/ex02_laughing_00285,0,0,0,0,1,0
train/0001/ex02_laughing_00286,0,0,0,0,1,0
train/0001/ex02_laughing_00287,0,0,0,0,1,0
train/0001/ex02_laughing_00288,0,0,0,0,1,0
train/0001/ex02_laughing_00289,0,0,0,0,1,0
train/0001/ex02_laughing_00290,0,0,0,0,1,0
train/0001/ex02_laughing_00291,0,0,0,0,1,0
train/0001/ex02_laughing_00292,0,0,0,0,1,0
train/0001/ex02_laughing_00293,0,0,0,0,1,0
train/0001/ex02_laughing_00294,0,0,0,0,1,0
train/0001/ex02_laughing_00295,0,0,0,0,1,0
train/0001/ex02_laughing_00296,0,0,0,0,1,0
train/0001/ex02_laughing_00297,0,0,0,0,1,0
train/0001/ex02_laughing_00298,0,0,0,0,1,0
train/0001/ex02_laughing_00299,0,0,0,0,1,0
train/0001/ex02_laughing_00300,0,0,0,0,1,0
train/0001/ex02_laughing_00301,0,0,0,0,1,0
train/0001/ex02_laughing_00302,0,0,0,0,1,0
train/0001/ex02_laughing_00303,0,0,0,0,1,0
train/0001/ex02_laughing_00304,0,0,0,0,1,0
train/0001/ex02_laughing_00305,0,0,0,0,1,0
train/0001/ex02_laughing_00306,0,0,0,0,1,0
train/0001/ex02_laughing_00307,0,0,0,0,1,0
train/0001/ex02_laughing_00308,0,0,0,0,1,0
train/0001/ex02_laughing_00309,0,0,0,0,1,0
train/0001/ex02_laughing_00310,0,0,0,0,1,0
train/0001/ex02_laughing_00311,0,0,0,0,1,0
train/0001/ex02_laughing_00312,0,0,0,0,1,0
train/0001/ex02_laughing_00313,0,0,0,0,1,0
train/0001/ex02_laughing_00314,0,0,0,0,1,0
train/0001/ex02_laughing_00315,0,0,0,0,1,0
train/0001/ex02_laughing_00316,0,0,0,0,1,0
train/0001/ex02_laughing_00317,0,0,0,0,1,0
train/0001/ex02_laughing_00318,0,0,0,0,1,0
train/0001/ex02_laughing_00319,0,0,0,0,1,0
train/0001/ex02_laughing_00320,0,0,0,0,1,0
train/0001/ex02_laughing_00321,0,0,0,0,1,0
train/0001/ex02_laughing_00322,0,0,0,0,1,0
train/0001/ex02_laughing_00323,0,0,0,0,1,0
train/0001/ex02_laughing_00324,0,0,0,0,1,0
train/0001/ex02_laughing_00325,0,0,0,0,1,0
train/0001/ex02_laughing_00326,0,0,0,0,1,0
train/0001/ex02_laughing_00327,0,0,0,0,1,0
train/0001/ex02_laughing_00328,0,0,0,0,1,0
train/0001/ex02_laughing_00329,0,0,0,0,1,0
train/0001/ex02_laughing_00330,0,0,0,0,1,0
train/0001/ex02_laughing_00331,0,0,0,0,1,0
train/0001/ex02_laughing_00332,0,0,0,0,1,0
train/0001/ex02_laughing_00333,0,0,0,0,1,0
train/0001/ex02_laughing_00334,0,0,0,0,1,0
train/0001/ex02_laughing_00335,0,0,0,0,1,0
train/0001/ex02_laughing_00336,0,0,0,0,1,0
train/0001/ex02_laughing_00337,0,0,0,0,1,0
train/0001/ex02_laughing_00338,0,0,0,0,1,0
train/0001/ex02_laughing_00339,0,0,0,0,1,0
train/0001/ex02_laughing_00340,0,0,0,0,1,0
train/0001/ex02_laughing_00341,0,0,0,0,1,0
train/0001/ex02_laughing_00342,0,0,0,0,1,0
train/0001/ex02_laughing_00343,0,0,0,0,1,0
train/0001/ex02_laughing_00344,0,0,0,0,1,0
train/0001/ex02_laughing_00345,0,0,0,0,1,0
train/0001/ex02_laughing_00346,0,0,0,0,1,0
train/0001/ex02_laughing_00347,0,0,0,0,1,0
train/0001/ex02_laughing_00348,0,0,0,0,1,0
train/0001/ex02_laughing_00349,0,0,0,0,1,0
train/0001/ex02_laughing_00350,0,0,0,0,1,0
train/0001/ex02_laughing_00351,0,0,0,0,1,0
dev/0001/ex02_laughing_00352,0,0,0,0,1,0
dev/0001/ex02_laughing_00353,0,0,0,0,1,0
dev/0001/ex02_laughing_00354,0,0,0,0,1,0
dev/0001/ex02_laughing_00355,0,0,0,0,1,0
dev/0001/ex02_laughing_00356,0,0,0,0,1,0
dev/0001/ex02_laughing_00357,0,0,0,0,1,0
dev/0001/ex02_laughing_00358,0,0,0,0,1,0
dev/0001/ex02_laughing_00359,0,0,0,0,1,0
dev/0001/ex02_laughing_00360,0,0,0,0,1,0
dev/0001/ex02_laughing_00361,0,0,0,0,1,0
dev/0001/ex02_laughing_00362,0,0,0,0,1,0
dev/0001/ex02_laughing_00363,0,0,0,0,1,0
dev/0001/ex02_laughing_00364,0,0,0,0,1,0
dev/0001/ex02_laughing_00365,0,0,0,0,1,0
dev/0001/ex02_laughing_00366,0,0,0,0,1,0
test/0001/ex02_laughing_00367,0,0,0,0,1,0
test/0001/ex02_laughing_00368,0,0,0,0,1,0
test/0001/ex02_laughing_00369,0,0,0,0,1,0
test/0001/ex02_laughing_00370,0,0,0,0,1,0
test/0001/ex02_laughing_00371,0,0,0,0,1,0
test/0001/ex02_laughing_00372,0,0,0,0,1,0
test/0001/ex02_laughing_00373,0,0,0,0,1,0
test/0001/ex02_laughing_00374,0,0,0,0,1,0
test/0001/ex02_laughing_00375,0,0,0,0,1,0
test/0001/ex02_laughing_00376,0,0,0,0,1,0
test/0001/ex02_laughing_00377,0,0,0,0,1,0
test/0001/ex02_laughing_00378,0,0,0,0,1,0
test/0001/ex02_laughing_00379,0,0,0,0,1,0
test/0001/ex02_laughing_00380,0,0,0,0,1,0
train/0001/ex02_sad_00001,0,0,0,0,0,1
train/0001/ex02_sad_00002,0,0,0,0,0,1
train/0001/ex02_sad_00003,0,0,0,0,0,1
train/0001/ex02_sad_00004,0,0,0,0,0,1
train/0001/ex02_sad_00005,0,0,0,0,0,1
train/0001/ex02_sad_00006,0,0,0,0,0,1
train/0001/ex02_sad_00007,0,0,0,0,0,1
train/0001/ex02_sad_00008,0,0,0,0,0,1
train/0001/ex02_sad_00009,0,0,0,0,0,1
train/0001/ex02_sad_00010,0,0,0,0,0,1
train/0001/ex02_sad_00011,0,0,0,0,0,1
train/0001/ex02_sad_00012,0,0,0,0,0,1
train/0001/ex02_sad_00013,0,0,0,0,0,1
train/0001/ex02_sad_00014,0,0,0,0,0,1
train/0001/ex02_sad_00015,0,0,0,0,0,1
train/0001/ex02_sad_00016,0,0,0,0,0,1
train/0001/ex02_sad_00017,0,0,0,0,0,1
train/0001/ex02_sad_00018,0,0,0,0,0,1
train/0001/ex02_sad_00019,0,0,0,0,0,1
train/0001/ex02_sad_00020,0,0,0,0,0,1
train/0001/ex02_sad_00021,0,0,0,0,0,1
train/0001/ex02_sad_00022,0,0,0,0,0,1
train/0001/ex02_sad_00023,0,0,0,0,0,1
train/0001/ex02_sad_00024,0,0,0,0,0,1
train/0001/ex02_sad_00025,0,0,0,0,0,1
train/0001/ex02_sad_00026,0,0,0,0,0,1
train/0001/ex02_sad_00027,0,0,0,0,0,1
train/0001/ex02_sad_00028,0,0,0,0,0,1
train/0001/ex02_sad_00029,0,0,0,0,0,1
train/0001/ex02_sad_00030,0,0,0,0,0,1
train/0001/ex02_sad_00031,0,0,0,0,0,1
train/0001/ex02_sad_00032,0,0,0,0,0,1
train/0001/ex02_sad_00033,0,0,0,0,0,1
train/0001/ex02_sad_00034,0,0,0,0,0,1
train/0001/ex02_sad_00035,0,0,0,0,0,1
train/0001/ex02_sad_00036,0,0,0,0,0,1
train/0001/ex02_sad_00037,0,0,0,0,0,1
train/0001/ex02_sad_00038,0,0,0,0,0,1
train/0001/ex02_sad_00039,0,0,0,0,0,1
train/0001/ex02_sad_00040,0,0,0,0,0,1
train/0001/ex02_sad_00041,0,0,0,0,0,1
train/0001/ex02_sad_00042,0,0,0,0,0,1
train/0001/ex02_sad_00043,0,0,0,0,0,1
train/0001/ex02_sad_00044,0,0,0,0,0,1
train/0001/ex02_sad_00045,0,0,0,0,0,1
train/0001/ex02_sad_00046,0,0,0,0,0,1
train/0001/ex02_sad_00047,0,0,0,0,0,1
train/0001/ex02_sad_00048,0,0,0,0,0,1
train/0001/ex02_sad_00049,0,0,0,0,0,1
train/0001/ex02_sad_00050,0,0,0,0,0,1
train/0001/ex02_sad_00051,0,0,0,0,0,1
train/0001/ex02_sad_00052,0,0,0,0,0,1
train/0001/ex02_sad_00053,0,0,0,0,0,1
train/0001/ex02_sad_00054,0,0,0,0,0,1
train/0001/ex02_sad_00055,0,0,0,0,0,1
train/0001/ex02_sad_00056,0,0,0,0,0,1
train/0001/ex02_sad_00057,0,0,0,0,0,1
train/0001/ex02_sad_00058,0,0,0,0,0,1
train/0001/ex02_sad_00059,0,0,0,0,0,1
train/0001/ex02_sad_00060,0,0,0,0,0,1
train/0001/ex02_sad_00061,0,0,0,0,0,1
train/0001/ex02_sad_00062,0,0,0,0,0,1
train/0001/ex02_sad_00063,0,0,0,0,0,1
train/0001/ex02_sad_00064,0,0,0,0,0,1
train/0001/ex02_sad_00065,0,0,0,0,0,1
train/0001/ex02_sad_00066,0,0,0,0,0,1
train/0001/ex02_sad_00067,0,0,0,0,0,1
train/0001/ex02_sad_00068,0,0,0,0,0,1
train/0001/ex02_sad_00069,0,0,0,0,0,1
train/0001/ex02_sad_00070,0,0,0,0,0,1
train/0001/ex02_sad_00071,0,0,0,0,0,1
train/0001/ex02_sad_00072,0,0,0,0,0,1
train/0001/ex02_sad_00073,0,0,0,0,0,1
train/0001/ex02_sad_00074,0,0,0,0,0,1
train/0001/ex02_sad_00075,0,0,0,0,0,1
train/0001/ex02_sad_00076,0,0,0,0,0,1
train/0001/ex02_sad_00077,0,0,0,0,0,1
train/0001/ex02_sad_00078,0,0,0,0,0,1
train/0001/ex02_sad_00079,0,0,0,0,0,1
train/0001/ex02_sad_00080,0,0,0,0,0,1
train/0001/ex02_sad_00081,0,0,0,0,0,1
train/0001/ex02_sad_00082,0,0,0,0,0,1
train/0001/ex02_sad_00083,0,0,0,0,0,1
train/0001/ex02_sad_00084,0,0,0,0,0,1
train/0001/ex02_sad_00085,0,0,0,0,0,1
train/0001/ex02_sad_00086,0,0,0,0,0,1
train/0001/ex02_sad_00087,0,0,0,0,0,1
train/0001/ex02_sad_00088,0,0,0,0,0,1
train/0001/ex02_sad_00089,0,0,0,0,0,1
train/0001/ex02_sad_00090,0,0,0,0,0,1
train/0001/ex02_sad_00091,0,0,0,0,0,1
train/0001/ex02_sad_00092,0,0,0,0,0,1
train/0001/ex02_sad_00093,0,0,0,0,0,1
train/0001/ex02_sad_00094,0,0,0,0,0,1
train/0001/ex02_sad_00095,0,0,0,0,0,1
train/0001/ex02_sad_00096,0,0,0,0,0,1
train/0001/ex02_sad_00097,0,0,0,0,0,1
train/0001/ex02_sad_00098,0,0,0,0,0,1
train/0001/ex02_sad_00099,0,0,0,0,0,1
train/0001/ex02_sad_00100,0,0,0,0,0,1
train/0001/ex02_sad_00101,0,0,0,0,0,1
train/0001/ex02_sad_00102,0,0,0,0,0,1
train/0001/ex02_sad_00103,0,0,0,0,0,1
train/0001/ex02_sad_00104,0,0,0,0,0,1
train/0001/ex02_sad_00105,0,0,0,0,0,1
train/0001/ex02_sad_00106,0,0,0,0,0,1
train/0001/ex02_sad_00107,0,0,0,0,0,1
train/0001/ex02_sad_00108,0,0,0,0,0,1
train/0001/ex02_sad_00109,0,0,0,0,0,1
train/0001/ex02_sad_00110,0,0,0,0,0,1
train/0001/ex02_sad_00111,0,0,0,0,0,1
train/0001/ex02_sad_00112,0,0,0,0,0,1
train/0001/ex02_sad_00113,0,0,0,0,0,1
train/0001/ex02_sad_00114,0,0,0,0,0,1
train/0001/ex02_sad_00115,0,0,0,0,0,1
train/0001/ex02_sad_00116,0,0,0,0,0,1
train/0001/ex02_sad_00117,0,0,0,0,0,1
train/0001/ex02_sad_00118,0,0,0,0,0,1
train/0001/ex02_sad_00119,0,0,0,0,0,1
train/0001/ex02_sad_00120,0,0,0,0,0,1
train/0001/ex02_sad_00121,0,0,0,0,0,1
train/0001/ex02_sad_00122,0,0,0,0,0,1
train/0001/ex02_sad_00123,0,0,0,0,0,1
train/0001/ex02_sad_00124,0,0,0,0,0,1
train/0001/ex02_sad_00125,0,0,0,0,0,1
train/0001/ex02_sad_00126,0,0,0,0,0,1
train/0001/ex02_sad_00127,0,0,0,0,0,1
train/0001/ex02_sad_00128,0,0,0,0,0,1
train/0001/ex02_sad_00129,0,0,0,0,0,1
train/0001/ex02_sad_00130,0,0,0,0,0,1
train/0001/ex02_sad_00131,0,0,0,0,0,1
train/0001/ex02_sad_00132,0,0,0,0,0,1
train/0001/ex02_sad_00133,0,0,0,0,0,1
train/0001/ex02_sad_00134,0,0,0,0,0,1
train/0001/ex02_sad_00135,0,0,0,0,0,1
train/0001/ex02_sad_00136,0,0,0,0,0,1
train/0001/ex02_sad_00137,0,0,0,0,0,1
train/0001/ex02_sad_00138,0,0,0,0,0,1
train/0001/ex02_sad_00139,0,0,0,0,0,1
train/0001/ex02_sad_00140,0,0,0,0,0,1
train/0001/ex02_sad_00141,0,0,0,0,0,1
train/0001/ex02_sad_00142,0,0,0,0,0,1
train/0001/ex02_sad_00143,0,0,0,0,0,1
train/0001/ex02_sad_00144,0,0,0,0,0,1
train/0001/ex02_sad_00145,0,0,0,0,0,1
train/0001/ex02_sad_00146,0,0,0,0,0,1
train/0001/ex02_sad_00147,0,0,0,0,0,1
train/0001/ex02_sad_00148,0,0,0,0,0,1
train/0001/ex02_sad_00149,0,0,0,0,0,1
train/0001/ex02_sad_00150,0,0,0,0,0,1
train/0001/ex02_sad_00151,0,0,0,0,0,1
train/0001/ex02_sad_00152,0,0,0,0,0,1
train/0001/ex02_sad_00153,0,0,0,0,0,1
train/0001/ex02_sad_00154,0,0,0,0,0,1
train/0001/ex02_sad_00155,0,0,0,0,0,1
train/0001/ex02_sad_00156,0,0,0,0,0,1
train/0001/ex02_sad_00157,0,0,0,0,0,1
train/0001/ex02_sad_00158,0,0,0,0,0,1
train/0001/ex02_sad_00159,0,0,0,0,0,1
train/0001/ex02_sad_00160,0,0,0,0,0,1
train/0001/ex02_sad_00161,0,0,0,0,0,1
train/0001/ex02_sad_00162,0,0,0,0,0,1
train/0001/ex02_sad_00163,0,0,0,0,0,1
train/0001/ex02_sad_00164,0,0,0,0,0,1
train/0001/ex02_sad_00165,0,0,0,0,0,1
train/0001/ex02_sad_00166,0,0,0,0,0,1
train/0001/ex02_sad_00167,0,0,0,0,0,1
train/0001/ex02_sad_00168,0,0,0,0,0,1
train/0001/ex02_sad_00169,0,0,0,0,0,1
train/0001/ex02_sad_00170,0,0,0,0,0,1
train/0001/ex02_sad_00171,0,0,0,0,0,1
train/0001/ex02_sad_00172,0,0,0,0,0,1
train/0001/ex02_sad_00173,0,0,0,0,0,1
train/0001/ex02_sad_00174,0,0,0,0,0,1
train/0001/ex02_sad_00175,0,0,0,0,0,1
train/0001/ex02_sad_00176,0,0,0,0,0,1
train/0001/ex02_sad_00177,0,0,0,0,0,1
train/0001/ex02_sad_00178,0,0,0,0,0,1
train/0001/ex02_sad_00179,0,0,0,0,0,1
train/0001/ex02_sad_00180,0,0,0,0,0,1
train/0001/ex02_sad_00181,0,0,0,0,0,1
train/0001/ex02_sad_00182,0,0,0,0,0,1
train/0001/ex02_sad_00183,0,0,0,0,0,1
train/0001/ex02_sad_00184,0,0,0,0,0,1
train/0001/ex02_sad_00185,0,0,0,0,0,1
train/0001/ex02_sad_00186,0,0,0,0,0,1
train/0001/ex02_sad_00187,0,0,0,0,0,1
train/0001/ex02_sad_00188,0,0,0,0,0,1
train/0001/ex02_sad_00189,0,0,0,0,0,1
train/0001/ex02_sad_00190,0,0,0,0,0,1
train/0001/ex02_sad_00191,0,0,0,0,0,1
train/0001/ex02_sad_00192,0,0,0,0,0,1
train/0001/ex02_sad_00193,0,0,0,0,0,1
train/0001/ex02_sad_00194,0,0,0,0,0,1
train/0001/ex02_sad_00195,0,0,0,0,0,1
train/0001/ex02_sad_00196,0,0,0,0,0,1
train/0001/ex02_sad_00197,0,0,0,0,0,1
train/0001/ex02_sad_00198,0,0,0,0,0,1
train/0001/ex02_sad_00199,0,0,0,0,0,1
train/0001/ex02_sad_00200,0,0,0,0,0,1
train/0001/ex02_sad_00201,0,0,0,0,0,1
train/0001/ex02_sad_00202,0,0,0,0,0,1
train/0001/ex02_sad_00203,0,0,0,0,0,1
train/0001/ex02_sad_00204,0,0,0,0,0,1
train/0001/ex02_sad_00205,0,0,0,0,0,1
train/0001/ex02_sad_00206,0,0,0,0,0,1
train/0001/ex02_sad_00207,0,0,0,0,0,1
train/0001/ex02_sad_00208,0,0,0,0,0,1
train/0001/ex02_sad_00209,0,0,0,0,0,1
train/0001/ex02_sad_00210,0,0,0,0,0,1
train/0001/ex02_sad_00211,0,0,0,0,0,1
train/0001/ex02_sad_00212,0,0,0,0,0,1
train/0001/ex02_sad_00213,0,0,0,0,0,1
train/0001/ex02_sad_00214,0,0,0,0,0,1
train/0001/ex02_sad_00215,0,0,0,0,0,1
train/0001/ex02_sad_00216,0,0,0,0,0,1
train/0001/ex02_sad_00217,0,0,0,0,0,1
train/0001/ex02_sad_00218,0,0,0,0,0,1
train/0001/ex02_sad_00219,0,0,0,0,0,1
train/0001/ex02_sad_00220,0,0,0,0,0,1
train/0001/ex02_sad_00221,0,0,0,0,0,1
train/0001/ex02_sad_00222,0,0,0,0,0,1
train/0001/ex02_sad_00223,0,0,0,0,0,1
train/0001/ex02_sad_00224,0,0,0,0,0,1
train/0001/ex02_sad_00225,0,0,0,0,0,1
train/0001/ex02_sad_00226,0,0,0,0,0,1
train/0001/ex02_sad_00227,0,0,0,0,0,1
train/0001/ex02_sad_00228,0,0,0,0,0,1
train/0001/ex02_sad_00229,0,0,0,0,0,1
train/0001/ex02_sad_00230,0,0,0,0,0,1
train/0001/ex02_sad_00231,0,0,0,0,0,1
train/0001/ex02_sad_00232,0,0,0,0,0,1
train/0001/ex02_sad_00233,0,0,0,0,0,1
train/0001/ex02_sad_00234,0,0,0,0,0,1
train/0001/ex02_sad_00235,0,0,0,0,0,1
train/0001/ex02_sad_00236,0,0,0,0,0,1
train/0001/ex02_sad_00237,0,0,0,0,0,1
train/0001/ex02_sad_00238,0,0,0,0,0,1
train/0001/ex02_sad_00239,0,0,0,0,0,1
train/0001/ex02_sad_00240,0,0,0,0,0,1
train/0001/ex02_sad_00241,0,0,0,0,0,1
train/0001/ex02_sad_00242,0,0,0,0,0,1
train/0001/ex02_sad_00243,0,0,0,0,0,1
train/0001/ex02_sad_00244,0,0,0,0,0,1
train/0001/ex02_sad_00245,0,0,0,0,0,1
train/0001/ex02_sad_00246,0,0,0,0,0,1
train/0001/ex02_sad_00247,0,0,0,0,0,1
train/0001/ex02_sad_00248,0,0,0,0,0,1
train/0001/ex02_sad_00249,0,0,0,0,0,1
train/0001/ex02_sad_00250,0,0,0,0,0,1
train/0001/ex02_sad_00251,0,0,0,0,0,1
train/0001/ex02_sad_00252,0,0,0,0,0,1
train/0001/ex02_sad_00253,0,0,0,0,0,1
train/0001/ex02_sad_00254,0,0,0,0,0,1
train/0001/ex02_sad_00255,0,0,0,0,0,1
train/0001/ex02_sad_00256,0,0,0,0,0,1
train/0001/ex02_sad_00257,0,0,0,0,0,1
train/0001/ex02_sad_00258,0,0,0,0,0,1
train/0001/ex02_sad_00259,0,0,0,0,0,1
train/0001/ex02_sad_00260,0,0,0,0,0,1
train/0001/ex02_sad_00261,0,0,0,0,0,1
train/0001/ex02_sad_00262,0,0,0,0,0,1
train/0001/ex02_sad_00263,0,0,0,0,0,1
train/0001/ex02_sad_00264,0,0,0,0,0,1
train/0001/ex02_sad_00265,0,0,0,0,0,1
train/0001/ex02_sad_00266,0,0,0,0,0,1
train/0001/ex02_sad_00267,0,0,0,0,0,1
train/0001/ex02_sad_00268,0,0,0,0,0,1
train/0001/ex02_sad_00269,0,0,0,0,0,1
train/0001/ex02_sad_00270,0,0,0,0,0,1
train/0001/ex02_sad_00271,0,0,0,0,0,1
train/0001/ex02_sad_00272,0,0,0,0,0,1
train/0001/ex02_sad_00273,0,0,0,0,0,1
train/0001/ex02_sad_00274,0,0,0,0,0,1
train/0001/ex02_sad_00275,0,0,0,0,0,1
train/0001/ex02_sad_00276,0,0,0,0,0,1
train/0001/ex02_sad_00277,0,0,0,0,0,1
train/0001/ex02_sad_00278,0,0,0,0,0,1
train/0001/ex02_sad_00279,0,0,0,0,0,1
train/0001/ex02_sad_00280,0,0,0,0,0,1
train/0001/ex02_sad_00281,0,0,0,0,0,1
train/0001/ex02_sad_00282,0,0,0,0,0,1
train/0001/ex02_sad_00283,0,0,0,0,0,1
train/0001/ex02_sad_00284,0,0,0,0,0,1
train/0001/ex02_sad_00285,0,0,0,0,0,1
train/0001/ex02_sad_00286,0,0,0,0,0,1
train/0001/ex02_sad_00287,0,0,0,0,0,1
train/0001/ex02_sad_00288,0,0,0,0,0,1
train/0001/ex02_sad_00289,0,0,0,0,0,1
train/0001/ex02_sad_00290,0,0,0,0,0,1
train/0001/ex02_sad_00291,0,0,0,0,0,1
train/0001/ex02_sad_00292,0,0,0,0,0,1
train/0001/ex02_sad_00293,0,0,0,0,0,1
train/0001/ex02_sad_00294,0,0,0,0,0,1
train/0001/ex02_sad_00295,0,0,0,0,0,1
train/0001/ex02_sad_00296,0,0,0,0,0,1
train/0001/ex02_sad_00297,0,0,0,0,0,1
train/0001/ex02_sad_00298,0,0,0,0,0,1
train/0001/ex02_sad_00299,0,0,0,0,0,1
train/0001/ex02_sad_00300,0,0,0,0,0,1
train/0001/ex02_sad_00301,0,0,0,0,0,1
train/0001/ex02_sad_00302,0,0,0,0,0,1
train/0001/ex02_sad_00303,0,0,0,0,0,1
train/0001/ex02_sad_00304,0,0,0,0,0,1
train/0001/ex02_sad_00305,0,0,0,0,0,1
train/0001/ex02_sad_00306,0,0,0,0,0,1
train/0001/ex02_sad_00307,0,0,0,0,0,1
train/0001/ex02_sad_00308,0,0,0,0,0,1
train/0001/ex02_sad_00309,0,0,0,0,0,1
train/0001/ex02_sad_00310,0,0,0,0,0,1
train/0001/ex02_sad_00311,0,0,0,0,0,1
train/0001/ex02_sad_00312,0,0,0,0,0,1
train/0001/ex02_sad_00313,0,0,0,0,0,1
train/0001/ex02_sad_00314,0,0,0,0,0,1
train/0001/ex02_sad_00315,0,0,0,0,0,1
train/0001/ex02_sad_00316,0,0,0,0,0,1
train/0001/ex02_sad_00317,0,0,0,0,0,1
train/0001/ex02_sad_00318,0,0,0,0,0,1
train/0001/ex02_sad_00319,0,0,0,0,0,1
train/0001/ex02_sad_00320,0,0,0,0,0,1
train/0001/ex02_sad_00321,0,0,0,0,0,1
train/0001/ex02_sad_00322,0,0,0,0,0,1
train/0001/ex02_sad_00323,0,0,0,0,0,1
train/0001/ex02_sad_00324,0,0,0,0,0,1
train/0001/ex02_sad_00325,0,0,0,0,0,1
train/0001/ex02_sad_00326,0,0,0,0,0,1
train/0001/ex02_sad_00327,0,0,0,0,0,1
train/0001/ex02_sad_00328,0,0,0,0,0,1
train/0001/ex02_sad_00329,0,0,0,0,0,1
train/0001/ex02_sad_00330,0,0,0,0,0,1
train/0001/ex02_sad_00331,0,0,0,0,0,1
train/0001/ex02_sad_00332,0,0,0,0,0,1
train/0001/ex02_sad_00333,0,0,0,0,0,1
train/0001/ex02_sad_00334,0,0,0,0,0,1
train/0001/ex02_sad_00335,0,0,0,0,0,1
train/0001/ex02_sad_00336,0,0,0,0,0,1
train/0001/ex02_sad_00337,0,0,0,0,0,1
train/0001/ex02_sad_00338,0,0,0,0,0,1
train/0001/ex02_sad_00339,0,0,0,0,0,1
train/0001/ex02_sad_00340,0,0,0,0,0,1
train/0001/ex02_sad_00341,0,0,0,0,0,1
train/0001/ex02_sad_00342,0,0,0,0,0,1
dev/0001/ex02_sad_00343,0,0,0,0,0,1
dev/0001/ex02_sad_00344,0,0,0,0,0,1
dev/0001/ex02_sad_00345,0,0,0,0,0,1
dev/0001/ex02_sad_00346,0,0,0,0,0,1
dev/0001/ex02_sad_00347,0,0,0,0,0,1
dev/0001/ex02_sad_00348,0,0,0,0,0,1
dev/0001/ex02_sad_00349,0,0,0,0,0,1
dev/0001/ex02_sad_00350,0,0,0,0,0,1
dev/0001/ex02_sad_00351,0,0,0,0,0,1
dev/0001/ex02_sad_00352,0,0,0,0,0,1
dev/0001/ex02_sad_00353,0,0,0,0,0,1
dev/0001/ex02_sad_00354,0,0,0,0,0,1
dev/0001/ex02_sad_00355,0,0,0,0,0,1
dev/0001/ex02_sad_00356,0,0,0,0,0,1
dev/0001/ex02_sad_00357,0,0,0,0,0,1
dev/0001/ex02_sad_00358,0,0,0,0,0,1
dev/0001/ex02_sad_00359,0,0,0,0,0,1
dev/0001/ex02_sad_00360,0,0,0,0,0,1
dev/0001/ex02_sad_00361,0,0,0,0,0,1
dev/0001/ex02_sad_00362,0,0,0,0,0,1
test/0001/ex02_sad_00363,0,0,0,0,0,1
test/0001/ex02_sad_00364,0,0,0,0,0,1
test/0001/ex02_sad_00365,0,0,0,0,0,1
test/0001/ex02_sad_00366,0,0,0,0,0,1
test/0001/ex02_sad_00367,0,0,0,0,0,1
test/0001/ex02_sad_00368,0,0,0,0,0,1
test/0001/ex02_sad_00369,0,0,0,0,0,1
test/0001/ex02_sad_00370,0,0,0,0,0,1
test/0001/ex02_sad_00371,0,0,0,0,0,1
test/0001/ex02_sad_00372,0,0,0,0,0,1
test/0001/ex02_sad_00373,0,0,0,0,0,1
test/0001/ex02_sad_00374,0,0,0,0,0,1
test/0001/ex02_sad_00375,0,0,0,0,0,1
test/0001/ex02_sad_00376,0,0,0,0,0,1
test/0001/ex02_sad_00377,0,0,0,0,0,1
test/0001/ex02_sad_00378,0,0,0,0,0,1
test/0001/ex02_sad_00379,0,0,0,0,0,1
test/0001/ex02_sad_00380,0,0,0,0,0,1
train/0002/ex03_confused_00001,1,0,0,0,0,0
train/0002/ex03_confused_00002,1,0,0,0,0,0
train/0002/ex03_confused_00003,1,0,0,0,0,0
train/0002/ex03_confused_00004,1,0,0,0,0,0
train/0002/ex03_confused_00005,1,0,0,0,0,0
train/0002/ex03_confused_00006,1,0,0,0,0,0
train/0002/ex03_confused_00007,1,0,0,0,0,0
train/0002/ex03_confused_00008,1,0,0,0,0,0
train/0002/ex03_confused_00009,1,0,0,0,0,0
train/0002/ex03_confused_00010,1,0,0,0,0,0
train/0002/ex03_confused_00011,1,0,0,0,0,0
train/0002/ex03_confused_00012,1,0,0,0,0,0
train/0002/ex03_confused_00013,1,0,0,0,0,0
train/0002/ex03_confused_00014,1,0,0,0,0,0
train/0002/ex03_confused_00015,1,0,0,0,0,0
train/0002/ex03_confused_00016,1,0,0,0,0,0
train/0002/ex03_confused_00017,1,0,0,0,0,0
train/0002/ex03_confused_00018,1,0,0,0,0,0
train/0002/ex03_confused_00019,1,0,0,0,0,0
train/0002/ex03_confused_00020,1,0,0,0,0,0
train/0002/ex03_confused_00021,1,0,0,0,0,0
train/0002/ex03_confused_00022,1,0,0,0,0,0
train/0002/ex03_confused_00023,1,0,0,0,0,0
train/0002/ex03_confused_00024,1,0,0,0,0,0
train/0002/ex03_confused_00025,1,0,0,0,0,0
train/0002/ex03_confused_00026,1,0,0,0,0,0
train/0002/ex03_confused_00027,1,0,0,0,0,0
train/0002/ex03_confused_00028,1,0,0,0,0,0
train/0002/ex03_confused_00029,1,0,0,0,0,0
train/0002/ex03_confused_00030,1,0,0,0,0,0
train/0002/ex03_confused_00031,1,0,0,0,0,0
train/0002/ex03_confused_00032,1,0,0,0,0,0
train/0002/ex03_confused_00033,1,0,0,0,0,0
train/0002/ex03_confused_00034,1,0,0,0,0,0
train/0002/ex03_confused_00035,1,0,0,0,0,0
train/0002/ex03_confused_00036,1,0,0,0,0,0
train/0002/ex03_confused_00037,1,0,0,0,0,0
train/0002/ex03_confused_00038,1,0,0,0,0,0
train/0002/ex03_confused_00039,1,0,0,0,0,0
train/0002/ex03_confused_00040,1,0,0,0,0,0
train/0002/ex03_confused_00041,1,0,0,0,0,0
train/0002/ex03_confused_00042,1,0,0,0,0,0
train/0002/ex03_confused_00043,1,0,0,0,0,0
train/0002/ex03_confused_00044,1,0,0,0,0,0
train/0002/ex03_confused_00045,1,0,0,0,0,0
train/0002/ex03_confused_00046,1,0,0,0,0,0
train/0002/ex03_confused_00047,1,0,0,0,0,0
train/0002/ex03_confused_00048,1,0,0,0,0,0
train/0002/ex03_confused_00049,1,0,0,0,0,0
train/0002/ex03_confused_00050,1,0,0,0,0,0
train/0002/ex03_confused_00051,1,0,0,0,0,0
train/0002/ex03_confused_00052,1,0,0,0,0,0
train/0002/ex03_confused_00053,1,0,0,0,0,0
train/0002/ex03_confused_00054,1,0,0,0,0,0
train/0002/ex03_confused_00055,1,0,0,0,0,0
train/0002/ex03_confused_00056,1,0,0,0,0,0
train/0002/ex03_confused_00057,1,0,0,0,0,0
train/0002/ex03_confused_00058,1,0,0,0,0,0
train/0002/ex03_confused_00059,1,0,0,0,0,0
train/0002/ex03_confused_00060,1,0,0,0,0,0
train/0002/ex03_confused_00061,1,0,0,0,0,0
train/0002/ex03_confused_00062,1,0,0,0,0,0
train/0002/ex03_confused_00063,1,0,0,0,0,0
train/0002/ex03_confused_00064,1,0,0,0,0,0
train/0002/ex03_confused_00065,1,0,0,0,0,0
train/0002/ex03_confused_00066,1,0,0,0,0,0
train/0002/ex03_confused_00067,1,0,0,0,0,0
train/0002/ex03_confused_00068,1,0,0,0,0,0
train/0002/ex03_confused_00069,1,0,0,0,0,0
train/0002/ex03_confused_00070,1,0,0,0,0,0
train/0002/ex03_confused_00071,1,0,0,0,0,0
train/0002/ex03_confused_00072,1,0,0,0,0,0
train/0002/ex03_confused_00073,1,0,0,0,0,0
train/0002/ex03_confused_00074,1,0,0,0,0,0
train/0002/ex03_confused_00075,1,0,0,0,0,0
train/0002/ex03_confused_00076,1,0,0,0,0,0
train/0002/ex03_confused_00077,1,0,0,0,0,0
train/0002/ex03_confused_00078,1,0,0,0,0,0
train/0002/ex03_confused_00079,1,0,0,0,0,0
train/0002/ex03_confused_00080,1,0,0,0,0,0
train/0002/ex03_confused_00081,1,0,0,0,0,0
train/0002/ex03_confused_00082,1,0,0,0,0,0
train/0002/ex03_confused_00083,1,0,0,0,0,0
train/0002/ex03_confused_00084,1,0,0,0,0,0
train/0002/ex03_confused_00085,1,0,0,0,0,0
train/0002/ex03_confused_00086,1,0,0,0,0,0
train/0002/ex03_confused_00087,1,0,0,0,0,0
train/0002/ex03_confused_00088,1,0,0,0,0,0
train/0002/ex03_confused_00089,1,0,0,0,0,0
train/0002/ex03_confused_00090,1,0,0,0,0,0
train/0002/ex03_confused_00091,1,0,0,0,0,0
train/0002/ex03_confused_00092,1,0,0,0,0,0
train/0002/ex03_confused_00093,1,0,0,0,0,0
train/0002/ex03_confused_00094,1,0,0,0,0,0
train/0002/ex03_confused_00095,1,0,0,0,0,0
train/0002/ex03_confused_00096,1,0,0,0,0,0
train/0002/ex03_confused_00097,1,0,0,0,0,0
train/0002/ex03_confused_00098,1,0,0,0,0,0
train/0002/ex03_confused_00099,1,0,0,0,0,0
train/0002/ex03_confused_00100,1,0,0,0,0,0
train/0002/ex03_confused_00101,1,0,0,0,0,0
train/0002/ex03_confused_00102,1,0,0,0,0,0
train/0002/ex03_confused_00103,1,0,0,0,0,0
train/0002/ex03_confused_00104,1,0,0,0,0,0
train/0002/ex03_confused_00105,1,0,0,0,0,0
train/0002/ex03_confused_00106,1,0,0,0,0,0
train/0002/ex03_confused_00107,1,0,0,0,0,0
train/0002/ex03_confused_00108,1,0,0,0,0,0
train/0002/ex03_confused_00109,1,0,0,0,0,0
train/0002/ex03_confused_00110,1,0,0,0,0,0
train/0002/ex03_confused_00111,1,0,0,0,0,0
train/0002/ex03_confused_00112,1,0,0,0,0,0
train/0002/ex03_confused_00113,1,0,0,0,0,0
train/0002/ex03_confused_00114,1,0,0,0,0,0
train/0002/ex03_confused_00115,1,0,0,0,0,0
train/0002/ex03_confused_00116,1,0,0,0,0,0
train/0002/ex03_confused_00117,1,0,0,0,0,0
train/0002/ex03_confused_00118,1,0,0,0,0,0
train/0002/ex03_confused_00119,1,0,0,0,0,0
train/0002/ex03_confused_00120,1,0,0,0,0,0
train/0002/ex03_confused_00121,1,0,0,0,0,0
train/0002/ex03_confused_00122,1,0,0,0,0,0
train/0002/ex03_confused_00123,1,0,0,0,0,0
train/0002/ex03_confused_00124,1,0,0,0,0,0
train/0002/ex03_confused_00125,1,0,0,0,0,0
train/0002/ex03_confused_00126,1,0,0,0,0,0
train/0002/ex03_confused_00127,1,0,0,0,0,0
train/0002/ex03_confused_00128,1,0,0,0,0,0
train/0002/ex03_confused_00129,1,0,0,0,0,0
train/0002/ex03_confused_00130,1,0,0,0,0,0
train/0002/ex03_confused_00131,1,0,0,0,0,0
train/0002/ex03_confused_00132,1,0,0,0,0,0
train/0002/ex03_confused_00133,1,0,0,0,0,0
train/0002/ex03_confused_00134,1,0,0,0,0,0
train/0002/ex03_confused_00135,1,0,0,0,0,0
train/0002/ex03_confused_00136,1,0,0,0,0,0
train/0002/ex03_confused_00137,1,0,0,0,0,0
train/0002/ex03_confused_00138,1,0,0,0,0,0
train/0002/ex03_confused_00139,1,0,0,0,0,0
train/0002/ex03_confused_00140,1,0,0,0,0,0
train/0002/ex03_confused_00141,1,0,0,0,0,0
train/0002/ex03_confused_00142,1,0,0,0,0,0
train/0002/ex03_confused_00143,1,0,0,0,0,0
train/0002/ex03_confused_00144,1,0,0,0,0,0
train/0002/ex03_confused_00145,1,0,0,0,0,0
train/0002/ex03_confused_00146,1,0,0,0,0,0
train/0002/ex03_confused_00147,1,0,0,0,0,0
train/0002/ex03_confused_00148,1,0,0,0,0,0
train/0002/ex03_confused_00149,1,0,0,0,0,0
train/0002/ex03_confused_00150,1,0,0,0,0,0
train/0002/ex03_confused_00151,1,0,0,0,0,0
train/0002/ex03_confused_00152,1,0,0,0,0,0
train/0002/ex03_confused_00153,1,0,0,0,0,0
train/0002/ex03_confused_00154,1,0,0,0,0,0
train/0002/ex03_confused_00155,1,0,0,0,0,0
train/0002/ex03_confused_00156,1,0,0,0,0,0
train/0002/ex03_confused_00157,1,0,0,0,0,0
train/0002/ex03_confused_00158,1,0,0,0,0,0
train/0002/ex03_confused_00159,1,0,0,0,0,0
train/0002/ex03_confused_00160,1,0,0,0,0,0
train/0002/ex03_confused_00161,1,0,0,0,0,0
train/0002/ex03_confused_00162,1,0,0,0,0,0
train/0002/ex03_confused_00163,1,0,0,0,0,0
train/0002/ex03_confused_00164,1,0,0,0,0,0
train/0002/ex03_confused_00165,1,0,0,0,0,0
train/0002/ex03_confused_00166,1,0,0,0,0,0
train/0002/ex03_confused_00167,1,0,0,0,0,0
train/0002/ex03_confused_00168,1,0,0,0,0,0
train/0002/ex03_confused_00169,1,0,0,0,0,0
train/0002/ex03_confused_00170,1,0,0,0,0,0
train/0002/ex03_confused_00171,1,0,0,0,0,0
train/0002/ex03_confused_00172,1,0,0,0,0,0
train/0002/ex03_confused_00173,1,0,0,0,0,0
train/0002/ex03_confused_00174,1,0,0,0,0,0
train/0002/ex03_confused_00175,1,0,0,0,0,0
train/0002/ex03_confused_00176,1,0,0,0,0,0
train/0002/ex03_confused_00177,1,0,0,0,0,0
train/0002/ex03_confused_00178,1,0,0,0,0,0
train/0002/ex03_confused_00179,1,0,0,0,0,0
train/0002/ex03_confused_00180,1,0,0,0,0,0
train/0002/ex03_confused_00181,1,0,0,0,0,0
train/0002/ex03_confused_00182,1,0,0,0,0,0
train/0002/ex03_confused_00183,1,0,0,0,0,0
train/0002/ex03_confused_00184,1,0,0,0,0,0
train/0002/ex03_confused_00185,1,0,0,0,0,0
train/0002/ex03_confused_00186,1,0,0,0,0,0
train/0002/ex03_confused_00187,1,0,0,0,0,0
train/0002/ex03_confused_00188,1,0,0,0,0,0
train/0002/ex03_confused_00189,1,0,0,0,0,0
train/0002/ex03_confused_00190,1,0,0,0,0,0
train/0002/ex03_confused_00191,1,0,0,0,0,0
train/0002/ex03_confused_00192,1,0,0,0,0,0
train/0002/ex03_confused_00193,1,0,0,0,0,0
train/0002/ex03_confused_00194,1,0,0,0,0,0
train/0002/ex03_confused_00195,1,0,0,0,0,0
train/0002/ex03_confused_00196,1,0,0,0,0,0
train/0002/ex03_confused_00197,1,0,0,0,0,0
train/0002/ex03_confused_00198,1,0,0,0,0,0
train/0002/ex03_confused_00199,1,0,0,0,0,0
train/0002/ex03_confused_00200,1,0,0,0,0,0
train/0002/ex03_confused_00201,1,0,0,0,0,0
train/0002/ex03_confused_00202,1,0,0,0,0,0
train/0002/ex03_confused_00203,1,0,0,0,0,0
train/0002/ex03_confused_00204,1,0,0,0,0,0
train/0002/ex03_confused_00205,1,0,0,0,0,0
train/0002/ex03_confused_00206,1,0,0,0,0,0
train/0002/ex03_confused_00207,1,0,0,0,0,0
train/0002/ex03_confused_00208,1,0,0,0,0,0
train/0002/ex03_confused_00209,1,0,0,0,0,0
train/0002/ex03_confused_00210,1,0,0,0,0,0
train/0002/ex03_confused_00211,1,0,0,0,0,0
train/0002/ex03_confused_00212,1,0,0,0,0,0
train/0002/ex03_confused_00213,1,0,0,0,0,0
train/0002/ex03_confused_00214,1,0,0,0,0,0
train/0002/ex03_confused_00215,1,0,0,0,0,0
train/0002/ex03_confused_00216,1,0,0,0,0,0
train/0002/ex03_confused_00217,1,0,0,0,0,0
train/0002/ex03_confused_00218,1,0,0,0,0,0
train/0002/ex03_confused_00219,1,0,0,0,0,0
train/0002/ex03_confused_00220,1,0,0,0,0,0
train/0002/ex03_confused_00221,1,0,0,0,0,0
train/0002/ex03_confused_00222,1,0,0,0,0,0
train/0002/ex03_confused_00223,1,0,0,0,0,0
train/0002/ex03_confused_00224,1,0,0,0,0,0
train/0002/ex03_confused_00225,1,0,0,0,0,0
train/0002/ex03_confused_00226,1,0,0,0,0,0
train/0002/ex03_confused_00227,1,0,0,0,0,0
train/0002/ex03_confused_00228,1,0,0,0,0,0
train/0002/ex03_confused_00229,1,0,0,0,0,0
train/0002/ex03_confused_00230,1,0,0,0,0,0
train/0002/ex03_confused_00231,1,0,0,0,0,0
train/0002/ex03_confused_00232,1,0,0,0,0,0
train/0002/ex03_confused_00233,1,0,0,0,0,0
train/0002/ex03_confused_00234,1,0,0,0,0,0
train/0002/ex03_confused_00235,1,0,0,0,0,0
train/0002/ex03_confused_00236,1,0,0,0,0,0
train/0002/ex03_confused_00237,1,0,0,0,0,0
train/0002/ex03_confused_00238,1,0,0,0,0,0
train/0002/ex03_confused_00239,1,0,0,0,0,0
train/0002/ex03_confused_00240,1,0,0,0,0,0
train/0002/ex03_confused_00241,1,0,0,0,0,0
train/0002/ex03_confused_00242,1,0,0,0,0,0
train/0002/ex03_confused_00243,1,0,0,0,0,0
train/0002/ex03_confused_00244,1,0,0,0,0,0
train/0002/ex03_confused_00245,1,0,0,0,0,0
train/0002/ex03_confused_00246,1,0,0,0,0,0
train/0002/ex03_confused_00247,1,0,0,0,0,0
train/0002/ex03_confused_00248,1,0,0,0,0,0
train/0002/ex03_confused_00249,1,0,0,0,0,0
train/0002/ex03_confused_00250,1,0,0,0,0,0
train/0002/ex03_confused_00251,1,0,0,0,0,0
train/0002/ex03_confused_00252,1,0,0,0,0,0
train/0002/ex03_confused_00253,1,0,0,0,0,0
train/0002/ex03_confused_00254,1,0,0,0,0,0
train/0002/ex03_confused_00255,1,0,0,0,0,0
train/0002/ex03_confused_00256,1,0,0,0,0,0
train/0002/ex03_confused_00257,1,0,0,0,0,0
train/0002/ex03_confused_00258,1,0,0,0,0,0
train/0002/ex03_confused_00259,1,0,0,0,0,0
train/0002/ex03_confused_00260,1,0,0,0,0,0
train/0002/ex03_confused_00261,1,0,0,0,0,0
train/0002/ex03_confused_00262,1,0,0,0,0,0
train/0002/ex03_confused_00263,1,0,0,0,0,0
train/0002/ex03_confused_00264,1,0,0,0,0,0
train/0002/ex03_confused_00265,1,0,0,0,0,0
train/0002/ex03_confused_00266,1,0,0,0,0,0
train/0002/ex03_confused_00267,1,0,0,0,0,0
train/0002/ex03_confused_00268,1,0,0,0,0,0
train/0002/ex03_confused_00269,1,0,0,0,0,0
train/0002/ex03_confused_00270,1,0,0,0,0,0
train/0002/ex03_confused_00271,1,0,0,0,0,0
train/0002/ex03_confused_00272,1,0,0,0,0,0
train/0002/ex03_confused_00273,1,0,0,0,0,0
train/0002/ex03_confused_00274,1,0,0,0,0,0
train/0002/ex03_confused_00275,1,0,0,0,0,0
train/0002/ex03_confused_00276,1,0,0,0,0,0
train/0002/ex03_confused_00277,1,0,0,0,0,0
train/0002/ex03_confused_00278,1,0,0,0,0,0
train/0002/ex03_confused_00279,1,0,0,0,0,0
train/0002/ex03_confused_00280,1,0,0,0,0,0
train/0002/ex03_confused_00281,1,0,0,0,0,0
train/0002/ex03_confused_00282,1,0,0,0,0,0
train/0002/ex03_confused_00283,1,0,0,0,0,0
train/0002/ex03_confused_00284,1,0,0,0,0,0
train/0002/ex03_confused_00285,1,0,0,0,0,0
train/0002/ex03_confused_00286,1,0,0,0,0,0
train/0002/ex03_confused_00287,1,0,0,0,0,0
train/0002/ex03_confused_00288,1,0,0,0,0,0
train/0002/ex03_confused_00289,1,0,0,0,0,0
train/0002/ex03_confused_00290,1,0,0,0,0,0
train/0002/ex03_confused_00291,1,0,0,0,0,0
train/0002/ex03_confused_00292,1,0,0,0,0,0
train/0002/ex03_confused_00293,1,0,0,0,0,0
train/0002/ex03_confused_00294,1,0,0,0,0,0
train/0002/ex03_confused_00295,1,0,0,0,0,0
train/0002/ex03_confused_00296,1,0,0,0,0,0
train/0002/ex03_confused_00297,1,0,0,0,0,0
train/0002/ex03_confused_00298,1,0,0,0,0,0
train/0002/ex03_confused_00299,1,0,0,0,0,0
train/0002/ex03_confused_00300,1,0,0,0,0,0
train/0002/ex03_confused_00301,1,0,0,0,0,0
train/0002/ex03_confused_00302,1,0,0,0,0,0
train/0002/ex03_confused_00303,1,0,0,0,0,0
train/0002/ex03_confused_00304,1,0,0,0,0,0
train/0002/ex03_confused_00305,1,0,0,0,0,0
train/0002/ex03_confused_00306,1,0,0,0,0,0
train/0002/ex03_confused_00307,1,0,0,0,0,0
train/0002/ex03_confused_00308,1,0,0,0,0,0
train/0002/ex03_confused_00309,1,0,0,0,0,0
train/0002/ex03_confused_00310,1,0,0,0,0,0
train/0002/ex03_confused_00311,1,0,0,0,0,0
train/0002/ex03_confused_00312,1,0,0,0,0,0
train/0002/ex03_confused_00313,1,0,0,0,0,0
train/0002/ex03_confused_00314,1,0,0,0,0,0
train/0002/ex03_confused_00315,1,0,0,0,0,0
train/0002/ex03_confused_00316,1,0,0,0,0,0
train/0002/ex03_confused_00317,1,0,0,0,0,0
train/0002/ex03_confused_00318,1,0,0,0,0,0
train/0002/ex03_confused_00319,1,0,0,0,0,0
train/0002/ex03_confused_00320,1,0,0,0,0,0
train/0002/ex03_confused_00321,1,0,0,0,0,0
train/0002/ex03_confused_00322,1,0,0,0,0,0
train/0002/ex03_confused_00323,1,0,0,0,0,0
train/0002/ex03_confused_00324,1,0,0,0,0,0
train/0002/ex03_confused_00325,1,0,0,0,0,0
train/0002/ex03_confused_00326,1,0,0,0,0,0
train/0002/ex03_confused_00327,1,0,0,0,0,0
train/0002/ex03_confused_00328,1,0,0,0,0,0
train/0002/ex03_confused_00329,1,0,0,0,0,0
train/0002/ex03_confused_00330,1,0,0,0,0,0
train/0002/ex03_confused_00331,1,0,0,0,0,0
train/0002/ex03_confused_00332,1,0,0,0,0,0
train/0002/ex03_confused_00333,1,0,0,0,0,0
train/0002/ex03_confused_00334,1,0,0,0,0,0
train/0002/ex03_confused_00335,1,0,0,0,0,0
train/0002/ex03_confused_00336,1,0,0,0,0,0
train/0002/ex03_confused_00337,1,0,0,0,0,0
train/0002/ex03_confused_00338,1,0,0,0,0,0
train/0002/ex03_confused_00339,1,0,0,0,0,0
dev/0002/ex03_confused_00340,1,0,0,0,0,0
dev/0002/ex03_confused_00341,1,0,0,0,0,0
dev/0002/ex03_confused_00342,1,0,0,0,0,0
dev/0002/ex03_confused_00343,1,0,0,0,0,0
dev/0002/ex03_confused_00344,1,0,0,0,0,0
dev/0002/ex03_confused_00345,1,0,0,0,0,0
dev/0002/ex03_confused_00346,1,0,0,0,0,0
dev/0002/ex03_confused_00347,1,0,0,0,0,0
dev/0002/ex03_confused_00348,1,0,0,0,0,0
dev/0002/ex03_confused_00349,1,0,0,0,0,0
dev/0002/ex03_confused_00350,1,0,0,0,0,0
dev/0002/ex03_confused_00351,1,0,0,0,0,0
dev/0002/ex03_confused_00352,1,0,0,0,0,0
dev/0002/ex03_confused_00353,1,0,0,0,0,0
dev/0002/ex03_confused_00354,1,0,0,0,0,0
dev/0002/ex03_confused_00355,1,0,0,0,0,0
dev/0002/ex03_confused_00356,1,0,0,0,0,0
dev/0002/ex03_confused_00357,1,0,0,0,0,0
dev/0002/ex03_confused_00358,1,0,0,0,0,0
dev/0002/ex03_confused_00359,1,0,0,0,0,0
dev/0002/ex03_confused_00360,1,0,0,0,0,0
test/0002/ex03_confused_00361,1,0,0,0,0,0
test/0002/ex03_confused_00362,1,0,0,0,0,0
test/0002/ex03_confused_00363,1,0,0,0,0,0
test/0002/ex03_confused_00364,1,0,0,0,0,0
test/0002/ex03_confused_00365,1,0,0,0,0,0
test/0002/ex03_confused_00366,1,0,0,0,0,0
test/0002/ex03_confused_00367,1,0,0,0,0,0
test/0002/ex03_confused_00368,1,0,0,0,0,0
test/0002/ex03_confused_00369,1,0,0,0,0,0
test/0002/ex03_confused_00370,1,0,0,0,0,0
test/0002/ex03_confused_00371,1,0,0,0,0,0
test/0002/ex03_confused_00372,1,0,0,0,0,0
test/0002/ex03_confused_00373,1,0,0,0,0,0
test/0002/ex03_confused_00374,1,0,0,0,0,0
test/0002/ex03_confused_00375,1,0,0,0,0,0
test/0002/ex03_confused_00376,1,0,0,0,0,0
test/0002/ex03_confused_00377,1,0,0,0,0,0
test/0002/ex03_confused_00378,1,0,0,0,0,0
test/0002/ex03_confused_00379,1,0,0,0,0,0
test/0002/ex03_confused_00380,1,0,0,0,0,0
train/0002/ex03_default_00001,0,1,0,0,0,0
train/0002/ex03_default_00002,0,1,0,0,0,0
train/0002/ex03_default_00003,0,1,0,0,0,0
train/0002/ex03_default_00004,0,1,0,0,0,0
train/0002/ex03_default_00005,0,1,0,0,0,0
train/0002/ex03_default_00006,0,1,0,0,0,0
train/0002/ex03_default_00007,0,1,0,0,0,0
train/0002/ex03_default_00008,0,1,0,0,0,0
train/0002/ex03_default_00009,0,1,0,0,0,0
train/0002/ex03_default_00010,0,1,0,0,0,0
train/0002/ex03_default_00011,0,1,0,0,0,0
train/0002/ex03_default_00012,0,1,0,0,0,0
train/0002/ex03_default_00013,0,1,0,0,0,0
train/0002/ex03_default_00014,0,1,0,0,0,0
train/0002/ex03_default_00015,0,1,0,0,0,0
train/0002/ex03_default_00016,0,1,0,0,0,0
train/0002/ex03_default_00017,0,1,0,0,0,0
train/0002/ex03_default_00018,0,1,0,0,0,0
train/0002/ex03_default_00019,0,1,0,0,0,0
train/0002/ex03_default_00020,0,1,0,0,0,0
train/0002/ex03_default_00021,0,1,0,0,0,0
train/0002/ex03_default_00022,0,1,0,0,0,0
train/0002/ex03_default_00023,0,1,0,0,0,0
train/0002/ex03_default_00024,0,1,0,0,0,0
train/0002/ex03_default_00025,0,1,0,0,0,0
train/0002/ex03_default_00026,0,1,0,0,0,0
train/0002/ex03_default_00027,0,1,0,0,0,0
train/0002/ex03_default_00028,0,1,0,0,0,0
train/0002/ex03_default_00029,0,1,0,0,0,0
train/0002/ex03_default_00030,0,1,0,0,0,0
train/0002/ex03_default_00031,0,1,0,0,0,0
train/0002/ex03_default_00032,0,1,0,0,0,0
train/0002/ex03_default_00033,0,1,0,0,0,0
train/0002/ex03_default_00034,0,1,0,0,0,0
train/0002/ex03_default_00035,0,1,0,0,0,0
train/0002/ex03_default_00036,0,1,0,0,0,0
train/0002/ex03_default_00037,0,1,0,0,0,0
train/0002/ex03_default_00038,0,1,0,0,0,0
train/0002/ex03_default_00039,0,1,0,0,0,0
train/0002/ex03_default_00040,0,1,0,0,0,0
train/0002/ex03_default_00041,0,1,0,0,0,0
train/0002/ex03_default_00042,0,1,0,0,0,0
train/0002/ex03_default_00043,0,1,0,0,0,0
train/0002/ex03_default_00044,0,1,0,0,0,0
train/0002/ex03_default_00045,0,1,0,0,0,0
train/0002/ex03_default_00046,0,1,0,0,0,0
train/0002/ex03_default_00047,0,1,0,0,0,0
train/0002/ex03_default_00048,0,1,0,0,0,0
train/0002/ex03_default_00049,0,1,0,0,0,0
train/0002/ex03_default_00050,0,1,0,0,0,0
train/0002/ex03_default_00051,0,1,0,0,0,0
train/0002/ex03_default_00052,0,1,0,0,0,0
train/0002/ex03_default_00053,0,1,0,0,0,0
train/0002/ex03_default_00054,0,1,0,0,0,0
train/0002/ex03_default_00055,0,1,0,0,0,0
train/0002/ex03_default_00056,0,1,0,0,0,0
train/0002/ex03_default_00057,0,1,0,0,0,0
train/0002/ex03_default_00058,0,1,0,0,0,0
train/0002/ex03_default_00059,0,1,0,0,0,0
train/0002/ex03_default_00060,0,1,0,0,0,0
train/0002/ex03_default_00061,0,1,0,0,0,0
train/0002/ex03_default_00062,0,1,0,0,0,0
train/0002/ex03_default_00063,0,1,0,0,0,0
train/0002/ex03_default_00064,0,1,0,0,0,0
train/0002/ex03_default_00065,0,1,0,0,0,0
train/0002/ex03_default_00066,0,1,0,0,0,0
train/0002/ex03_default_00067,0,1,0,0,0,0
train/0002/ex03_default_00068,0,1,0,0,0,0
train/0002/ex03_default_00069,0,1,0,0,0,0
train/0002/ex03_default_00070,0,1,0,0,0,0
train/0002/ex03_default_00071,0,1,0,0,0,0
train/0002/ex03_default_00072,0,1,0,0,0,0
train/0002/ex03_default_00073,0,1,0,0,0,0
train/0002/ex03_default_00074,0,1,0,0,0,0
train/0002/ex03_default_00075,0,1,0,0,0,0
train/0002/ex03_default_00076,0,1,0,0,0,0
train/0002/ex03_default_00077,0,1,0,0,0,0
train/0002/ex03_default_00078,0,1,0,0,0,0
train/0002/ex03_default_00079,0,1,0,0,0,0
train/0002/ex03_default_00080,0,1,0,0,0,0
train/0002/ex03_default_00081,0,1,0,0,0,0
train/0002/ex03_default_00082,0,1,0,0,0,0
train/0002/ex03_default_00083,0,1,0,0,0,0
train/0002/ex03_default_00084,0,1,0,0,0,0
train/0002/ex03_default_00085,0,1,0,0,0,0
train/0002/ex03_default_00086,0,1,0,0,0,0
train/0002/ex03_default_00087,0,1,0,0,0,0
train/0002/ex03_default_00088,0,1,0,0,0,0
train/0002/ex03_default_00089,0,1,0,0,0,0
train/0002/ex03_default_00090,0,1,0,0,0,0
train/0002/ex03_default_00091,0,1,0,0,0,0
train/0002/ex03_default_00092,0,1,0,0,0,0
train/0002/ex03_default_00093,0,1,0,0,0,0
train/0002/ex03_default_00094,0,1,0,0,0,0
train/0002/ex03_default_00095,0,1,0,0,0,0
train/0002/ex03_default_00096,0,1,0,0,0,0
train/0002/ex03_default_00097,0,1,0,0,0,0
train/0002/ex03_default_00098,0,1,0,0,0,0
train/0002/ex03_default_00099,0,1,0,0,0,0
train/0002/ex03_default_00100,0,1,0,0,0,0
train/0002/ex03_default_00101,0,1,0,0,0,0
train/0002/ex03_default_00102,0,1,0,0,0,0
train/0002/ex03_default_00103,0,1,0,0,0,0
train/0002/ex03_default_00104,0,1,0,0,0,0
train/0002/ex03_default_00105,0,1,0,0,0,0
train/0002/ex03_default_00106,0,1,0,0,0,0
train/0002/ex03_default_00107,0,1,0,0,0,0
train/0002/ex03_default_00108,0,1,0,0,0,0
train/0002/ex03_default_00109,0,1,0,0,0,0
train/0002/ex03_default_00110,0,1,0,0,0,0
train/0002/ex03_default_00111,0,1,0,0,0,0
train/0002/ex03_default_00112,0,1,0,0,0,0
train/0002/ex03_default_00113,0,1,0,0,0,0
train/0002/ex03_default_00114,0,1,0,0,0,0
train/0002/ex03_default_00115,0,1,0,0,0,0
train/0002/ex03_default_00116,0,1,0,0,0,0
train/0002/ex03_default_00117,0,1,0,0,0,0
train/0002/ex03_default_00118,0,1,0,0,0,0
train/0002/ex03_default_00119,0,1,0,0,0,0
train/0002/ex03_default_00120,0,1,0,0,0,0
train/0002/ex03_default_00121,0,1,0,0,0,0
train/0002/ex03_default_00122,0,1,0,0,0,0
train/0002/ex03_default_00123,0,1,0,0,0,0
train/0002/ex03_default_00124,0,1,0,0,0,0
train/0002/ex03_default_00125,0,1,0,0,0,0
train/0002/ex03_default_00126,0,1,0,0,0,0
train/0002/ex03_default_00127,0,1,0,0,0,0
train/0002/ex03_default_00128,0,1,0,0,0,0
train/0002/ex03_default_00129,0,1,0,0,0,0
train/0002/ex03_default_00130,0,1,0,0,0,0
train/0002/ex03_default_00131,0,1,0,0,0,0
train/0002/ex03_default_00132,0,1,0,0,0,0
train/0002/ex03_default_00133,0,1,0,0,0,0
train/0002/ex03_default_00134,0,1,0,0,0,0
train/0002/ex03_default_00135,0,1,0,0,0,0
train/0002/ex03_default_00136,0,1,0,0,0,0
train/0002/ex03_default_00137,0,1,0,0,0,0
train/0002/ex03_default_00138,0,1,0,0,0,0
train/0002/ex03_default_00139,0,1,0,0,0,0
train/0002/ex03_default_00140,0,1,0,0,0,0
train/0002/ex03_default_00141,0,1,0,0,0,0
train/0002/ex03_default_00142,0,1,0,0,0,0
train/0002/ex03_default_00143,0,1,0,0,0,0
train/0002/ex03_default_00144,0,1,0,0,0,0
train/0002/ex03_default_00145,0,1,0,0,0,0
train/0002/ex03_default_00146,0,1,0,0,0,0
train/0002/ex03_default_00147,0,1,0,0,0,0
train/0002/ex03_default_00148,0,1,0,0,0,0
train/0002/ex03_default_00149,0,1,0,0,0,0
train/0002/ex03_default_00150,0,1,0,0,0,0
train/0002/ex03_default_00151,0,1,0,0,0,0
train/0002/ex03_default_00152,0,1,0,0,0,0
train/0002/ex03_default_00153,0,1,0,0,0,0
train/0002/ex03_default_00154,0,1,0,0,0,0
train/0002/ex03_default_00155,0,1,0,0,0,0
train/0002/ex03_default_00156,0,1,0,0,0,0
train/0002/ex03_default_00157,0,1,0,0,0,0
train/0002/ex03_default_00158,0,1,0,0,0,0
train/0002/ex03_default_00159,0,1,0,0,0,0
train/0002/ex03_default_00160,0,1,0,0,0,0
train/0002/ex03_default_00161,0,1,0,0,0,0
train/0002/ex03_default_00162,0,1,0,0,0,0
train/0002/ex03_default_00163,0,1,0,0,0,0
train/0002/ex03_default_00164,0,1,0,0,0,0
train/0002/ex03_default_00165,0,1,0,0,0,0
train/0002/ex03_default_00166,0,1,0,0,0,0
train/0002/ex03_default_00167,0,1,0,0,0,0
train/0002/ex03_default_00168,0,1,0,0,0,0
train/0002/ex03_default_00169,0,1,0,0,0,0
train/0002/ex03_default_00170,0,1,0,0,0,0
train/0002/ex03_default_00171,0,1,0,0,0,0
train/0002/ex03_default_00172,0,1,0,0,0,0
train/0002/ex03_default_00173,0,1,0,0,0,0
train/0002/ex03_default_00174,0,1,0,0,0,0
train/0002/ex03_default_00175,0,1,0,0,0,0
train/0002/ex03_default_00176,0,1,0,0,0,0
train/0002/ex03_default_00177,0,1,0,0,0,0
train/0002/ex03_default_00178,0,1,0,0,0,0
train/0002/ex03_default_00179,0,1,0,0,0,0
train/0002/ex03_default_00180,0,1,0,0,0,0
train/0002/ex03_default_00181,0,1,0,0,0,0
train/0002/ex03_default_00182,0,1,0,0,0,0
train/0002/ex03_default_00183,0,1,0,0,0,0
train/0002/ex03_default_00184,0,1,0,0,0,0
train/0002/ex03_default_00185,0,1,0,0,0,0
train/0002/ex03_default_00186,0,1,0,0,0,0
train/0002/ex03_default_00187,0,1,0,0,0,0
train/0002/ex03_default_00188,0,1,0,0,0,0
train/0002/ex03_default_00189,0,1,0,0,0,0
train/0002/ex03_default_00190,0,1,0,0,0,0
train/0002/ex03_default_00191,0,1,0,0,0,0
train/0002/ex03_default_00192,0,1,0,0,0,0
train/0002/ex03_default_00193,0,1,0,0,0,0
train/0002/ex03_default_00194,0,1,0,0,0,0
train/0002/ex03_default_00195,0,1,0,0,0,0
train/0002/ex03_default_00196,0,1,0,0,0,0
train/0002/ex03_default_00197,0,1,0,0,0,0
train/0002/ex03_default_00198,0,1,0,0,0,0
train/0002/ex03_default_00199,0,1,0,0,0,0
train/0002/ex03_default_00200,0,1,0,0,0,0
train/0002/ex03_default_00201,0,1,0,0,0,0
train/0002/ex03_default_00202,0,1,0,0,0,0
train/0002/ex03_default_00203,0,1,0,0,0,0
train/0002/ex03_default_00204,0,1,0,0,0,0
train/0002/ex03_default_00205,0,1,0,0,0,0
train/0002/ex03_default_00206,0,1,0,0,0,0
train/0002/ex03_default_00207,0,1,0,0,0,0
train/0002/ex03_default_00208,0,1,0,0,0,0
train/0002/ex03_default_00209,0,1,0,0,0,0
train/0002/ex03_default_00210,0,1,0,0,0,0
train/0002/ex03_default_00211,0,1,0,0,0,0
train/0002/ex03_default_00212,0,1,0,0,0,0
train/0002/ex03_default_00213,0,1,0,0,0,0
train/0002/ex03_default_00214,0,1,0,0,0,0
train/0002/ex03_default_00215,0,1,0,0,0,0
train/0002/ex03_default_00216,0,1,0,0,0,0
train/0002/ex03_default_00217,0,1,0,0,0,0
train/0002/ex03_default_00218,0,1,0,0,0,0
train/0002/ex03_default_00219,0,1,0,0,0,0
train/0002/ex03_default_00220,0,1,0,0,0,0
train/0002/ex03_default_00221,0,1,0,0,0,0
train/0002/ex03_default_00222,0,1,0,0,0,0
train/0002/ex03_default_00223,0,1,0,0,0,0
train/0002/ex03_default_00224,0,1,0,0,0,0
train/0002/ex03_default_00225,0,1,0,0,0,0
train/0002/ex03_default_00226,0,1,0,0,0,0
train/0002/ex03_default_00227,0,1,0,0,0,0
train/0002/ex03_default_00228,0,1,0,0,0,0
train/0002/ex03_default_00229,0,1,0,0,0,0
train/0002/ex03_default_00230,0,1,0,0,0,0
train/0002/ex03_default_00231,0,1,0,0,0,0
train/0002/ex03_default_00232,0,1,0,0,0,0
train/0002/ex03_default_00233,0,1,0,0,0,0
train/0002/ex03_default_00234,0,1,0,0,0,0
train/0002/ex03_default_00235,0,1,0,0,0,0
train/0002/ex03_default_00236,0,1,0,0,0,0
train/0002/ex03_default_00237,0,1,0,0,0,0
train/0002/ex03_default_00238,0,1,0,0,0,0
train/0002/ex03_default_00239,0,1,0,0,0,0
train/0002/ex03_default_00240,0,1,0,0,0,0
train/0002/ex03_default_00241,0,1,0,0,0,0
train/0002/ex03_default_00242,0,1,0,0,0,0
train/0002/ex03_default_00243,0,1,0,0,0,0
train/0002/ex03_default_00244,0,1,0,0,0,0
train/0002/ex03_default_00245,0,1,0,0,0,0
train/0002/ex03_default_00246,0,1,0,0,0,0
train/0002/ex03_default_00247,0,1,0,0,0,0
train/0002/ex03_default_00248,0,1,0,0,0,0
train/0002/ex03_default_00249,0,1,0,0,0,0
train/0002/ex03_default_00250,0,1,0,0,0,0
train/0002/ex03_default_00251,0,1,0,0,0,0
train/0002/ex03_default_00252,0,1,0,0,0,0
train/0002/ex03_default_00253,0,1,0,0,0,0
train/0002/ex03_default_00254,0,1,0,0,0,0
train/0002/ex03_default_00255,0,1,0,0,0,0
train/0002/ex03_default_00256,0,1,0,0,0,0
train/0002/ex03_default_00257,0,1,0,0,0,0
train/0002/ex03_default_00258,0,1,0,0,0,0
train/0002/ex03_default_00259,0,1,0,0,0,0
train/0002/ex03_default_00260,0,1,0,0,0,0
train/0002/ex03_default_00261,0,1,0,0,0,0
train/0002/ex03_default_00262,0,1,0,0,0,0
train/0002/ex03_default_00263,0,1,0,0,0,0
train/0002/ex03_default_00264,0,1,0,0,0,0
train/0002/ex03_default_00265,0,1,0,0,0,0
train/0002/ex03_default_00266,0,1,0,0,0,0
train/0002/ex03_default_00267,0,1,0,0,0,0
train/0002/ex03_default_00268,0,1,0,0,0,0
train/0002/ex03_default_00269,0,1,0,0,0,0
train/0002/ex03_default_00270,0,1,0,0,0,0
train/0002/ex03_default_00271,0,1,0,0,0,0
train/0002/ex03_default_00272,0,1,0,0,0,0
train/0002/ex03_default_00273,0,1,0,0,0,0
train/0002/ex03_default_00274,0,1,0,0,0,0
train/0002/ex03_default_00275,0,1,0,0,0,0
train/0002/ex03_default_00276,0,1,0,0,0,0
train/0002/ex03_default_00277,0,1,0,0,0,0
train/0002/ex03_default_00278,0,1,0,0,0,0
train/0002/ex03_default_00279,0,1,0,0,0,0
train/0002/ex03_default_00280,0,1,0,0,0,0
train/0002/ex03_default_00281,0,1,0,0,0,0
train/0002/ex03_default_00282,0,1,0,0,0,0
train/0002/ex03_default_00283,0,1,0,0,0,0
train/0002/ex03_default_00284,0,1,0,0,0,0
train/0002/ex03_default_00285,0,1,0,0,0,0
train/0002/ex03_default_00286,0,1,0,0,0,0
train/0002/ex03_default_00287,0,1,0,0,0,0
train/0002/ex03_default_00288,0,1,0,0,0,0
train/0002/ex03_default_00289,0,1,0,0,0,0
train/0002/ex03_default_00290,0,1,0,0,0,0
train/0002/ex03_default_00291,0,1,0,0,0,0
train/0002/ex03_default_00292,0,1,0,0,0,0
train/0002/ex03_default_00293,0,1,0,0,0,0
train/0002/ex03_default_00294,0,1,0,0,0,0
train/0002/ex03_default_00295,0,1,0,0,0,0
train/0002/ex03_default_00296,0,1,0,0,0,0
train/0002/ex03_default_00297,0,1,0,0,0,0
train/0002/ex03_default_00298,0,1,0,0,0,0
train/0002/ex03_default_00299,0,1,0,0,0,0
train/0002/ex03_default_00300,0,1,0,0,0,0
train/0002/ex03_default_00301,0,1,0,0,0,0
train/0002/ex03_default_00302,0,1,0,0,0,0
train/0002/ex03_default_00303,0,1,0,0,0,0
train/0002/ex03_default_00304,0,1,0,0,0,0
train/0002/ex03_default_00305,0,1,0,0,0,0
train/0002/ex03_default_00306,0,1,0,0,0,0
train/0002/ex03_default_00307,0,1,0,0,0,0
train/0002/ex03_default_00308,0,1,0,0,0,0
train/0002/ex03_default_00309,0,1,0,0,0,0
train/0002/ex03_default_00310,0,1,0,0,0,0
train/0002/ex03_default_00311,0,1,0,0,0,0
train/0002/ex03_default_00312,0,1,0,0,0,0
train/0002/ex03_default_00313,0,1,0,0,0,0
train/0002/ex03_default_00314,0,1,0,0,0,0
train/0002/ex03_default_00315,0,1,0,0,0,0
train/0002/ex03_default_00316,0,1,0,0,0,0
train/0002/ex03_default_00317,0,1,0,0,0,0
train/0002/ex03_default_00318,0,1,0,0,0,0
train/0002/ex03_default_00319,0,1,0,0,0,0
train/0002/ex03_default_00320,0,1,0,0,0,0
train/0002/ex03_default_00321,0,1,0,0,0,0
train/0002/ex03_default_00322,0,1,0,0,0,0
train/0002/ex03_default_00323,0,1,0,0,0,0
train/0002/ex03_default_00324,0,1,0,0,0,0
train/0002/ex03_default_00325,0,1,0,0,0,0
train/0002/ex03_default_00326,0,1,0,0,0,0
train/0002/ex03_default_00327,0,1,0,0,0,0
train/0002/ex03_default_00328,0,1,0,0,0,0
train/0002/ex03_default_00329,0,1,0,0,0,0
train/0002/ex03_default_00330,0,1,0,0,0,0
dev/0002/ex03_default_00331,0,1,0,0,0,0
dev/0002/ex03_default_00332,0,1,0,0,0,0
dev/0002/ex03_default_00333,0,1,0,0,0,0
dev/0002/ex03_default_00334,0,1,0,0,0,0
dev/0002/ex03_default_00335,0,1,0,0,0,0
dev/0002/ex03_default_00336,0,1,0,0,0,0
dev/0002/ex03_default_00337,0,1,0,0,0,0
dev/0002/ex03_default_00338,0,1,0,0,0,0
dev/0002/ex03_default_00339,0,1,0,0,0,0
dev/0002/ex03_default_00340,0,1,0,0,0,0
dev/0002/ex03_default_00341,0,1,0,0,0,0
dev/0002/ex03_default_00342,0,1,0,0,0,0
dev/0002/ex03_default_00343,0,1,0,0,0,0
dev/0002/ex03_default_00344,0,1,0,0,0,0
dev/0002/ex03_default_00345,0,1,0,0,0,0
dev/0002/ex03_default_00346,0,1,0,0,0,0
dev/0002/ex03_default_00347,0,1,0,0,0,0
dev/0002/ex03_default_00348,0,1,0,0,0,0
dev/0002/ex03_default_00349,0,1,0,0,0,0
dev/0002/ex03_default_00350,0,1,0,0,0,0
dev/0002/ex03_default_00351,0,1,0,0,0,0
dev/0002/ex03_default_00352,0,1,0,0,0,0
dev/0002/ex03_default_00353,0,1,0,0,0,0
dev/0002/ex03_default_00354,0,1,0,0,0,0
dev/0002/ex03_default_00355,0,1,0,0,0,0
test/0002/ex03_default_00356,0,1,0,0,0,0
test/0002/ex03_default_00357,0,1,0,0,0,0
test/0002/ex03_default_00358,0,1,0,0,0,0
test/0002/ex03_default_00359,0,1,0,0,0,0
test/0002/ex03_default_00360,0,1,0,0,0,0
test/0002/ex03_default_00361,0,1,0,0,0,0
test/0002/ex03_default_00362,0,1,0,0,0,0
test/0002/ex03_default_00363,0,1,0,0,0,0
test/0002/ex03_default_00364,0,1,0,0,0,0
test/0002/ex03_default_00365,0,1,0,0,0,0
test/0002/ex03_default_00366,0,1,0,0,0,0
test/0002/ex03_default_00367,0,1,0,0,0,0
test/0002/ex03_default_00368,0,1,0,0,0,0
test/0002/ex03_default_00369,0,1,0,0,0,0
test/0002/ex03_default_00370,0,1,0,0,0,0
test/0002/ex03_default_00371,0,1,0,0,0,0
test/0002/ex03_default_00372,0,1,0,0,0,0
test/0002/ex03_default_00373,0,1,0,0,0,0
test/0002/ex03_default_00374,0,1,0,0,0,0
test/0002/ex03_default_00375,0,1,0,0,0,0
test/0002/ex03_default_00376,0,1,0,0,0,0
test/0002/ex03_default_00377,0,1,0,0,0,0
test/0002/ex03_default_00378,0,1,0,0,0,0
test/0002/ex03_default_00379,0,1,0,0,0,0
test/0002/ex03_default_00380,0,1,0,0,0,0
train/0002/ex03_default_emphasis_00001,0,1,0,0,0,0
train/0002/ex03_default_emphasis_00002,0,1,0,0,0,0
train/0002/ex03_default_emphasis_00003,0,1,0,0,0,0
train/0002/ex03_default_emphasis_00004,0,1,0,0,0,0
train/0002/ex03_default_emphasis_00005,0,1,0,0,0,0
train/0002/ex03_default_emphasis_00006,0,1,0,0,0,0
train/0002/ex03_default_emphasis_00007,0,1,0,0,0,0
train/0002/ex03_default_emphasis_00008,0,1,0,0,0,0
train/0002/ex03_default_emphasis_00009,0,1,0,0,0,0
train/0002/ex03_default_emphasis_00010,0,1,0,0,0,0
train/0002/ex03_default_emphasis_00011,0,1,0,0,0,0
train/0002/ex03_default_emphasis_00012,0,1,0,0,0,0
train/0002/ex03_default_emphasis_00013,0,1,0,0,0,0
train/0002/ex03_default_emphasis_00014,0,1,0,0,0,0
train/0002/ex03_default_emphasis_00015,0,1,0,0,0,0
train/0002/ex03_default_emphasis_00016,0,1,0,0,0,0
train/0002/ex03_default_emphasis_00017,0,1,0,0,0,0
train/0002/ex03_default_emphasis_00018,0,1,0,0,0,0
train/0002/ex03_default_emphasis_00019,0,1,0,0,0,0
train/0002/ex03_default_emphasis_00020,0,1,0,0,0,0
train/0002/ex03_default_emphasis_00021,0,1,0,0,0,0
train/0002/ex03_default_emphasis_00022,0,1,0,0,0,0
train/0002/ex03_default_emphasis_00023,0,1,0,0,0,0
train/0002/ex03_default_emphasis_00024,0,1,0,0,0,0
train/0002/ex03_default_emphasis_00025,0,1,0,0,0,0
train/0002/ex03_default_emphasis_00026,0,1,0,0,0,0
train/0002/ex03_default_emphasis_00027,0,1,0,0,0,0
train/0002/ex03_default_emphasis_00028,0,1,0,0,0,0
train/0002/ex03_default_emphasis_00029,0,1,0,0,0,0
train/0002/ex03_default_emphasis_00030,0,1,0,0,0,0
train/0002/ex03_default_emphasis_00031,0,1,0,0,0,0
train/0002/ex03_default_emphasis_00032,0,1,0,0,0,0
train/0002/ex03_default_emphasis_00033,0,1,0,0,0,0
train/0002/ex03_default_emphasis_00034,0,1,0,0,0,0
train/0002/ex03_default_emphasis_00035,0,1,0,0,0,0
train/0002/ex03_default_emphasis_00036,0,1,0,0,0,0
train/0002/ex03_default_emphasis_00037,0,1,0,0,0,0
train/0002/ex03_default_emphasis_00038,0,1,0,0,0,0
train/0002/ex03_default_emphasis_00039,0,1,0,0,0,0
train/0002/ex03_default_emphasis_00040,0,1,0,0,0,0
train/0002/ex03_default_emphasis_00041,0,1,0,0,0,0
train/0002/ex03_default_emphasis_00042,0,1,0,0,0,0
train/0002/ex03_default_emphasis_00043,0,1,0,0,0,0
train/0002/ex03_default_emphasis_00044,0,1,0,0,0,0
train/0002/ex03_default_emphasis_00045,0,1,0,0,0,0
train/0002/ex03_default_emphasis_00046,0,1,0,0,0,0
train/0002/ex03_default_emphasis_00047,0,1,0,0,0,0
train/0002/ex03_default_emphasis_00048,0,1,0,0,0,0
train/0002/ex03_default_emphasis_00049,0,1,0,0,0,0
train/0002/ex03_default_emphasis_00050,0,1,0,0,0,0
train/0002/ex03_default_emphasis_00051,0,1,0,0,0,0
train/0002/ex03_default_emphasis_00052,0,1,0,0,0,0
train/0002/ex03_default_emphasis_00053,0,1,0,0,0,0
train/0002/ex03_default_emphasis_00054,0,1,0,0,0,0
train/0002/ex03_default_emphasis_00055,0,1,0,0,0,0
train/0002/ex03_default_emphasis_00056,0,1,0,0,0,0
train/0002/ex03_default_emphasis_00057,0,1,0,0,0,0
train/0002/ex03_default_emphasis_00058,0,1,0,0,0,0
train/0002/ex03_default_emphasis_00059,0,1,0,0,0,0
train/0002/ex03_default_emphasis_00060,0,1,0,0,0,0
train/0002/ex03_default_emphasis_00061,0,1,0,0,0,0
train/0002/ex03_default_emphasis_00062,0,1,0,0,0,0
train/0002/ex03_default_emphasis_00063,0,1,0,0,0,0
train/0002/ex03_default_emphasis_00064,0,1,0,0,0,0
train/0002/ex03_default_emphasis_00065,0,1,0,0,0,0
train/0002/ex03_default_emphasis_00066,0,1,0,0,0,0
train/0002/ex03_default_emphasis_00067,0,1,0,0,0,0
train/0002/ex03_default_emphasis_00068,0,1,0,0,0,0
train/0002/ex03_default_emphasis_00069,0,1,0,0,0,0
train/0002/ex03_default_emphasis_00070,0,1,0,0,0,0
train/0002/ex03_default_emphasis_00071,0,1,0,0,0,0
train/0002/ex03_default_emphasis_00072,0,1,0,0,0,0
train/0002/ex03_default_emphasis_00073,0,1,0,0,0,0
train/0002/ex03_default_emphasis_00074,0,1,0,0,0,0
train/0002/ex03_default_emphasis_00075,0,1,0,0,0,0
train/0002/ex03_default_emphasis_00076,0,1,0,0,0,0
train/0002/ex03_default_emphasis_00077,0,1,0,0,0,0
train/0002/ex03_default_emphasis_00078,0,1,0,0,0,0
train/0002/ex03_default_emphasis_00079,0,1,0,0,0,0
train/0002/ex03_default_emphasis_00080,0,1,0,0,0,0
train/0002/ex03_default_emphasis_00081,0,1,0,0,0,0
train/0002/ex03_default_emphasis_00082,0,1,0,0,0,0
train/0002/ex03_default_emphasis_00083,0,1,0,0,0,0
train/0002/ex03_default_emphasis_00084,0,1,0,0,0,0
train/0002/ex03_default_emphasis_00085,0,1,0,0,0,0
train/0002/ex03_default_emphasis_00086,0,1,0,0,0,0
train/0002/ex03_default_emphasis_00087,0,1,0,0,0,0
train/0002/ex03_default_emphasis_00088,0,1,0,0,0,0
train/0002/ex03_default_emphasis_00089,0,1,0,0,0,0
train/0002/ex03_default_emphasis_00090,0,1,0,0,0,0
train/0002/ex03_default_emphasis_00091,0,1,0,0,0,0
train/0002/ex03_default_emphasis_00092,0,1,0,0,0,0
train/0002/ex03_default_emphasis_00093,0,1,0,0,0,0
train/0002/ex03_default_emphasis_00094,0,1,0,0,0,0
train/0002/ex03_default_emphasis_00095,0,1,0,0,0,0
train/0002/ex03_default_emphasis_00096,0,1,0,0,0,0
train/0002/ex03_default_emphasis_00097,0,1,0,0,0,0
train/0002/ex03_default_emphasis_00098,0,1,0,0,0,0
train/0002/ex03_default_emphasis_00099,0,1,0,0,0,0
train/0002/ex03_default_emphasis_00100,0,1,0,0,0,0
train/0002/ex03_default_emphasis_00101,0,1,0,0,0,0
train/0002/ex03_default_emphasis_00102,0,1,0,0,0,0
train/0002/ex03_default_emphasis_00103,0,1,0,0,0,0
train/0002/ex03_default_emphasis_00104,0,1,0,0,0,0
train/0002/ex03_default_emphasis_00105,0,1,0,0,0,0
train/0002/ex03_default_emphasis_00106,0,1,0,0,0,0
train/0002/ex03_default_emphasis_00107,0,1,0,0,0,0
train/0002/ex03_default_emphasis_00108,0,1,0,0,0,0
train/0002/ex03_default_emphasis_00109,0,1,0,0,0,0
train/0002/ex03_default_emphasis_00110,0,1,0,0,0,0
train/0002/ex03_default_emphasis_00111,0,1,0,0,0,0
train/0002/ex03_default_emphasis_00112,0,1,0,0,0,0
train/0002/ex03_default_emphasis_00113,0,1,0,0,0,0
train/0002/ex03_default_emphasis_00114,0,1,0,0,0,0
train/0002/ex03_default_emphasis_00115,0,1,0,0,0,0
train/0002/ex03_default_emphasis_00116,0,1,0,0,0,0
train/0002/ex03_default_emphasis_00117,0,1,0,0,0,0
train/0002/ex03_default_emphasis_00118,0,1,0,0,0,0
train/0002/ex03_default_emphasis_00119,0,1,0,0,0,0
train/0002/ex03_default_emphasis_00120,0,1,0,0,0,0
train/0002/ex03_default_emphasis_00121,0,1,0,0,0,0
train/0002/ex03_default_emphasis_00122,0,1,0,0,0,0
train/0002/ex03_default_emphasis_00123,0,1,0,0,0,0
train/0002/ex03_default_emphasis_00124,0,1,0,0,0,0
train/0002/ex03_default_emphasis_00125,0,1,0,0,0,0
train/0002/ex03_default_emphasis_00126,0,1,0,0,0,0
train/0002/ex03_default_emphasis_00127,0,1,0,0,0,0
train/0002/ex03_default_emphasis_00128,0,1,0,0,0,0
train/0002/ex03_default_emphasis_00129,0,1,0,0,0,0
train/0002/ex03_default_emphasis_00130,0,1,0,0,0,0
train/0002/ex03_default_emphasis_00131,0,1,0,0,0,0
train/0002/ex03_default_emphasis_00132,0,1,0,0,0,0
train/0002/ex03_default_emphasis_00133,0,1,0,0,0,0
train/0002/ex03_default_emphasis_00134,0,1,0,0,0,0
train/0002/ex03_default_emphasis_00135,0,1,0,0,0,0
train/0002/ex03_default_emphasis_00136,0,1,0,0,0,0
train/0002/ex03_default_emphasis_00137,0,1,0,0,0,0
train/0002/ex03_default_emphasis_00138,0,1,0,0,0,0
train/0002/ex03_default_emphasis_00139,0,1,0,0,0,0
train/0002/ex03_default_emphasis_00140,0,1,0,0,0,0
train/0002/ex03_default_emphasis_00141,0,1,0,0,0,0
train/0002/ex03_default_emphasis_00142,0,1,0,0,0,0
train/0002/ex03_default_emphasis_00143,0,1,0,0,0,0
train/0002/ex03_default_emphasis_00144,0,1,0,0,0,0
train/0002/ex03_default_emphasis_00145,0,1,0,0,0,0
train/0002/ex03_default_emphasis_00146,0,1,0,0,0,0
train/0002/ex03_default_emphasis_00147,0,1,0,0,0,0
train/0002/ex03_default_emphasis_00148,0,1,0,0,0,0
train/0002/ex03_default_emphasis_00149,0,1,0,0,0,0
train/0002/ex03_default_emphasis_00150,0,1,0,0,0,0
train/0002/ex03_default_emphasis_00151,0,1,0,0,0,0
train/0002/ex03_default_emphasis_00152,0,1,0,0,0,0
train/0002/ex03_default_emphasis_00153,0,1,0,0,0,0
train/0002/ex03_default_emphasis_00154,0,1,0,0,0,0
dev/0002/ex03_default_emphasis_00155,0,1,0,0,0,0
dev/0002/ex03_default_emphasis_00156,0,1,0,0,0,0
dev/0002/ex03_default_emphasis_00157,0,1,0,0,0,0
dev/0002/ex03_default_emphasis_00158,0,1,0,0,0,0
dev/0002/ex03_default_emphasis_00159,0,1,0,0,0,0
dev/0002/ex03_default_emphasis_00160,0,1,0,0,0,0
dev/0002/ex03_default_emphasis_00161,0,1,0,0,0,0
dev/0002/ex03_default_emphasis_00162,0,1,0,0,0,0
dev/0002/ex03_default_emphasis_00163,0,1,0,0,0,0
dev/0002/ex03_default_emphasis_00164,0,1,0,0,0,0
dev/0002/ex03_default_emphasis_00165,0,1,0,0,0,0
dev/0002/ex03_default_emphasis_00166,0,1,0,0,0,0
dev/0002/ex03_default_emphasis_00167,0,1,0,0,0,0
dev/0002/ex03_default_emphasis_00168,0,1,0,0,0,0
dev/0002/ex03_default_emphasis_00169,0,1,0,0,0,0
dev/0002/ex03_default_emphasis_00170,0,1,0,0,0,0
dev/0002/ex03_default_emphasis_00171,0,1,0,0,0,0
dev/0002/ex03_default_emphasis_00172,0,1,0,0,0,0
dev/0002/ex03_default_emphasis_00173,0,1,0,0,0,0
dev/0002/ex03_default_emphasis_00174,0,1,0,0,0,0
dev/0002/ex03_default_emphasis_00175,0,1,0,0,0,0
dev/0002/ex03_default_emphasis_00176,0,1,0,0,0,0
dev/0002/ex03_default_emphasis_00177,0,1,0,0,0,0
dev/0002/ex03_default_emphasis_00178,0,1,0,0,0,0
dev/0002/ex03_default_emphasis_00179,0,1,0,0,0,0
dev/0002/ex03_default_emphasis_00180,0,1,0,0,0,0
test/0002/ex03_default_emphasis_00181,0,1,0,0,0,0
test/0002/ex03_default_emphasis_00182,0,1,0,0,0,0
test/0002/ex03_default_emphasis_00183,0,1,0,0,0,0
test/0002/ex03_default_emphasis_00184,0,1,0,0,0,0
test/0002/ex03_default_emphasis_00185,0,1,0,0,0,0
test/0002/ex03_default_emphasis_00186,0,1,0,0,0,0
test/0002/ex03_default_emphasis_00187,0,1,0,0,0,0
test/0002/ex03_default_emphasis_00188,0,1,0,0,0,0
test/0002/ex03_default_emphasis_00189,0,1,0,0,0,0
test/0002/ex03_default_emphasis_00190,0,1,0,0,0,0
test/0002/ex03_default_emphasis_00191,0,1,0,0,0,0
test/0002/ex03_default_emphasis_00192,0,1,0,0,0,0
test/0002/ex03_default_emphasis_00193,0,1,0,0,0,0
test/0002/ex03_default_emphasis_00194,0,1,0,0,0,0
test/0002/ex03_default_emphasis_00195,0,1,0,0,0,0
test/0002/ex03_default_emphasis_00196,0,1,0,0,0,0
test/0002/ex03_default_emphasis_00197,0,1,0,0,0,0
test/0002/ex03_default_emphasis_00198,0,1,0,0,0,0
test/0002/ex03_default_emphasis_00199,0,1,0,0,0,0
test/0002/ex03_default_emphasis_00200,0,1,0,0,0,0
train/0002/ex03_default_essentials_00001,0,1,0,0,0,0
train/0002/ex03_default_essentials_00002,0,1,0,0,0,0
train/0002/ex03_default_essentials_00003,0,1,0,0,0,0
train/0002/ex03_default_essentials_00004,0,1,0,0,0,0
train/0002/ex03_default_essentials_00005,0,1,0,0,0,0
train/0002/ex03_default_essentials_00006,0,1,0,0,0,0
train/0002/ex03_default_essentials_00007,0,1,0,0,0,0
train/0002/ex03_default_essentials_00008,0,1,0,0,0,0
train/0002/ex03_default_essentials_00009,0,1,0,0,0,0
train/0002/ex03_default_essentials_00010,0,1,0,0,0,0
train/0002/ex03_default_essentials_00011,0,1,0,0,0,0
train/0002/ex03_default_essentials_00012,0,1,0,0,0,0
train/0002/ex03_default_essentials_00013,0,1,0,0,0,0
train/0002/ex03_default_essentials_00014,0,1,0,0,0,0
train/0002/ex03_default_essentials_00015,0,1,0,0,0,0
train/0002/ex03_default_essentials_00016,0,1,0,0,0,0
train/0002/ex03_default_essentials_00017,0,1,0,0,0,0
train/0002/ex03_default_essentials_00018,0,1,0,0,0,0
train/0002/ex03_default_essentials_00019,0,1,0,0,0,0
train/0002/ex03_default_essentials_00020,0,1,0,0,0,0
train/0002/ex03_default_essentials_00021,0,1,0,0,0,0
train/0002/ex03_default_essentials_00022,0,1,0,0,0,0
train/0002/ex03_default_essentials_00023,0,1,0,0,0,0
train/0002/ex03_default_essentials_00024,0,1,0,0,0,0
train/0002/ex03_default_essentials_00025,0,1,0,0,0,0
train/0002/ex03_default_essentials_00026,0,1,0,0,0,0
train/0002/ex03_default_essentials_00027,0,1,0,0,0,0
train/0002/ex03_default_essentials_00028,0,1,0,0,0,0
train/0002/ex03_default_essentials_00029,0,1,0,0,0,0
train/0002/ex03_default_essentials_00030,0,1,0,0,0,0
train/0002/ex03_default_essentials_00031,0,1,0,0,0,0
train/0002/ex03_default_essentials_00032,0,1,0,0,0,0
train/0002/ex03_default_essentials_00033,0,1,0,0,0,0
dev/0002/ex03_default_essentials_00034,0,1,0,0,0,0
dev/0002/ex03_default_essentials_00035,0,1,0,0,0,0
dev/0002/ex03_default_essentials_00036,0,1,0,0,0,0
test/0002/ex03_default_essentials_00037,0,1,0,0,0,0
test/0002/ex03_default_essentials_00038,0,1,0,0,0,0
test/0002/ex03_default_essentials_00039,0,1,0,0,0,0
test/0002/ex03_default_essentials_00040,0,1,0,0,0,0
train/0002/ex03_enunciated_00001,0,0,1,0,0,0
train/0002/ex03_enunciated_00002,0,0,1,0,0,0
train/0002/ex03_enunciated_00003,0,0,1,0,0,0
train/0002/ex03_enunciated_00004,0,0,1,0,0,0
train/0002/ex03_enunciated_00005,0,0,1,0,0,0
train/0002/ex03_enunciated_00006,0,0,1,0,0,0
train/0002/ex03_enunciated_00007,0,0,1,0,0,0
train/0002/ex03_enunciated_00008,0,0,1,0,0,0
train/0002/ex03_enunciated_00009,0,0,1,0,0,0
train/0002/ex03_enunciated_00010,0,0,1,0,0,0
train/0002/ex03_enunciated_00011,0,0,1,0,0,0
train/0002/ex03_enunciated_00012,0,0,1,0,0,0
train/0002/ex03_enunciated_00013,0,0,1,0,0,0
train/0002/ex03_enunciated_00014,0,0,1,0,0,0
train/0002/ex03_enunciated_00015,0,0,1,0,0,0
train/0002/ex03_enunciated_00016,0,0,1,0,0,0
train/0002/ex03_enunciated_00017,0,0,1,0,0,0
train/0002/ex03_enunciated_00018,0,0,1,0,0,0
train/0002/ex03_enunciated_00019,0,0,1,0,0,0
train/0002/ex03_enunciated_00020,0,0,1,0,0,0
train/0002/ex03_enunciated_00021,0,0,1,0,0,0
train/0002/ex03_enunciated_00022,0,0,1,0,0,0
train/0002/ex03_enunciated_00023,0,0,1,0,0,0
train/0002/ex03_enunciated_00024,0,0,1,0,0,0
train/0002/ex03_enunciated_00025,0,0,1,0,0,0
train/0002/ex03_enunciated_00026,0,0,1,0,0,0
train/0002/ex03_enunciated_00027,0,0,1,0,0,0
train/0002/ex03_enunciated_00028,0,0,1,0,0,0
train/0002/ex03_enunciated_00029,0,0,1,0,0,0
train/0002/ex03_enunciated_00030,0,0,1,0,0,0
train/0002/ex03_enunciated_00031,0,0,1,0,0,0
train/0002/ex03_enunciated_00032,0,0,1,0,0,0
train/0002/ex03_enunciated_00033,0,0,1,0,0,0
train/0002/ex03_enunciated_00034,0,0,1,0,0,0
train/0002/ex03_enunciated_00035,0,0,1,0,0,0
train/0002/ex03_enunciated_00036,0,0,1,0,0,0
train/0002/ex03_enunciated_00037,0,0,1,0,0,0
train/0002/ex03_enunciated_00038,0,0,1,0,0,0
train/0002/ex03_enunciated_00039,0,0,1,0,0,0
train/0002/ex03_enunciated_00040,0,0,1,0,0,0
train/0002/ex03_enunciated_00041,0,0,1,0,0,0
train/0002/ex03_enunciated_00042,0,0,1,0,0,0
train/0002/ex03_enunciated_00043,0,0,1,0,0,0
train/0002/ex03_enunciated_00044,0,0,1,0,0,0
train/0002/ex03_enunciated_00045,0,0,1,0,0,0
train/0002/ex03_enunciated_00046,0,0,1,0,0,0
train/0002/ex03_enunciated_00047,0,0,1,0,0,0
train/0002/ex03_enunciated_00048,0,0,1,0,0,0
train/0002/ex03_enunciated_00049,0,0,1,0,0,0
train/0002/ex03_enunciated_00050,0,0,1,0,0,0
train/0002/ex03_enunciated_00051,0,0,1,0,0,0
train/0002/ex03_enunciated_00052,0,0,1,0,0,0
train/0002/ex03_enunciated_00053,0,0,1,0,0,0
train/0002/ex03_enunciated_00054,0,0,1,0,0,0
train/0002/ex03_enunciated_00055,0,0,1,0,0,0
train/0002/ex03_enunciated_00056,0,0,1,0,0,0
train/0002/ex03_enunciated_00057,0,0,1,0,0,0
train/0002/ex03_enunciated_00058,0,0,1,0,0,0
train/0002/ex03_enunciated_00059,0,0,1,0,0,0
train/0002/ex03_enunciated_00060,0,0,1,0,0,0
train/0002/ex03_enunciated_00061,0,0,1,0,0,0
train/0002/ex03_enunciated_00062,0,0,1,0,0,0
train/0002/ex03_enunciated_00063,0,0,1,0,0,0
train/0002/ex03_enunciated_00064,0,0,1,0,0,0
train/0002/ex03_enunciated_00065,0,0,1,0,0,0
train/0002/ex03_enunciated_00066,0,0,1,0,0,0
train/0002/ex03_enunciated_00067,0,0,1,0,0,0
train/0002/ex03_enunciated_00068,0,0,1,0,0,0
train/0002/ex03_enunciated_00069,0,0,1,0,0,0
train/0002/ex03_enunciated_00070,0,0,1,0,0,0
train/0002/ex03_enunciated_00071,0,0,1,0,0,0
train/0002/ex03_enunciated_00072,0,0,1,0,0,0
train/0002/ex03_enunciated_00073,0,0,1,0,0,0
train/0002/ex03_enunciated_00074,0,0,1,0,0,0
train/0002/ex03_enunciated_00075,0,0,1,0,0,0
train/0002/ex03_enunciated_00076,0,0,1,0,0,0
train/0002/ex03_enunciated_00077,0,0,1,0,0,0
train/0002/ex03_enunciated_00078,0,0,1,0,0,0
train/0002/ex03_enunciated_00079,0,0,1,0,0,0
train/0002/ex03_enunciated_00080,0,0,1,0,0,0
train/0002/ex03_enunciated_00081,0,0,1,0,0,0
train/0002/ex03_enunciated_00082,0,0,1,0,0,0
train/0002/ex03_enunciated_00083,0,0,1,0,0,0
train/0002/ex03_enunciated_00084,0,0,1,0,0,0
train/0002/ex03_enunciated_00085,0,0,1,0,0,0
train/0002/ex03_enunciated_00086,0,0,1,0,0,0
train/0002/ex03_enunciated_00087,0,0,1,0,0,0
train/0002/ex03_enunciated_00088,0,0,1,0,0,0
train/0002/ex03_enunciated_00089,0,0,1,0,0,0
train/0002/ex03_enunciated_00090,0,0,1,0,0,0
train/0002/ex03_enunciated_00091,0,0,1,0,0,0
train/0002/ex03_enunciated_00092,0,0,1,0,0,0
train/0002/ex03_enunciated_00093,0,0,1,0,0,0
train/0002/ex03_enunciated_00094,0,0,1,0,0,0
train/0002/ex03_enunciated_00095,0,0,1,0,0,0
train/0002/ex03_enunciated_00096,0,0,1,0,0,0
train/0002/ex03_enunciated_00097,0,0,1,0,0,0
train/0002/ex03_enunciated_00098,0,0,1,0,0,0
train/0002/ex03_enunciated_00099,0,0,1,0,0,0
train/0002/ex03_enunciated_00100,0,0,1,0,0,0
train/0002/ex03_enunciated_00101,0,0,1,0,0,0
train/0002/ex03_enunciated_00102,0,0,1,0,0,0
train/0002/ex03_enunciated_00103,0,0,1,0,0,0
train/0002/ex03_enunciated_00104,0,0,1,0,0,0
train/0002/ex03_enunciated_00105,0,0,1,0,0,0
train/0002/ex03_enunciated_00106,0,0,1,0,0,0
train/0002/ex03_enunciated_00107,0,0,1,0,0,0
train/0002/ex03_enunciated_00108,0,0,1,0,0,0
train/0002/ex03_enunciated_00109,0,0,1,0,0,0
train/0002/ex03_enunciated_00110,0,0,1,0,0,0
train/0002/ex03_enunciated_00111,0,0,1,0,0,0
train/0002/ex03_enunciated_00112,0,0,1,0,0,0
train/0002/ex03_enunciated_00113,0,0,1,0,0,0
train/0002/ex03_enunciated_00114,0,0,1,0,0,0
train/0002/ex03_enunciated_00115,0,0,1,0,0,0
train/0002/ex03_enunciated_00116,0,0,1,0,0,0
train/0002/ex03_enunciated_00117,0,0,1,0,0,0
train/0002/ex03_enunciated_00118,0,0,1,0,0,0
train/0002/ex03_enunciated_00119,0,0,1,0,0,0
train/0002/ex03_enunciated_00120,0,0,1,0,0,0
train/0002/ex03_enunciated_00121,0,0,1,0,0,0
train/0002/ex03_enunciated_00122,0,0,1,0,0,0
train/0002/ex03_enunciated_00123,0,0,1,0,0,0
train/0002/ex03_enunciated_00124,0,0,1,0,0,0
train/0002/ex03_enunciated_00125,0,0,1,0,0,0
train/0002/ex03_enunciated_00126,0,0,1,0,0,0
train/0002/ex03_enunciated_00127,0,0,1,0,0,0
train/0002/ex03_enunciated_00128,0,0,1,0,0,0
train/0002/ex03_enunciated_00129,0,0,1,0,0,0
train/0002/ex03_enunciated_00130,0,0,1,0,0,0
train/0002/ex03_enunciated_00131,0,0,1,0,0,0
train/0002/ex03_enunciated_00132,0,0,1,0,0,0
train/0002/ex03_enunciated_00133,0,0,1,0,0,0
train/0002/ex03_enunciated_00134,0,0,1,0,0,0
train/0002/ex03_enunciated_00135,0,0,1,0,0,0
train/0002/ex03_enunciated_00136,0,0,1,0,0,0
train/0002/ex03_enunciated_00137,0,0,1,0,0,0
train/0002/ex03_enunciated_00138,0,0,1,0,0,0
train/0002/ex03_enunciated_00139,0,0,1,0,0,0
train/0002/ex03_enunciated_00140,0,0,1,0,0,0
train/0002/ex03_enunciated_00141,0,0,1,0,0,0
train/0002/ex03_enunciated_00142,0,0,1,0,0,0
train/0002/ex03_enunciated_00143,0,0,1,0,0,0
train/0002/ex03_enunciated_00144,0,0,1,0,0,0
train/0002/ex03_enunciated_00145,0,0,1,0,0,0
train/0002/ex03_enunciated_00146,0,0,1,0,0,0
train/0002/ex03_enunciated_00147,0,0,1,0,0,0
train/0002/ex03_enunciated_00148,0,0,1,0,0,0
train/0002/ex03_enunciated_00149,0,0,1,0,0,0
train/0002/ex03_enunciated_00150,0,0,1,0,0,0
train/0002/ex03_enunciated_00151,0,0,1,0,0,0
train/0002/ex03_enunciated_00152,0,0,1,0,0,0
train/0002/ex03_enunciated_00153,0,0,1,0,0,0
train/0002/ex03_enunciated_00154,0,0,1,0,0,0
train/0002/ex03_enunciated_00155,0,0,1,0,0,0
train/0002/ex03_enunciated_00156,0,0,1,0,0,0
train/0002/ex03_enunciated_00157,0,0,1,0,0,0
train/0002/ex03_enunciated_00158,0,0,1,0,0,0
train/0002/ex03_enunciated_00159,0,0,1,0,0,0
train/0002/ex03_enunciated_00160,0,0,1,0,0,0
train/0002/ex03_enunciated_00161,0,0,1,0,0,0
train/0002/ex03_enunciated_00162,0,0,1,0,0,0
train/0002/ex03_enunciated_00163,0,0,1,0,0,0
train/0002/ex03_enunciated_00164,0,0,1,0,0,0
train/0002/ex03_enunciated_00165,0,0,1,0,0,0
train/0002/ex03_enunciated_00166,0,0,1,0,0,0
train/0002/ex03_enunciated_00167,0,0,1,0,0,0
train/0002/ex03_enunciated_00168,0,0,1,0,0,0
train/0002/ex03_enunciated_00169,0,0,1,0,0,0
train/0002/ex03_enunciated_00170,0,0,1,0,0,0
train/0002/ex03_enunciated_00171,0,0,1,0,0,0
train/0002/ex03_enunciated_00172,0,0,1,0,0,0
train/0002/ex03_enunciated_00173,0,0,1,0,0,0
train/0002/ex03_enunciated_00174,0,0,1,0,0,0
train/0002/ex03_enunciated_00175,0,0,1,0,0,0
train/0002/ex03_enunciated_00176,0,0,1,0,0,0
train/0002/ex03_enunciated_00177,0,0,1,0,0,0
train/0002/ex03_enunciated_00178,0,0,1,0,0,0
train/0002/ex03_enunciated_00179,0,0,1,0,0,0
train/0002/ex03_enunciated_00180,0,0,1,0,0,0
train/0002/ex03_enunciated_00181,0,0,1,0,0,0
train/0002/ex03_enunciated_00182,0,0,1,0,0,0
train/0002/ex03_enunciated_00183,0,0,1,0,0,0
train/0002/ex03_enunciated_00184,0,0,1,0,0,0
train/0002/ex03_enunciated_00185,0,0,1,0,0,0
train/0002/ex03_enunciated_00186,0,0,1,0,0,0
train/0002/ex03_enunciated_00187,0,0,1,0,0,0
train/0002/ex03_enunciated_00188,0,0,1,0,0,0
train/0002/ex03_enunciated_00189,0,0,1,0,0,0
train/0002/ex03_enunciated_00190,0,0,1,0,0,0
train/0002/ex03_enunciated_00191,0,0,1,0,0,0
train/0002/ex03_enunciated_00192,0,0,1,0,0,0
train/0002/ex03_enunciated_00193,0,0,1,0,0,0
train/0002/ex03_enunciated_00194,0,0,1,0,0,0
train/0002/ex03_enunciated_00195,0,0,1,0,0,0
train/0002/ex03_enunciated_00196,0,0,1,0,0,0
train/0002/ex03_enunciated_00197,0,0,1,0,0,0
train/0002/ex03_enunciated_00198,0,0,1,0,0,0
train/0002/ex03_enunciated_00199,0,0,1,0,0,0
train/0002/ex03_enunciated_00200,0,0,1,0,0,0
train/0002/ex03_enunciated_00201,0,0,1,0,0,0
train/0002/ex03_enunciated_00202,0,0,1,0,0,0
train/0002/ex03_enunciated_00203,0,0,1,0,0,0
train/0002/ex03_enunciated_00204,0,0,1,0,0,0
train/0002/ex03_enunciated_00205,0,0,1,0,0,0
train/0002/ex03_enunciated_00206,0,0,1,0,0,0
train/0002/ex03_enunciated_00207,0,0,1,0,0,0
train/0002/ex03_enunciated_00208,0,0,1,0,0,0
train/0002/ex03_enunciated_00209,0,0,1,0,0,0
train/0002/ex03_enunciated_00210,0,0,1,0,0,0
train/0002/ex03_enunciated_00211,0,0,1,0,0,0
train/0002/ex03_enunciated_00212,0,0,1,0,0,0
train/0002/ex03_enunciated_00213,0,0,1,0,0,0
train/0002/ex03_enunciated_00214,0,0,1,0,0,0
train/0002/ex03_enunciated_00215,0,0,1,0,0,0
train/0002/ex03_enunciated_00216,0,0,1,0,0,0
train/0002/ex03_enunciated_00217,0,0,1,0,0,0
train/0002/ex03_enunciated_00218,0,0,1,0,0,0
train/0002/ex03_enunciated_00219,0,0,1,0,0,0
train/0002/ex03_enunciated_00220,0,0,1,0,0,0
train/0002/ex03_enunciated_00221,0,0,1,0,0,0
train/0002/ex03_enunciated_00222,0,0,1,0,0,0
train/0002/ex03_enunciated_00223,0,0,1,0,0,0
train/0002/ex03_enunciated_00224,0,0,1,0,0,0
train/0002/ex03_enunciated_00225,0,0,1,0,0,0
train/0002/ex03_enunciated_00226,0,0,1,0,0,0
train/0002/ex03_enunciated_00227,0,0,1,0,0,0
train/0002/ex03_enunciated_00228,0,0,1,0,0,0
train/0002/ex03_enunciated_00229,0,0,1,0,0,0
train/0002/ex03_enunciated_00230,0,0,1,0,0,0
train/0002/ex03_enunciated_00231,0,0,1,0,0,0
train/0002/ex03_enunciated_00232,0,0,1,0,0,0
train/0002/ex03_enunciated_00233,0,0,1,0,0,0
train/0002/ex03_enunciated_00234,0,0,1,0,0,0
train/0002/ex03_enunciated_00235,0,0,1,0,0,0
train/0002/ex03_enunciated_00236,0,0,1,0,0,0
train/0002/ex03_enunciated_00237,0,0,1,0,0,0
train/0002/ex03_enunciated_00238,0,0,1,0,0,0
train/0002/ex03_enunciated_00239,0,0,1,0,0,0
train/0002/ex03_enunciated_00240,0,0,1,0,0,0
train/0002/ex03_enunciated_00241,0,0,1,0,0,0
train/0002/ex03_enunciated_00242,0,0,1,0,0,0
train/0002/ex03_enunciated_00243,0,0,1,0,0,0
train/0002/ex03_enunciated_00244,0,0,1,0,0,0
train/0002/ex03_enunciated_00245,0,0,1,0,0,0
train/0002/ex03_enunciated_00246,0,0,1,0,0,0
train/0002/ex03_enunciated_00247,0,0,1,0,0,0
train/0002/ex03_enunciated_00248,0,0,1,0,0,0
train/0002/ex03_enunciated_00249,0,0,1,0,0,0
train/0002/ex03_enunciated_00250,0,0,1,0,0,0
train/0002/ex03_enunciated_00251,0,0,1,0,0,0
train/0002/ex03_enunciated_00252,0,0,1,0,0,0
train/0002/ex03_enunciated_00253,0,0,1,0,0,0
train/0002/ex03_enunciated_00254,0,0,1,0,0,0
train/0002/ex03_enunciated_00255,0,0,1,0,0,0
train/0002/ex03_enunciated_00256,0,0,1,0,0,0
train/0002/ex03_enunciated_00257,0,0,1,0,0,0
train/0002/ex03_enunciated_00258,0,0,1,0,0,0
train/0002/ex03_enunciated_00259,0,0,1,0,0,0
train/0002/ex03_enunciated_00260,0,0,1,0,0,0
train/0002/ex03_enunciated_00261,0,0,1,0,0,0
train/0002/ex03_enunciated_00262,0,0,1,0,0,0
train/0002/ex03_enunciated_00263,0,0,1,0,0,0
train/0002/ex03_enunciated_00264,0,0,1,0,0,0
train/0002/ex03_enunciated_00265,0,0,1,0,0,0
train/0002/ex03_enunciated_00266,0,0,1,0,0,0
train/0002/ex03_enunciated_00267,0,0,1,0,0,0
train/0002/ex03_enunciated_00268,0,0,1,0,0,0
train/0002/ex03_enunciated_00269,0,0,1,0,0,0
train/0002/ex03_enunciated_00270,0,0,1,0,0,0
train/0002/ex03_enunciated_00271,0,0,1,0,0,0
train/0002/ex03_enunciated_00272,0,0,1,0,0,0
train/0002/ex03_enunciated_00273,0,0,1,0,0,0
train/0002/ex03_enunciated_00274,0,0,1,0,0,0
train/0002/ex03_enunciated_00275,0,0,1,0,0,0
train/0002/ex03_enunciated_00276,0,0,1,0,0,0
train/0002/ex03_enunciated_00277,0,0,1,0,0,0
train/0002/ex03_enunciated_00278,0,0,1,0,0,0
train/0002/ex03_enunciated_00279,0,0,1,0,0,0
train/0002/ex03_enunciated_00280,0,0,1,0,0,0
train/0002/ex03_enunciated_00281,0,0,1,0,0,0
train/0002/ex03_enunciated_00282,0,0,1,0,0,0
train/0002/ex03_enunciated_00283,0,0,1,0,0,0
train/0002/ex03_enunciated_00284,0,0,1,0,0,0
train/0002/ex03_enunciated_00285,0,0,1,0,0,0
train/0002/ex03_enunciated_00286,0,0,1,0,0,0
train/0002/ex03_enunciated_00287,0,0,1,0,0,0
train/0002/ex03_enunciated_00288,0,0,1,0,0,0
train/0002/ex03_enunciated_00289,0,0,1,0,0,0
train/0002/ex03_enunciated_00290,0,0,1,0,0,0
train/0002/ex03_enunciated_00291,0,0,1,0,0,0
train/0002/ex03_enunciated_00292,0,0,1,0,0,0
train/0002/ex03_enunciated_00293,0,0,1,0,0,0
train/0002/ex03_enunciated_00294,0,0,1,0,0,0
train/0002/ex03_enunciated_00295,0,0,1,0,0,0
train/0002/ex03_enunciated_00296,0,0,1,0,0,0
train/0002/ex03_enunciated_00297,0,0,1,0,0,0
train/0002/ex03_enunciated_00298,0,0,1,0,0,0
train/0002/ex03_enunciated_00299,0,0,1,0,0,0
train/0002/ex03_enunciated_00300,0,0,1,0,0,0
train/0002/ex03_enunciated_00301,0,0,1,0,0,0
train/0002/ex03_enunciated_00302,0,0,1,0,0,0
train/0002/ex03_enunciated_00303,0,0,1,0,0,0
train/0002/ex03_enunciated_00304,0,0,1,0,0,0
train/0002/ex03_enunciated_00305,0,0,1,0,0,0
train/0002/ex03_enunciated_00306,0,0,1,0,0,0
train/0002/ex03_enunciated_00307,0,0,1,0,0,0
train/0002/ex03_enunciated_00308,0,0,1,0,0,0
train/0002/ex03_enunciated_00309,0,0,1,0,0,0
train/0002/ex03_enunciated_00310,0,0,1,0,0,0
train/0002/ex03_enunciated_00311,0,0,1,0,0,0
train/0002/ex03_enunciated_00312,0,0,1,0,0,0
train/0002/ex03_enunciated_00313,0,0,1,0,0,0
train/0002/ex03_enunciated_00314,0,0,1,0,0,0
train/0002/ex03_enunciated_00315,0,0,1,0,0,0
train/0002/ex03_enunciated_00316,0,0,1,0,0,0
train/0002/ex03_enunciated_00317,0,0,1,0,0,0
train/0002/ex03_enunciated_00318,0,0,1,0,0,0
train/0002/ex03_enunciated_00319,0,0,1,0,0,0
train/0002/ex03_enunciated_00320,0,0,1,0,0,0
train/0002/ex03_enunciated_00321,0,0,1,0,0,0
train/0002/ex03_enunciated_00322,0,0,1,0,0,0
train/0002/ex03_enunciated_00323,0,0,1,0,0,0
train/0002/ex03_enunciated_00324,0,0,1,0,0,0
train/0002/ex03_enunciated_00325,0,0,1,0,0,0
train/0002/ex03_enunciated_00326,0,0,1,0,0,0
train/0002/ex03_enunciated_00327,0,0,1,0,0,0
train/0002/ex03_enunciated_00328,0,0,1,0,0,0
train/0002/ex03_enunciated_00329,0,0,1,0,0,0
train/0002/ex03_enunciated_00330,0,0,1,0,0,0
train/0002/ex03_enunciated_00331,0,0,1,0,0,0
train/0002/ex03_enunciated_00332,0,0,1,0,0,0
train/0002/ex03_enunciated_00333,0,0,1,0,0,0
train/0002/ex03_enunciated_00334,0,0,1,0,0,0
train/0002/ex03_enunciated_00335,0,0,1,0,0,0
train/0002/ex03_enunciated_00336,0,0,1,0,0,0
train/0002/ex03_enunciated_00337,0,0,1,0,0,0
train/0002/ex03_enunciated_00338,0,0,1,0,0,0
train/0002/ex03_enunciated_00339,0,0,1,0,0,0
train/0002/ex03_enunciated_00340,0,0,1,0,0,0
train/0002/ex03_enunciated_00341,0,0,1,0,0,0
train/0002/ex03_enunciated_00342,0,0,1,0,0,0
train/0002/ex03_enunciated_00343,0,0,1,0,0,0
train/0002/ex03_enunciated_00344,0,0,1,0,0,0
train/0002/ex03_enunciated_00345,0,0,1,0,0,0
train/0002/ex03_enunciated_00346,0,0,1,0,0,0
train/0002/ex03_enunciated_00347,0,0,1,0,0,0
train/0002/ex03_enunciated_00348,0,0,1,0,0,0
train/0002/ex03_enunciated_00349,0,0,1,0,0,0
dev/0002/ex03_enunciated_00350,0,0,1,0,0,0
dev/0002/ex03_enunciated_00351,0,0,1,0,0,0
dev/0002/ex03_enunciated_00352,0,0,1,0,0,0
dev/0002/ex03_enunciated_00353,0,0,1,0,0,0
dev/0002/ex03_enunciated_00354,0,0,1,0,0,0
dev/0002/ex03_enunciated_00355,0,0,1,0,0,0
dev/0002/ex03_enunciated_00356,0,0,1,0,0,0
dev/0002/ex03_enunciated_00357,0,0,1,0,0,0
dev/0002/ex03_enunciated_00358,0,0,1,0,0,0
dev/0002/ex03_enunciated_00359,0,0,1,0,0,0
dev/0002/ex03_enunciated_00360,0,0,1,0,0,0
dev/0002/ex03_enunciated_00361,0,0,1,0,0,0
dev/0002/ex03_enunciated_00362,0,0,1,0,0,0
dev/0002/ex03_enunciated_00363,0,0,1,0,0,0
dev/0002/ex03_enunciated_00364,0,0,1,0,0,0
dev/0002/ex03_enunciated_00365,0,0,1,0,0,0
dev/0002/ex03_enunciated_00366,0,0,1,0,0,0
dev/0002/ex03_enunciated_00367,0,0,1,0,0,0
dev/0002/ex03_enunciated_00368,0,0,1,0,0,0
test/0002/ex03_enunciated_00369,0,0,1,0,0,0
test/0002/ex03_enunciated_00370,0,0,1,0,0,0
test/0002/ex03_enunciated_00371,0,0,1,0,0,0
test/0002/ex03_enunciated_00372,0,0,1,0,0,0
test/0002/ex03_enunciated_00373,0,0,1,0,0,0
test/0002/ex03_enunciated_00374,0,0,1,0,0,0
test/0002/ex03_enunciated_00375,0,0,1,0,0,0
test/0002/ex03_enunciated_00376,0,0,1,0,0,0
test/0002/ex03_enunciated_00377,0,0,1,0,0,0
test/0002/ex03_enunciated_00378,0,0,1,0,0,0
test/0002/ex03_enunciated_00379,0,0,1,0,0,0
test/0002/ex03_enunciated_00380,0,0,1,0,0,0
train/0002/ex03_happy_00001,0,0,0,1,0,0
train/0002/ex03_happy_00002,0,0,0,1,0,0
train/0002/ex03_happy_00003,0,0,0,1,0,0
train/0002/ex03_happy_00004,0,0,0,1,0,0
train/0002/ex03_happy_00005,0,0,0,1,0,0
train/0002/ex03_happy_00006,0,0,0,1,0,0
train/0002/ex03_happy_00007,0,0,0,1,0,0
train/0002/ex03_happy_00008,0,0,0,1,0,0
train/0002/ex03_happy_00009,0,0,0,1,0,0
train/0002/ex03_happy_00010,0,0,0,1,0,0
train/0002/ex03_happy_00011,0,0,0,1,0,0
train/0002/ex03_happy_00012,0,0,0,1,0,0
train/0002/ex03_happy_00013,0,0,0,1,0,0
train/0002/ex03_happy_00014,0,0,0,1,0,0
train/0002/ex03_happy_00015,0,0,0,1,0,0
train/0002/ex03_happy_00016,0,0,0,1,0,0
train/0002/ex03_happy_00017,0,0,0,1,0,0
train/0002/ex03_happy_00018,0,0,0,1,0,0
train/0002/ex03_happy_00019,0,0,0,1,0,0
train/0002/ex03_happy_00020,0,0,0,1,0,0
train/0002/ex03_happy_00021,0,0,0,1,0,0
train/0002/ex03_happy_00022,0,0,0,1,0,0
train/0002/ex03_happy_00023,0,0,0,1,0,0
train/0002/ex03_happy_00024,0,0,0,1,0,0
train/0002/ex03_happy_00025,0,0,0,1,0,0
train/0002/ex03_happy_00026,0,0,0,1,0,0
train/0002/ex03_happy_00027,0,0,0,1,0,0
train/0002/ex03_happy_00028,0,0,0,1,0,0
train/0002/ex03_happy_00029,0,0,0,1,0,0
train/0002/ex03_happy_00030,0,0,0,1,0,0
train/0002/ex03_happy_00031,0,0,0,1,0,0
train/0002/ex03_happy_00032,0,0,0,1,0,0
train/0002/ex03_happy_00033,0,0,0,1,0,0
train/0002/ex03_happy_00034,0,0,0,1,0,0
train/0002/ex03_happy_00035,0,0,0,1,0,0
train/0002/ex03_happy_00036,0,0,0,1,0,0
train/0002/ex03_happy_00037,0,0,0,1,0,0
train/0002/ex03_happy_00038,0,0,0,1,0,0
train/0002/ex03_happy_00039,0,0,0,1,0,0
train/0002/ex03_happy_00040,0,0,0,1,0,0
train/0002/ex03_happy_00041,0,0,0,1,0,0
train/0002/ex03_happy_00042,0,0,0,1,0,0
train/0002/ex03_happy_00043,0,0,0,1,0,0
train/0002/ex03_happy_00044,0,0,0,1,0,0
train/0002/ex03_happy_00045,0,0,0,1,0,0
train/0002/ex03_happy_00046,0,0,0,1,0,0
train/0002/ex03_happy_00047,0,0,0,1,0,0
train/0002/ex03_happy_00048,0,0,0,1,0,0
train/0002/ex03_happy_00049,0,0,0,1,0,0
train/0002/ex03_happy_00050,0,0,0,1,0,0
train/0002/ex03_happy_00051,0,0,0,1,0,0
train/0002/ex03_happy_00052,0,0,0,1,0,0
train/0002/ex03_happy_00053,0,0,0,1,0,0
train/0002/ex03_happy_00054,0,0,0,1,0,0
train/0002/ex03_happy_00055,0,0,0,1,0,0
train/0002/ex03_happy_00056,0,0,0,1,0,0
train/0002/ex03_happy_00057,0,0,0,1,0,0
train/0002/ex03_happy_00058,0,0,0,1,0,0
train/0002/ex03_happy_00059,0,0,0,1,0,0
train/0002/ex03_happy_00060,0,0,0,1,0,0
train/0002/ex03_happy_00061,0,0,0,1,0,0
train/0002/ex03_happy_00062,0,0,0,1,0,0
train/0002/ex03_happy_00063,0,0,0,1,0,0
train/0002/ex03_happy_00064,0,0,0,1,0,0
train/0002/ex03_happy_00065,0,0,0,1,0,0
train/0002/ex03_happy_00066,0,0,0,1,0,0
train/0002/ex03_happy_00067,0,0,0,1,0,0
train/0002/ex03_happy_00068,0,0,0,1,0,0
train/0002/ex03_happy_00069,0,0,0,1,0,0
train/0002/ex03_happy_00070,0,0,0,1,0,0
train/0002/ex03_happy_00071,0,0,0,1,0,0
train/0002/ex03_happy_00072,0,0,0,1,0,0
train/0002/ex03_happy_00073,0,0,0,1,0,0
train/0002/ex03_happy_00074,0,0,0,1,0,0
train/0002/ex03_happy_00075,0,0,0,1,0,0
train/0002/ex03_happy_00076,0,0,0,1,0,0
train/0002/ex03_happy_00077,0,0,0,1,0,0
train/0002/ex03_happy_00078,0,0,0,1,0,0
train/0002/ex03_happy_00079,0,0,0,1,0,0
train/0002/ex03_happy_00080,0,0,0,1,0,0
train/0002/ex03_happy_00081,0,0,0,1,0,0
train/0002/ex03_happy_00082,0,0,0,1,0,0
train/0002/ex03_happy_00083,0,0,0,1,0,0
train/0002/ex03_happy_00084,0,0,0,1,0,0
train/0002/ex03_happy_00085,0,0,0,1,0,0
train/0002/ex03_happy_00086,0,0,0,1,0,0
train/0002/ex03_happy_00087,0,0,0,1,0,0
train/0002/ex03_happy_00088,0,0,0,1,0,0
train/0002/ex03_happy_00089,0,0,0,1,0,0
train/0002/ex03_happy_00090,0,0,0,1,0,0
train/0002/ex03_happy_00091,0,0,0,1,0,0
train/0002/ex03_happy_00092,0,0,0,1,0,0
train/0002/ex03_happy_00093,0,0,0,1,0,0
train/0002/ex03_happy_00094,0,0,0,1,0,0
train/0002/ex03_happy_00095,0,0,0,1,0,0
train/0002/ex03_happy_00096,0,0,0,1,0,0
train/0002/ex03_happy_00097,0,0,0,1,0,0
train/0002/ex03_happy_00098,0,0,0,1,0,0
train/0002/ex03_happy_00099,0,0,0,1,0,0
train/0002/ex03_happy_00100,0,0,0,1,0,0
train/0002/ex03_happy_00101,0,0,0,1,0,0
train/0002/ex03_happy_00102,0,0,0,1,0,0
train/0002/ex03_happy_00103,0,0,0,1,0,0
train/0002/ex03_happy_00104,0,0,0,1,0,0
train/0002/ex03_happy_00105,0,0,0,1,0,0
train/0002/ex03_happy_00106,0,0,0,1,0,0
train/0002/ex03_happy_00107,0,0,0,1,0,0
train/0002/ex03_happy_00108,0,0,0,1,0,0
train/0002/ex03_happy_00109,0,0,0,1,0,0
train/0002/ex03_happy_00110,0,0,0,1,0,0
train/0002/ex03_happy_00111,0,0,0,1,0,0
train/0002/ex03_happy_00112,0,0,0,1,0,0
train/0002/ex03_happy_00113,0,0,0,1,0,0
train/0002/ex03_happy_00114,0,0,0,1,0,0
train/0002/ex03_happy_00115,0,0,0,1,0,0
train/0002/ex03_happy_00116,0,0,0,1,0,0
train/0002/ex03_happy_00117,0,0,0,1,0,0
train/0002/ex03_happy_00118,0,0,0,1,0,0
train/0002/ex03_happy_00119,0,0,0,1,0,0
train/0002/ex03_happy_00120,0,0,0,1,0,0
train/0002/ex03_happy_00121,0,0,0,1,0,0
train/0002/ex03_happy_00122,0,0,0,1,0,0
train/0002/ex03_happy_00123,0,0,0,1,0,0
train/0002/ex03_happy_00124,0,0,0,1,0,0
train/0002/ex03_happy_00125,0,0,0,1,0,0
train/0002/ex03_happy_00126,0,0,0,1,0,0
train/0002/ex03_happy_00127,0,0,0,1,0,0
train/0002/ex03_happy_00128,0,0,0,1,0,0
train/0002/ex03_happy_00129,0,0,0,1,0,0
train/0002/ex03_happy_00130,0,0,0,1,0,0
train/0002/ex03_happy_00131,0,0,0,1,0,0
train/0002/ex03_happy_00132,0,0,0,1,0,0
train/0002/ex03_happy_00133,0,0,0,1,0,0
train/0002/ex03_happy_00134,0,0,0,1,0,0
train/0002/ex03_happy_00135,0,0,0,1,0,0
train/0002/ex03_happy_00136,0,0,0,1,0,0
train/0002/ex03_happy_00137,0,0,0,1,0,0
train/0002/ex03_happy_00138,0,0,0,1,0,0
train/0002/ex03_happy_00139,0,0,0,1,0,0
train/0002/ex03_happy_00140,0,0,0,1,0,0
train/0002/ex03_happy_00141,0,0,0,1,0,0
train/0002/ex03_happy_00142,0,0,0,1,0,0
train/0002/ex03_happy_00143,0,0,0,1,0,0
train/0002/ex03_happy_00144,0,0,0,1,0,0
train/0002/ex03_happy_00145,0,0,0,1,0,0
train/0002/ex03_happy_00146,0,0,0,1,0,0
train/0002/ex03_happy_00147,0,0,0,1,0,0
train/0002/ex03_happy_00148,0,0,0,1,0,0
train/0002/ex03_happy_00149,0,0,0,1,0,0
train/0002/ex03_happy_00150,0,0,0,1,0,0
train/0002/ex03_happy_00151,0,0,0,1,0,0
train/0002/ex03_happy_00152,0,0,0,1,0,0
train/0002/ex03_happy_00153,0,0,0,1,0,0
train/0002/ex03_happy_00154,0,0,0,1,0,0
train/0002/ex03_happy_00155,0,0,0,1,0,0
train/0002/ex03_happy_00156,0,0,0,1,0,0
train/0002/ex03_happy_00157,0,0,0,1,0,0
train/0002/ex03_happy_00158,0,0,0,1,0,0
train/0002/ex03_happy_00159,0,0,0,1,0,0
train/0002/ex03_happy_00160,0,0,0,1,0,0
train/0002/ex03_happy_00161,0,0,0,1,0,0
train/0002/ex03_happy_00162,0,0,0,1,0,0
train/0002/ex03_happy_00163,0,0,0,1,0,0
train/0002/ex03_happy_00164,0,0,0,1,0,0
train/0002/ex03_happy_00165,0,0,0,1,0,0
train/0002/ex03_happy_00166,0,0,0,1,0,0
train/0002/ex03_happy_00167,0,0,0,1,0,0
train/0002/ex03_happy_00168,0,0,0,1,0,0
train/0002/ex03_happy_00169,0,0,0,1,0,0
train/0002/ex03_happy_00170,0,0,0,1,0,0
train/0002/ex03_happy_00171,0,0,0,1,0,0
train/0002/ex03_happy_00172,0,0,0,1,0,0
train/0002/ex03_happy_00173,0,0,0,1,0,0
train/0002/ex03_happy_00174,0,0,0,1,0,0
train/0002/ex03_happy_00175,0,0,0,1,0,0
train/0002/ex03_happy_00176,0,0,0,1,0,0
train/0002/ex03_happy_00177,0,0,0,1,0,0
train/0002/ex03_happy_00178,0,0,0,1,0,0
train/0002/ex03_happy_00179,0,0,0,1,0,0
train/0002/ex03_happy_00180,0,0,0,1,0,0
train/0002/ex03_happy_00181,0,0,0,1,0,0
train/0002/ex03_happy_00182,0,0,0,1,0,0
train/0002/ex03_happy_00183,0,0,0,1,0,0
train/0002/ex03_happy_00184,0,0,0,1,0,0
train/0002/ex03_happy_00185,0,0,0,1,0,0
train/0002/ex03_happy_00186,0,0,0,1,0,0
train/0002/ex03_happy_00187,0,0,0,1,0,0
train/0002/ex03_happy_00188,0,0,0,1,0,0
train/0002/ex03_happy_00189,0,0,0,1,0,0
train/0002/ex03_happy_00190,0,0,0,1,0,0
train/0002/ex03_happy_00191,0,0,0,1,0,0
train/0002/ex03_happy_00192,0,0,0,1,0,0
train/0002/ex03_happy_00193,0,0,0,1,0,0
train/0002/ex03_happy_00194,0,0,0,1,0,0
train/0002/ex03_happy_00195,0,0,0,1,0,0
train/0002/ex03_happy_00196,0,0,0,1,0,0
train/0002/ex03_happy_00197,0,0,0,1,0,0
train/0002/ex03_happy_00198,0,0,0,1,0,0
train/0002/ex03_happy_00199,0,0,0,1,0,0
train/0002/ex03_happy_00200,0,0,0,1,0,0
train/0002/ex03_happy_00201,0,0,0,1,0,0
train/0002/ex03_happy_00202,0,0,0,1,0,0
train/0002/ex03_happy_00203,0,0,0,1,0,0
train/0002/ex03_happy_00204,0,0,0,1,0,0
train/0002/ex03_happy_00205,0,0,0,1,0,0
train/0002/ex03_happy_00206,0,0,0,1,0,0
train/0002/ex03_happy_00207,0,0,0,1,0,0
train/0002/ex03_happy_00208,0,0,0,1,0,0
train/0002/ex03_happy_00209,0,0,0,1,0,0
train/0002/ex03_happy_00210,0,0,0,1,0,0
train/0002/ex03_happy_00211,0,0,0,1,0,0
train/0002/ex03_happy_00212,0,0,0,1,0,0
train/0002/ex03_happy_00213,0,0,0,1,0,0
train/0002/ex03_happy_00214,0,0,0,1,0,0
train/0002/ex03_happy_00215,0,0,0,1,0,0
train/0002/ex03_happy_00216,0,0,0,1,0,0
train/0002/ex03_happy_00217,0,0,0,1,0,0
train/0002/ex03_happy_00218,0,0,0,1,0,0
train/0002/ex03_happy_00219,0,0,0,1,0,0
train/0002/ex03_happy_00220,0,0,0,1,0,0
train/0002/ex03_happy_00221,0,0,0,1,0,0
train/0002/ex03_happy_00222,0,0,0,1,0,0
train/0002/ex03_happy_00223,0,0,0,1,0,0
train/0002/ex03_happy_00224,0,0,0,1,0,0
train/0002/ex03_happy_00225,0,0,0,1,0,0
train/0002/ex03_happy_00226,0,0,0,1,0,0
train/0002/ex03_happy_00227,0,0,0,1,0,0
train/0002/ex03_happy_00228,0,0,0,1,0,0
train/0002/ex03_happy_00229,0,0,0,1,0,0
train/0002/ex03_happy_00230,0,0,0,1,0,0
train/0002/ex03_happy_00231,0,0,0,1,0,0
train/0002/ex03_happy_00232,0,0,0,1,0,0
train/0002/ex03_happy_00233,0,0,0,1,0,0
train/0002/ex03_happy_00234,0,0,0,1,0,0
train/0002/ex03_happy_00235,0,0,0,1,0,0
train/0002/ex03_happy_00236,0,0,0,1,0,0
train/0002/ex03_happy_00237,0,0,0,1,0,0
train/0002/ex03_happy_00238,0,0,0,1,0,0
train/0002/ex03_happy_00239,0,0,0,1,0,0
train/0002/ex03_happy_00240,0,0,0,1,0,0
train/0002/ex03_happy_00241,0,0,0,1,0,0
train/0002/ex03_happy_00242,0,0,0,1,0,0
train/0002/ex03_happy_00243,0,0,0,1,0,0
train/0002/ex03_happy_00244,0,0,0,1,0,0
train/0002/ex03_happy_00245,0,0,0,1,0,0
train/0002/ex03_happy_00246,0,0,0,1,0,0
train/0002/ex03_happy_00247,0,0,0,1,0,0
train/0002/ex03_happy_00248,0,0,0,1,0,0
train/0002/ex03_happy_00249,0,0,0,1,0,0
train/0002/ex03_happy_00250,0,0,0,1,0,0
train/0002/ex03_happy_00251,0,0,0,1,0,0
train/0002/ex03_happy_00252,0,0,0,1,0,0
train/0002/ex03_happy_00253,0,0,0,1,0,0
train/0002/ex03_happy_00254,0,0,0,1,0,0
train/0002/ex03_happy_00255,0,0,0,1,0,0
train/0002/ex03_happy_00256,0,0,0,1,0,0
train/0002/ex03_happy_00257,0,0,0,1,0,0
train/0002/ex03_happy_00258,0,0,0,1,0,0
train/0002/ex03_happy_00259,0,0,0,1,0,0
train/0002/ex03_happy_00260,0,0,0,1,0,0
train/0002/ex03_happy_00261,0,0,0,1,0,0
train/0002/ex03_happy_00262,0,0,0,1,0,0
train/0002/ex03_happy_00263,0,0,0,1,0,0
train/0002/ex03_happy_00264,0,0,0,1,0,0
train/0002/ex03_happy_00265,0,0,0,1,0,0
train/0002/ex03_happy_00266,0,0,0,1,0,0
train/0002/ex03_happy_00267,0,0,0,1,0,0
train/0002/ex03_happy_00268,0,0,0,1,0,0
train/0002/ex03_happy_00269,0,0,0,1,0,0
train/0002/ex03_happy_00270,0,0,0,1,0,0
train/0002/ex03_happy_00271,0,0,0,1,0,0
train/0002/ex03_happy_00272,0,0,0,1,0,0
train/0002/ex03_happy_00273,0,0,0,1,0,0
train/0002/ex03_happy_00274,0,0,0,1,0,0
train/0002/ex03_happy_00275,0,0,0,1,0,0
train/0002/ex03_happy_00276,0,0,0,1,0,0
train/0002/ex03_happy_00277,0,0,0,1,0,0
train/0002/ex03_happy_00278,0,0,0,1,0,0
train/0002/ex03_happy_00279,0,0,0,1,0,0
train/0002/ex03_happy_00280,0,0,0,1,0,0
train/0002/ex03_happy_00281,0,0,0,1,0,0
train/0002/ex03_happy_00282,0,0,0,1,0,0
train/0002/ex03_happy_00283,0,0,0,1,0,0
train/0002/ex03_happy_00284,0,0,0,1,0,0
train/0002/ex03_happy_00285,0,0,0,1,0,0
train/0002/ex03_happy_00286,0,0,0,1,0,0
train/0002/ex03_happy_00287,0,0,0,1,0,0
train/0002/ex03_happy_00288,0,0,0,1,0,0
train/0002/ex03_happy_00289,0,0,0,1,0,0
train/0002/ex03_happy_00290,0,0,0,1,0,0
train/0002/ex03_happy_00291,0,0,0,1,0,0
train/0002/ex03_happy_00292,0,0,0,1,0,0
train/0002/ex03_happy_00293,0,0,0,1,0,0
train/0002/ex03_happy_00294,0,0,0,1,0,0
train/0002/ex03_happy_00295,0,0,0,1,0,0
train/0002/ex03_happy_00296,0,0,0,1,0,0
train/0002/ex03_happy_00297,0,0,0,1,0,0
train/0002/ex03_happy_00298,0,0,0,1,0,0
train/0002/ex03_happy_00299,0,0,0,1,0,0
train/0002/ex03_happy_00300,0,0,0,1,0,0
train/0002/ex03_happy_00301,0,0,0,1,0,0
train/0002/ex03_happy_00302,0,0,0,1,0,0
train/0002/ex03_happy_00303,0,0,0,1,0,0
train/0002/ex03_happy_00304,0,0,0,1,0,0
train/0002/ex03_happy_00305,0,0,0,1,0,0
train/0002/ex03_happy_00306,0,0,0,1,0,0
train/0002/ex03_happy_00307,0,0,0,1,0,0
train/0002/ex03_happy_00308,0,0,0,1,0,0
train/0002/ex03_happy_00309,0,0,0,1,0,0
train/0002/ex03_happy_00310,0,0,0,1,0,0
train/0002/ex03_happy_00311,0,0,0,1,0,0
train/0002/ex03_happy_00312,0,0,0,1,0,0
train/0002/ex03_happy_00313,0,0,0,1,0,0
train/0002/ex03_happy_00314,0,0,0,1,0,0
train/0002/ex03_happy_00315,0,0,0,1,0,0
train/0002/ex03_happy_00316,0,0,0,1,0,0
train/0002/ex03_happy_00317,0,0,0,1,0,0
train/0002/ex03_happy_00318,0,0,0,1,0,0
train/0002/ex03_happy_00319,0,0,0,1,0,0
train/0002/ex03_happy_00320,0,0,0,1,0,0
train/0002/ex03_happy_00321,0,0,0,1,0,0
train/0002/ex03_happy_00322,0,0,0,1,0,0
train/0002/ex03_happy_00323,0,0,0,1,0,0
train/0002/ex03_happy_00324,0,0,0,1,0,0
train/0002/ex03_happy_00325,0,0,0,1,0,0
train/0002/ex03_happy_00326,0,0,0,1,0,0
train/0002/ex03_happy_00327,0,0,0,1,0,0
train/0002/ex03_happy_00328,0,0,0,1,0,0
train/0002/ex03_happy_00329,0,0,0,1,0,0
train/0002/ex03_happy_00330,0,0,0,1,0,0
train/0002/ex03_happy_00331,0,0,0,1,0,0
train/0002/ex03_happy_00332,0,0,0,1,0,0
train/0002/ex03_happy_00333,0,0,0,1,0,0
dev/0002/ex03_happy_00334,0,0,0,1,0,0
dev/0002/ex03_happy_00335,0,0,0,1,0,0
dev/0002/ex03_happy_00336,0,0,0,1,0,0
dev/0002/ex03_happy_00337,0,0,0,1,0,0
dev/0002/ex03_happy_00338,0,0,0,1,0,0
dev/0002/ex03_happy_00339,0,0,0,1,0,0
dev/0002/ex03_happy_00340,0,0,0,1,0,0
dev/0002/ex03_happy_00341,0,0,0,1,0,0
dev/0002/ex03_happy_00342,0,0,0,1,0,0
dev/0002/ex03_happy_00343,0,0,0,1,0,0
dev/0002/ex03_happy_00344,0,0,0,1,0,0
dev/0002/ex03_happy_00345,0,0,0,1,0,0
dev/0002/ex03_happy_00346,0,0,0,1,0,0
dev/0002/ex03_happy_00347,0,0,0,1,0,0
dev/0002/ex03_happy_00348,0,0,0,1,0,0
dev/0002/ex03_happy_00349,0,0,0,1,0,0
dev/0002/ex03_happy_00350,0,0,0,1,0,0
dev/0002/ex03_happy_00351,0,0,0,1,0,0
dev/0002/ex03_happy_00352,0,0,0,1,0,0
dev/0002/ex03_happy_00353,0,0,0,1,0,0
dev/0002/ex03_happy_00354,0,0,0,1,0,0
dev/0002/ex03_happy_00355,0,0,0,1,0,0
dev/0002/ex03_happy_00356,0,0,0,1,0,0
dev/0002/ex03_happy_00357,0,0,0,1,0,0
dev/0002/ex03_happy_00358,0,0,0,1,0,0
test/0002/ex03_happy_00359,0,0,0,1,0,0
test/0002/ex03_happy_00360,0,0,0,1,0,0
test/0002/ex03_happy_00361,0,0,0,1,0,0
test/0002/ex03_happy_00362,0,0,0,1,0,0
test/0002/ex03_happy_00363,0,0,0,1,0,0
test/0002/ex03_happy_00364,0,0,0,1,0,0
test/0002/ex03_happy_00365,0,0,0,1,0,0
test/0002/ex03_happy_00366,0,0,0,1,0,0
test/0002/ex03_happy_00367,0,0,0,1,0,0
test/0002/ex03_happy_00368,0,0,0,1,0,0
test/0002/ex03_happy_00369,0,0,0,1,0,0
test/0002/ex03_happy_00370,0,0,0,1,0,0
test/0002/ex03_happy_00371,0,0,0,1,0,0
test/0002/ex03_happy_00372,0,0,0,1,0,0
test/0002/ex03_happy_00373,0,0,0,1,0,0
test/0002/ex03_happy_00374,0,0,0,1,0,0
test/0002/ex03_happy_00375,0,0,0,1,0,0
test/0002/ex03_happy_00376,0,0,0,1,0,0
test/0002/ex03_happy_00377,0,0,0,1,0,0
test/0002/ex03_happy_00378,0,0,0,1,0,0
test/0002/ex03_happy_00379,0,0,0,1,0,0
test/0002/ex03_happy_00380,0,0,0,1,0,0
train/0002/ex03_laughing_00001,0,0,0,0,1,0
train/0002/ex03_laughing_00002,0,0,0,0,1,0
train/0002/ex03_laughing_00003,0,0,0,0,1,0
train/0002/ex03_laughing_00004,0,0,0,0,1,0
train/0002/ex03_laughing_00005,0,0,0,0,1,0
train/0002/ex03_laughing_00006,0,0,0,0,1,0
train/0002/ex03_laughing_00007,0,0,0,0,1,0
train/0002/ex03_laughing_00008,0,0,0,0,1,0
train/0002/ex03_laughing_00009,0,0,0,0,1,0
train/0002/ex03_laughing_00010,0,0,0,0,1,0
train/0002/ex03_laughing_00011,0,0,0,0,1,0
train/0002/ex03_laughing_00012,0,0,0,0,1,0
train/0002/ex03_laughing_00013,0,0,0,0,1,0
train/0002/ex03_laughing_00014,0,0,0,0,1,0
train/0002/ex03_laughing_00015,0,0,0,0,1,0
train/0002/ex03_laughing_00016,0,0,0,0,1,0
train/0002/ex03_laughing_00017,0,0,0,0,1,0
train/0002/ex03_laughing_00018,0,0,0,0,1,0
train/0002/ex03_laughing_00019,0,0,0,0,1,0
train/0002/ex03_laughing_00020,0,0,0,0,1,0
train/0002/ex03_laughing_00021,0,0,0,0,1,0
train/0002/ex03_laughing_00022,0,0,0,0,1,0
train/0002/ex03_laughing_00023,0,0,0,0,1,0
train/0002/ex03_laughing_00024,0,0,0,0,1,0
train/0002/ex03_laughing_00025,0,0,0,0,1,0
train/0002/ex03_laughing_00026,0,0,0,0,1,0
train/0002/ex03_laughing_00027,0,0,0,0,1,0
train/0002/ex03_laughing_00028,0,0,0,0,1,0
train/0002/ex03_laughing_00029,0,0,0,0,1,0
train/0002/ex03_laughing_00030,0,0,0,0,1,0
train/0002/ex03_laughing_00031,0,0,0,0,1,0
train/0002/ex03_laughing_00032,0,0,0,0,1,0
train/0002/ex03_laughing_00033,0,0,0,0,1,0
train/0002/ex03_laughing_00034,0,0,0,0,1,0
train/0002/ex03_laughing_00035,0,0,0,0,1,0
train/0002/ex03_laughing_00036,0,0,0,0,1,0
train/0002/ex03_laughing_00037,0,0,0,0,1,0
train/0002/ex03_laughing_00038,0,0,0,0,1,0
train/0002/ex03_laughing_00039,0,0,0,0,1,0
train/0002/ex03_laughing_00040,0,0,0,0,1,0
train/0002/ex03_laughing_00041,0,0,0,0,1,0
train/0002/ex03_laughing_00042,0,0,0,0,1,0
train/0002/ex03_laughing_00043,0,0,0,0,1,0
train/0002/ex03_laughing_00044,0,0,0,0,1,0
train/0002/ex03_laughing_00045,0,0,0,0,1,0
train/0002/ex03_laughing_00046,0,0,0,0,1,0
train/0002/ex03_laughing_00047,0,0,0,0,1,0
train/0002/ex03_laughing_00048,0,0,0,0,1,0
train/0002/ex03_laughing_00049,0,0,0,0,1,0
train/0002/ex03_laughing_00050,0,0,0,0,1,0
train/0002/ex03_laughing_00051,0,0,0,0,1,0
train/0002/ex03_laughing_00052,0,0,0,0,1,0
train/0002/ex03_laughing_00053,0,0,0,0,1,0
train/0002/ex03_laughing_00054,0,0,0,0,1,0
train/0002/ex03_laughing_00055,0,0,0,0,1,0
train/0002/ex03_laughing_00056,0,0,0,0,1,0
train/0002/ex03_laughing_00057,0,0,0,0,1,0
train/0002/ex03_laughing_00058,0,0,0,0,1,0
train/0002/ex03_laughing_00059,0,0,0,0,1,0
train/0002/ex03_laughing_00060,0,0,0,0,1,0
train/0002/ex03_laughing_00061,0,0,0,0,1,0
train/0002/ex03_laughing_00062,0,0,0,0,1,0
train/0002/ex03_laughing_00063,0,0,0,0,1,0
train/0002/ex03_laughing_00064,0,0,0,0,1,0
train/0002/ex03_laughing_00065,0,0,0,0,1,0
train/0002/ex03_laughing_00066,0,0,0,0,1,0
train/0002/ex03_laughing_00067,0,0,0,0,1,0
train/0002/ex03_laughing_00068,0,0,0,0,1,0
train/0002/ex03_laughing_00069,0,0,0,0,1,0
train/0002/ex03_laughing_00070,0,0,0,0,1,0
train/0002/ex03_laughing_00071,0,0,0,0,1,0
train/0002/ex03_laughing_00072,0,0,0,0,1,0
train/0002/ex03_laughing_00073,0,0,0,0,1,0
train/0002/ex03_laughing_00074,0,0,0,0,1,0
train/0002/ex03_laughing_00075,0,0,0,0,1,0
train/0002/ex03_laughing_00076,0,0,0,0,1,0
train/0002/ex03_laughing_00077,0,0,0,0,1,0
train/0002/ex03_laughing_00078,0,0,0,0,1,0
train/0002/ex03_laughing_00079,0,0,0,0,1,0
train/0002/ex03_laughing_00080,0,0,0,0,1,0
train/0002/ex03_laughing_00081,0,0,0,0,1,0
train/0002/ex03_laughing_00082,0,0,0,0,1,0
train/0002/ex03_laughing_00083,0,0,0,0,1,0
train/0002/ex03_laughing_00084,0,0,0,0,1,0
train/0002/ex03_laughing_00085,0,0,0,0,1,0
train/0002/ex03_laughing_00086,0,0,0,0,1,0
train/0002/ex03_laughing_00087,0,0,0,0,1,0
train/0002/ex03_laughing_00088,0,0,0,0,1,0
train/0002/ex03_laughing_00089,0,0,0,0,1,0
train/0002/ex03_laughing_00090,0,0,0,0,1,0
train/0002/ex03_laughing_00091,0,0,0,0,1,0
train/0002/ex03_laughing_00092,0,0,0,0,1,0
train/0002/ex03_laughing_00093,0,0,0,0,1,0
train/0002/ex03_laughing_00094,0,0,0,0,1,0
train/0002/ex03_laughing_00095,0,0,0,0,1,0
train/0002/ex03_laughing_00096,0,0,0,0,1,0
train/0002/ex03_laughing_00097,0,0,0,0,1,0
train/0002/ex03_laughing_00098,0,0,0,0,1,0
train/0002/ex03_laughing_00099,0,0,0,0,1,0
train/0002/ex03_laughing_00100,0,0,0,0,1,0
train/0002/ex03_laughing_00101,0,0,0,0,1,0
train/0002/ex03_laughing_00102,0,0,0,0,1,0
train/0002/ex03_laughing_00103,0,0,0,0,1,0
train/0002/ex03_laughing_00104,0,0,0,0,1,0
train/0002/ex03_laughing_00105,0,0,0,0,1,0
train/0002/ex03_laughing_00106,0,0,0,0,1,0
train/0002/ex03_laughing_00107,0,0,0,0,1,0
train/0002/ex03_laughing_00108,0,0,0,0,1,0
train/0002/ex03_laughing_00109,0,0,0,0,1,0
train/0002/ex03_laughing_00110,0,0,0,0,1,0
train/0002/ex03_laughing_00111,0,0,0,0,1,0
train/0002/ex03_laughing_00112,0,0,0,0,1,0
train/0002/ex03_laughing_00113,0,0,0,0,1,0
train/0002/ex03_laughing_00114,0,0,0,0,1,0
train/0002/ex03_laughing_00115,0,0,0,0,1,0
train/0002/ex03_laughing_00116,0,0,0,0,1,0
train/0002/ex03_laughing_00117,0,0,0,0,1,0
train/0002/ex03_laughing_00118,0,0,0,0,1,0
train/0002/ex03_laughing_00119,0,0,0,0,1,0
train/0002/ex03_laughing_00120,0,0,0,0,1,0
train/0002/ex03_laughing_00121,0,0,0,0,1,0
train/0002/ex03_laughing_00122,0,0,0,0,1,0
train/0002/ex03_laughing_00123,0,0,0,0,1,0
train/0002/ex03_laughing_00124,0,0,0,0,1,0
train/0002/ex03_laughing_00125,0,0,0,0,1,0
train/0002/ex03_laughing_00126,0,0,0,0,1,0
train/0002/ex03_laughing_00127,0,0,0,0,1,0
train/0002/ex03_laughing_00128,0,0,0,0,1,0
train/0002/ex03_laughing_00129,0,0,0,0,1,0
train/0002/ex03_laughing_00130,0,0,0,0,1,0
train/0002/ex03_laughing_00131,0,0,0,0,1,0
train/0002/ex03_laughing_00132,0,0,0,0,1,0
train/0002/ex03_laughing_00133,0,0,0,0,1,0
train/0002/ex03_laughing_00134,0,0,0,0,1,0
train/0002/ex03_laughing_00135,0,0,0,0,1,0
train/0002/ex03_laughing_00136,0,0,0,0,1,0
train/0002/ex03_laughing_00137,0,0,0,0,1,0
train/0002/ex03_laughing_00138,0,0,0,0,1,0
train/0002/ex03_laughing_00139,0,0,0,0,1,0
train/0002/ex03_laughing_00140,0,0,0,0,1,0
train/0002/ex03_laughing_00141,0,0,0,0,1,0
train/0002/ex03_laughing_00142,0,0,0,0,1,0
train/0002/ex03_laughing_00143,0,0,0,0,1,0
train/0002/ex03_laughing_00144,0,0,0,0,1,0
train/0002/ex03_laughing_00145,0,0,0,0,1,0
train/0002/ex03_laughing_00146,0,0,0,0,1,0
train/0002/ex03_laughing_00147,0,0,0,0,1,0
train/0002/ex03_laughing_00148,0,0,0,0,1,0
train/0002/ex03_laughing_00149,0,0,0,0,1,0
train/0002/ex03_laughing_00150,0,0,0,0,1,0
train/0002/ex03_laughing_00151,0,0,0,0,1,0
train/0002/ex03_laughing_00152,0,0,0,0,1,0
train/0002/ex03_laughing_00153,0,0,0,0,1,0
train/0002/ex03_laughing_00154,0,0,0,0,1,0
train/0002/ex03_laughing_00155,0,0,0,0,1,0
train/0002/ex03_laughing_00156,0,0,0,0,1,0
train/0002/ex03_laughing_00157,0,0,0,0,1,0
train/0002/ex03_laughing_00158,0,0,0,0,1,0
train/0002/ex03_laughing_00159,0,0,0,0,1,0
train/0002/ex03_laughing_00160,0,0,0,0,1,0
train/0002/ex03_laughing_00161,0,0,0,0,1,0
train/0002/ex03_laughing_00162,0,0,0,0,1,0
train/0002/ex03_laughing_00163,0,0,0,0,1,0
train/0002/ex03_laughing_00164,0,0,0,0,1,0
train/0002/ex03_laughing_00165,0,0,0,0,1,0
train/0002/ex03_laughing_00166,0,0,0,0,1,0
train/0002/ex03_laughing_00167,0,0,0,0,1,0
train/0002/ex03_laughing_00168,0,0,0,0,1,0
train/0002/ex03_laughing_00169,0,0,0,0,1,0
train/0002/ex03_laughing_00170,0,0,0,0,1,0
train/0002/ex03_laughing_00171,0,0,0,0,1,0
train/0002/ex03_laughing_00172,0,0,0,0,1,0
train/0002/ex03_laughing_00173,0,0,0,0,1,0
train/0002/ex03_laughing_00174,0,0,0,0,1,0
train/0002/ex03_laughing_00175,0,0,0,0,1,0
train/0002/ex03_laughing_00176,0,0,0,0,1,0
train/0002/ex03_laughing_00177,0,0,0,0,1,0
train/0002/ex03_laughing_00178,0,0,0,0,1,0
train/0002/ex03_laughing_00179,0,0,0,0,1,0
train/0002/ex03_laughing_00180,0,0,0,0,1,0
train/0002/ex03_laughing_00181,0,0,0,0,1,0
train/0002/ex03_laughing_00182,0,0,0,0,1,0
train/0002/ex03_laughing_00183,0,0,0,0,1,0
train/0002/ex03_laughing_00184,0,0,0,0,1,0
train/0002/ex03_laughing_00185,0,0,0,0,1,0
train/0002/ex03_laughing_00186,0,0,0,0,1,0
train/0002/ex03_laughing_00187,0,0,0,0,1,0
train/0002/ex03_laughing_00188,0,0,0,0,1,0
train/0002/ex03_laughing_00189,0,0,0,0,1,0
train/0002/ex03_laughing_00190,0,0,0,0,1,0
train/0002/ex03_laughing_00191,0,0,0,0,1,0
train/0002/ex03_laughing_00192,0,0,0,0,1,0
train/0002/ex03_laughing_00193,0,0,0,0,1,0
train/0002/ex03_laughing_00194,0,0,0,0,1,0
train/0002/ex03_laughing_00195,0,0,0,0,1,0
train/0002/ex03_laughing_00196,0,0,0,0,1,0
train/0002/ex03_laughing_00197,0,0,0,0,1,0
train/0002/ex03_laughing_00198,0,0,0,0,1,0
train/0002/ex03_laughing_00199,0,0,0,0,1,0
train/0002/ex03_laughing_00200,0,0,0,0,1,0
train/0002/ex03_laughing_00201,0,0,0,0,1,0
train/0002/ex03_laughing_00202,0,0,0,0,1,0
train/0002/ex03_laughing_00203,0,0,0,0,1,0
train/0002/ex03_laughing_00204,0,0,0,0,1,0
train/0002/ex03_laughing_00205,0,0,0,0,1,0
train/0002/ex03_laughing_00206,0,0,0,0,1,0
train/0002/ex03_laughing_00207,0,0,0,0,1,0
train/0002/ex03_laughing_00208,0,0,0,0,1,0
train/0002/ex03_laughing_00209,0,0,0,0,1,0
train/0002/ex03_laughing_00210,0,0,0,0,1,0
train/0002/ex03_laughing_00211,0,0,0,0,1,0
train/0002/ex03_laughing_00212,0,0,0,0,1,0
train/0002/ex03_laughing_00213,0,0,0,0,1,0
train/0002/ex03_laughing_00214,0,0,0,0,1,0
train/0002/ex03_laughing_00215,0,0,0,0,1,0
train/0002/ex03_laughing_00216,0,0,0,0,1,0
train/0002/ex03_laughing_00217,0,0,0,0,1,0
train/0002/ex03_laughing_00218,0,0,0,0,1,0
train/0002/ex03_laughing_00219,0,0,0,0,1,0
train/0002/ex03_laughing_00220,0,0,0,0,1,0
train/0002/ex03_laughing_00221,0,0,0,0,1,0
train/0002/ex03_laughing_00222,0,0,0,0,1,0
train/0002/ex03_laughing_00223,0,0,0,0,1,0
train/0002/ex03_laughing_00224,0,0,0,0,1,0
train/0002/ex03_laughing_00225,0,0,0,0,1,0
train/0002/ex03_laughing_00226,0,0,0,0,1,0
train/0002/ex03_laughing_00227,0,0,0,0,1,0
train/0002/ex03_laughing_00228,0,0,0,0,1,0
train/0002/ex03_laughing_00229,0,0,0,0,1,0
train/0002/ex03_laughing_00230,0,0,0,0,1,0
train/0002/ex03_laughing_00231,0,0,0,0,1,0
train/0002/ex03_laughing_00232,0,0,0,0,1,0
train/0002/ex03_laughing_00233,0,0,0,0,1,0
train/0002/ex03_laughing_00234,0,0,0,0,1,0
train/0002/ex03_laughing_00235,0,0,0,0,1,0
train/0002/ex03_laughing_00236,0,0,0,0,1,0
train/0002/ex03_laughing_00237,0,0,0,0,1,0
train/0002/ex03_laughing_00238,0,0,0,0,1,0
train/0002/ex03_laughing_00239,0,0,0,0,1,0
train/0002/ex03_laughing_00240,0,0,0,0,1,0
train/0002/ex03_laughing_00241,0,0,0,0,1,0
train/0002/ex03_laughing_00242,0,0,0,0,1,0
train/0002/ex03_laughing_00243,0,0,0,0,1,0
train/0002/ex03_laughing_00244,0,0,0,0,1,0
train/0002/ex03_laughing_00245,0,0,0,0,1,0
train/0002/ex03_laughing_00246,0,0,0,0,1,0
train/0002/ex03_laughing_00247,0,0,0,0,1,0
train/0002/ex03_laughing_00248,0,0,0,0,1,0
train/0002/ex03_laughing_00249,0,0,0,0,1,0
train/0002/ex03_laughing_00250,0,0,0,0,1,0
train/0002/ex03_laughing_00251,0,0,0,0,1,0
train/0002/ex03_laughing_00252,0,0,0,0,1,0
train/0002/ex03_laughing_00253,0,0,0,0,1,0
train/0002/ex03_laughing_00254,0,0,0,0,1,0
train/0002/ex03_laughing_00255,0,0,0,0,1,0
train/0002/ex03_laughing_00256,0,0,0,0,1,0
train/0002/ex03_laughing_00257,0,0,0,0,1,0
train/0002/ex03_laughing_00258,0,0,0,0,1,0
train/0002/ex03_laughing_00259,0,0,0,0,1,0
train/0002/ex03_laughing_00260,0,0,0,0,1,0
train/0002/ex03_laughing_00261,0,0,0,0,1,0
train/0002/ex03_laughing_00262,0,0,0,0,1,0
train/0002/ex03_laughing_00263,0,0,0,0,1,0
train/0002/ex03_laughing_00264,0,0,0,0,1,0
train/0002/ex03_laughing_00265,0,0,0,0,1,0
train/0002/ex03_laughing_00266,0,0,0,0,1,0
train/0002/ex03_laughing_00267,0,0,0,0,1,0
train/0002/ex03_laughing_00268,0,0,0,0,1,0
train/0002/ex03_laughing_00269,0,0,0,0,1,0
train/0002/ex03_laughing_00270,0,0,0,0,1,0
train/0002/ex03_laughing_00271,0,0,0,0,1,0
train/0002/ex03_laughing_00272,0,0,0,0,1,0
train/0002/ex03_laughing_00273,0,0,0,0,1,0
train/0002/ex03_laughing_00274,0,0,0,0,1,0
train/0002/ex03_laughing_00275,0,0,0,0,1,0
train/0002/ex03_laughing_00276,0,0,0,0,1,0
train/0002/ex03_laughing_00277,0,0,0,0,1,0
train/0002/ex03_laughing_00278,0,0,0,0,1,0
train/0002/ex03_laughing_00279,0,0,0,0,1,0
train/0002/ex03_laughing_00280,0,0,0,0,1,0
train/0002/ex03_laughing_00281,0,0,0,0,1,0
train/0002/ex03_laughing_00282,0,0,0,0,1,0
train/0002/ex03_laughing_00283,0,0,0,0,1,0
train/0002/ex03_laughing_00284,0,0,0,0,1,0
train/0002/ex03_laughing_00285,0,0,0,0,1,0
train/0002/ex03_laughing_00286,0,0,0,0,1,0
train/0002/ex03_laughing_00287,0,0,0,0,1,0
train/0002/ex03_laughing_00288,0,0,0,0,1,0
train/0002/ex03_laughing_00289,0,0,0,0,1,0
train/0002/ex03_laughing_00290,0,0,0,0,1,0
train/0002/ex03_laughing_00291,0,0,0,0,1,0
train/0002/ex03_laughing_00292,0,0,0,0,1,0
train/0002/ex03_laughing_00293,0,0,0,0,1,0
train/0002/ex03_laughing_00294,0,0,0,0,1,0
train/0002/ex03_laughing_00295,0,0,0,0,1,0
train/0002/ex03_laughing_00296,0,0,0,0,1,0
train/0002/ex03_laughing_00297,0,0,0,0,1,0
train/0002/ex03_laughing_00298,0,0,0,0,1,0
train/0002/ex03_laughing_00299,0,0,0,0,1,0
train/0002/ex03_laughing_00300,0,0,0,0,1,0
train/0002/ex03_laughing_00301,0,0,0,0,1,0
train/0002/ex03_laughing_00302,0,0,0,0,1,0
train/0002/ex03_laughing_00303,0,0,0,0,1,0
train/0002/ex03_laughing_00304,0,0,0,0,1,0
train/0002/ex03_laughing_00305,0,0,0,0,1,0
train/0002/ex03_laughing_00306,0,0,0,0,1,0
train/0002/ex03_laughing_00307,0,0,0,0,1,0
train/0002/ex03_laughing_00308,0,0,0,0,1,0
train/0002/ex03_laughing_00309,0,0,0,0,1,0
train/0002/ex03_laughing_00310,0,0,0,0,1,0
train/0002/ex03_laughing_00311,0,0,0,0,1,0
train/0002/ex03_laughing_00312,0,0,0,0,1,0
train/0002/ex03_laughing_00313,0,0,0,0,1,0
train/0002/ex03_laughing_00314,0,0,0,0,1,0
train/0002/ex03_laughing_00315,0,0,0,0,1,0
train/0002/ex03_laughing_00316,0,0,0,0,1,0
train/0002/ex03_laughing_00317,0,0,0,0,1,0
train/0002/ex03_laughing_00318,0,0,0,0,1,0
train/0002/ex03_laughing_00319,0,0,0,0,1,0
train/0002/ex03_laughing_00320,0,0,0,0,1,0
train/0002/ex03_laughing_00321,0,0,0,0,1,0
train/0002/ex03_laughing_00322,0,0,0,0,1,0
train/0002/ex03_laughing_00323,0,0,0,0,1,0
train/0002/ex03_laughing_00324,0,0,0,0,1,0
train/0002/ex03_laughing_00325,0,0,0,0,1,0
train/0002/ex03_laughing_00326,0,0,0,0,1,0
train/0002/ex03_laughing_00327,0,0,0,0,1,0
train/0002/ex03_laughing_00328,0,0,0,0,1,0
train/0002/ex03_laughing_00329,0,0,0,0,1,0
train/0002/ex03_laughing_00330,0,0,0,0,1,0
train/0002/ex03_laughing_00331,0,0,0,0,1,0
train/0002/ex03_laughing_00332,0,0,0,0,1,0
train/0002/ex03_laughing_00333,0,0,0,0,1,0
train/0002/ex03_laughing_00334,0,0,0,0,1,0
train/0002/ex03_laughing_00335,0,0,0,0,1,0
train/0002/ex03_laughing_00336,0,0,0,0,1,0
train/0002/ex03_laughing_00337,0,0,0,0,1,0
dev/0002/ex03_laughing_00338,0,0,0,0,1,0
dev/0002/ex03_laughing_00339,0,0,0,0,1,0
dev/0002/ex03_laughing_00340,0,0,0,0,1,0
dev/0002/ex03_laughing_00341,0,0,0,0,1,0
dev/0002/ex03_laughing_00342,0,0,0,0,1,0
dev/0002/ex03_laughing_00343,0,0,0,0,1,0
dev/0002/ex03_laughing_00344,0,0,0,0,1,0
dev/0002/ex03_laughing_00345,0,0,0,0,1,0
dev/0002/ex03_laughing_00346,0,0,0,0,1,0
dev/0002/ex03_laughing_00347,0,0,0,0,1,0
dev/0002/ex03_laughing_00348,0,0,0,0,1,0
dev/0002/ex03_laughing_00349,0,0,0,0,1,0
dev/0002/ex03_laughing_00350,0,0,0,0,1,0
dev/0002/ex03_laughing_00351,0,0,0,0,1,0
dev/0002/ex03_laughing_00352,0,0,0,0,1,0
dev/0002/ex03_laughing_00353,0,0,0,0,1,0
dev/0002/ex03_laughing_00354,0,0,0,0,1,0
dev/0002/ex03_laughing_00355,0,0,0,0,1,0
dev/0002/ex03_laughing_00356,0,0,0,0,1,0
dev/0002/ex03_laughing_00357,0,0,0,0,1,0
dev/0002/ex03_laughing_00358,0,0,0,0,1,0
dev/0002/ex03_laughing_00359,0,0,0,0,1,0
test/0002/ex03_laughing_00360,0,0,0,0,1,0
test/0002/ex03_laughing_00361,0,0,0,0,1,0
test/0002/ex03_laughing_00362,0,0,0,0,1,0
test/0002/ex03_laughing_00363,0,0,0,0,1,0
test/0002/ex03_laughing_00364,0,0,0,0,1,0
test/0002/ex03_laughing_00365,0,0,0,0,1,0
test/0002/ex03_laughing_00366,0,0,0,0,1,0
test/0002/ex03_laughing_00367,0,0,0,0,1,0
test/0002/ex03_laughing_00368,0,0,0,0,1,0
test/0002/ex03_laughing_00369,0,0,0,0,1,0
test/0002/ex03_laughing_00370,0,0,0,0,1,0
test/0002/ex03_laughing_00371,0,0,0,0,1,0
test/0002/ex03_laughing_00372,0,0,0,0,1,0
test/0002/ex03_laughing_00373,0,0,0,0,1,0
test/0002/ex03_laughing_00374,0,0,0,0,1,0
test/0002/ex03_laughing_00375,0,0,0,0,1,0
test/0002/ex03_laughing_00376,0,0,0,0,1,0
test/0002/ex03_laughing_00377,0,0,0,0,1,0
test/0002/ex03_laughing_00378,0,0,0,0,1,0
test/0002/ex03_laughing_00379,0,0,0,0,1,0
test/0002/ex03_laughing_00380,0,0,0,0,1,0
train/0002/ex03_sad_00001,0,0,0,0,0,1
train/0002/ex03_sad_00002,0,0,0,0,0,1
train/0002/ex03_sad_00003,0,0,0,0,0,1
train/0002/ex03_sad_00004,0,0,0,0,0,1
train/0002/ex03_sad_00005,0,0,0,0,0,1
train/0002/ex03_sad_00006,0,0,0,0,0,1
train/0002/ex03_sad_00007,0,0,0,0,0,1
train/0002/ex03_sad_00008,0,0,0,0,0,1
train/0002/ex03_sad_00009,0,0,0,0,0,1
train/0002/ex03_sad_00010,0,0,0,0,0,1
train/0002/ex03_sad_00011,0,0,0,0,0,1
train/0002/ex03_sad_00012,0,0,0,0,0,1
train/0002/ex03_sad_00013,0,0,0,0,0,1
train/0002/ex03_sad_00014,0,0,0,0,0,1
train/0002/ex03_sad_00015,0,0,0,0,0,1
train/0002/ex03_sad_00016,0,0,0,0,0,1
train/0002/ex03_sad_00017,0,0,0,0,0,1
train/0002/ex03_sad_00018,0,0,0,0,0,1
train/0002/ex03_sad_00019,0,0,0,0,0,1
train/0002/ex03_sad_00020,0,0,0,0,0,1
train/0002/ex03_sad_00021,0,0,0,0,0,1
train/0002/ex03_sad_00022,0,0,0,0,0,1
train/0002/ex03_sad_00023,0,0,0,0,0,1
train/0002/ex03_sad_00024,0,0,0,0,0,1
train/0002/ex03_sad_00025,0,0,0,0,0,1
train/0002/ex03_sad_00026,0,0,0,0,0,1
train/0002/ex03_sad_00027,0,0,0,0,0,1
train/0002/ex03_sad_00028,0,0,0,0,0,1
train/0002/ex03_sad_00029,0,0,0,0,0,1
train/0002/ex03_sad_00030,0,0,0,0,0,1
train/0002/ex03_sad_00031,0,0,0,0,0,1
train/0002/ex03_sad_00032,0,0,0,0,0,1
train/0002/ex03_sad_00033,0,0,0,0,0,1
train/0002/ex03_sad_00034,0,0,0,0,0,1
train/0002/ex03_sad_00035,0,0,0,0,0,1
train/0002/ex03_sad_00036,0,0,0,0,0,1
train/0002/ex03_sad_00037,0,0,0,0,0,1
train/0002/ex03_sad_00038,0,0,0,0,0,1
train/0002/ex03_sad_00039,0,0,0,0,0,1
train/0002/ex03_sad_00040,0,0,0,0,0,1
train/0002/ex03_sad_00041,0,0,0,0,0,1
train/0002/ex03_sad_00042,0,0,0,0,0,1
train/0002/ex03_sad_00043,0,0,0,0,0,1
train/0002/ex03_sad_00044,0,0,0,0,0,1
train/0002/ex03_sad_00045,0,0,0,0,0,1
train/0002/ex03_sad_00046,0,0,0,0,0,1
train/0002/ex03_sad_00047,0,0,0,0,0,1
train/0002/ex03_sad_00048,0,0,0,0,0,1
train/0002/ex03_sad_00049,0,0,0,0,0,1
train/0002/ex03_sad_00050,0,0,0,0,0,1
train/0002/ex03_sad_00051,0,0,0,0,0,1
train/0002/ex03_sad_00052,0,0,0,0,0,1
train/0002/ex03_sad_00053,0,0,0,0,0,1
train/0002/ex03_sad_00054,0,0,0,0,0,1
train/0002/ex03_sad_00055,0,0,0,0,0,1
train/0002/ex03_sad_00056,0,0,0,0,0,1
train/0002/ex03_sad_00057,0,0,0,0,0,1
train/0002/ex03_sad_00058,0,0,0,0,0,1
train/0002/ex03_sad_00059,0,0,0,0,0,1
train/0002/ex03_sad_00060,0,0,0,0,0,1
train/0002/ex03_sad_00061,0,0,0,0,0,1
train/0002/ex03_sad_00062,0,0,0,0,0,1
train/0002/ex03_sad_00063,0,0,0,0,0,1
train/0002/ex03_sad_00064,0,0,0,0,0,1
train/0002/ex03_sad_00065,0,0,0,0,0,1
train/0002/ex03_sad_00066,0,0,0,0,0,1
train/0002/ex03_sad_00067,0,0,0,0,0,1
train/0002/ex03_sad_00068,0,0,0,0,0,1
train/0002/ex03_sad_00069,0,0,0,0,0,1
train/0002/ex03_sad_00070,0,0,0,0,0,1
train/0002/ex03_sad_00071,0,0,0,0,0,1
train/0002/ex03_sad_00072,0,0,0,0,0,1
train/0002/ex03_sad_00073,0,0,0,0,0,1
train/0002/ex03_sad_00074,0,0,0,0,0,1
train/0002/ex03_sad_00075,0,0,0,0,0,1
train/0002/ex03_sad_00076,0,0,0,0,0,1
train/0002/ex03_sad_00077,0,0,0,0,0,1
train/0002/ex03_sad_00078,0,0,0,0,0,1
train/0002/ex03_sad_00079,0,0,0,0,0,1
train/0002/ex03_sad_00080,0,0,0,0,0,1
train/0002/ex03_sad_00081,0,0,0,0,0,1
train/0002/ex03_sad_00082,0,0,0,0,0,1
train/0002/ex03_sad_00083,0,0,0,0,0,1
train/0002/ex03_sad_00084,0,0,0,0,0,1
train/0002/ex03_sad_00085,0,0,0,0,0,1
train/0002/ex03_sad_00086,0,0,0,0,0,1
train/0002/ex03_sad_00087,0,0,0,0,0,1
train/0002/ex03_sad_00088,0,0,0,0,0,1
train/0002/ex03_sad_00089,0,0,0,0,0,1
train/0002/ex03_sad_00090,0,0,0,0,0,1
train/0002/ex03_sad_00091,0,0,0,0,0,1
train/0002/ex03_sad_00092,0,0,0,0,0,1
train/0002/ex03_sad_00093,0,0,0,0,0,1
train/0002/ex03_sad_00094,0,0,0,0,0,1
train/0002/ex03_sad_00095,0,0,0,0,0,1
train/0002/ex03_sad_00096,0,0,0,0,0,1
train/0002/ex03_sad_00097,0,0,0,0,0,1
train/0002/ex03_sad_00098,0,0,0,0,0,1
train/0002/ex03_sad_00099,0,0,0,0,0,1
train/0002/ex03_sad_00100,0,0,0,0,0,1
train/0002/ex03_sad_00101,0,0,0,0,0,1
train/0002/ex03_sad_00102,0,0,0,0,0,1
train/0002/ex03_sad_00103,0,0,0,0,0,1
train/0002/ex03_sad_00104,0,0,0,0,0,1
train/0002/ex03_sad_00105,0,0,0,0,0,1
train/0002/ex03_sad_00106,0,0,0,0,0,1
train/0002/ex03_sad_00107,0,0,0,0,0,1
train/0002/ex03_sad_00108,0,0,0,0,0,1
train/0002/ex03_sad_00109,0,0,0,0,0,1
train/0002/ex03_sad_00110,0,0,0,0,0,1
train/0002/ex03_sad_00111,0,0,0,0,0,1
train/0002/ex03_sad_00112,0,0,0,0,0,1
train/0002/ex03_sad_00113,0,0,0,0,0,1
train/0002/ex03_sad_00114,0,0,0,0,0,1
train/0002/ex03_sad_00115,0,0,0,0,0,1
train/0002/ex03_sad_00116,0,0,0,0,0,1
train/0002/ex03_sad_00117,0,0,0,0,0,1
train/0002/ex03_sad_00118,0,0,0,0,0,1
train/0002/ex03_sad_00119,0,0,0,0,0,1
train/0002/ex03_sad_00120,0,0,0,0,0,1
train/0002/ex03_sad_00121,0,0,0,0,0,1
train/0002/ex03_sad_00122,0,0,0,0,0,1
train/0002/ex03_sad_00123,0,0,0,0,0,1
train/0002/ex03_sad_00124,0,0,0,0,0,1
train/0002/ex03_sad_00125,0,0,0,0,0,1
train/0002/ex03_sad_00126,0,0,0,0,0,1
train/0002/ex03_sad_00127,0,0,0,0,0,1
train/0002/ex03_sad_00128,0,0,0,0,0,1
train/0002/ex03_sad_00129,0,0,0,0,0,1
train/0002/ex03_sad_00130,0,0,0,0,0,1
train/0002/ex03_sad_00131,0,0,0,0,0,1
train/0002/ex03_sad_00132,0,0,0,0,0,1
train/0002/ex03_sad_00133,0,0,0,0,0,1
train/0002/ex03_sad_00134,0,0,0,0,0,1
train/0002/ex03_sad_00135,0,0,0,0,0,1
train/0002/ex03_sad_00136,0,0,0,0,0,1
train/0002/ex03_sad_00137,0,0,0,0,0,1
train/0002/ex03_sad_00138,0,0,0,0,0,1
train/0002/ex03_sad_00139,0,0,0,0,0,1
train/0002/ex03_sad_00140,0,0,0,0,0,1
train/0002/ex03_sad_00141,0,0,0,0,0,1
train/0002/ex03_sad_00142,0,0,0,0,0,1
train/0002/ex03_sad_00143,0,0,0,0,0,1
train/0002/ex03_sad_00144,0,0,0,0,0,1
train/0002/ex03_sad_00145,0,0,0,0,0,1
train/0002/ex03_sad_00146,0,0,0,0,0,1
train/0002/ex03_sad_00147,0,0,0,0,0,1
train/0002/ex03_sad_00148,0,0,0,0,0,1
train/0002/ex03_sad_00149,0,0,0,0,0,1
train/0002/ex03_sad_00150,0,0,0,0,0,1
train/0002/ex03_sad_00151,0,0,0,0,0,1
train/0002/ex03_sad_00152,0,0,0,0,0,1
train/0002/ex03_sad_00153,0,0,0,0,0,1
train/0002/ex03_sad_00154,0,0,0,0,0,1
train/0002/ex03_sad_00155,0,0,0,0,0,1
train/0002/ex03_sad_00156,0,0,0,0,0,1
train/0002/ex03_sad_00157,0,0,0,0,0,1
train/0002/ex03_sad_00158,0,0,0,0,0,1
train/0002/ex03_sad_00159,0,0,0,0,0,1
train/0002/ex03_sad_00160,0,0,0,0,0,1
train/0002/ex03_sad_00161,0,0,0,0,0,1
train/0002/ex03_sad_00162,0,0,0,0,0,1
train/0002/ex03_sad_00163,0,0,0,0,0,1
train/0002/ex03_sad_00164,0,0,0,0,0,1
train/0002/ex03_sad_00165,0,0,0,0,0,1
train/0002/ex03_sad_00166,0,0,0,0,0,1
train/0002/ex03_sad_00167,0,0,0,0,0,1
train/0002/ex03_sad_00168,0,0,0,0,0,1
train/0002/ex03_sad_00169,0,0,0,0,0,1
train/0002/ex03_sad_00170,0,0,0,0,0,1
train/0002/ex03_sad_00171,0,0,0,0,0,1
train/0002/ex03_sad_00172,0,0,0,0,0,1
train/0002/ex03_sad_00173,0,0,0,0,0,1
train/0002/ex03_sad_00174,0,0,0,0,0,1
train/0002/ex03_sad_00175,0,0,0,0,0,1
train/0002/ex03_sad_00176,0,0,0,0,0,1
train/0002/ex03_sad_00177,0,0,0,0,0,1
train/0002/ex03_sad_00178,0,0,0,0,0,1
train/0002/ex03_sad_00179,0,0,0,0,0,1
train/0002/ex03_sad_00180,0,0,0,0,0,1
train/0002/ex03_sad_00181,0,0,0,0,0,1
train/0002/ex03_sad_00182,0,0,0,0,0,1
train/0002/ex03_sad_00183,0,0,0,0,0,1
train/0002/ex03_sad_00184,0,0,0,0,0,1
train/0002/ex03_sad_00185,0,0,0,0,0,1
train/0002/ex03_sad_00186,0,0,0,0,0,1
train/0002/ex03_sad_00187,0,0,0,0,0,1
train/0002/ex03_sad_00188,0,0,0,0,0,1
train/0002/ex03_sad_00189,0,0,0,0,0,1
train/0002/ex03_sad_00190,0,0,0,0,0,1
train/0002/ex03_sad_00191,0,0,0,0,0,1
train/0002/ex03_sad_00192,0,0,0,0,0,1
train/0002/ex03_sad_00193,0,0,0,0,0,1
train/0002/ex03_sad_00194,0,0,0,0,0,1
train/0002/ex03_sad_00195,0,0,0,0,0,1
train/0002/ex03_sad_00196,0,0,0,0,0,1
train/0002/ex03_sad_00197,0,0,0,0,0,1
train/0002/ex03_sad_00198,0,0,0,0,0,1
train/0002/ex03_sad_00199,0,0,0,0,0,1
train/0002/ex03_sad_00200,0,0,0,0,0,1
train/0002/ex03_sad_00201,0,0,0,0,0,1
train/0002/ex03_sad_00202,0,0,0,0,0,1
train/0002/ex03_sad_00203,0,0,0,0,0,1
train/0002/ex03_sad_00204,0,0,0,0,0,1
train/0002/ex03_sad_00205,0,0,0,0,0,1
train/0002/ex03_sad_00206,0,0,0,0,0,1
train/0002/ex03_sad_00207,0,0,0,0,0,1
train/0002/ex03_sad_00208,0,0,0,0,0,1
train/0002/ex03_sad_00209,0,0,0,0,0,1
train/0002/ex03_sad_00210,0,0,0,0,0,1
train/0002/ex03_sad_00211,0,0,0,0,0,1
train/0002/ex03_sad_00212,0,0,0,0,0,1
train/0002/ex03_sad_00213,0,0,0,0,0,1
train/0002/ex03_sad_00214,0,0,0,0,0,1
train/0002/ex03_sad_00215,0,0,0,0,0,1
train/0002/ex03_sad_00216,0,0,0,0,0,1
train/0002/ex03_sad_00217,0,0,0,0,0,1
train/0002/ex03_sad_00218,0,0,0,0,0,1
train/0002/ex03_sad_00219,0,0,0,0,0,1
train/0002/ex03_sad_00220,0,0,0,0,0,1
train/0002/ex03_sad_00221,0,0,0,0,0,1
train/0002/ex03_sad_00222,0,0,0,0,0,1
train/0002/ex03_sad_00223,0,0,0,0,0,1
train/0002/ex03_sad_00224,0,0,0,0,0,1
train/0002/ex03_sad_00225,0,0,0,0,0,1
train/0002/ex03_sad_00226,0,0,0,0,0,1
train/0002/ex03_sad_00227,0,0,0,0,0,1
train/0002/ex03_sad_00228,0,0,0,0,0,1
train/0002/ex03_sad_00229,0,0,0,0,0,1
train/0002/ex03_sad_00230,0,0,0,0,0,1
train/0002/ex03_sad_00231,0,0,0,0,0,1
train/0002/ex03_sad_00232,0,0,0,0,0,1
train/0002/ex03_sad_00233,0,0,0,0,0,1
train/0002/ex03_sad_00234,0,0,0,0,0,1
train/0002/ex03_sad_00235,0,0,0,0,0,1
train/0002/ex03_sad_00236,0,0,0,0,0,1
train/0002/ex03_sad_00237,0,0,0,0,0,1
train/0002/ex03_sad_00238,0,0,0,0,0,1
train/0002/ex03_sad_00239,0,0,0,0,0,1
train/0002/ex03_sad_00240,0,0,0,0,0,1
train/0002/ex03_sad_00241,0,0,0,0,0,1
train/0002/ex03_sad_00242,0,0,0,0,0,1
train/0002/ex03_sad_00243,0,0,0,0,0,1
train/0002/ex03_sad_00244,0,0,0,0,0,1
train/0002/ex03_sad_00245,0,0,0,0,0,1
train/0002/ex03_sad_00246,0,0,0,0,0,1
train/0002/ex03_sad_00247,0,0,0,0,0,1
train/0002/ex03_sad_00248,0,0,0,0,0,1
train/0002/ex03_sad_00249,0,0,0,0,0,1
train/0002/ex03_sad_00250,0,0,0,0,0,1
train/0002/ex03_sad_00251,0,0,0,0,0,1
train/0002/ex03_sad_00252,0,0,0,0,0,1
train/0002/ex03_sad_00253,0,0,0,0,0,1
train/0002/ex03_sad_00254,0,0,0,0,0,1
train/0002/ex03_sad_00255,0,0,0,0,0,1
train/0002/ex03_sad_00256,0,0,0,0,0,1
train/0002/ex03_sad_00257,0,0,0,0,0,1
train/0002/ex03_sad_00258,0,0,0,0,0,1
train/0002/ex03_sad_00259,0,0,0,0,0,1
train/0002/ex03_sad_00260,0,0,0,0,0,1
train/0002/ex03_sad_00261,0,0,0,0,0,1
train/0002/ex03_sad_00262,0,0,0,0,0,1
train/0002/ex03_sad_00263,0,0,0,0,0,1
train/0002/ex03_sad_00264,0,0,0,0,0,1
train/0002/ex03_sad_00265,0,0,0,0,0,1
train/0002/ex03_sad_00266,0,0,0,0,0,1
train/0002/ex03_sad_00267,0,0,0,0,0,1
train/0002/ex03_sad_00268,0,0,0,0,0,1
train/0002/ex03_sad_00269,0,0,0,0,0,1
train/0002/ex03_sad_00270,0,0,0,0,0,1
train/0002/ex03_sad_00271,0,0,0,0,0,1
train/0002/ex03_sad_00272,0,0,0,0,0,1
train/0002/ex03_sad_00273,0,0,0,0,0,1
train/0002/ex03_sad_00274,0,0,0,0,0,1
train/0002/ex03_sad_00275,0,0,0,0,0,1
train/0002/ex03_sad_00276,0,0,0,0,0,1
train/0002/ex03_sad_00277,0,0,0,0,0,1
train/0002/ex03_sad_00278,0,0,0,0,0,1
train/0002/ex03_sad_00279,0,0,0,0,0,1
train/0002/ex03_sad_00280,0,0,0,0,0,1
train/0002/ex03_sad_00281,0,0,0,0,0,1
train/0002/ex03_sad_00282,0,0,0,0,0,1
train/0002/ex03_sad_00283,0,0,0,0,0,1
train/0002/ex03_sad_00284,0,0,0,0,0,1
train/0002/ex03_sad_00285,0,0,0,0,0,1
train/0002/ex03_sad_00286,0,0,0,0,0,1
train/0002/ex03_sad_00287,0,0,0,0,0,1
train/0002/ex03_sad_00288,0,0,0,0,0,1
train/0002/ex03_sad_00289,0,0,0,0,0,1
train/0002/ex03_sad_00290,0,0,0,0,0,1
train/0002/ex03_sad_00291,0,0,0,0,0,1
train/0002/ex03_sad_00292,0,0,0,0,0,1
train/0002/ex03_sad_00293,0,0,0,0,0,1
train/0002/ex03_sad_00294,0,0,0,0,0,1
train/0002/ex03_sad_00295,0,0,0,0,0,1
train/0002/ex03_sad_00296,0,0,0,0,0,1
train/0002/ex03_sad_00297,0,0,0,0,0,1
train/0002/ex03_sad_00298,0,0,0,0,0,1
train/0002/ex03_sad_00299,0,0,0,0,0,1
train/0002/ex03_sad_00300,0,0,0,0,0,1
train/0002/ex03_sad_00301,0,0,0,0,0,1
train/0002/ex03_sad_00302,0,0,0,0,0,1
train/0002/ex03_sad_00303,0,0,0,0,0,1
train/0002/ex03_sad_00304,0,0,0,0,0,1
train/0002/ex03_sad_00305,0,0,0,0,0,1
train/0002/ex03_sad_00306,0,0,0,0,0,1
train/0002/ex03_sad_00307,0,0,0,0,0,1
train/0002/ex03_sad_00308,0,0,0,0,0,1
train/0002/ex03_sad_00309,0,0,0,0,0,1
train/0002/ex03_sad_00310,0,0,0,0,0,1
train/0002/ex03_sad_00311,0,0,0,0,0,1
train/0002/ex03_sad_00312,0,0,0,0,0,1
train/0002/ex03_sad_00313,0,0,0,0,0,1
train/0002/ex03_sad_00314,0,0,0,0,0,1
train/0002/ex03_sad_00315,0,0,0,0,0,1
train/0002/ex03_sad_00316,0,0,0,0,0,1
train/0002/ex03_sad_00317,0,0,0,0,0,1
train/0002/ex03_sad_00318,0,0,0,0,0,1
train/0002/ex03_sad_00319,0,0,0,0,0,1
train/0002/ex03_sad_00320,0,0,0,0,0,1
train/0002/ex03_sad_00321,0,0,0,0,0,1
train/0002/ex03_sad_00322,0,0,0,0,0,1
train/0002/ex03_sad_00323,0,0,0,0,0,1
train/0002/ex03_sad_00324,0,0,0,0,0,1
train/0002/ex03_sad_00325,0,0,0,0,0,1
train/0002/ex03_sad_00326,0,0,0,0,0,1
train/0002/ex03_sad_00327,0,0,0,0,0,1
train/0002/ex03_sad_00328,0,0,0,0,0,1
train/0002/ex03_sad_00329,0,0,0,0,0,1
train/0002/ex03_sad_00330,0,0,0,0,0,1
train/0002/ex03_sad_00331,0,0,0,0,0,1
train/0002/ex03_sad_00332,0,0,0,0,0,1
train/0002/ex03_sad_00333,0,0,0,0,0,1
train/0002/ex03_sad_00334,0,0,0,0,0,1
train/0002/ex03_sad_00335,0,0,0,0,0,1
train/0002/ex03_sad_00336,0,0,0,0,0,1
train/0002/ex03_sad_00337,0,0,0,0,0,1
train/0002/ex03_sad_00338,0,0,0,0,0,1
train/0002/ex03_sad_00339,0,0,0,0,0,1
train/0002/ex03_sad_00340,0,0,0,0,0,1
train/0002/ex03_sad_00341,0,0,0,0,0,1
dev/0002/ex03_sad_00342,0,0,0,0,0,1
dev/0002/ex03_sad_00343,0,0,0,0,0,1
dev/0002/ex03_sad_00344,0,0,0,0,0,1
dev/0002/ex03_sad_00345,0,0,0,0,0,1
dev/0002/ex03_sad_00346,0,0,0,0,0,1
dev/0002/ex03_sad_00347,0,0,0,0,0,1
dev/0002/ex03_sad_00348,0,0,0,0,0,1
dev/0002/ex03_sad_00349,0,0,0,0,0,1
dev/0002/ex03_sad_00350,0,0,0,0,0,1
dev/0002/ex03_sad_00351,0,0,0,0,0,1
dev/0002/ex03_sad_00352,0,0,0,0,0,1
dev/0002/ex03_sad_00353,0,0,0,0,0,1
dev/0002/ex03_sad_00354,0,0,0,0,0,1
dev/0002/ex03_sad_00355,0,0,0,0,0,1
dev/0002/ex03_sad_00356,0,0,0,0,0,1
dev/0002/ex03_sad_00357,0,0,0,0,0,1
dev/0002/ex03_sad_00358,0,0,0,0,0,1
dev/0002/ex03_sad_00359,0,0,0,0,0,1
dev/0002/ex03_sad_00360,0,0,0,0,0,1
dev/0002/ex03_sad_00361,0,0,0,0,0,1
dev/0002/ex03_sad_00362,0,0,0,0,0,1
test/0002/ex03_sad_00363,0,0,0,0,0,1
test/0002/ex03_sad_00364,0,0,0,0,0,1
test/0002/ex03_sad_00365,0,0,0,0,0,1
test/0002/ex03_sad_00366,0,0,0,0,0,1
test/0002/ex03_sad_00367,0,0,0,0,0,1
test/0002/ex03_sad_00368,0,0,0,0,0,1
test/0002/ex03_sad_00369,0,0,0,0,0,1
test/0002/ex03_sad_00370,0,0,0,0,0,1
test/0002/ex03_sad_00371,0,0,0,0,0,1
test/0002/ex03_sad_00372,0,0,0,0,0,1
test/0002/ex03_sad_00373,0,0,0,0,0,1
test/0002/ex03_sad_00374,0,0,0,0,0,1
test/0002/ex03_sad_00375,0,0,0,0,0,1
test/0002/ex03_sad_00376,0,0,0,0,0,1
test/0002/ex03_sad_00377,0,0,0,0,0,1
test/0002/ex03_sad_00378,0,0,0,0,0,1
test/0002/ex03_sad_00379,0,0,0,0,0,1
test/0002/ex03_sad_00380,0,0,0,0,0,1
train/0003/ex04_confused_00001,1,0,0,0,0,0
train/0003/ex04_confused_00002,1,0,0,0,0,0
train/0003/ex04_confused_00003,1,0,0,0,0,0
train/0003/ex04_confused_00004,1,0,0,0,0,0
train/0003/ex04_confused_00005,1,0,0,0,0,0
train/0003/ex04_confused_00006,1,0,0,0,0,0
train/0003/ex04_confused_00007,1,0,0,0,0,0
train/0003/ex04_confused_00008,1,0,0,0,0,0
train/0003/ex04_confused_00009,1,0,0,0,0,0
train/0003/ex04_confused_00010,1,0,0,0,0,0
train/0003/ex04_confused_00011,1,0,0,0,0,0
train/0003/ex04_confused_00012,1,0,0,0,0,0
train/0003/ex04_confused_00013,1,0,0,0,0,0
train/0003/ex04_confused_00014,1,0,0,0,0,0
train/0003/ex04_confused_00015,1,0,0,0,0,0
train/0003/ex04_confused_00016,1,0,0,0,0,0
train/0003/ex04_confused_00017,1,0,0,0,0,0
train/0003/ex04_confused_00018,1,0,0,0,0,0
train/0003/ex04_confused_00019,1,0,0,0,0,0
train/0003/ex04_confused_00020,1,0,0,0,0,0
train/0003/ex04_confused_00021,1,0,0,0,0,0
train/0003/ex04_confused_00022,1,0,0,0,0,0
train/0003/ex04_confused_00023,1,0,0,0,0,0
train/0003/ex04_confused_00024,1,0,0,0,0,0
train/0003/ex04_confused_00025,1,0,0,0,0,0
train/0003/ex04_confused_00026,1,0,0,0,0,0
train/0003/ex04_confused_00027,1,0,0,0,0,0
train/0003/ex04_confused_00028,1,0,0,0,0,0
train/0003/ex04_confused_00029,1,0,0,0,0,0
train/0003/ex04_confused_00030,1,0,0,0,0,0
train/0003/ex04_confused_00031,1,0,0,0,0,0
train/0003/ex04_confused_00032,1,0,0,0,0,0
train/0003/ex04_confused_00033,1,0,0,0,0,0
train/0003/ex04_confused_00034,1,0,0,0,0,0
train/0003/ex04_confused_00035,1,0,0,0,0,0
train/0003/ex04_confused_00036,1,0,0,0,0,0
train/0003/ex04_confused_00037,1,0,0,0,0,0
train/0003/ex04_confused_00038,1,0,0,0,0,0
train/0003/ex04_confused_00039,1,0,0,0,0,0
train/0003/ex04_confused_00040,1,0,0,0,0,0
train/0003/ex04_confused_00041,1,0,0,0,0,0
train/0003/ex04_confused_00042,1,0,0,0,0,0
train/0003/ex04_confused_00043,1,0,0,0,0,0
train/0003/ex04_confused_00044,1,0,0,0,0,0
train/0003/ex04_confused_00045,1,0,0,0,0,0
train/0003/ex04_confused_00046,1,0,0,0,0,0
train/0003/ex04_confused_00047,1,0,0,0,0,0
train/0003/ex04_confused_00048,1,0,0,0,0,0
train/0003/ex04_confused_00049,1,0,0,0,0,0
train/0003/ex04_confused_00050,1,0,0,0,0,0
train/0003/ex04_confused_00051,1,0,0,0,0,0
train/0003/ex04_confused_00052,1,0,0,0,0,0
train/0003/ex04_confused_00053,1,0,0,0,0,0
train/0003/ex04_confused_00054,1,0,0,0,0,0
train/0003/ex04_confused_00055,1,0,0,0,0,0
train/0003/ex04_confused_00056,1,0,0,0,0,0
train/0003/ex04_confused_00057,1,0,0,0,0,0
train/0003/ex04_confused_00058,1,0,0,0,0,0
train/0003/ex04_confused_00059,1,0,0,0,0,0
train/0003/ex04_confused_00060,1,0,0,0,0,0
train/0003/ex04_confused_00061,1,0,0,0,0,0
train/0003/ex04_confused_00062,1,0,0,0,0,0
train/0003/ex04_confused_00063,1,0,0,0,0,0
train/0003/ex04_confused_00064,1,0,0,0,0,0
train/0003/ex04_confused_00065,1,0,0,0,0,0
train/0003/ex04_confused_00066,1,0,0,0,0,0
train/0003/ex04_confused_00067,1,0,0,0,0,0
train/0003/ex04_confused_00068,1,0,0,0,0,0
train/0003/ex04_confused_00069,1,0,0,0,0,0
train/0003/ex04_confused_00070,1,0,0,0,0,0
train/0003/ex04_confused_00071,1,0,0,0,0,0
train/0003/ex04_confused_00072,1,0,0,0,0,0
train/0003/ex04_confused_00073,1,0,0,0,0,0
train/0003/ex04_confused_00074,1,0,0,0,0,0
train/0003/ex04_confused_00075,1,0,0,0,0,0
train/0003/ex04_confused_00076,1,0,0,0,0,0
train/0003/ex04_confused_00077,1,0,0,0,0,0
train/0003/ex04_confused_00078,1,0,0,0,0,0
train/0003/ex04_confused_00079,1,0,0,0,0,0
train/0003/ex04_confused_00080,1,0,0,0,0,0
train/0003/ex04_confused_00081,1,0,0,0,0,0
train/0003/ex04_confused_00082,1,0,0,0,0,0
train/0003/ex04_confused_00083,1,0,0,0,0,0
train/0003/ex04_confused_00084,1,0,0,0,0,0
train/0003/ex04_confused_00085,1,0,0,0,0,0
train/0003/ex04_confused_00086,1,0,0,0,0,0
train/0003/ex04_confused_00087,1,0,0,0,0,0
train/0003/ex04_confused_00088,1,0,0,0,0,0
train/0003/ex04_confused_00089,1,0,0,0,0,0
train/0003/ex04_confused_00090,1,0,0,0,0,0
train/0003/ex04_confused_00091,1,0,0,0,0,0
train/0003/ex04_confused_00092,1,0,0,0,0,0
train/0003/ex04_confused_00093,1,0,0,0,0,0
train/0003/ex04_confused_00094,1,0,0,0,0,0
train/0003/ex04_confused_00095,1,0,0,0,0,0
train/0003/ex04_confused_00096,1,0,0,0,0,0
train/0003/ex04_confused_00097,1,0,0,0,0,0
train/0003/ex04_confused_00098,1,0,0,0,0,0
train/0003/ex04_confused_00099,1,0,0,0,0,0
train/0003/ex04_confused_00100,1,0,0,0,0,0
train/0003/ex04_confused_00101,1,0,0,0,0,0
train/0003/ex04_confused_00102,1,0,0,0,0,0
train/0003/ex04_confused_00103,1,0,0,0,0,0
train/0003/ex04_confused_00104,1,0,0,0,0,0
train/0003/ex04_confused_00105,1,0,0,0,0,0
train/0003/ex04_confused_00106,1,0,0,0,0,0
train/0003/ex04_confused_00107,1,0,0,0,0,0
train/0003/ex04_confused_00108,1,0,0,0,0,0
train/0003/ex04_confused_00109,1,0,0,0,0,0
train/0003/ex04_confused_00110,1,0,0,0,0,0
train/0003/ex04_confused_00111,1,0,0,0,0,0
train/0003/ex04_confused_00112,1,0,0,0,0,0
train/0003/ex04_confused_00113,1,0,0,0,0,0
train/0003/ex04_confused_00114,1,0,0,0,0,0
train/0003/ex04_confused_00115,1,0,0,0,0,0
train/0003/ex04_confused_00116,1,0,0,0,0,0
train/0003/ex04_confused_00117,1,0,0,0,0,0
train/0003/ex04_confused_00118,1,0,0,0,0,0
train/0003/ex04_confused_00119,1,0,0,0,0,0
train/0003/ex04_confused_00120,1,0,0,0,0,0
train/0003/ex04_confused_00121,1,0,0,0,0,0
train/0003/ex04_confused_00122,1,0,0,0,0,0
train/0003/ex04_confused_00123,1,0,0,0,0,0
train/0003/ex04_confused_00124,1,0,0,0,0,0
train/0003/ex04_confused_00125,1,0,0,0,0,0
train/0003/ex04_confused_00126,1,0,0,0,0,0
train/0003/ex04_confused_00127,1,0,0,0,0,0
train/0003/ex04_confused_00128,1,0,0,0,0,0
train/0003/ex04_confused_00129,1,0,0,0,0,0
train/0003/ex04_confused_00130,1,0,0,0,0,0
train/0003/ex04_confused_00131,1,0,0,0,0,0
train/0003/ex04_confused_00132,1,0,0,0,0,0
train/0003/ex04_confused_00133,1,0,0,0,0,0
train/0003/ex04_confused_00134,1,0,0,0,0,0
train/0003/ex04_confused_00135,1,0,0,0,0,0
train/0003/ex04_confused_00136,1,0,0,0,0,0
train/0003/ex04_confused_00137,1,0,0,0,0,0
train/0003/ex04_confused_00138,1,0,0,0,0,0
train/0003/ex04_confused_00139,1,0,0,0,0,0
train/0003/ex04_confused_00140,1,0,0,0,0,0
train/0003/ex04_confused_00141,1,0,0,0,0,0
train/0003/ex04_confused_00142,1,0,0,0,0,0
train/0003/ex04_confused_00143,1,0,0,0,0,0
train/0003/ex04_confused_00144,1,0,0,0,0,0
train/0003/ex04_confused_00145,1,0,0,0,0,0
train/0003/ex04_confused_00146,1,0,0,0,0,0
train/0003/ex04_confused_00147,1,0,0,0,0,0
train/0003/ex04_confused_00148,1,0,0,0,0,0
train/0003/ex04_confused_00149,1,0,0,0,0,0
train/0003/ex04_confused_00150,1,0,0,0,0,0
train/0003/ex04_confused_00151,1,0,0,0,0,0
train/0003/ex04_confused_00152,1,0,0,0,0,0
train/0003/ex04_confused_00153,1,0,0,0,0,0
train/0003/ex04_confused_00154,1,0,0,0,0,0
train/0003/ex04_confused_00155,1,0,0,0,0,0
train/0003/ex04_confused_00156,1,0,0,0,0,0
train/0003/ex04_confused_00157,1,0,0,0,0,0
train/0003/ex04_confused_00158,1,0,0,0,0,0
train/0003/ex04_confused_00159,1,0,0,0,0,0
train/0003/ex04_confused_00160,1,0,0,0,0,0
train/0003/ex04_confused_00161,1,0,0,0,0,0
train/0003/ex04_confused_00162,1,0,0,0,0,0
train/0003/ex04_confused_00163,1,0,0,0,0,0
train/0003/ex04_confused_00164,1,0,0,0,0,0
train/0003/ex04_confused_00165,1,0,0,0,0,0
train/0003/ex04_confused_00166,1,0,0,0,0,0
train/0003/ex04_confused_00167,1,0,0,0,0,0
train/0003/ex04_confused_00168,1,0,0,0,0,0
train/0003/ex04_confused_00169,1,0,0,0,0,0
train/0003/ex04_confused_00170,1,0,0,0,0,0
train/0003/ex04_confused_00171,1,0,0,0,0,0
train/0003/ex04_confused_00172,1,0,0,0,0,0
train/0003/ex04_confused_00173,1,0,0,0,0,0
train/0003/ex04_confused_00174,1,0,0,0,0,0
train/0003/ex04_confused_00175,1,0,0,0,0,0
train/0003/ex04_confused_00176,1,0,0,0,0,0
train/0003/ex04_confused_00177,1,0,0,0,0,0
train/0003/ex04_confused_00178,1,0,0,0,0,0
train/0003/ex04_confused_00179,1,0,0,0,0,0
train/0003/ex04_confused_00180,1,0,0,0,0,0
train/0003/ex04_confused_00181,1,0,0,0,0,0
train/0003/ex04_confused_00182,1,0,0,0,0,0
train/0003/ex04_confused_00183,1,0,0,0,0,0
train/0003/ex04_confused_00184,1,0,0,0,0,0
train/0003/ex04_confused_00185,1,0,0,0,0,0
train/0003/ex04_confused_00186,1,0,0,0,0,0
train/0003/ex04_confused_00187,1,0,0,0,0,0
train/0003/ex04_confused_00188,1,0,0,0,0,0
train/0003/ex04_confused_00189,1,0,0,0,0,0
train/0003/ex04_confused_00190,1,0,0,0,0,0
train/0003/ex04_confused_00191,1,0,0,0,0,0
train/0003/ex04_confused_00192,1,0,0,0,0,0
train/0003/ex04_confused_00193,1,0,0,0,0,0
train/0003/ex04_confused_00194,1,0,0,0,0,0
train/0003/ex04_confused_00195,1,0,0,0,0,0
train/0003/ex04_confused_00196,1,0,0,0,0,0
train/0003/ex04_confused_00197,1,0,0,0,0,0
train/0003/ex04_confused_00198,1,0,0,0,0,0
train/0003/ex04_confused_00199,1,0,0,0,0,0
train/0003/ex04_confused_00200,1,0,0,0,0,0
train/0003/ex04_confused_00201,1,0,0,0,0,0
train/0003/ex04_confused_00202,1,0,0,0,0,0
train/0003/ex04_confused_00203,1,0,0,0,0,0
train/0003/ex04_confused_00204,1,0,0,0,0,0
train/0003/ex04_confused_00205,1,0,0,0,0,0
train/0003/ex04_confused_00206,1,0,0,0,0,0
train/0003/ex04_confused_00207,1,0,0,0,0,0
train/0003/ex04_confused_00208,1,0,0,0,0,0
train/0003/ex04_confused_00209,1,0,0,0,0,0
train/0003/ex04_confused_00210,1,0,0,0,0,0
train/0003/ex04_confused_00211,1,0,0,0,0,0
train/0003/ex04_confused_00212,1,0,0,0,0,0
train/0003/ex04_confused_00213,1,0,0,0,0,0
train/0003/ex04_confused_00214,1,0,0,0,0,0
train/0003/ex04_confused_00215,1,0,0,0,0,0
train/0003/ex04_confused_00216,1,0,0,0,0,0
train/0003/ex04_confused_00217,1,0,0,0,0,0
train/0003/ex04_confused_00218,1,0,0,0,0,0
train/0003/ex04_confused_00219,1,0,0,0,0,0
train/0003/ex04_confused_00220,1,0,0,0,0,0
train/0003/ex04_confused_00221,1,0,0,0,0,0
train/0003/ex04_confused_00222,1,0,0,0,0,0
train/0003/ex04_confused_00223,1,0,0,0,0,0
train/0003/ex04_confused_00224,1,0,0,0,0,0
train/0003/ex04_confused_00225,1,0,0,0,0,0
train/0003/ex04_confused_00226,1,0,0,0,0,0
train/0003/ex04_confused_00227,1,0,0,0,0,0
train/0003/ex04_confused_00228,1,0,0,0,0,0
train/0003/ex04_confused_00229,1,0,0,0,0,0
train/0003/ex04_confused_00230,1,0,0,0,0,0
train/0003/ex04_confused_00231,1,0,0,0,0,0
train/0003/ex04_confused_00232,1,0,0,0,0,0
train/0003/ex04_confused_00233,1,0,0,0,0,0
train/0003/ex04_confused_00234,1,0,0,0,0,0
train/0003/ex04_confused_00235,1,0,0,0,0,0
train/0003/ex04_confused_00236,1,0,0,0,0,0
train/0003/ex04_confused_00237,1,0,0,0,0,0
train/0003/ex04_confused_00238,1,0,0,0,0,0
train/0003/ex04_confused_00239,1,0,0,0,0,0
train/0003/ex04_confused_00240,1,0,0,0,0,0
train/0003/ex04_confused_00241,1,0,0,0,0,0
train/0003/ex04_confused_00242,1,0,0,0,0,0
train/0003/ex04_confused_00243,1,0,0,0,0,0
train/0003/ex04_confused_00244,1,0,0,0,0,0
train/0003/ex04_confused_00245,1,0,0,0,0,0
train/0003/ex04_confused_00246,1,0,0,0,0,0
train/0003/ex04_confused_00247,1,0,0,0,0,0
train/0003/ex04_confused_00248,1,0,0,0,0,0
train/0003/ex04_confused_00249,1,0,0,0,0,0
train/0003/ex04_confused_00250,1,0,0,0,0,0
train/0003/ex04_confused_00251,1,0,0,0,0,0
train/0003/ex04_confused_00252,1,0,0,0,0,0
train/0003/ex04_confused_00253,1,0,0,0,0,0
train/0003/ex04_confused_00254,1,0,0,0,0,0
train/0003/ex04_confused_00255,1,0,0,0,0,0
train/0003/ex04_confused_00256,1,0,0,0,0,0
train/0003/ex04_confused_00257,1,0,0,0,0,0
train/0003/ex04_confused_00258,1,0,0,0,0,0
train/0003/ex04_confused_00259,1,0,0,0,0,0
train/0003/ex04_confused_00260,1,0,0,0,0,0
train/0003/ex04_confused_00261,1,0,0,0,0,0
train/0003/ex04_confused_00262,1,0,0,0,0,0
train/0003/ex04_confused_00263,1,0,0,0,0,0
train/0003/ex04_confused_00264,1,0,0,0,0,0
train/0003/ex04_confused_00265,1,0,0,0,0,0
train/0003/ex04_confused_00266,1,0,0,0,0,0
train/0003/ex04_confused_00267,1,0,0,0,0,0
train/0003/ex04_confused_00268,1,0,0,0,0,0
train/0003/ex04_confused_00269,1,0,0,0,0,0
train/0003/ex04_confused_00270,1,0,0,0,0,0
train/0003/ex04_confused_00271,1,0,0,0,0,0
train/0003/ex04_confused_00272,1,0,0,0,0,0
train/0003/ex04_confused_00273,1,0,0,0,0,0
train/0003/ex04_confused_00274,1,0,0,0,0,0
train/0003/ex04_confused_00275,1,0,0,0,0,0
train/0003/ex04_confused_00276,1,0,0,0,0,0
train/0003/ex04_confused_00277,1,0,0,0,0,0
train/0003/ex04_confused_00278,1,0,0,0,0,0
train/0003/ex04_confused_00279,1,0,0,0,0,0
train/0003/ex04_confused_00280,1,0,0,0,0,0
train/0003/ex04_confused_00281,1,0,0,0,0,0
train/0003/ex04_confused_00282,1,0,0,0,0,0
train/0003/ex04_confused_00283,1,0,0,0,0,0
train/0003/ex04_confused_00284,1,0,0,0,0,0
train/0003/ex04_confused_00285,1,0,0,0,0,0
train/0003/ex04_confused_00286,1,0,0,0,0,0
train/0003/ex04_confused_00287,1,0,0,0,0,0
train/0003/ex04_confused_00288,1,0,0,0,0,0
train/0003/ex04_confused_00289,1,0,0,0,0,0
train/0003/ex04_confused_00290,1,0,0,0,0,0
train/0003/ex04_confused_00291,1,0,0,0,0,0
train/0003/ex04_confused_00292,1,0,0,0,0,0
train/0003/ex04_confused_00293,1,0,0,0,0,0
train/0003/ex04_confused_00294,1,0,0,0,0,0
train/0003/ex04_confused_00295,1,0,0,0,0,0
train/0003/ex04_confused_00296,1,0,0,0,0,0
train/0003/ex04_confused_00297,1,0,0,0,0,0
train/0003/ex04_confused_00298,1,0,0,0,0,0
train/0003/ex04_confused_00299,1,0,0,0,0,0
train/0003/ex04_confused_00300,1,0,0,0,0,0
train/0003/ex04_confused_00301,1,0,0,0,0,0
train/0003/ex04_confused_00302,1,0,0,0,0,0
train/0003/ex04_confused_00303,1,0,0,0,0,0
train/0003/ex04_confused_00304,1,0,0,0,0,0
train/0003/ex04_confused_00305,1,0,0,0,0,0
train/0003/ex04_confused_00306,1,0,0,0,0,0
train/0003/ex04_confused_00307,1,0,0,0,0,0
train/0003/ex04_confused_00308,1,0,0,0,0,0
train/0003/ex04_confused_00309,1,0,0,0,0,0
train/0003/ex04_confused_00310,1,0,0,0,0,0
train/0003/ex04_confused_00311,1,0,0,0,0,0
train/0003/ex04_confused_00312,1,0,0,0,0,0
train/0003/ex04_confused_00313,1,0,0,0,0,0
train/0003/ex04_confused_00314,1,0,0,0,0,0
train/0003/ex04_confused_00315,1,0,0,0,0,0
train/0003/ex04_confused_00316,1,0,0,0,0,0
train/0003/ex04_confused_00317,1,0,0,0,0,0
train/0003/ex04_confused_00318,1,0,0,0,0,0
train/0003/ex04_confused_00319,1,0,0,0,0,0
train/0003/ex04_confused_00320,1,0,0,0,0,0
train/0003/ex04_confused_00321,1,0,0,0,0,0
train/0003/ex04_confused_00322,1,0,0,0,0,0
train/0003/ex04_confused_00323,1,0,0,0,0,0
train/0003/ex04_confused_00324,1,0,0,0,0,0
train/0003/ex04_confused_00325,1,0,0,0,0,0
train/0003/ex04_confused_00326,1,0,0,0,0,0
train/0003/ex04_confused_00327,1,0,0,0,0,0
train/0003/ex04_confused_00328,1,0,0,0,0,0
train/0003/ex04_confused_00329,1,0,0,0,0,0
train/0003/ex04_confused_00330,1,0,0,0,0,0
train/0003/ex04_confused_00331,1,0,0,0,0,0
train/0003/ex04_confused_00332,1,0,0,0,0,0
train/0003/ex04_confused_00333,1,0,0,0,0,0
train/0003/ex04_confused_00334,1,0,0,0,0,0
train/0003/ex04_confused_00335,1,0,0,0,0,0
train/0003/ex04_confused_00336,1,0,0,0,0,0
train/0003/ex04_confused_00337,1,0,0,0,0,0
train/0003/ex04_confused_00338,1,0,0,0,0,0
train/0003/ex04_confused_00339,1,0,0,0,0,0
train/0003/ex04_confused_00340,1,0,0,0,0,0
train/0003/ex04_confused_00341,1,0,0,0,0,0
train/0003/ex04_confused_00342,1,0,0,0,0,0
train/0003/ex04_confused_00343,1,0,0,0,0,0
train/0003/ex04_confused_00344,1,0,0,0,0,0
train/0003/ex04_confused_00345,1,0,0,0,0,0
train/0003/ex04_confused_00346,1,0,0,0,0,0
train/0003/ex04_confused_00347,1,0,0,0,0,0
train/0003/ex04_confused_00348,1,0,0,0,0,0
train/0003/ex04_confused_00349,1,0,0,0,0,0
train/0003/ex04_confused_00350,1,0,0,0,0,0
dev/0003/ex04_confused_00351,1,0,0,0,0,0
dev/0003/ex04_confused_00352,1,0,0,0,0,0
dev/0003/ex04_confused_00353,1,0,0,0,0,0
dev/0003/ex04_confused_00354,1,0,0,0,0,0
dev/0003/ex04_confused_00355,1,0,0,0,0,0
dev/0003/ex04_confused_00356,1,0,0,0,0,0
dev/0003/ex04_confused_00357,1,0,0,0,0,0
dev/0003/ex04_confused_00358,1,0,0,0,0,0
dev/0003/ex04_confused_00359,1,0,0,0,0,0
dev/0003/ex04_confused_00360,1,0,0,0,0,0
dev/0003/ex04_confused_00361,1,0,0,0,0,0
dev/0003/ex04_confused_00362,1,0,0,0,0,0
dev/0003/ex04_confused_00363,1,0,0,0,0,0
dev/0003/ex04_confused_00364,1,0,0,0,0,0
dev/0003/ex04_confused_00365,1,0,0,0,0,0
dev/0003/ex04_confused_00366,1,0,0,0,0,0
test/0003/ex04_confused_00367,1,0,0,0,0,0
test/0003/ex04_confused_00368,1,0,0,0,0,0
test/0003/ex04_confused_00369,1,0,0,0,0,0
test/0003/ex04_confused_00370,1,0,0,0,0,0
test/0003/ex04_confused_00371,1,0,0,0,0,0
test/0003/ex04_confused_00372,1,0,0,0,0,0
test/0003/ex04_confused_00373,1,0,0,0,0,0
test/0003/ex04_confused_00374,1,0,0,0,0,0
test/0003/ex04_confused_00375,1,0,0,0,0,0
test/0003/ex04_confused_00376,1,0,0,0,0,0
test/0003/ex04_confused_00377,1,0,0,0,0,0
test/0003/ex04_confused_00378,1,0,0,0,0,0
test/0003/ex04_confused_00379,1,0,0,0,0,0
test/0003/ex04_confused_00380,1,0,0,0,0,0
train/0003/ex04_default_00001,0,1,0,0,0,0
train/0003/ex04_default_00002,0,1,0,0,0,0
train/0003/ex04_default_00003,0,1,0,0,0,0
train/0003/ex04_default_00004,0,1,0,0,0,0
train/0003/ex04_default_00005,0,1,0,0,0,0
train/0003/ex04_default_00006,0,1,0,0,0,0
train/0003/ex04_default_00007,0,1,0,0,0,0
train/0003/ex04_default_00008,0,1,0,0,0,0
train/0003/ex04_default_00009,0,1,0,0,0,0
train/0003/ex04_default_00010,0,1,0,0,0,0
train/0003/ex04_default_00011,0,1,0,0,0,0
train/0003/ex04_default_00012,0,1,0,0,0,0
train/0003/ex04_default_00013,0,1,0,0,0,0
train/0003/ex04_default_00014,0,1,0,0,0,0
train/0003/ex04_default_00015,0,1,0,0,0,0
train/0003/ex04_default_00016,0,1,0,0,0,0
train/0003/ex04_default_00017,0,1,0,0,0,0
train/0003/ex04_default_00018,0,1,0,0,0,0
train/0003/ex04_default_00019,0,1,0,0,0,0
train/0003/ex04_default_00020,0,1,0,0,0,0
train/0003/ex04_default_00021,0,1,0,0,0,0
train/0003/ex04_default_00022,0,1,0,0,0,0
train/0003/ex04_default_00023,0,1,0,0,0,0
train/0003/ex04_default_00024,0,1,0,0,0,0
train/0003/ex04_default_00025,0,1,0,0,0,0
train/0003/ex04_default_00026,0,1,0,0,0,0
train/0003/ex04_default_00027,0,1,0,0,0,0
train/0003/ex04_default_00028,0,1,0,0,0,0
train/0003/ex04_default_00029,0,1,0,0,0,0
train/0003/ex04_default_00030,0,1,0,0,0,0
train/0003/ex04_default_00031,0,1,0,0,0,0
train/0003/ex04_default_00032,0,1,0,0,0,0
train/0003/ex04_default_00033,0,1,0,0,0,0
train/0003/ex04_default_00034,0,1,0,0,0,0
train/0003/ex04_default_00035,0,1,0,0,0,0
train/0003/ex04_default_00036,0,1,0,0,0,0
train/0003/ex04_default_00037,0,1,0,0,0,0
train/0003/ex04_default_00038,0,1,0,0,0,0
train/0003/ex04_default_00039,0,1,0,0,0,0
train/0003/ex04_default_00040,0,1,0,0,0,0
train/0003/ex04_default_00041,0,1,0,0,0,0
train/0003/ex04_default_00042,0,1,0,0,0,0
train/0003/ex04_default_00043,0,1,0,0,0,0
train/0003/ex04_default_00044,0,1,0,0,0,0
train/0003/ex04_default_00045,0,1,0,0,0,0
train/0003/ex04_default_00046,0,1,0,0,0,0
train/0003/ex04_default_00047,0,1,0,0,0,0
train/0003/ex04_default_00048,0,1,0,0,0,0
train/0003/ex04_default_00049,0,1,0,0,0,0
train/0003/ex04_default_00050,0,1,0,0,0,0
train/0003/ex04_default_00051,0,1,0,0,0,0
train/0003/ex04_default_00052,0,1,0,0,0,0
train/0003/ex04_default_00053,0,1,0,0,0,0
train/0003/ex04_default_00054,0,1,0,0,0,0
train/0003/ex04_default_00055,0,1,0,0,0,0
train/0003/ex04_default_00056,0,1,0,0,0,0
train/0003/ex04_default_00057,0,1,0,0,0,0
train/0003/ex04_default_00058,0,1,0,0,0,0
train/0003/ex04_default_00059,0,1,0,0,0,0
train/0003/ex04_default_00060,0,1,0,0,0,0
train/0003/ex04_default_00061,0,1,0,0,0,0
train/0003/ex04_default_00062,0,1,0,0,0,0
train/0003/ex04_default_00063,0,1,0,0,0,0
train/0003/ex04_default_00064,0,1,0,0,0,0
train/0003/ex04_default_00065,0,1,0,0,0,0
train/0003/ex04_default_00066,0,1,0,0,0,0
train/0003/ex04_default_00067,0,1,0,0,0,0
train/0003/ex04_default_00068,0,1,0,0,0,0
train/0003/ex04_default_00069,0,1,0,0,0,0
train/0003/ex04_default_00070,0,1,0,0,0,0
train/0003/ex04_default_00071,0,1,0,0,0,0
train/0003/ex04_default_00072,0,1,0,0,0,0
train/0003/ex04_default_00073,0,1,0,0,0,0
train/0003/ex04_default_00074,0,1,0,0,0,0
train/0003/ex04_default_00075,0,1,0,0,0,0
train/0003/ex04_default_00076,0,1,0,0,0,0
train/0003/ex04_default_00077,0,1,0,0,0,0
train/0003/ex04_default_00078,0,1,0,0,0,0
train/0003/ex04_default_00079,0,1,0,0,0,0
train/0003/ex04_default_00080,0,1,0,0,0,0
train/0003/ex04_default_00081,0,1,0,0,0,0
train/0003/ex04_default_00082,0,1,0,0,0,0
train/0003/ex04_default_00083,0,1,0,0,0,0
train/0003/ex04_default_00084,0,1,0,0,0,0
train/0003/ex04_default_00085,0,1,0,0,0,0
train/0003/ex04_default_00086,0,1,0,0,0,0
train/0003/ex04_default_00087,0,1,0,0,0,0
train/0003/ex04_default_00088,0,1,0,0,0,0
train/0003/ex04_default_00089,0,1,0,0,0,0
train/0003/ex04_default_00090,0,1,0,0,0,0
train/0003/ex04_default_00091,0,1,0,0,0,0
train/0003/ex04_default_00092,0,1,0,0,0,0
train/0003/ex04_default_00093,0,1,0,0,0,0
train/0003/ex04_default_00094,0,1,0,0,0,0
train/0003/ex04_default_00095,0,1,0,0,0,0
train/0003/ex04_default_00096,0,1,0,0,0,0
train/0003/ex04_default_00097,0,1,0,0,0,0
train/0003/ex04_default_00098,0,1,0,0,0,0
train/0003/ex04_default_00099,0,1,0,0,0,0
train/0003/ex04_default_00100,0,1,0,0,0,0
train/0003/ex04_default_00101,0,1,0,0,0,0
train/0003/ex04_default_00102,0,1,0,0,0,0
train/0003/ex04_default_00103,0,1,0,0,0,0
train/0003/ex04_default_00104,0,1,0,0,0,0
train/0003/ex04_default_00105,0,1,0,0,0,0
train/0003/ex04_default_00106,0,1,0,0,0,0
train/0003/ex04_default_00107,0,1,0,0,0,0
train/0003/ex04_default_00108,0,1,0,0,0,0
train/0003/ex04_default_00109,0,1,0,0,0,0
train/0003/ex04_default_00110,0,1,0,0,0,0
train/0003/ex04_default_00111,0,1,0,0,0,0
train/0003/ex04_default_00112,0,1,0,0,0,0
train/0003/ex04_default_00113,0,1,0,0,0,0
train/0003/ex04_default_00114,0,1,0,0,0,0
train/0003/ex04_default_00115,0,1,0,0,0,0
train/0003/ex04_default_00116,0,1,0,0,0,0
train/0003/ex04_default_00117,0,1,0,0,0,0
train/0003/ex04_default_00118,0,1,0,0,0,0
train/0003/ex04_default_00119,0,1,0,0,0,0
train/0003/ex04_default_00120,0,1,0,0,0,0
train/0003/ex04_default_00121,0,1,0,0,0,0
train/0003/ex04_default_00122,0,1,0,0,0,0
train/0003/ex04_default_00123,0,1,0,0,0,0
train/0003/ex04_default_00124,0,1,0,0,0,0
train/0003/ex04_default_00125,0,1,0,0,0,0
train/0003/ex04_default_00126,0,1,0,0,0,0
train/0003/ex04_default_00127,0,1,0,0,0,0
train/0003/ex04_default_00128,0,1,0,0,0,0
train/0003/ex04_default_00129,0,1,0,0,0,0
train/0003/ex04_default_00130,0,1,0,0,0,0
train/0003/ex04_default_00131,0,1,0,0,0,0
train/0003/ex04_default_00132,0,1,0,0,0,0
train/0003/ex04_default_00133,0,1,0,0,0,0
train/0003/ex04_default_00134,0,1,0,0,0,0
train/0003/ex04_default_00135,0,1,0,0,0,0
train/0003/ex04_default_00136,0,1,0,0,0,0
train/0003/ex04_default_00137,0,1,0,0,0,0
train/0003/ex04_default_00138,0,1,0,0,0,0
train/0003/ex04_default_00139,0,1,0,0,0,0
train/0003/ex04_default_00140,0,1,0,0,0,0
train/0003/ex04_default_00141,0,1,0,0,0,0
train/0003/ex04_default_00142,0,1,0,0,0,0
train/0003/ex04_default_00143,0,1,0,0,0,0
train/0003/ex04_default_00144,0,1,0,0,0,0
train/0003/ex04_default_00145,0,1,0,0,0,0
train/0003/ex04_default_00146,0,1,0,0,0,0
train/0003/ex04_default_00147,0,1,0,0,0,0
train/0003/ex04_default_00148,0,1,0,0,0,0
train/0003/ex04_default_00149,0,1,0,0,0,0
train/0003/ex04_default_00150,0,1,0,0,0,0
train/0003/ex04_default_00151,0,1,0,0,0,0
train/0003/ex04_default_00152,0,1,0,0,0,0
train/0003/ex04_default_00153,0,1,0,0,0,0
train/0003/ex04_default_00154,0,1,0,0,0,0
train/0003/ex04_default_00155,0,1,0,0,0,0
train/0003/ex04_default_00156,0,1,0,0,0,0
train/0003/ex04_default_00157,0,1,0,0,0,0
train/0003/ex04_default_00158,0,1,0,0,0,0
train/0003/ex04_default_00159,0,1,0,0,0,0
train/0003/ex04_default_00160,0,1,0,0,0,0
train/0003/ex04_default_00161,0,1,0,0,0,0
train/0003/ex04_default_00162,0,1,0,0,0,0
train/0003/ex04_default_00163,0,1,0,0,0,0
train/0003/ex04_default_00164,0,1,0,0,0,0
train/0003/ex04_default_00165,0,1,0,0,0,0
train/0003/ex04_default_00166,0,1,0,0,0,0
train/0003/ex04_default_00167,0,1,0,0,0,0
train/0003/ex04_default_00168,0,1,0,0,0,0
train/0003/ex04_default_00169,0,1,0,0,0,0
train/0003/ex04_default_00170,0,1,0,0,0,0
train/0003/ex04_default_00171,0,1,0,0,0,0
train/0003/ex04_default_00172,0,1,0,0,0,0
train/0003/ex04_default_00173,0,1,0,0,0,0
train/0003/ex04_default_00174,0,1,0,0,0,0
train/0003/ex04_default_00175,0,1,0,0,0,0
train/0003/ex04_default_00176,0,1,0,0,0,0
train/0003/ex04_default_00177,0,1,0,0,0,0
train/0003/ex04_default_00178,0,1,0,0,0,0
train/0003/ex04_default_00179,0,1,0,0,0,0
train/0003/ex04_default_00180,0,1,0,0,0,0
train/0003/ex04_default_00181,0,1,0,0,0,0
train/0003/ex04_default_00182,0,1,0,0,0,0
train/0003/ex04_default_00183,0,1,0,0,0,0
train/0003/ex04_default_00184,0,1,0,0,0,0
train/0003/ex04_default_00185,0,1,0,0,0,0
train/0003/ex04_default_00186,0,1,0,0,0,0
train/0003/ex04_default_00187,0,1,0,0,0,0
train/0003/ex04_default_00188,0,1,0,0,0,0
train/0003/ex04_default_00189,0,1,0,0,0,0
train/0003/ex04_default_00190,0,1,0,0,0,0
train/0003/ex04_default_00191,0,1,0,0,0,0
train/0003/ex04_default_00192,0,1,0,0,0,0
train/0003/ex04_default_00193,0,1,0,0,0,0
train/0003/ex04_default_00194,0,1,0,0,0,0
train/0003/ex04_default_00195,0,1,0,0,0,0
train/0003/ex04_default_00196,0,1,0,0,0,0
train/0003/ex04_default_00197,0,1,0,0,0,0
train/0003/ex04_default_00198,0,1,0,0,0,0
train/0003/ex04_default_00199,0,1,0,0,0,0
train/0003/ex04_default_00200,0,1,0,0,0,0
train/0003/ex04_default_00201,0,1,0,0,0,0
train/0003/ex04_default_00202,0,1,0,0,0,0
train/0003/ex04_default_00203,0,1,0,0,0,0
train/0003/ex04_default_00204,0,1,0,0,0,0
train/0003/ex04_default_00205,0,1,0,0,0,0
train/0003/ex04_default_00206,0,1,0,0,0,0
train/0003/ex04_default_00207,0,1,0,0,0,0
train/0003/ex04_default_00208,0,1,0,0,0,0
train/0003/ex04_default_00209,0,1,0,0,0,0
train/0003/ex04_default_00210,0,1,0,0,0,0
train/0003/ex04_default_00211,0,1,0,0,0,0
train/0003/ex04_default_00212,0,1,0,0,0,0
train/0003/ex04_default_00213,0,1,0,0,0,0
train/0003/ex04_default_00214,0,1,0,0,0,0
train/0003/ex04_default_00215,0,1,0,0,0,0
train/0003/ex04_default_00216,0,1,0,0,0,0
train/0003/ex04_default_00217,0,1,0,0,0,0
train/0003/ex04_default_00218,0,1,0,0,0,0
train/0003/ex04_default_00219,0,1,0,0,0,0
train/0003/ex04_default_00220,0,1,0,0,0,0
train/0003/ex04_default_00221,0,1,0,0,0,0
train/0003/ex04_default_00222,0,1,0,0,0,0
train/0003/ex04_default_00223,0,1,0,0,0,0
train/0003/ex04_default_00224,0,1,0,0,0,0
train/0003/ex04_default_00225,0,1,0,0,0,0
train/0003/ex04_default_00226,0,1,0,0,0,0
train/0003/ex04_default_00227,0,1,0,0,0,0
train/0003/ex04_default_00228,0,1,0,0,0,0
train/0003/ex04_default_00229,0,1,0,0,0,0
train/0003/ex04_default_00230,0,1,0,0,0,0
train/0003/ex04_default_00231,0,1,0,0,0,0
train/0003/ex04_default_00232,0,1,0,0,0,0
train/0003/ex04_default_00233,0,1,0,0,0,0
train/0003/ex04_default_00234,0,1,0,0,0,0
train/0003/ex04_default_00235,0,1,0,0,0,0
train/0003/ex04_default_00236,0,1,0,0,0,0
train/0003/ex04_default_00237,0,1,0,0,0,0
train/0003/ex04_default_00238,0,1,0,0,0,0
train/0003/ex04_default_00239,0,1,0,0,0,0
train/0003/ex04_default_00240,0,1,0,0,0,0
train/0003/ex04_default_00241,0,1,0,0,0,0
train/0003/ex04_default_00242,0,1,0,0,0,0
train/0003/ex04_default_00243,0,1,0,0,0,0
train/0003/ex04_default_00244,0,1,0,0,0,0
train/0003/ex04_default_00245,0,1,0,0,0,0
train/0003/ex04_default_00246,0,1,0,0,0,0
train/0003/ex04_default_00247,0,1,0,0,0,0
train/0003/ex04_default_00248,0,1,0,0,0,0
train/0003/ex04_default_00249,0,1,0,0,0,0
train/0003/ex04_default_00250,0,1,0,0,0,0
train/0003/ex04_default_00251,0,1,0,0,0,0
train/0003/ex04_default_00252,0,1,0,0,0,0
train/0003/ex04_default_00253,0,1,0,0,0,0
train/0003/ex04_default_00254,0,1,0,0,0,0
train/0003/ex04_default_00255,0,1,0,0,0,0
train/0003/ex04_default_00256,0,1,0,0,0,0
train/0003/ex04_default_00257,0,1,0,0,0,0
train/0003/ex04_default_00258,0,1,0,0,0,0
train/0003/ex04_default_00259,0,1,0,0,0,0
train/0003/ex04_default_00260,0,1,0,0,0,0
train/0003/ex04_default_00261,0,1,0,0,0,0
train/0003/ex04_default_00262,0,1,0,0,0,0
train/0003/ex04_default_00263,0,1,0,0,0,0
train/0003/ex04_default_00264,0,1,0,0,0,0
train/0003/ex04_default_00265,0,1,0,0,0,0
train/0003/ex04_default_00266,0,1,0,0,0,0
train/0003/ex04_default_00267,0,1,0,0,0,0
train/0003/ex04_default_00268,0,1,0,0,0,0
train/0003/ex04_default_00269,0,1,0,0,0,0
train/0003/ex04_default_00270,0,1,0,0,0,0
train/0003/ex04_default_00271,0,1,0,0,0,0
train/0003/ex04_default_00272,0,1,0,0,0,0
train/0003/ex04_default_00273,0,1,0,0,0,0
train/0003/ex04_default_00274,0,1,0,0,0,0
train/0003/ex04_default_00275,0,1,0,0,0,0
train/0003/ex04_default_00276,0,1,0,0,0,0
train/0003/ex04_default_00277,0,1,0,0,0,0
train/0003/ex04_default_00278,0,1,0,0,0,0
train/0003/ex04_default_00279,0,1,0,0,0,0
train/0003/ex04_default_00280,0,1,0,0,0,0
train/0003/ex04_default_00281,0,1,0,0,0,0
train/0003/ex04_default_00282,0,1,0,0,0,0
train/0003/ex04_default_00283,0,1,0,0,0,0
train/0003/ex04_default_00284,0,1,0,0,0,0
train/0003/ex04_default_00285,0,1,0,0,0,0
train/0003/ex04_default_00286,0,1,0,0,0,0
train/0003/ex04_default_00287,0,1,0,0,0,0
train/0003/ex04_default_00288,0,1,0,0,0,0
train/0003/ex04_default_00289,0,1,0,0,0,0
train/0003/ex04_default_00290,0,1,0,0,0,0
train/0003/ex04_default_00291,0,1,0,0,0,0
train/0003/ex04_default_00292,0,1,0,0,0,0
train/0003/ex04_default_00293,0,1,0,0,0,0
train/0003/ex04_default_00294,0,1,0,0,0,0
train/0003/ex04_default_00295,0,1,0,0,0,0
train/0003/ex04_default_00296,0,1,0,0,0,0
train/0003/ex04_default_00297,0,1,0,0,0,0
train/0003/ex04_default_00298,0,1,0,0,0,0
train/0003/ex04_default_00299,0,1,0,0,0,0
train/0003/ex04_default_00300,0,1,0,0,0,0
train/0003/ex04_default_00301,0,1,0,0,0,0
train/0003/ex04_default_00302,0,1,0,0,0,0
train/0003/ex04_default_00303,0,1,0,0,0,0
train/0003/ex04_default_00304,0,1,0,0,0,0
train/0003/ex04_default_00305,0,1,0,0,0,0
train/0003/ex04_default_00306,0,1,0,0,0,0
train/0003/ex04_default_00307,0,1,0,0,0,0
train/0003/ex04_default_00308,0,1,0,0,0,0
train/0003/ex04_default_00309,0,1,0,0,0,0
train/0003/ex04_default_00310,0,1,0,0,0,0
train/0003/ex04_default_00311,0,1,0,0,0,0
train/0003/ex04_default_00312,0,1,0,0,0,0
train/0003/ex04_default_00313,0,1,0,0,0,0
train/0003/ex04_default_00314,0,1,0,0,0,0
train/0003/ex04_default_00315,0,1,0,0,0,0
train/0003/ex04_default_00316,0,1,0,0,0,0
train/0003/ex04_default_00317,0,1,0,0,0,0
train/0003/ex04_default_00318,0,1,0,0,0,0
train/0003/ex04_default_00319,0,1,0,0,0,0
train/0003/ex04_default_00320,0,1,0,0,0,0
train/0003/ex04_default_00321,0,1,0,0,0,0
train/0003/ex04_default_00322,0,1,0,0,0,0
train/0003/ex04_default_00323,0,1,0,0,0,0
train/0003/ex04_default_00324,0,1,0,0,0,0
train/0003/ex04_default_00325,0,1,0,0,0,0
train/0003/ex04_default_00326,0,1,0,0,0,0
train/0003/ex04_default_00327,0,1,0,0,0,0
train/0003/ex04_default_00328,0,1,0,0,0,0
train/0003/ex04_default_00329,0,1,0,0,0,0
train/0003/ex04_default_00330,0,1,0,0,0,0
train/0003/ex04_default_00331,0,1,0,0,0,0
train/0003/ex04_default_00332,0,1,0,0,0,0
train/0003/ex04_default_00333,0,1,0,0,0,0
train/0003/ex04_default_00334,0,1,0,0,0,0
train/0003/ex04_default_00335,0,1,0,0,0,0
train/0003/ex04_default_00336,0,1,0,0,0,0
train/0003/ex04_default_00337,0,1,0,0,0,0
train/0003/ex04_default_00338,0,1,0,0,0,0
dev/0003/ex04_default_00339,0,1,0,0,0,0
dev/0003/ex04_default_00340,0,1,0,0,0,0
dev/0003/ex04_default_00341,0,1,0,0,0,0
dev/0003/ex04_default_00342,0,1,0,0,0,0
dev/0003/ex04_default_00343,0,1,0,0,0,0
dev/0003/ex04_default_00344,0,1,0,0,0,0
dev/0003/ex04_default_00345,0,1,0,0,0,0
dev/0003/ex04_default_00346,0,1,0,0,0,0
dev/0003/ex04_default_00347,0,1,0,0,0,0
dev/0003/ex04_default_00348,0,1,0,0,0,0
dev/0003/ex04_default_00349,0,1,0,0,0,0
dev/0003/ex04_default_00350,0,1,0,0,0,0
dev/0003/ex04_default_00351,0,1,0,0,0,0
dev/0003/ex04_default_00352,0,1,0,0,0,0
dev/0003/ex04_default_00353,0,1,0,0,0,0
dev/0003/ex04_default_00354,0,1,0,0,0,0
dev/0003/ex04_default_00355,0,1,0,0,0,0
dev/0003/ex04_default_00356,0,1,0,0,0,0
dev/0003/ex04_default_00357,0,1,0,0,0,0
dev/0003/ex04_default_00358,0,1,0,0,0,0
dev/0003/ex04_default_00359,0,1,0,0,0,0
dev/0003/ex04_default_00360,0,1,0,0,0,0
dev/0003/ex04_default_00361,0,1,0,0,0,0
test/0003/ex04_default_00362,0,1,0,0,0,0
test/0003/ex04_default_00363,0,1,0,0,0,0
test/0003/ex04_default_00364,0,1,0,0,0,0
test/0003/ex04_default_00365,0,1,0,0,0,0
test/0003/ex04_default_00366,0,1,0,0,0,0
test/0003/ex04_default_00367,0,1,0,0,0,0
test/0003/ex04_default_00368,0,1,0,0,0,0
test/0003/ex04_default_00369,0,1,0,0,0,0
test/0003/ex04_default_00370,0,1,0,0,0,0
test/0003/ex04_default_00371,0,1,0,0,0,0
test/0003/ex04_default_00372,0,1,0,0,0,0
test/0003/ex04_default_00373,0,1,0,0,0,0
test/0003/ex04_default_00374,0,1,0,0,0,0
test/0003/ex04_default_00375,0,1,0,0,0,0
test/0003/ex04_default_00376,0,1,0,0,0,0
test/0003/ex04_default_00377,0,1,0,0,0,0
test/0003/ex04_default_00378,0,1,0,0,0,0
test/0003/ex04_default_00379,0,1,0,0,0,0
test/0003/ex04_default_00380,0,1,0,0,0,0
train/0003/ex04_default_emphasis_00001,0,1,0,0,0,0
train/0003/ex04_default_emphasis_00002,0,1,0,0,0,0
train/0003/ex04_default_emphasis_00003,0,1,0,0,0,0
train/0003/ex04_default_emphasis_00004,0,1,0,0,0,0
train/0003/ex04_default_emphasis_00005,0,1,0,0,0,0
train/0003/ex04_default_emphasis_00006,0,1,0,0,0,0
train/0003/ex04_default_emphasis_00007,0,1,0,0,0,0
train/0003/ex04_default_emphasis_00008,0,1,0,0,0,0
train/0003/ex04_default_emphasis_00009,0,1,0,0,0,0
train/0003/ex04_default_emphasis_00010,0,1,0,0,0,0
train/0003/ex04_default_emphasis_00011,0,1,0,0,0,0
train/0003/ex04_default_emphasis_00012,0,1,0,0,0,0
train/0003/ex04_default_emphasis_00013,0,1,0,0,0,0
train/0003/ex04_default_emphasis_00014,0,1,0,0,0,0
train/0003/ex04_default_emphasis_00015,0,1,0,0,0,0
train/0003/ex04_default_emphasis_00016,0,1,0,0,0,0
train/0003/ex04_default_emphasis_00017,0,1,0,0,0,0
train/0003/ex04_default_emphasis_00018,0,1,0,0,0,0
train/0003/ex04_default_emphasis_00019,0,1,0,0,0,0
train/0003/ex04_default_emphasis_00020,0,1,0,0,0,0
train/0003/ex04_default_emphasis_00021,0,1,0,0,0,0
train/0003/ex04_default_emphasis_00022,0,1,0,0,0,0
train/0003/ex04_default_emphasis_00023,0,1,0,0,0,0
train/0003/ex04_default_emphasis_00024,0,1,0,0,0,0
train/0003/ex04_default_emphasis_00025,0,1,0,0,0,0
train/0003/ex04_default_emphasis_00026,0,1,0,0,0,0
train/0003/ex04_default_emphasis_00027,0,1,0,0,0,0
train/0003/ex04_default_emphasis_00028,0,1,0,0,0,0
train/0003/ex04_default_emphasis_00029,0,1,0,0,0,0
train/0003/ex04_default_emphasis_00030,0,1,0,0,0,0
train/0003/ex04_default_emphasis_00031,0,1,0,0,0,0
train/0003/ex04_default_emphasis_00032,0,1,0,0,0,0
train/0003/ex04_default_emphasis_00033,0,1,0,0,0,0
train/0003/ex04_default_emphasis_00034,0,1,0,0,0,0
train/0003/ex04_default_emphasis_00035,0,1,0,0,0,0
train/0003/ex04_default_emphasis_00036,0,1,0,0,0,0
train/0003/ex04_default_emphasis_00037,0,1,0,0,0,0
train/0003/ex04_default_emphasis_00038,0,1,0,0,0,0
train/0003/ex04_default_emphasis_00039,0,1,0,0,0,0
train/0003/ex04_default_emphasis_00040,0,1,0,0,0,0
train/0003/ex04_default_emphasis_00041,0,1,0,0,0,0
train/0003/ex04_default_emphasis_00042,0,1,0,0,0,0
train/0003/ex04_default_emphasis_00043,0,1,0,0,0,0
train/0003/ex04_default_emphasis_00044,0,1,0,0,0,0
train/0003/ex04_default_emphasis_00045,0,1,0,0,0,0
train/0003/ex04_default_emphasis_00046,0,1,0,0,0,0
train/0003/ex04_default_emphasis_00047,0,1,0,0,0,0
train/0003/ex04_default_emphasis_00048,0,1,0,0,0,0
train/0003/ex04_default_emphasis_00049,0,1,0,0,0,0
train/0003/ex04_default_emphasis_00050,0,1,0,0,0,0
train/0003/ex04_default_emphasis_00051,0,1,0,0,0,0
train/0003/ex04_default_emphasis_00052,0,1,0,0,0,0
train/0003/ex04_default_emphasis_00053,0,1,0,0,0,0
train/0003/ex04_default_emphasis_00054,0,1,0,0,0,0
train/0003/ex04_default_emphasis_00055,0,1,0,0,0,0
train/0003/ex04_default_emphasis_00056,0,1,0,0,0,0
train/0003/ex04_default_emphasis_00057,0,1,0,0,0,0
train/0003/ex04_default_emphasis_00058,0,1,0,0,0,0
train/0003/ex04_default_emphasis_00059,0,1,0,0,0,0
train/0003/ex04_default_emphasis_00060,0,1,0,0,0,0
train/0003/ex04_default_emphasis_00061,0,1,0,0,0,0
train/0003/ex04_default_emphasis_00062,0,1,0,0,0,0
train/0003/ex04_default_emphasis_00063,0,1,0,0,0,0
train/0003/ex04_default_emphasis_00064,0,1,0,0,0,0
train/0003/ex04_default_emphasis_00065,0,1,0,0,0,0
train/0003/ex04_default_emphasis_00066,0,1,0,0,0,0
train/0003/ex04_default_emphasis_00067,0,1,0,0,0,0
train/0003/ex04_default_emphasis_00068,0,1,0,0,0,0
train/0003/ex04_default_emphasis_00069,0,1,0,0,0,0
train/0003/ex04_default_emphasis_00070,0,1,0,0,0,0
train/0003/ex04_default_emphasis_00071,0,1,0,0,0,0
train/0003/ex04_default_emphasis_00072,0,1,0,0,0,0
train/0003/ex04_default_emphasis_00073,0,1,0,0,0,0
train/0003/ex04_default_emphasis_00074,0,1,0,0,0,0
train/0003/ex04_default_emphasis_00075,0,1,0,0,0,0
train/0003/ex04_default_emphasis_00076,0,1,0,0,0,0
train/0003/ex04_default_emphasis_00077,0,1,0,0,0,0
train/0003/ex04_default_emphasis_00078,0,1,0,0,0,0
train/0003/ex04_default_emphasis_00079,0,1,0,0,0,0
train/0003/ex04_default_emphasis_00080,0,1,0,0,0,0
train/0003/ex04_default_emphasis_00081,0,1,0,0,0,0
train/0003/ex04_default_emphasis_00082,0,1,0,0,0,0
train/0003/ex04_default_emphasis_00083,0,1,0,0,0,0
train/0003/ex04_default_emphasis_00084,0,1,0,0,0,0
train/0003/ex04_default_emphasis_00085,0,1,0,0,0,0
train/0003/ex04_default_emphasis_00086,0,1,0,0,0,0
train/0003/ex04_default_emphasis_00087,0,1,0,0,0,0
train/0003/ex04_default_emphasis_00088,0,1,0,0,0,0
train/0003/ex04_default_emphasis_00089,0,1,0,0,0,0
train/0003/ex04_default_emphasis_00090,0,1,0,0,0,0
train/0003/ex04_default_emphasis_00091,0,1,0,0,0,0
train/0003/ex04_default_emphasis_00092,0,1,0,0,0,0
train/0003/ex04_default_emphasis_00093,0,1,0,0,0,0
train/0003/ex04_default_emphasis_00094,0,1,0,0,0,0
train/0003/ex04_default_emphasis_00095,0,1,0,0,0,0
train/0003/ex04_default_emphasis_00096,0,1,0,0,0,0
train/0003/ex04_default_emphasis_00097,0,1,0,0,0,0
train/0003/ex04_default_emphasis_00098,0,1,0,0,0,0
train/0003/ex04_default_emphasis_00099,0,1,0,0,0,0
train/0003/ex04_default_emphasis_00100,0,1,0,0,0,0
train/0003/ex04_default_emphasis_00101,0,1,0,0,0,0
train/0003/ex04_default_emphasis_00102,0,1,0,0,0,0
train/0003/ex04_default_emphasis_00103,0,1,0,0,0,0
train/0003/ex04_default_emphasis_00104,0,1,0,0,0,0
train/0003/ex04_default_emphasis_00105,0,1,0,0,0,0
train/0003/ex04_default_emphasis_00106,0,1,0,0,0,0
train/0003/ex04_default_emphasis_00107,0,1,0,0,0,0
train/0003/ex04_default_emphasis_00108,0,1,0,0,0,0
train/0003/ex04_default_emphasis_00109,0,1,0,0,0,0
train/0003/ex04_default_emphasis_00110,0,1,0,0,0,0
train/0003/ex04_default_emphasis_00111,0,1,0,0,0,0
train/0003/ex04_default_emphasis_00112,0,1,0,0,0,0
train/0003/ex04_default_emphasis_00113,0,1,0,0,0,0
train/0003/ex04_default_emphasis_00114,0,1,0,0,0,0
train/0003/ex04_default_emphasis_00115,0,1,0,0,0,0
train/0003/ex04_default_emphasis_00116,0,1,0,0,0,0
train/0003/ex04_default_emphasis_00117,0,1,0,0,0,0
train/0003/ex04_default_emphasis_00118,0,1,0,0,0,0
train/0003/ex04_default_emphasis_00119,0,1,0,0,0,0
train/0003/ex04_default_emphasis_00120,0,1,0,0,0,0
train/0003/ex04_default_emphasis_00121,0,1,0,0,0,0
train/0003/ex04_default_emphasis_00122,0,1,0,0,0,0
train/0003/ex04_default_emphasis_00123,0,1,0,0,0,0
train/0003/ex04_default_emphasis_00124,0,1,0,0,0,0
train/0003/ex04_default_emphasis_00125,0,1,0,0,0,0
train/0003/ex04_default_emphasis_00126,0,1,0,0,0,0
train/0003/ex04_default_emphasis_00127,0,1,0,0,0,0
train/0003/ex04_default_emphasis_00128,0,1,0,0,0,0
train/0003/ex04_default_emphasis_00129,0,1,0,0,0,0
train/0003/ex04_default_emphasis_00130,0,1,0,0,0,0
train/0003/ex04_default_emphasis_00131,0,1,0,0,0,0
train/0003/ex04_default_emphasis_00132,0,1,0,0,0,0
train/0003/ex04_default_emphasis_00133,0,1,0,0,0,0
train/0003/ex04_default_emphasis_00134,0,1,0,0,0,0
train/0003/ex04_default_emphasis_00135,0,1,0,0,0,0
train/0003/ex04_default_emphasis_00136,0,1,0,0,0,0
train/0003/ex04_default_emphasis_00137,0,1,0,0,0,0
train/0003/ex04_default_emphasis_00138,0,1,0,0,0,0
train/0003/ex04_default_emphasis_00139,0,1,0,0,0,0
train/0003/ex04_default_emphasis_00140,0,1,0,0,0,0
train/0003/ex04_default_emphasis_00141,0,1,0,0,0,0
train/0003/ex04_default_emphasis_00142,0,1,0,0,0,0
train/0003/ex04_default_emphasis_00143,0,1,0,0,0,0
train/0003/ex04_default_emphasis_00144,0,1,0,0,0,0
train/0003/ex04_default_emphasis_00145,0,1,0,0,0,0
train/0003/ex04_default_emphasis_00146,0,1,0,0,0,0
train/0003/ex04_default_emphasis_00147,0,1,0,0,0,0
train/0003/ex04_default_emphasis_00148,0,1,0,0,0,0
train/0003/ex04_default_emphasis_00149,0,1,0,0,0,0
train/0003/ex04_default_emphasis_00150,0,1,0,0,0,0
train/0003/ex04_default_emphasis_00151,0,1,0,0,0,0
train/0003/ex04_default_emphasis_00152,0,1,0,0,0,0
train/0003/ex04_default_emphasis_00153,0,1,0,0,0,0
train/0003/ex04_default_emphasis_00154,0,1,0,0,0,0
train/0003/ex04_default_emphasis_00155,0,1,0,0,0,0
train/0003/ex04_default_emphasis_00156,0,1,0,0,0,0
train/0003/ex04_default_emphasis_00157,0,1,0,0,0,0
train/0003/ex04_default_emphasis_00158,0,1,0,0,0,0
train/0003/ex04_default_emphasis_00159,0,1,0,0,0,0
train/0003/ex04_default_emphasis_00160,0,1,0,0,0,0
train/0003/ex04_default_emphasis_00161,0,1,0,0,0,0
dev/0003/ex04_default_emphasis_00162,0,1,0,0,0,0
dev/0003/ex04_default_emphasis_00163,0,1,0,0,0,0
dev/0003/ex04_default_emphasis_00164,0,1,0,0,0,0
dev/0003/ex04_default_emphasis_00165,0,1,0,0,0,0
dev/0003/ex04_default_emphasis_00166,0,1,0,0,0,0
dev/0003/ex04_default_emphasis_00167,0,1,0,0,0,0
dev/0003/ex04_default_emphasis_00168,0,1,0,0,0,0
dev/0003/ex04_default_emphasis_00169,0,1,0,0,0,0
dev/0003/ex04_default_emphasis_00170,0,1,0,0,0,0
dev/0003/ex04_default_emphasis_00171,0,1,0,0,0,0
dev/0003/ex04_default_emphasis_00172,0,1,0,0,0,0
dev/0003/ex04_default_emphasis_00173,0,1,0,0,0,0
dev/0003/ex04_default_emphasis_00174,0,1,0,0,0,0
dev/0003/ex04_default_emphasis_00175,0,1,0,0,0,0
dev/0003/ex04_default_emphasis_00176,0,1,0,0,0,0
dev/0003/ex04_default_emphasis_00177,0,1,0,0,0,0
dev/0003/ex04_default_emphasis_00178,0,1,0,0,0,0
dev/0003/ex04_default_emphasis_00179,0,1,0,0,0,0
dev/0003/ex04_default_emphasis_00180,0,1,0,0,0,0
dev/0003/ex04_default_emphasis_00181,0,1,0,0,0,0
test/0003/ex04_default_emphasis_00182,0,1,0,0,0,0
test/0003/ex04_default_emphasis_00183,0,1,0,0,0,0
test/0003/ex04_default_emphasis_00184,0,1,0,0,0,0
test/0003/ex04_default_emphasis_00185,0,1,0,0,0,0
test/0003/ex04_default_emphasis_00186,0,1,0,0,0,0
test/0003/ex04_default_emphasis_00187,0,1,0,0,0,0
test/0003/ex04_default_emphasis_00188,0,1,0,0,0,0
test/0003/ex04_default_emphasis_00189,0,1,0,0,0,0
test/0003/ex04_default_emphasis_00190,0,1,0,0,0,0
test/0003/ex04_default_emphasis_00191,0,1,0,0,0,0
test/0003/ex04_default_emphasis_00192,0,1,0,0,0,0
test/0003/ex04_default_emphasis_00193,0,1,0,0,0,0
test/0003/ex04_default_emphasis_00194,0,1,0,0,0,0
test/0003/ex04_default_emphasis_00195,0,1,0,0,0,0
test/0003/ex04_default_emphasis_00196,0,1,0,0,0,0
test/0003/ex04_default_emphasis_00197,0,1,0,0,0,0
test/0003/ex04_default_emphasis_00198,0,1,0,0,0,0
test/0003/ex04_default_emphasis_00199,0,1,0,0,0,0
test/0003/ex04_default_emphasis_00200,0,1,0,0,0,0
train/0003/ex04_default_essentials_00001,0,1,0,0,0,0
train/0003/ex04_default_essentials_00002,0,1,0,0,0,0
train/0003/ex04_default_essentials_00003,0,1,0,0,0,0
train/0003/ex04_default_essentials_00004,0,1,0,0,0,0
train/0003/ex04_default_essentials_00005,0,1,0,0,0,0
train/0003/ex04_default_essentials_00006,0,1,0,0,0,0
train/0003/ex04_default_essentials_00007,0,1,0,0,0,0
train/0003/ex04_default_essentials_00008,0,1,0,0,0,0
train/0003/ex04_default_essentials_00009,0,1,0,0,0,0
train/0003/ex04_default_essentials_00010,0,1,0,0,0,0
train/0003/ex04_default_essentials_00011,0,1,0,0,0,0
train/0003/ex04_default_essentials_00012,0,1,0,0,0,0
train/0003/ex04_default_essentials_00013,0,1,0,0,0,0
train/0003/ex04_default_essentials_00014,0,1,0,0,0,0
train/0003/ex04_default_essentials_00015,0,1,0,0,0,0
train/0003/ex04_default_essentials_00016,0,1,0,0,0,0
train/0003/ex04_default_essentials_00017,0,1,0,0,0,0
train/0003/ex04_default_essentials_00018,0,1,0,0,0,0
train/0003/ex04_default_essentials_00019,0,1,0,0,0,0
train/0003/ex04_default_essentials_00020,0,1,0,0,0,0
train/0003/ex04_default_essentials_00021,0,1,0,0,0,0
train/0003/ex04_default_essentials_00022,0,1,0,0,0,0
train/0003/ex04_default_essentials_00023,0,1,0,0,0,0
train/0003/ex04_default_essentials_00024,0,1,0,0,0,0
train/0003/ex04_default_essentials_00025,0,1,0,0,0,0
train/0003/ex04_default_essentials_00026,0,1,0,0,0,0
train/0003/ex04_default_essentials_00027,0,1,0,0,0,0
train/0003/ex04_default_essentials_00028,0,1,0,0,0,0
train/0003/ex04_default_essentials_00029,0,1,0,0,0,0
train/0003/ex04_default_essentials_00030,0,1,0,0,0,0
train/0003/ex04_default_essentials_00031,0,1,0,0,0,0
train/0003/ex04_default_essentials_00032,0,1,0,0,0,0
train/0003/ex04_default_essentials_00033,0,1,0,0,0,0
dev/0003/ex04_default_essentials_00034,0,1,0,0,0,0
dev/0003/ex04_default_essentials_00035,0,1,0,0,0,0
dev/0003/ex04_default_essentials_00036,0,1,0,0,0,0
test/0003/ex04_default_essentials_00037,0,1,0,0,0,0
test/0003/ex04_default_essentials_00038,0,1,0,0,0,0
test/0003/ex04_default_essentials_00039,0,1,0,0,0,0
test/0003/ex04_default_essentials_00040,0,1,0,0,0,0
train/0003/ex04_enunciated_00001,0,0,1,0,0,0
train/0003/ex04_enunciated_00002,0,0,1,0,0,0
train/0003/ex04_enunciated_00003,0,0,1,0,0,0
train/0003/ex04_enunciated_00004,0,0,1,0,0,0
train/0003/ex04_enunciated_00005,0,0,1,0,0,0
train/0003/ex04_enunciated_00006,0,0,1,0,0,0
train/0003/ex04_enunciated_00007,0,0,1,0,0,0
train/0003/ex04_enunciated_00008,0,0,1,0,0,0
train/0003/ex04_enunciated_00009,0,0,1,0,0,0
train/0003/ex04_enunciated_00010,0,0,1,0,0,0
train/0003/ex04_enunciated_00011,0,0,1,0,0,0
train/0003/ex04_enunciated_00012,0,0,1,0,0,0
train/0003/ex04_enunciated_00013,0,0,1,0,0,0
train/0003/ex04_enunciated_00014,0,0,1,0,0,0
train/0003/ex04_enunciated_00015,0,0,1,0,0,0
train/0003/ex04_enunciated_00016,0,0,1,0,0,0
train/0003/ex04_enunciated_00017,0,0,1,0,0,0
train/0003/ex04_enunciated_00018,0,0,1,0,0,0
train/0003/ex04_enunciated_00019,0,0,1,0,0,0
train/0003/ex04_enunciated_00020,0,0,1,0,0,0
train/0003/ex04_enunciated_00021,0,0,1,0,0,0
train/0003/ex04_enunciated_00022,0,0,1,0,0,0
train/0003/ex04_enunciated_00023,0,0,1,0,0,0
train/0003/ex04_enunciated_00024,0,0,1,0,0,0
train/0003/ex04_enunciated_00025,0,0,1,0,0,0
train/0003/ex04_enunciated_00026,0,0,1,0,0,0
train/0003/ex04_enunciated_00027,0,0,1,0,0,0
train/0003/ex04_enunciated_00028,0,0,1,0,0,0
train/0003/ex04_enunciated_00029,0,0,1,0,0,0
train/0003/ex04_enunciated_00030,0,0,1,0,0,0
train/0003/ex04_enunciated_00031,0,0,1,0,0,0
train/0003/ex04_enunciated_00032,0,0,1,0,0,0
train/0003/ex04_enunciated_00033,0,0,1,0,0,0
train/0003/ex04_enunciated_00034,0,0,1,0,0,0
train/0003/ex04_enunciated_00035,0,0,1,0,0,0
train/0003/ex04_enunciated_00036,0,0,1,0,0,0
train/0003/ex04_enunciated_00037,0,0,1,0,0,0
train/0003/ex04_enunciated_00038,0,0,1,0,0,0
train/0003/ex04_enunciated_00039,0,0,1,0,0,0
train/0003/ex04_enunciated_00040,0,0,1,0,0,0
train/0003/ex04_enunciated_00041,0,0,1,0,0,0
train/0003/ex04_enunciated_00042,0,0,1,0,0,0
train/0003/ex04_enunciated_00043,0,0,1,0,0,0
train/0003/ex04_enunciated_00044,0,0,1,0,0,0
train/0003/ex04_enunciated_00045,0,0,1,0,0,0
train/0003/ex04_enunciated_00046,0,0,1,0,0,0
train/0003/ex04_enunciated_00047,0,0,1,0,0,0
train/0003/ex04_enunciated_00048,0,0,1,0,0,0
train/0003/ex04_enunciated_00049,0,0,1,0,0,0
train/0003/ex04_enunciated_00050,0,0,1,0,0,0
train/0003/ex04_enunciated_00051,0,0,1,0,0,0
train/0003/ex04_enunciated_00052,0,0,1,0,0,0
train/0003/ex04_enunciated_00053,0,0,1,0,0,0
train/0003/ex04_enunciated_00054,0,0,1,0,0,0
train/0003/ex04_enunciated_00055,0,0,1,0,0,0
train/0003/ex04_enunciated_00056,0,0,1,0,0,0
train/0003/ex04_enunciated_00057,0,0,1,0,0,0
train/0003/ex04_enunciated_00058,0,0,1,0,0,0
train/0003/ex04_enunciated_00059,0,0,1,0,0,0
train/0003/ex04_enunciated_00060,0,0,1,0,0,0
train/0003/ex04_enunciated_00061,0,0,1,0,0,0
train/0003/ex04_enunciated_00062,0,0,1,0,0,0
train/0003/ex04_enunciated_00063,0,0,1,0,0,0
train/0003/ex04_enunciated_00064,0,0,1,0,0,0
train/0003/ex04_enunciated_00065,0,0,1,0,0,0
train/0003/ex04_enunciated_00066,0,0,1,0,0,0
train/0003/ex04_enunciated_00067,0,0,1,0,0,0
train/0003/ex04_enunciated_00068,0,0,1,0,0,0
train/0003/ex04_enunciated_00069,0,0,1,0,0,0
train/0003/ex04_enunciated_00070,0,0,1,0,0,0
train/0003/ex04_enunciated_00071,0,0,1,0,0,0
train/0003/ex04_enunciated_00072,0,0,1,0,0,0
train/0003/ex04_enunciated_00073,0,0,1,0,0,0
train/0003/ex04_enunciated_00074,0,0,1,0,0,0
train/0003/ex04_enunciated_00075,0,0,1,0,0,0
train/0003/ex04_enunciated_00076,0,0,1,0,0,0
train/0003/ex04_enunciated_00077,0,0,1,0,0,0
train/0003/ex04_enunciated_00078,0,0,1,0,0,0
train/0003/ex04_enunciated_00079,0,0,1,0,0,0
train/0003/ex04_enunciated_00080,0,0,1,0,0,0
train/0003/ex04_enunciated_00081,0,0,1,0,0,0
train/0003/ex04_enunciated_00082,0,0,1,0,0,0
train/0003/ex04_enunciated_00083,0,0,1,0,0,0
train/0003/ex04_enunciated_00084,0,0,1,0,0,0
train/0003/ex04_enunciated_00085,0,0,1,0,0,0
train/0003/ex04_enunciated_00086,0,0,1,0,0,0
train/0003/ex04_enunciated_00087,0,0,1,0,0,0
train/0003/ex04_enunciated_00088,0,0,1,0,0,0
train/0003/ex04_enunciated_00089,0,0,1,0,0,0
train/0003/ex04_enunciated_00090,0,0,1,0,0,0
train/0003/ex04_enunciated_00091,0,0,1,0,0,0
train/0003/ex04_enunciated_00092,0,0,1,0,0,0
train/0003/ex04_enunciated_00093,0,0,1,0,0,0
train/0003/ex04_enunciated_00094,0,0,1,0,0,0
train/0003/ex04_enunciated_00095,0,0,1,0,0,0
train/0003/ex04_enunciated_00096,0,0,1,0,0,0
train/0003/ex04_enunciated_00097,0,0,1,0,0,0
train/0003/ex04_enunciated_00098,0,0,1,0,0,0
train/0003/ex04_enunciated_00099,0,0,1,0,0,0
train/0003/ex04_enunciated_00100,0,0,1,0,0,0
train/0003/ex04_enunciated_00101,0,0,1,0,0,0
train/0003/ex04_enunciated_00102,0,0,1,0,0,0
train/0003/ex04_enunciated_00103,0,0,1,0,0,0
train/0003/ex04_enunciated_00104,0,0,1,0,0,0
train/0003/ex04_enunciated_00105,0,0,1,0,0,0
train/0003/ex04_enunciated_00106,0,0,1,0,0,0
train/0003/ex04_enunciated_00107,0,0,1,0,0,0
train/0003/ex04_enunciated_00108,0,0,1,0,0,0
train/0003/ex04_enunciated_00109,0,0,1,0,0,0
train/0003/ex04_enunciated_00110,0,0,1,0,0,0
train/0003/ex04_enunciated_00111,0,0,1,0,0,0
train/0003/ex04_enunciated_00112,0,0,1,0,0,0
train/0003/ex04_enunciated_00113,0,0,1,0,0,0
train/0003/ex04_enunciated_00114,0,0,1,0,0,0
train/0003/ex04_enunciated_00115,0,0,1,0,0,0
train/0003/ex04_enunciated_00116,0,0,1,0,0,0
train/0003/ex04_enunciated_00117,0,0,1,0,0,0
train/0003/ex04_enunciated_00118,0,0,1,0,0,0
train/0003/ex04_enunciated_00119,0,0,1,0,0,0
train/0003/ex04_enunciated_00120,0,0,1,0,0,0
train/0003/ex04_enunciated_00121,0,0,1,0,0,0
train/0003/ex04_enunciated_00122,0,0,1,0,0,0
train/0003/ex04_enunciated_00123,0,0,1,0,0,0
train/0003/ex04_enunciated_00124,0,0,1,0,0,0
train/0003/ex04_enunciated_00125,0,0,1,0,0,0
train/0003/ex04_enunciated_00126,0,0,1,0,0,0
train/0003/ex04_enunciated_00127,0,0,1,0,0,0
train/0003/ex04_enunciated_00128,0,0,1,0,0,0
train/0003/ex04_enunciated_00129,0,0,1,0,0,0
train/0003/ex04_enunciated_00130,0,0,1,0,0,0
train/0003/ex04_enunciated_00131,0,0,1,0,0,0
train/0003/ex04_enunciated_00132,0,0,1,0,0,0
train/0003/ex04_enunciated_00133,0,0,1,0,0,0
train/0003/ex04_enunciated_00134,0,0,1,0,0,0
train/0003/ex04_enunciated_00135,0,0,1,0,0,0
train/0003/ex04_enunciated_00136,0,0,1,0,0,0
train/0003/ex04_enunciated_00137,0,0,1,0,0,0
train/0003/ex04_enunciated_00138,0,0,1,0,0,0
train/0003/ex04_enunciated_00139,0,0,1,0,0,0
train/0003/ex04_enunciated_00140,0,0,1,0,0,0
train/0003/ex04_enunciated_00141,0,0,1,0,0,0
train/0003/ex04_enunciated_00142,0,0,1,0,0,0
train/0003/ex04_enunciated_00143,0,0,1,0,0,0
train/0003/ex04_enunciated_00144,0,0,1,0,0,0
train/0003/ex04_enunciated_00145,0,0,1,0,0,0
train/0003/ex04_enunciated_00146,0,0,1,0,0,0
train/0003/ex04_enunciated_00147,0,0,1,0,0,0
train/0003/ex04_enunciated_00148,0,0,1,0,0,0
train/0003/ex04_enunciated_00149,0,0,1,0,0,0
train/0003/ex04_enunciated_00150,0,0,1,0,0,0
train/0003/ex04_enunciated_00151,0,0,1,0,0,0
train/0003/ex04_enunciated_00152,0,0,1,0,0,0
train/0003/ex04_enunciated_00153,0,0,1,0,0,0
train/0003/ex04_enunciated_00154,0,0,1,0,0,0
train/0003/ex04_enunciated_00155,0,0,1,0,0,0
train/0003/ex04_enunciated_00156,0,0,1,0,0,0
train/0003/ex04_enunciated_00157,0,0,1,0,0,0
train/0003/ex04_enunciated_00158,0,0,1,0,0,0
train/0003/ex04_enunciated_00159,0,0,1,0,0,0
train/0003/ex04_enunciated_00160,0,0,1,0,0,0
train/0003/ex04_enunciated_00161,0,0,1,0,0,0
train/0003/ex04_enunciated_00162,0,0,1,0,0,0
train/0003/ex04_enunciated_00163,0,0,1,0,0,0
train/0003/ex04_enunciated_00164,0,0,1,0,0,0
train/0003/ex04_enunciated_00165,0,0,1,0,0,0
train/0003/ex04_enunciated_00166,0,0,1,0,0,0
train/0003/ex04_enunciated_00167,0,0,1,0,0,0
train/0003/ex04_enunciated_00168,0,0,1,0,0,0
train/0003/ex04_enunciated_00169,0,0,1,0,0,0
train/0003/ex04_enunciated_00170,0,0,1,0,0,0
train/0003/ex04_enunciated_00171,0,0,1,0,0,0
train/0003/ex04_enunciated_00172,0,0,1,0,0,0
train/0003/ex04_enunciated_00173,0,0,1,0,0,0
train/0003/ex04_enunciated_00174,0,0,1,0,0,0
train/0003/ex04_enunciated_00175,0,0,1,0,0,0
train/0003/ex04_enunciated_00176,0,0,1,0,0,0
train/0003/ex04_enunciated_00177,0,0,1,0,0,0
train/0003/ex04_enunciated_00178,0,0,1,0,0,0
train/0003/ex04_enunciated_00179,0,0,1,0,0,0
train/0003/ex04_enunciated_00180,0,0,1,0,0,0
train/0003/ex04_enunciated_00181,0,0,1,0,0,0
train/0003/ex04_enunciated_00182,0,0,1,0,0,0
train/0003/ex04_enunciated_00183,0,0,1,0,0,0
train/0003/ex04_enunciated_00184,0,0,1,0,0,0
train/0003/ex04_enunciated_00185,0,0,1,0,0,0
train/0003/ex04_enunciated_00186,0,0,1,0,0,0
train/0003/ex04_enunciated_00187,0,0,1,0,0,0
train/0003/ex04_enunciated_00188,0,0,1,0,0,0
train/0003/ex04_enunciated_00189,0,0,1,0,0,0
train/0003/ex04_enunciated_00190,0,0,1,0,0,0
train/0003/ex04_enunciated_00191,0,0,1,0,0,0
train/0003/ex04_enunciated_00192,0,0,1,0,0,0
train/0003/ex04_enunciated_00193,0,0,1,0,0,0
train/0003/ex04_enunciated_00194,0,0,1,0,0,0
train/0003/ex04_enunciated_00195,0,0,1,0,0,0
train/0003/ex04_enunciated_00196,0,0,1,0,0,0
train/0003/ex04_enunciated_00197,0,0,1,0,0,0
train/0003/ex04_enunciated_00198,0,0,1,0,0,0
train/0003/ex04_enunciated_00199,0,0,1,0,0,0
train/0003/ex04_enunciated_00200,0,0,1,0,0,0
train/0003/ex04_enunciated_00201,0,0,1,0,0,0
train/0003/ex04_enunciated_00202,0,0,1,0,0,0
train/0003/ex04_enunciated_00203,0,0,1,0,0,0
train/0003/ex04_enunciated_00204,0,0,1,0,0,0
train/0003/ex04_enunciated_00205,0,0,1,0,0,0
train/0003/ex04_enunciated_00206,0,0,1,0,0,0
train/0003/ex04_enunciated_00207,0,0,1,0,0,0
train/0003/ex04_enunciated_00208,0,0,1,0,0,0
train/0003/ex04_enunciated_00209,0,0,1,0,0,0
train/0003/ex04_enunciated_00210,0,0,1,0,0,0
train/0003/ex04_enunciated_00211,0,0,1,0,0,0
train/0003/ex04_enunciated_00212,0,0,1,0,0,0
train/0003/ex04_enunciated_00213,0,0,1,0,0,0
train/0003/ex04_enunciated_00214,0,0,1,0,0,0
train/0003/ex04_enunciated_00215,0,0,1,0,0,0
train/0003/ex04_enunciated_00216,0,0,1,0,0,0
train/0003/ex04_enunciated_00217,0,0,1,0,0,0
train/0003/ex04_enunciated_00218,0,0,1,0,0,0
train/0003/ex04_enunciated_00219,0,0,1,0,0,0
train/0003/ex04_enunciated_00220,0,0,1,0,0,0
train/0003/ex04_enunciated_00221,0,0,1,0,0,0
train/0003/ex04_enunciated_00222,0,0,1,0,0,0
train/0003/ex04_enunciated_00223,0,0,1,0,0,0
train/0003/ex04_enunciated_00224,0,0,1,0,0,0
train/0003/ex04_enunciated_00225,0,0,1,0,0,0
train/0003/ex04_enunciated_00226,0,0,1,0,0,0
train/0003/ex04_enunciated_00227,0,0,1,0,0,0
train/0003/ex04_enunciated_00228,0,0,1,0,0,0
train/0003/ex04_enunciated_00229,0,0,1,0,0,0
train/0003/ex04_enunciated_00230,0,0,1,0,0,0
train/0003/ex04_enunciated_00231,0,0,1,0,0,0
train/0003/ex04_enunciated_00232,0,0,1,0,0,0
train/0003/ex04_enunciated_00233,0,0,1,0,0,0
train/0003/ex04_enunciated_00234,0,0,1,0,0,0
train/0003/ex04_enunciated_00235,0,0,1,0,0,0
train/0003/ex04_enunciated_00236,0,0,1,0,0,0
train/0003/ex04_enunciated_00237,0,0,1,0,0,0
train/0003/ex04_enunciated_00238,0,0,1,0,0,0
train/0003/ex04_enunciated_00239,0,0,1,0,0,0
train/0003/ex04_enunciated_00240,0,0,1,0,0,0
train/0003/ex04_enunciated_00241,0,0,1,0,0,0
train/0003/ex04_enunciated_00242,0,0,1,0,0,0
train/0003/ex04_enunciated_00243,0,0,1,0,0,0
train/0003/ex04_enunciated_00244,0,0,1,0,0,0
train/0003/ex04_enunciated_00245,0,0,1,0,0,0
train/0003/ex04_enunciated_00246,0,0,1,0,0,0
train/0003/ex04_enunciated_00247,0,0,1,0,0,0
train/0003/ex04_enunciated_00248,0,0,1,0,0,0
train/0003/ex04_enunciated_00249,0,0,1,0,0,0
train/0003/ex04_enunciated_00250,0,0,1,0,0,0
train/0003/ex04_enunciated_00251,0,0,1,0,0,0
train/0003/ex04_enunciated_00252,0,0,1,0,0,0
train/0003/ex04_enunciated_00253,0,0,1,0,0,0
train/0003/ex04_enunciated_00254,0,0,1,0,0,0
train/0003/ex04_enunciated_00255,0,0,1,0,0,0
train/0003/ex04_enunciated_00256,0,0,1,0,0,0
train/0003/ex04_enunciated_00257,0,0,1,0,0,0
train/0003/ex04_enunciated_00258,0,0,1,0,0,0
train/0003/ex04_enunciated_00259,0,0,1,0,0,0
train/0003/ex04_enunciated_00260,0,0,1,0,0,0
train/0003/ex04_enunciated_00261,0,0,1,0,0,0
train/0003/ex04_enunciated_00262,0,0,1,0,0,0
train/0003/ex04_enunciated_00263,0,0,1,0,0,0
train/0003/ex04_enunciated_00264,0,0,1,0,0,0
train/0003/ex04_enunciated_00265,0,0,1,0,0,0
train/0003/ex04_enunciated_00266,0,0,1,0,0,0
train/0003/ex04_enunciated_00267,0,0,1,0,0,0
train/0003/ex04_enunciated_00268,0,0,1,0,0,0
train/0003/ex04_enunciated_00269,0,0,1,0,0,0
train/0003/ex04_enunciated_00270,0,0,1,0,0,0
train/0003/ex04_enunciated_00271,0,0,1,0,0,0
train/0003/ex04_enunciated_00272,0,0,1,0,0,0
train/0003/ex04_enunciated_00273,0,0,1,0,0,0
train/0003/ex04_enunciated_00274,0,0,1,0,0,0
train/0003/ex04_enunciated_00275,0,0,1,0,0,0
train/0003/ex04_enunciated_00276,0,0,1,0,0,0
train/0003/ex04_enunciated_00277,0,0,1,0,0,0
train/0003/ex04_enunciated_00278,0,0,1,0,0,0
train/0003/ex04_enunciated_00279,0,0,1,0,0,0
train/0003/ex04_enunciated_00280,0,0,1,0,0,0
train/0003/ex04_enunciated_00281,0,0,1,0,0,0
train/0003/ex04_enunciated_00282,0,0,1,0,0,0
train/0003/ex04_enunciated_00283,0,0,1,0,0,0
train/0003/ex04_enunciated_00284,0,0,1,0,0,0
train/0003/ex04_enunciated_00285,0,0,1,0,0,0
train/0003/ex04_enunciated_00286,0,0,1,0,0,0
train/0003/ex04_enunciated_00287,0,0,1,0,0,0
train/0003/ex04_enunciated_00288,0,0,1,0,0,0
train/0003/ex04_enunciated_00289,0,0,1,0,0,0
train/0003/ex04_enunciated_00290,0,0,1,0,0,0
train/0003/ex04_enunciated_00291,0,0,1,0,0,0
train/0003/ex04_enunciated_00292,0,0,1,0,0,0
train/0003/ex04_enunciated_00293,0,0,1,0,0,0
train/0003/ex04_enunciated_00294,0,0,1,0,0,0
train/0003/ex04_enunciated_00295,0,0,1,0,0,0
train/0003/ex04_enunciated_00296,0,0,1,0,0,0
train/0003/ex04_enunciated_00297,0,0,1,0,0,0
train/0003/ex04_enunciated_00298,0,0,1,0,0,0
train/0003/ex04_enunciated_00299,0,0,1,0,0,0
train/0003/ex04_enunciated_00300,0,0,1,0,0,0
train/0003/ex04_enunciated_00301,0,0,1,0,0,0
train/0003/ex04_enunciated_00302,0,0,1,0,0,0
train/0003/ex04_enunciated_00303,0,0,1,0,0,0
train/0003/ex04_enunciated_00304,0,0,1,0,0,0
train/0003/ex04_enunciated_00305,0,0,1,0,0,0
train/0003/ex04_enunciated_00306,0,0,1,0,0,0
train/0003/ex04_enunciated_00307,0,0,1,0,0,0
train/0003/ex04_enunciated_00308,0,0,1,0,0,0
train/0003/ex04_enunciated_00309,0,0,1,0,0,0
train/0003/ex04_enunciated_00310,0,0,1,0,0,0
train/0003/ex04_enunciated_00311,0,0,1,0,0,0
train/0003/ex04_enunciated_00312,0,0,1,0,0,0
train/0003/ex04_enunciated_00313,0,0,1,0,0,0
train/0003/ex04_enunciated_00314,0,0,1,0,0,0
train/0003/ex04_enunciated_00315,0,0,1,0,0,0
train/0003/ex04_enunciated_00316,0,0,1,0,0,0
train/0003/ex04_enunciated_00317,0,0,1,0,0,0
train/0003/ex04_enunciated_00318,0,0,1,0,0,0
train/0003/ex04_enunciated_00319,0,0,1,0,0,0
train/0003/ex04_enunciated_00320,0,0,1,0,0,0
train/0003/ex04_enunciated_00321,0,0,1,0,0,0
train/0003/ex04_enunciated_00322,0,0,1,0,0,0
train/0003/ex04_enunciated_00323,0,0,1,0,0,0
train/0003/ex04_enunciated_00324,0,0,1,0,0,0
train/0003/ex04_enunciated_00325,0,0,1,0,0,0
train/0003/ex04_enunciated_00326,0,0,1,0,0,0
train/0003/ex04_enunciated_00327,0,0,1,0,0,0
train/0003/ex04_enunciated_00328,0,0,1,0,0,0
train/0003/ex04_enunciated_00329,0,0,1,0,0,0
train/0003/ex04_enunciated_00330,0,0,1,0,0,0
train/0003/ex04_enunciated_00331,0,0,1,0,0,0
train/0003/ex04_enunciated_00332,0,0,1,0,0,0
train/0003/ex04_enunciated_00333,0,0,1,0,0,0
train/0003/ex04_enunciated_00334,0,0,1,0,0,0
train/0003/ex04_enunciated_00335,0,0,1,0,0,0
train/0003/ex04_enunciated_00336,0,0,1,0,0,0
train/0003/ex04_enunciated_00337,0,0,1,0,0,0
train/0003/ex04_enunciated_00338,0,0,1,0,0,0
train/0003/ex04_enunciated_00339,0,0,1,0,0,0
train/0003/ex04_enunciated_00340,0,0,1,0,0,0
train/0003/ex04_enunciated_00341,0,0,1,0,0,0
train/0003/ex04_enunciated_00342,0,0,1,0,0,0
train/0003/ex04_enunciated_00343,0,0,1,0,0,0
train/0003/ex04_enunciated_00344,0,0,1,0,0,0
train/0003/ex04_enunciated_00345,0,0,1,0,0,0
train/0003/ex04_enunciated_00346,0,0,1,0,0,0
train/0003/ex04_enunciated_00347,0,0,1,0,0,0
train/0003/ex04_enunciated_00348,0,0,1,0,0,0
train/0003/ex04_enunciated_00349,0,0,1,0,0,0
train/0003/ex04_enunciated_00350,0,0,1,0,0,0
train/0003/ex04_enunciated_00351,0,0,1,0,0,0
train/0003/ex04_enunciated_00352,0,0,1,0,0,0
train/0003/ex04_enunciated_00353,0,0,1,0,0,0
train/0003/ex04_enunciated_00354,0,0,1,0,0,0
train/0003/ex04_enunciated_00355,0,0,1,0,0,0
train/0003/ex04_enunciated_00356,0,0,1,0,0,0
dev/0003/ex04_enunciated_00357,0,0,1,0,0,0
dev/0003/ex04_enunciated_00358,0,0,1,0,0,0
dev/0003/ex04_enunciated_00359,0,0,1,0,0,0
dev/0003/ex04_enunciated_00360,0,0,1,0,0,0
dev/0003/ex04_enunciated_00361,0,0,1,0,0,0
dev/0003/ex04_enunciated_00362,0,0,1,0,0,0
dev/0003/ex04_enunciated_00363,0,0,1,0,0,0
dev/0003/ex04_enunciated_00364,0,0,1,0,0,0
dev/0003/ex04_enunciated_00365,0,0,1,0,0,0
dev/0003/ex04_enunciated_00366,0,0,1,0,0,0
dev/0003/ex04_enunciated_00367,0,0,1,0,0,0
dev/0003/ex04_enunciated_00368,0,0,1,0,0,0
dev/0003/ex04_enunciated_00369,0,0,1,0,0,0
test/0003/ex04_enunciated_00370,0,0,1,0,0,0
test/0003/ex04_enunciated_00371,0,0,1,0,0,0
test/0003/ex04_enunciated_00372,0,0,1,0,0,0
test/0003/ex04_enunciated_00373,0,0,1,0,0,0
test/0003/ex04_enunciated_00374,0,0,1,0,0,0
test/0003/ex04_enunciated_00375,0,0,1,0,0,0
test/0003/ex04_enunciated_00376,0,0,1,0,0,0
test/0003/ex04_enunciated_00377,0,0,1,0,0,0
test/0003/ex04_enunciated_00378,0,0,1,0,0,0
test/0003/ex04_enunciated_00379,0,0,1,0,0,0
test/0003/ex04_enunciated_00380,0,0,1,0,0,0
train/0003/ex04_happy_00001,0,0,0,1,0,0
train/0003/ex04_happy_00002,0,0,0,1,0,0
train/0003/ex04_happy_00003,0,0,0,1,0,0
train/0003/ex04_happy_00004,0,0,0,1,0,0
train/0003/ex04_happy_00005,0,0,0,1,0,0
train/0003/ex04_happy_00006,0,0,0,1,0,0
train/0003/ex04_happy_00007,0,0,0,1,0,0
train/0003/ex04_happy_00008,0,0,0,1,0,0
train/0003/ex04_happy_00009,0,0,0,1,0,0
train/0003/ex04_happy_00010,0,0,0,1,0,0
train/0003/ex04_happy_00011,0,0,0,1,0,0
train/0003/ex04_happy_00012,0,0,0,1,0,0
train/0003/ex04_happy_00013,0,0,0,1,0,0
train/0003/ex04_happy_00014,0,0,0,1,0,0
train/0003/ex04_happy_00015,0,0,0,1,0,0
train/0003/ex04_happy_00016,0,0,0,1,0,0
train/0003/ex04_happy_00017,0,0,0,1,0,0
train/0003/ex04_happy_00018,0,0,0,1,0,0
train/0003/ex04_happy_00019,0,0,0,1,0,0
train/0003/ex04_happy_00020,0,0,0,1,0,0
train/0003/ex04_happy_00021,0,0,0,1,0,0
train/0003/ex04_happy_00022,0,0,0,1,0,0
train/0003/ex04_happy_00023,0,0,0,1,0,0
train/0003/ex04_happy_00024,0,0,0,1,0,0
train/0003/ex04_happy_00025,0,0,0,1,0,0
train/0003/ex04_happy_00026,0,0,0,1,0,0
train/0003/ex04_happy_00027,0,0,0,1,0,0
train/0003/ex04_happy_00028,0,0,0,1,0,0
train/0003/ex04_happy_00029,0,0,0,1,0,0
train/0003/ex04_happy_00030,0,0,0,1,0,0
train/0003/ex04_happy_00031,0,0,0,1,0,0
train/0003/ex04_happy_00032,0,0,0,1,0,0
train/0003/ex04_happy_00033,0,0,0,1,0,0
train/0003/ex04_happy_00034,0,0,0,1,0,0
train/0003/ex04_happy_00035,0,0,0,1,0,0
train/0003/ex04_happy_00036,0,0,0,1,0,0
train/0003/ex04_happy_00037,0,0,0,1,0,0
train/0003/ex04_happy_00038,0,0,0,1,0,0
train/0003/ex04_happy_00039,0,0,0,1,0,0
train/0003/ex04_happy_00040,0,0,0,1,0,0
train/0003/ex04_happy_00041,0,0,0,1,0,0
train/0003/ex04_happy_00042,0,0,0,1,0,0
train/0003/ex04_happy_00043,0,0,0,1,0,0
train/0003/ex04_happy_00044,0,0,0,1,0,0
train/0003/ex04_happy_00045,0,0,0,1,0,0
train/0003/ex04_happy_00046,0,0,0,1,0,0
train/0003/ex04_happy_00047,0,0,0,1,0,0
train/0003/ex04_happy_00048,0,0,0,1,0,0
train/0003/ex04_happy_00049,0,0,0,1,0,0
train/0003/ex04_happy_00050,0,0,0,1,0,0
train/0003/ex04_happy_00051,0,0,0,1,0,0
train/0003/ex04_happy_00052,0,0,0,1,0,0
train/0003/ex04_happy_00053,0,0,0,1,0,0
train/0003/ex04_happy_00054,0,0,0,1,0,0
train/0003/ex04_happy_00055,0,0,0,1,0,0
train/0003/ex04_happy_00056,0,0,0,1,0,0
train/0003/ex04_happy_00057,0,0,0,1,0,0
train/0003/ex04_happy_00058,0,0,0,1,0,0
train/0003/ex04_happy_00059,0,0,0,1,0,0
train/0003/ex04_happy_00060,0,0,0,1,0,0
train/0003/ex04_happy_00061,0,0,0,1,0,0
train/0003/ex04_happy_00062,0,0,0,1,0,0
train/0003/ex04_happy_00063,0,0,0,1,0,0
train/0003/ex04_happy_00064,0,0,0,1,0,0
train/0003/ex04_happy_00065,0,0,0,1,0,0
train/0003/ex04_happy_00066,0,0,0,1,0,0
train/0003/ex04_happy_00067,0,0,0,1,0,0
train/0003/ex04_happy_00068,0,0,0,1,0,0
train/0003/ex04_happy_00069,0,0,0,1,0,0
train/0003/ex04_happy_00070,0,0,0,1,0,0
train/0003/ex04_happy_00071,0,0,0,1,0,0
train/0003/ex04_happy_00072,0,0,0,1,0,0
train/0003/ex04_happy_00073,0,0,0,1,0,0
train/0003/ex04_happy_00074,0,0,0,1,0,0
train/0003/ex04_happy_00075,0,0,0,1,0,0
train/0003/ex04_happy_00076,0,0,0,1,0,0
train/0003/ex04_happy_00077,0,0,0,1,0,0
train/0003/ex04_happy_00078,0,0,0,1,0,0
train/0003/ex04_happy_00079,0,0,0,1,0,0
train/0003/ex04_happy_00080,0,0,0,1,0,0
train/0003/ex04_happy_00081,0,0,0,1,0,0
train/0003/ex04_happy_00082,0,0,0,1,0,0
train/0003/ex04_happy_00083,0,0,0,1,0,0
train/0003/ex04_happy_00084,0,0,0,1,0,0
train/0003/ex04_happy_00085,0,0,0,1,0,0
train/0003/ex04_happy_00086,0,0,0,1,0,0
train/0003/ex04_happy_00087,0,0,0,1,0,0
train/0003/ex04_happy_00088,0,0,0,1,0,0
train/0003/ex04_happy_00089,0,0,0,1,0,0
train/0003/ex04_happy_00090,0,0,0,1,0,0
train/0003/ex04_happy_00091,0,0,0,1,0,0
train/0003/ex04_happy_00092,0,0,0,1,0,0
train/0003/ex04_happy_00093,0,0,0,1,0,0
train/0003/ex04_happy_00094,0,0,0,1,0,0
train/0003/ex04_happy_00095,0,0,0,1,0,0
train/0003/ex04_happy_00096,0,0,0,1,0,0
train/0003/ex04_happy_00097,0,0,0,1,0,0
train/0003/ex04_happy_00098,0,0,0,1,0,0
train/0003/ex04_happy_00099,0,0,0,1,0,0
train/0003/ex04_happy_00100,0,0,0,1,0,0
train/0003/ex04_happy_00101,0,0,0,1,0,0
train/0003/ex04_happy_00102,0,0,0,1,0,0
train/0003/ex04_happy_00103,0,0,0,1,0,0
train/0003/ex04_happy_00104,0,0,0,1,0,0
train/0003/ex04_happy_00105,0,0,0,1,0,0
train/0003/ex04_happy_00106,0,0,0,1,0,0
train/0003/ex04_happy_00107,0,0,0,1,0,0
train/0003/ex04_happy_00108,0,0,0,1,0,0
train/0003/ex04_happy_00109,0,0,0,1,0,0
train/0003/ex04_happy_00110,0,0,0,1,0,0
train/0003/ex04_happy_00111,0,0,0,1,0,0
train/0003/ex04_happy_00112,0,0,0,1,0,0
train/0003/ex04_happy_00113,0,0,0,1,0,0
train/0003/ex04_happy_00114,0,0,0,1,0,0
train/0003/ex04_happy_00115,0,0,0,1,0,0
train/0003/ex04_happy_00116,0,0,0,1,0,0
train/0003/ex04_happy_00117,0,0,0,1,0,0
train/0003/ex04_happy_00118,0,0,0,1,0,0
train/0003/ex04_happy_00119,0,0,0,1,0,0
train/0003/ex04_happy_00120,0,0,0,1,0,0
train/0003/ex04_happy_00121,0,0,0,1,0,0
train/0003/ex04_happy_00122,0,0,0,1,0,0
train/0003/ex04_happy_00123,0,0,0,1,0,0
train/0003/ex04_happy_00124,0,0,0,1,0,0
train/0003/ex04_happy_00125,0,0,0,1,0,0
train/0003/ex04_happy_00126,0,0,0,1,0,0
train/0003/ex04_happy_00127,0,0,0,1,0,0
train/0003/ex04_happy_00128,0,0,0,1,0,0
train/0003/ex04_happy_00129,0,0,0,1,0,0
train/0003/ex04_happy_00130,0,0,0,1,0,0
train/0003/ex04_happy_00131,0,0,0,1,0,0
train/0003/ex04_happy_00132,0,0,0,1,0,0
train/0003/ex04_happy_00133,0,0,0,1,0,0
train/0003/ex04_happy_00134,0,0,0,1,0,0
train/0003/ex04_happy_00135,0,0,0,1,0,0
train/0003/ex04_happy_00136,0,0,0,1,0,0
train/0003/ex04_happy_00137,0,0,0,1,0,0
train/0003/ex04_happy_00138,0,0,0,1,0,0
train/0003/ex04_happy_00139,0,0,0,1,0,0
train/0003/ex04_happy_00140,0,0,0,1,0,0
train/0003/ex04_happy_00141,0,0,0,1,0,0
train/0003/ex04_happy_00142,0,0,0,1,0,0
train/0003/ex04_happy_00143,0,0,0,1,0,0
train/0003/ex04_happy_00144,0,0,0,1,0,0
train/0003/ex04_happy_00145,0,0,0,1,0,0
train/0003/ex04_happy_00146,0,0,0,1,0,0
train/0003/ex04_happy_00147,0,0,0,1,0,0
train/0003/ex04_happy_00148,0,0,0,1,0,0
train/0003/ex04_happy_00149,0,0,0,1,0,0
train/0003/ex04_happy_00150,0,0,0,1,0,0
train/0003/ex04_happy_00151,0,0,0,1,0,0
train/0003/ex04_happy_00152,0,0,0,1,0,0
train/0003/ex04_happy_00153,0,0,0,1,0,0
train/0003/ex04_happy_00154,0,0,0,1,0,0
train/0003/ex04_happy_00155,0,0,0,1,0,0
train/0003/ex04_happy_00156,0,0,0,1,0,0
train/0003/ex04_happy_00157,0,0,0,1,0,0
train/0003/ex04_happy_00158,0,0,0,1,0,0
train/0003/ex04_happy_00159,0,0,0,1,0,0
train/0003/ex04_happy_00160,0,0,0,1,0,0
train/0003/ex04_happy_00161,0,0,0,1,0,0
train/0003/ex04_happy_00162,0,0,0,1,0,0
train/0003/ex04_happy_00163,0,0,0,1,0,0
train/0003/ex04_happy_00164,0,0,0,1,0,0
train/0003/ex04_happy_00165,0,0,0,1,0,0
train/0003/ex04_happy_00166,0,0,0,1,0,0
train/0003/ex04_happy_00167,0,0,0,1,0,0
train/0003/ex04_happy_00168,0,0,0,1,0,0
train/0003/ex04_happy_00169,0,0,0,1,0,0
train/0003/ex04_happy_00170,0,0,0,1,0,0
train/0003/ex04_happy_00171,0,0,0,1,0,0
train/0003/ex04_happy_00172,0,0,0,1,0,0
train/0003/ex04_happy_00173,0,0,0,1,0,0
train/0003/ex04_happy_00174,0,0,0,1,0,0
train/0003/ex04_happy_00175,0,0,0,1,0,0
train/0003/ex04_happy_00176,0,0,0,1,0,0
train/0003/ex04_happy_00177,0,0,0,1,0,0
train/0003/ex04_happy_00178,0,0,0,1,0,0
train/0003/ex04_happy_00179,0,0,0,1,0,0
train/0003/ex04_happy_00180,0,0,0,1,0,0
train/0003/ex04_happy_00181,0,0,0,1,0,0
train/0003/ex04_happy_00182,0,0,0,1,0,0
train/0003/ex04_happy_00183,0,0,0,1,0,0
train/0003/ex04_happy_00184,0,0,0,1,0,0
train/0003/ex04_happy_00185,0,0,0,1,0,0
train/0003/ex04_happy_00186,0,0,0,1,0,0
train/0003/ex04_happy_00187,0,0,0,1,0,0
train/0003/ex04_happy_00188,0,0,0,1,0,0
train/0003/ex04_happy_00189,0,0,0,1,0,0
train/0003/ex04_happy_00190,0,0,0,1,0,0
train/0003/ex04_happy_00191,0,0,0,1,0,0
train/0003/ex04_happy_00192,0,0,0,1,0,0
train/0003/ex04_happy_00193,0,0,0,1,0,0
train/0003/ex04_happy_00194,0,0,0,1,0,0
train/0003/ex04_happy_00195,0,0,0,1,0,0
train/0003/ex04_happy_00196,0,0,0,1,0,0
train/0003/ex04_happy_00197,0,0,0,1,0,0
train/0003/ex04_happy_00198,0,0,0,1,0,0
train/0003/ex04_happy_00199,0,0,0,1,0,0
train/0003/ex04_happy_00200,0,0,0,1,0,0
train/0003/ex04_happy_00201,0,0,0,1,0,0
train/0003/ex04_happy_00202,0,0,0,1,0,0
train/0003/ex04_happy_00203,0,0,0,1,0,0
train/0003/ex04_happy_00204,0,0,0,1,0,0
train/0003/ex04_happy_00205,0,0,0,1,0,0
train/0003/ex04_happy_00206,0,0,0,1,0,0
train/0003/ex04_happy_00207,0,0,0,1,0,0
train/0003/ex04_happy_00208,0,0,0,1,0,0
train/0003/ex04_happy_00209,0,0,0,1,0,0
train/0003/ex04_happy_00210,0,0,0,1,0,0
train/0003/ex04_happy_00211,0,0,0,1,0,0
train/0003/ex04_happy_00212,0,0,0,1,0,0
train/0003/ex04_happy_00213,0,0,0,1,0,0
train/0003/ex04_happy_00214,0,0,0,1,0,0
train/0003/ex04_happy_00215,0,0,0,1,0,0
train/0003/ex04_happy_00216,0,0,0,1,0,0
train/0003/ex04_happy_00217,0,0,0,1,0,0
train/0003/ex04_happy_00218,0,0,0,1,0,0
train/0003/ex04_happy_00219,0,0,0,1,0,0
train/0003/ex04_happy_00220,0,0,0,1,0,0
train/0003/ex04_happy_00221,0,0,0,1,0,0
train/0003/ex04_happy_00222,0,0,0,1,0,0
train/0003/ex04_happy_00223,0,0,0,1,0,0
train/0003/ex04_happy_00224,0,0,0,1,0,0
train/0003/ex04_happy_00225,0,0,0,1,0,0
train/0003/ex04_happy_00226,0,0,0,1,0,0
train/0003/ex04_happy_00227,0,0,0,1,0,0
train/0003/ex04_happy_00228,0,0,0,1,0,0
train/0003/ex04_happy_00229,0,0,0,1,0,0
train/0003/ex04_happy_00230,0,0,0,1,0,0
train/0003/ex04_happy_00231,0,0,0,1,0,0
train/0003/ex04_happy_00232,0,0,0,1,0,0
train/0003/ex04_happy_00233,0,0,0,1,0,0
train/0003/ex04_happy_00234,0,0,0,1,0,0
train/0003/ex04_happy_00235,0,0,0,1,0,0
train/0003/ex04_happy_00236,0,0,0,1,0,0
train/0003/ex04_happy_00237,0,0,0,1,0,0
train/0003/ex04_happy_00238,0,0,0,1,0,0
train/0003/ex04_happy_00239,0,0,0,1,0,0
train/0003/ex04_happy_00240,0,0,0,1,0,0
train/0003/ex04_happy_00241,0,0,0,1,0,0
train/0003/ex04_happy_00242,0,0,0,1,0,0
train/0003/ex04_happy_00243,0,0,0,1,0,0
train/0003/ex04_happy_00244,0,0,0,1,0,0
train/0003/ex04_happy_00245,0,0,0,1,0,0
train/0003/ex04_happy_00246,0,0,0,1,0,0
train/0003/ex04_happy_00247,0,0,0,1,0,0
train/0003/ex04_happy_00248,0,0,0,1,0,0
train/0003/ex04_happy_00249,0,0,0,1,0,0
train/0003/ex04_happy_00250,0,0,0,1,0,0
train/0003/ex04_happy_00251,0,0,0,1,0,0
train/0003/ex04_happy_00252,0,0,0,1,0,0
train/0003/ex04_happy_00253,0,0,0,1,0,0
train/0003/ex04_happy_00254,0,0,0,1,0,0
train/0003/ex04_happy_00255,0,0,0,1,0,0
train/0003/ex04_happy_00256,0,0,0,1,0,0
train/0003/ex04_happy_00257,0,0,0,1,0,0
train/0003/ex04_happy_00258,0,0,0,1,0,0
train/0003/ex04_happy_00259,0,0,0,1,0,0
train/0003/ex04_happy_00260,0,0,0,1,0,0
train/0003/ex04_happy_00261,0,0,0,1,0,0
train/0003/ex04_happy_00262,0,0,0,1,0,0
train/0003/ex04_happy_00263,0,0,0,1,0,0
train/0003/ex04_happy_00264,0,0,0,1,0,0
train/0003/ex04_happy_00265,0,0,0,1,0,0
train/0003/ex04_happy_00266,0,0,0,1,0,0
train/0003/ex04_happy_00267,0,0,0,1,0,0
train/0003/ex04_happy_00268,0,0,0,1,0,0
train/0003/ex04_happy_00269,0,0,0,1,0,0
train/0003/ex04_happy_00270,0,0,0,1,0,0
train/0003/ex04_happy_00271,0,0,0,1,0,0
train/0003/ex04_happy_00272,0,0,0,1,0,0
train/0003/ex04_happy_00273,0,0,0,1,0,0
train/0003/ex04_happy_00274,0,0,0,1,0,0
train/0003/ex04_happy_00275,0,0,0,1,0,0
train/0003/ex04_happy_00276,0,0,0,1,0,0
train/0003/ex04_happy_00277,0,0,0,1,0,0
train/0003/ex04_happy_00278,0,0,0,1,0,0
train/0003/ex04_happy_00279,0,0,0,1,0,0
train/0003/ex04_happy_00280,0,0,0,1,0,0
train/0003/ex04_happy_00281,0,0,0,1,0,0
train/0003/ex04_happy_00282,0,0,0,1,0,0
train/0003/ex04_happy_00283,0,0,0,1,0,0
train/0003/ex04_happy_00284,0,0,0,1,0,0
train/0003/ex04_happy_00285,0,0,0,1,0,0
train/0003/ex04_happy_00286,0,0,0,1,0,0
train/0003/ex04_happy_00287,0,0,0,1,0,0
train/0003/ex04_happy_00288,0,0,0,1,0,0
train/0003/ex04_happy_00289,0,0,0,1,0,0
train/0003/ex04_happy_00290,0,0,0,1,0,0
train/0003/ex04_happy_00291,0,0,0,1,0,0
train/0003/ex04_happy_00292,0,0,0,1,0,0
train/0003/ex04_happy_00293,0,0,0,1,0,0
train/0003/ex04_happy_00294,0,0,0,1,0,0
train/0003/ex04_happy_00295,0,0,0,1,0,0
train/0003/ex04_happy_00296,0,0,0,1,0,0
train/0003/ex04_happy_00297,0,0,0,1,0,0
train/0003/ex04_happy_00298,0,0,0,1,0,0
train/0003/ex04_happy_00299,0,0,0,1,0,0
train/0003/ex04_happy_00300,0,0,0,1,0,0
train/0003/ex04_happy_00301,0,0,0,1,0,0
train/0003/ex04_happy_00302,0,0,0,1,0,0
train/0003/ex04_happy_00303,0,0,0,1,0,0
train/0003/ex04_happy_00304,0,0,0,1,0,0
train/0003/ex04_happy_00305,0,0,0,1,0,0
train/0003/ex04_happy_00306,0,0,0,1,0,0
train/0003/ex04_happy_00307,0,0,0,1,0,0
train/0003/ex04_happy_00308,0,0,0,1,0,0
train/0003/ex04_happy_00309,0,0,0,1,0,0
train/0003/ex04_happy_00310,0,0,0,1,0,0
train/0003/ex04_happy_00311,0,0,0,1,0,0
train/0003/ex04_happy_00312,0,0,0,1,0,0
train/0003/ex04_happy_00313,0,0,0,1,0,0
train/0003/ex04_happy_00314,0,0,0,1,0,0
train/0003/ex04_happy_00315,0,0,0,1,0,0
train/0003/ex04_happy_00316,0,0,0,1,0,0
train/0003/ex04_happy_00317,0,0,0,1,0,0
train/0003/ex04_happy_00318,0,0,0,1,0,0
train/0003/ex04_happy_00319,0,0,0,1,0,0
train/0003/ex04_happy_00320,0,0,0,1,0,0
train/0003/ex04_happy_00321,0,0,0,1,0,0
train/0003/ex04_happy_00322,0,0,0,1,0,0
train/0003/ex04_happy_00323,0,0,0,1,0,0
train/0003/ex04_happy_00324,0,0,0,1,0,0
train/0003/ex04_happy_00325,0,0,0,1,0,0
train/0003/ex04_happy_00326,0,0,0,1,0,0
train/0003/ex04_happy_00327,0,0,0,1,0,0
train/0003/ex04_happy_00328,0,0,0,1,0,0
train/0003/ex04_happy_00329,0,0,0,1,0,0
train/0003/ex04_happy_00330,0,0,0,1,0,0
train/0003/ex04_happy_00331,0,0,0,1,0,0
train/0003/ex04_happy_00332,0,0,0,1,0,0
train/0003/ex04_happy_00333,0,0,0,1,0,0
train/0003/ex04_happy_00334,0,0,0,1,0,0
train/0003/ex04_happy_00335,0,0,0,1,0,0
train/0003/ex04_happy_00336,0,0,0,1,0,0
train/0003/ex04_happy_00337,0,0,0,1,0,0
train/0003/ex04_happy_00338,0,0,0,1,0,0
train/0003/ex04_happy_00339,0,0,0,1,0,0
dev/0003/ex04_happy_00340,0,0,0,1,0,0
dev/0003/ex04_happy_00341,0,0,0,1,0,0
dev/0003/ex04_happy_00342,0,0,0,1,0,0
dev/0003/ex04_happy_00343,0,0,0,1,0,0
dev/0003/ex04_happy_00344,0,0,0,1,0,0
dev/0003/ex04_happy_00345,0,0,0,1,0,0
dev/0003/ex04_happy_00346,0,0,0,1,0,0
dev/0003/ex04_happy_00347,0,0,0,1,0,0
dev/0003/ex04_happy_00348,0,0,0,1,0,0
dev/0003/ex04_happy_00349,0,0,0,1,0,0
dev/0003/ex04_happy_00350,0,0,0,1,0,0
dev/0003/ex04_happy_00351,0,0,0,1,0,0
dev/0003/ex04_happy_00352,0,0,0,1,0,0
dev/0003/ex04_happy_00353,0,0,0,1,0,0
dev/0003/ex04_happy_00354,0,0,0,1,0,0
dev/0003/ex04_happy_00355,0,0,0,1,0,0
dev/0003/ex04_happy_00356,0,0,0,1,0,0
dev/0003/ex04_happy_00357,0,0,0,1,0,0
dev/0003/ex04_happy_00358,0,0,0,1,0,0
dev/0003/ex04_happy_00359,0,0,0,1,0,0
dev/0003/ex04_happy_00360,0,0,0,1,0,0
dev/0003/ex04_happy_00361,0,0,0,1,0,0
dev/0003/ex04_happy_00362,0,0,0,1,0,0
test/0003/ex04_happy_00363,0,0,0,1,0,0
test/0003/ex04_happy_00364,0,0,0,1,0,0
test/0003/ex04_happy_00365,0,0,0,1,0,0
test/0003/ex04_happy_00366,0,0,0,1,0,0
test/0003/ex04_happy_00367,0,0,0,1,0,0
test/0003/ex04_happy_00368,0,0,0,1,0,0
test/0003/ex04_happy_00369,0,0,0,1,0,0
test/0003/ex04_happy_00370,0,0,0,1,0,0
test/0003/ex04_happy_00371,0,0,0,1,0,0
test/0003/ex04_happy_00372,0,0,0,1,0,0
test/0003/ex04_happy_00373,0,0,0,1,0,0
test/0003/ex04_happy_00374,0,0,0,1,0,0
test/0003/ex04_happy_00375,0,0,0,1,0,0
test/0003/ex04_happy_00376,0,0,0,1,0,0
test/0003/ex04_happy_00377,0,0,0,1,0,0
test/0003/ex04_happy_00378,0,0,0,1,0,0
test/0003/ex04_happy_00379,0,0,0,1,0,0
test/0003/ex04_happy_00380,0,0,0,1,0,0
train/0003/ex04_laughing_00001,0,0,0,0,1,0
train/0003/ex04_laughing_00002,0,0,0,0,1,0
train/0003/ex04_laughing_00003,0,0,0,0,1,0
train/0003/ex04_laughing_00004,0,0,0,0,1,0
train/0003/ex04_laughing_00005,0,0,0,0,1,0
train/0003/ex04_laughing_00006,0,0,0,0,1,0
train/0003/ex04_laughing_00007,0,0,0,0,1,0
train/0003/ex04_laughing_00008,0,0,0,0,1,0
train/0003/ex04_laughing_00009,0,0,0,0,1,0
train/0003/ex04_laughing_00010,0,0,0,0,1,0
train/0003/ex04_laughing_00011,0,0,0,0,1,0
train/0003/ex04_laughing_00012,0,0,0,0,1,0
train/0003/ex04_laughing_00013,0,0,0,0,1,0
train/0003/ex04_laughing_00014,0,0,0,0,1,0
train/0003/ex04_laughing_00015,0,0,0,0,1,0
train/0003/ex04_laughing_00016,0,0,0,0,1,0
train/0003/ex04_laughing_00017,0,0,0,0,1,0
train/0003/ex04_laughing_00018,0,0,0,0,1,0
train/0003/ex04_laughing_00019,0,0,0,0,1,0
train/0003/ex04_laughing_00020,0,0,0,0,1,0
train/0003/ex04_laughing_00021,0,0,0,0,1,0
train/0003/ex04_laughing_00022,0,0,0,0,1,0
train/0003/ex04_laughing_00023,0,0,0,0,1,0
train/0003/ex04_laughing_00024,0,0,0,0,1,0
train/0003/ex04_laughing_00025,0,0,0,0,1,0
train/0003/ex04_laughing_00026,0,0,0,0,1,0
train/0003/ex04_laughing_00027,0,0,0,0,1,0
train/0003/ex04_laughing_00028,0,0,0,0,1,0
train/0003/ex04_laughing_00029,0,0,0,0,1,0
train/0003/ex04_laughing_00030,0,0,0,0,1,0
train/0003/ex04_laughing_00031,0,0,0,0,1,0
train/0003/ex04_laughing_00032,0,0,0,0,1,0
train/0003/ex04_laughing_00033,0,0,0,0,1,0
train/0003/ex04_laughing_00034,0,0,0,0,1,0
train/0003/ex04_laughing_00035,0,0,0,0,1,0
train/0003/ex04_laughing_00036,0,0,0,0,1,0
train/0003/ex04_laughing_00037,0,0,0,0,1,0
train/0003/ex04_laughing_00038,0,0,0,0,1,0
train/0003/ex04_laughing_00039,0,0,0,0,1,0
train/0003/ex04_laughing_00040,0,0,0,0,1,0
train/0003/ex04_laughing_00041,0,0,0,0,1,0
train/0003/ex04_laughing_00042,0,0,0,0,1,0
train/0003/ex04_laughing_00043,0,0,0,0,1,0
train/0003/ex04_laughing_00044,0,0,0,0,1,0
train/0003/ex04_laughing_00045,0,0,0,0,1,0
train/0003/ex04_laughing_00046,0,0,0,0,1,0
train/0003/ex04_laughing_00047,0,0,0,0,1,0
train/0003/ex04_laughing_00048,0,0,0,0,1,0
train/0003/ex04_laughing_00049,0,0,0,0,1,0
train/0003/ex04_laughing_00050,0,0,0,0,1,0
train/0003/ex04_laughing_00051,0,0,0,0,1,0
train/0003/ex04_laughing_00052,0,0,0,0,1,0
train/0003/ex04_laughing_00053,0,0,0,0,1,0
train/0003/ex04_laughing_00054,0,0,0,0,1,0
train/0003/ex04_laughing_00055,0,0,0,0,1,0
train/0003/ex04_laughing_00056,0,0,0,0,1,0
train/0003/ex04_laughing_00057,0,0,0,0,1,0
train/0003/ex04_laughing_00058,0,0,0,0,1,0
train/0003/ex04_laughing_00059,0,0,0,0,1,0
train/0003/ex04_laughing_00060,0,0,0,0,1,0
train/0003/ex04_laughing_00061,0,0,0,0,1,0
train/0003/ex04_laughing_00062,0,0,0,0,1,0
train/0003/ex04_laughing_00063,0,0,0,0,1,0
train/0003/ex04_laughing_00064,0,0,0,0,1,0
train/0003/ex04_laughing_00065,0,0,0,0,1,0
train/0003/ex04_laughing_00066,0,0,0,0,1,0
train/0003/ex04_laughing_00067,0,0,0,0,1,0
train/0003/ex04_laughing_00068,0,0,0,0,1,0
train/0003/ex04_laughing_00069,0,0,0,0,1,0
train/0003/ex04_laughing_00070,0,0,0,0,1,0
train/0003/ex04_laughing_00071,0,0,0,0,1,0
train/0003/ex04_laughing_00072,0,0,0,0,1,0
train/0003/ex04_laughing_00073,0,0,0,0,1,0
train/0003/ex04_laughing_00074,0,0,0,0,1,0
train/0003/ex04_laughing_00075,0,0,0,0,1,0
train/0003/ex04_laughing_00076,0,0,0,0,1,0
train/0003/ex04_laughing_00077,0,0,0,0,1,0
train/0003/ex04_laughing_00078,0,0,0,0,1,0
train/0003/ex04_laughing_00079,0,0,0,0,1,0
train/0003/ex04_laughing_00080,0,0,0,0,1,0
train/0003/ex04_laughing_00081,0,0,0,0,1,0
train/0003/ex04_laughing_00082,0,0,0,0,1,0
train/0003/ex04_laughing_00083,0,0,0,0,1,0
train/0003/ex04_laughing_00084,0,0,0,0,1,0
train/0003/ex04_laughing_00085,0,0,0,0,1,0
train/0003/ex04_laughing_00086,0,0,0,0,1,0
train/0003/ex04_laughing_00087,0,0,0,0,1,0
train/0003/ex04_laughing_00088,0,0,0,0,1,0
train/0003/ex04_laughing_00089,0,0,0,0,1,0
train/0003/ex04_laughing_00090,0,0,0,0,1,0
train/0003/ex04_laughing_00091,0,0,0,0,1,0
train/0003/ex04_laughing_00092,0,0,0,0,1,0
train/0003/ex04_laughing_00093,0,0,0,0,1,0
train/0003/ex04_laughing_00094,0,0,0,0,1,0
train/0003/ex04_laughing_00095,0,0,0,0,1,0
train/0003/ex04_laughing_00096,0,0,0,0,1,0
train/0003/ex04_laughing_00097,0,0,0,0,1,0
train/0003/ex04_laughing_00098,0,0,0,0,1,0
train/0003/ex04_laughing_00099,0,0,0,0,1,0
train/0003/ex04_laughing_00100,0,0,0,0,1,0
train/0003/ex04_laughing_00101,0,0,0,0,1,0
train/0003/ex04_laughing_00102,0,0,0,0,1,0
train/0003/ex04_laughing_00103,0,0,0,0,1,0
train/0003/ex04_laughing_00104,0,0,0,0,1,0
train/0003/ex04_laughing_00105,0,0,0,0,1,0
train/0003/ex04_laughing_00106,0,0,0,0,1,0
train/0003/ex04_laughing_00107,0,0,0,0,1,0
train/0003/ex04_laughing_00108,0,0,0,0,1,0
train/0003/ex04_laughing_00109,0,0,0,0,1,0
train/0003/ex04_laughing_00110,0,0,0,0,1,0
train/0003/ex04_laughing_00111,0,0,0,0,1,0
train/0003/ex04_laughing_00112,0,0,0,0,1,0
train/0003/ex04_laughing_00113,0,0,0,0,1,0
train/0003/ex04_laughing_00114,0,0,0,0,1,0
train/0003/ex04_laughing_00115,0,0,0,0,1,0
train/0003/ex04_laughing_00116,0,0,0,0,1,0
train/0003/ex04_laughing_00117,0,0,0,0,1,0
train/0003/ex04_laughing_00118,0,0,0,0,1,0
train/0003/ex04_laughing_00119,0,0,0,0,1,0
train/0003/ex04_laughing_00120,0,0,0,0,1,0
train/0003/ex04_laughing_00121,0,0,0,0,1,0
train/0003/ex04_laughing_00122,0,0,0,0,1,0
train/0003/ex04_laughing_00123,0,0,0,0,1,0
train/0003/ex04_laughing_00124,0,0,0,0,1,0
train/0003/ex04_laughing_00125,0,0,0,0,1,0
train/0003/ex04_laughing_00126,0,0,0,0,1,0
train/0003/ex04_laughing_00127,0,0,0,0,1,0
train/0003/ex04_laughing_00128,0,0,0,0,1,0
train/0003/ex04_laughing_00129,0,0,0,0,1,0
train/0003/ex04_laughing_00130,0,0,0,0,1,0
train/0003/ex04_laughing_00131,0,0,0,0,1,0
train/0003/ex04_laughing_00132,0,0,0,0,1,0
train/0003/ex04_laughing_00133,0,0,0,0,1,0
train/0003/ex04_laughing_00134,0,0,0,0,1,0
train/0003/ex04_laughing_00135,0,0,0,0,1,0
train/0003/ex04_laughing_00136,0,0,0,0,1,0
train/0003/ex04_laughing_00137,0,0,0,0,1,0
train/0003/ex04_laughing_00138,0,0,0,0,1,0
train/0003/ex04_laughing_00139,0,0,0,0,1,0
train/0003/ex04_laughing_00140,0,0,0,0,1,0
train/0003/ex04_laughing_00141,0,0,0,0,1,0
train/0003/ex04_laughing_00142,0,0,0,0,1,0
train/0003/ex04_laughing_00143,0,0,0,0,1,0
train/0003/ex04_laughing_00144,0,0,0,0,1,0
train/0003/ex04_laughing_00145,0,0,0,0,1,0
train/0003/ex04_laughing_00146,0,0,0,0,1,0
train/0003/ex04_laughing_00147,0,0,0,0,1,0
train/0003/ex04_laughing_00148,0,0,0,0,1,0
train/0003/ex04_laughing_00149,0,0,0,0,1,0
train/0003/ex04_laughing_00150,0,0,0,0,1,0
train/0003/ex04_laughing_00151,0,0,0,0,1,0
train/0003/ex04_laughing_00152,0,0,0,0,1,0
train/0003/ex04_laughing_00153,0,0,0,0,1,0
train/0003/ex04_laughing_00154,0,0,0,0,1,0
train/0003/ex04_laughing_00155,0,0,0,0,1,0
train/0003/ex04_laughing_00156,0,0,0,0,1,0
train/0003/ex04_laughing_00157,0,0,0,0,1,0
train/0003/ex04_laughing_00158,0,0,0,0,1,0
train/0003/ex04_laughing_00159,0,0,0,0,1,0
train/0003/ex04_laughing_00160,0,0,0,0,1,0
train/0003/ex04_laughing_00161,0,0,0,0,1,0
train/0003/ex04_laughing_00162,0,0,0,0,1,0
train/0003/ex04_laughing_00163,0,0,0,0,1,0
train/0003/ex04_laughing_00164,0,0,0,0,1,0
train/0003/ex04_laughing_00165,0,0,0,0,1,0
train/0003/ex04_laughing_00166,0,0,0,0,1,0
train/0003/ex04_laughing_00167,0,0,0,0,1,0
train/0003/ex04_laughing_00168,0,0,0,0,1,0
train/0003/ex04_laughing_00169,0,0,0,0,1,0
train/0003/ex04_laughing_00170,0,0,0,0,1,0
train/0003/ex04_laughing_00171,0,0,0,0,1,0
train/0003/ex04_laughing_00172,0,0,0,0,1,0
train/0003/ex04_laughing_00173,0,0,0,0,1,0
train/0003/ex04_laughing_00174,0,0,0,0,1,0
train/0003/ex04_laughing_00175,0,0,0,0,1,0
train/0003/ex04_laughing_00176,0,0,0,0,1,0
train/0003/ex04_laughing_00177,0,0,0,0,1,0
train/0003/ex04_laughing_00178,0,0,0,0,1,0
train/0003/ex04_laughing_00179,0,0,0,0,1,0
train/0003/ex04_laughing_00180,0,0,0,0,1,0
train/0003/ex04_laughing_00181,0,0,0,0,1,0
train/0003/ex04_laughing_00182,0,0,0,0,1,0
train/0003/ex04_laughing_00183,0,0,0,0,1,0
train/0003/ex04_laughing_00184,0,0,0,0,1,0
train/0003/ex04_laughing_00185,0,0,0,0,1,0
train/0003/ex04_laughing_00186,0,0,0,0,1,0
train/0003/ex04_laughing_00187,0,0,0,0,1,0
train/0003/ex04_laughing_00188,0,0,0,0,1,0
train/0003/ex04_laughing_00189,0,0,0,0,1,0
train/0003/ex04_laughing_00190,0,0,0,0,1,0
train/0003/ex04_laughing_00191,0,0,0,0,1,0
train/0003/ex04_laughing_00192,0,0,0,0,1,0
train/0003/ex04_laughing_00193,0,0,0,0,1,0
train/0003/ex04_laughing_00194,0,0,0,0,1,0
train/0003/ex04_laughing_00195,0,0,0,0,1,0
train/0003/ex04_laughing_00196,0,0,0,0,1,0
train/0003/ex04_laughing_00197,0,0,0,0,1,0
train/0003/ex04_laughing_00198,0,0,0,0,1,0
train/0003/ex04_laughing_00199,0,0,0,0,1,0
train/0003/ex04_laughing_00200,0,0,0,0,1,0
train/0003/ex04_laughing_00201,0,0,0,0,1,0
train/0003/ex04_laughing_00202,0,0,0,0,1,0
train/0003/ex04_laughing_00203,0,0,0,0,1,0
train/0003/ex04_laughing_00204,0,0,0,0,1,0
train/0003/ex04_laughing_00205,0,0,0,0,1,0
train/0003/ex04_laughing_00206,0,0,0,0,1,0
train/0003/ex04_laughing_00207,0,0,0,0,1,0
train/0003/ex04_laughing_00208,0,0,0,0,1,0
train/0003/ex04_laughing_00209,0,0,0,0,1,0
train/0003/ex04_laughing_00210,0,0,0,0,1,0
train/0003/ex04_laughing_00211,0,0,0,0,1,0
train/0003/ex04_laughing_00212,0,0,0,0,1,0
train/0003/ex04_laughing_00213,0,0,0,0,1,0
train/0003/ex04_laughing_00214,0,0,0,0,1,0
train/0003/ex04_laughing_00215,0,0,0,0,1,0
train/0003/ex04_laughing_00216,0,0,0,0,1,0
train/0003/ex04_laughing_00217,0,0,0,0,1,0
train/0003/ex04_laughing_00218,0,0,0,0,1,0
train/0003/ex04_laughing_00219,0,0,0,0,1,0
train/0003/ex04_laughing_00220,0,0,0,0,1,0
train/0003/ex04_laughing_00221,0,0,0,0,1,0
train/0003/ex04_laughing_00222,0,0,0,0,1,0
train/0003/ex04_laughing_00223,0,0,0,0,1,0
train/0003/ex04_laughing_00224,0,0,0,0,1,0
train/0003/ex04_laughing_00225,0,0,0,0,1,0
train/0003/ex04_laughing_00226,0,0,0,0,1,0
train/0003/ex04_laughing_00227,0,0,0,0,1,0
train/0003/ex04_laughing_00228,0,0,0,0,1,0
train/0003/ex04_laughing_00229,0,0,0,0,1,0
train/0003/ex04_laughing_00230,0,0,0,0,1,0
train/0003/ex04_laughing_00231,0,0,0,0,1,0
train/0003/ex04_laughing_00232,0,0,0,0,1,0
train/0003/ex04_laughing_00233,0,0,0,0,1,0
train/0003/ex04_laughing_00234,0,0,0,0,1,0
train/0003/ex04_laughing_00235,0,0,0,0,1,0
train/0003/ex04_laughing_00236,0,0,0,0,1,0
train/0003/ex04_laughing_00237,0,0,0,0,1,0
train/0003/ex04_laughing_00238,0,0,0,0,1,0
train/0003/ex04_laughing_00239,0,0,0,0,1,0
train/0003/ex04_laughing_00240,0,0,0,0,1,0
train/0003/ex04_laughing_00241,0,0,0,0,1,0
train/0003/ex04_laughing_00242,0,0,0,0,1,0
train/0003/ex04_laughing_00243,0,0,0,0,1,0
train/0003/ex04_laughing_00244,0,0,0,0,1,0
train/0003/ex04_laughing_00245,0,0,0,0,1,0
train/0003/ex04_laughing_00246,0,0,0,0,1,0
train/0003/ex04_laughing_00247,0,0,0,0,1,0
train/0003/ex04_laughing_00248,0,0,0,0,1,0
train/0003/ex04_laughing_00249,0,0,0,0,1,0
train/0003/ex04_laughing_00250,0,0,0,0,1,0
train/0003/ex04_laughing_00251,0,0,0,0,1,0
train/0003/ex04_laughing_00252,0,0,0,0,1,0
train/0003/ex04_laughing_00253,0,0,0,0,1,0
train/0003/ex04_laughing_00254,0,0,0,0,1,0
train/0003/ex04_laughing_00255,0,0,0,0,1,0
train/0003/ex04_laughing_00256,0,0,0,0,1,0
train/0003/ex04_laughing_00257,0,0,0,0,1,0
train/0003/ex04_laughing_00258,0,0,0,0,1,0
train/0003/ex04_laughing_00259,0,0,0,0,1,0
train/0003/ex04_laughing_00260,0,0,0,0,1,0
train/0003/ex04_laughing_00261,0,0,0,0,1,0
train/0003/ex04_laughing_00262,0,0,0,0,1,0
train/0003/ex04_laughing_00263,0,0,0,0,1,0
train/0003/ex04_laughing_00264,0,0,0,0,1,0
train/0003/ex04_laughing_00265,0,0,0,0,1,0
train/0003/ex04_laughing_00266,0,0,0,0,1,0
train/0003/ex04_laughing_00267,0,0,0,0,1,0
train/0003/ex04_laughing_00268,0,0,0,0,1,0
train/0003/ex04_laughing_00269,0,0,0,0,1,0
train/0003/ex04_laughing_00270,0,0,0,0,1,0
train/0003/ex04_laughing_00271,0,0,0,0,1,0
train/0003/ex04_laughing_00272,0,0,0,0,1,0
train/0003/ex04_laughing_00273,0,0,0,0,1,0
train/0003/ex04_laughing_00274,0,0,0,0,1,0
train/0003/ex04_laughing_00275,0,0,0,0,1,0
train/0003/ex04_laughing_00276,0,0,0,0,1,0
train/0003/ex04_laughing_00277,0,0,0,0,1,0
train/0003/ex04_laughing_00278,0,0,0,0,1,0
train/0003/ex04_laughing_00279,0,0,0,0,1,0
train/0003/ex04_laughing_00280,0,0,0,0,1,0
train/0003/ex04_laughing_00281,0,0,0,0,1,0
train/0003/ex04_laughing_00282,0,0,0,0,1,0
train/0003/ex04_laughing_00283,0,0,0,0,1,0
train/0003/ex04_laughing_00284,0,0,0,0,1,0
train/0003/ex04_laughing_00285,0,0,0,0,1,0
train/0003/ex04_laughing_00286,0,0,0,0,1,0
train/0003/ex04_laughing_00287,0,0,0,0,1,0
train/0003/ex04_laughing_00288,0,0,0,0,1,0
train/0003/ex04_laughing_00289,0,0,0,0,1,0
train/0003/ex04_laughing_00290,0,0,0,0,1,0
train/0003/ex04_laughing_00291,0,0,0,0,1,0
train/0003/ex04_laughing_00292,0,0,0,0,1,0
train/0003/ex04_laughing_00293,0,0,0,0,1,0
train/0003/ex04_laughing_00294,0,0,0,0,1,0
train/0003/ex04_laughing_00295,0,0,0,0,1,0
train/0003/ex04_laughing_00296,0,0,0,0,1,0
train/0003/ex04_laughing_00297,0,0,0,0,1,0
train/0003/ex04_laughing_00298,0,0,0,0,1,0
train/0003/ex04_laughing_00299,0,0,0,0,1,0
train/0003/ex04_laughing_00300,0,0,0,0,1,0
train/0003/ex04_laughing_00301,0,0,0,0,1,0
train/0003/ex04_laughing_00302,0,0,0,0,1,0
train/0003/ex04_laughing_00303,0,0,0,0,1,0
train/0003/ex04_laughing_00304,0,0,0,0,1,0
train/0003/ex04_laughing_00305,0,0,0,0,1,0
train/0003/ex04_laughing_00306,0,0,0,0,1,0
train/0003/ex04_laughing_00307,0,0,0,0,1,0
train/0003/ex04_laughing_00308,0,0,0,0,1,0
train/0003/ex04_laughing_00309,0,0,0,0,1,0
train/0003/ex04_laughing_00310,0,0,0,0,1,0
train/0003/ex04_laughing_00311,0,0,0,0,1,0
train/0003/ex04_laughing_00312,0,0,0,0,1,0
train/0003/ex04_laughing_00313,0,0,0,0,1,0
train/0003/ex04_laughing_00314,0,0,0,0,1,0
train/0003/ex04_laughing_00315,0,0,0,0,1,0
train/0003/ex04_laughing_00316,0,0,0,0,1,0
train/0003/ex04_laughing_00317,0,0,0,0,1,0
train/0003/ex04_laughing_00318,0,0,0,0,1,0
train/0003/ex04_laughing_00319,0,0,0,0,1,0
train/0003/ex04_laughing_00320,0,0,0,0,1,0
train/0003/ex04_laughing_00321,0,0,0,0,1,0
train/0003/ex04_laughing_00322,0,0,0,0,1,0
train/0003/ex04_laughing_00323,0,0,0,0,1,0
train/0003/ex04_laughing_00324,0,0,0,0,1,0
train/0003/ex04_laughing_00325,0,0,0,0,1,0
train/0003/ex04_laughing_00326,0,0,0,0,1,0
train/0003/ex04_laughing_00327,0,0,0,0,1,0
train/0003/ex04_laughing_00328,0,0,0,0,1,0
train/0003/ex04_laughing_00329,0,0,0,0,1,0
train/0003/ex04_laughing_00330,0,0,0,0,1,0
train/0003/ex04_laughing_00331,0,0,0,0,1,0
train/0003/ex04_laughing_00332,0,0,0,0,1,0
train/0003/ex04_laughing_00333,0,0,0,0,1,0
train/0003/ex04_laughing_00334,0,0,0,0,1,0
train/0003/ex04_laughing_00335,0,0,0,0,1,0
train/0003/ex04_laughing_00336,0,0,0,0,1,0
train/0003/ex04_laughing_00337,0,0,0,0,1,0
train/0003/ex04_laughing_00338,0,0,0,0,1,0
train/0003/ex04_laughing_00339,0,0,0,0,1,0
train/0003/ex04_laughing_00340,0,0,0,0,1,0
train/0003/ex04_laughing_00341,0,0,0,0,1,0
train/0003/ex04_laughing_00342,0,0,0,0,1,0
train/0003/ex04_laughing_00343,0,0,0,0,1,0
train/0003/ex04_laughing_00344,0,0,0,0,1,0
train/0003/ex04_laughing_00345,0,0,0,0,1,0
train/0003/ex04_laughing_00346,0,0,0,0,1,0
train/0003/ex04_laughing_00347,0,0,0,0,1,0
train/0003/ex04_laughing_00348,0,0,0,0,1,0
train/0003/ex04_laughing_00349,0,0,0,0,1,0
train/0003/ex04_laughing_00350,0,0,0,0,1,0
dev/0003/ex04_laughing_00351,0,0,0,0,1,0
dev/0003/ex04_laughing_00352,0,0,0,0,1,0
dev/0003/ex04_laughing_00353,0,0,0,0,1,0
dev/0003/ex04_laughing_00354,0,0,0,0,1,0
dev/0003/ex04_laughing_00355,0,0,0,0,1,0
dev/0003/ex04_laughing_00356,0,0,0,0,1,0
dev/0003/ex04_laughing_00357,0,0,0,0,1,0
dev/0003/ex04_laughing_00358,0,0,0,0,1,0
dev/0003/ex04_laughing_00359,0,0,0,0,1,0
dev/0003/ex04_laughing_00360,0,0,0,0,1,0
dev/0003/ex04_laughing_00361,0,0,0,0,1,0
dev/0003/ex04_laughing_00362,0,0,0,0,1,0
dev/0003/ex04_laughing_00363,0,0,0,0,1,0
dev/0003/ex04_laughing_00364,0,0,0,0,1,0
dev/0003/ex04_laughing_00365,0,0,0,0,1,0
dev/0003/ex04_laughing_00366,0,0,0,0,1,0
test/0003/ex04_laughing_00367,0,0,0,0,1,0
test/0003/ex04_laughing_00368,0,0,0,0,1,0
test/0003/ex04_laughing_00369,0,0,0,0,1,0
test/0003/ex04_laughing_00370,0,0,0,0,1,0
test/0003/ex04_laughing_00371,0,0,0,0,1,0
test/0003/ex04_laughing_00372,0,0,0,0,1,0
test/0003/ex04_laughing_00373,0,0,0,0,1,0
test/0003/ex04_laughing_00374,0,0,0,0,1,0
test/0003/ex04_laughing_00375,0,0,0,0,1,0
test/0003/ex04_laughing_00376,0,0,0,0,1,0
test/0003/ex04_laughing_00377,0,0,0,0,1,0
test/0003/ex04_laughing_00378,0,0,0,0,1,0
test/0003/ex04_laughing_00379,0,0,0,0,1,0
test/0003/ex04_laughing_00380,0,0,0,0,1,0
train/0003/ex04_sad_00001,0,0,0,0,0,1
train/0003/ex04_sad_00002,0,0,0,0,0,1
train/0003/ex04_sad_00003,0,0,0,0,0,1
train/0003/ex04_sad_00004,0,0,0,0,0,1
train/0003/ex04_sad_00005,0,0,0,0,0,1
train/0003/ex04_sad_00006,0,0,0,0,0,1
train/0003/ex04_sad_00007,0,0,0,0,0,1
train/0003/ex04_sad_00008,0,0,0,0,0,1
train/0003/ex04_sad_00009,0,0,0,0,0,1
train/0003/ex04_sad_00010,0,0,0,0,0,1
train/0003/ex04_sad_00011,0,0,0,0,0,1
train/0003/ex04_sad_00012,0,0,0,0,0,1
train/0003/ex04_sad_00013,0,0,0,0,0,1
train/0003/ex04_sad_00014,0,0,0,0,0,1
train/0003/ex04_sad_00015,0,0,0,0,0,1
train/0003/ex04_sad_00016,0,0,0,0,0,1
train/0003/ex04_sad_00017,0,0,0,0,0,1
train/0003/ex04_sad_00018,0,0,0,0,0,1
train/0003/ex04_sad_00019,0,0,0,0,0,1
train/0003/ex04_sad_00020,0,0,0,0,0,1
train/0003/ex04_sad_00021,0,0,0,0,0,1
train/0003/ex04_sad_00022,0,0,0,0,0,1
train/0003/ex04_sad_00023,0,0,0,0,0,1
train/0003/ex04_sad_00024,0,0,0,0,0,1
train/0003/ex04_sad_00025,0,0,0,0,0,1
train/0003/ex04_sad_00026,0,0,0,0,0,1
train/0003/ex04_sad_00027,0,0,0,0,0,1
train/0003/ex04_sad_00028,0,0,0,0,0,1
train/0003/ex04_sad_00029,0,0,0,0,0,1
train/0003/ex04_sad_00030,0,0,0,0,0,1
train/0003/ex04_sad_00031,0,0,0,0,0,1
train/0003/ex04_sad_00032,0,0,0,0,0,1
train/0003/ex04_sad_00033,0,0,0,0,0,1
train/0003/ex04_sad_00034,0,0,0,0,0,1
train/0003/ex04_sad_00035,0,0,0,0,0,1
train/0003/ex04_sad_00036,0,0,0,0,0,1
train/0003/ex04_sad_00037,0,0,0,0,0,1
train/0003/ex04_sad_00038,0,0,0,0,0,1
train/0003/ex04_sad_00039,0,0,0,0,0,1
train/0003/ex04_sad_00040,0,0,0,0,0,1
train/0003/ex04_sad_00041,0,0,0,0,0,1
train/0003/ex04_sad_00042,0,0,0,0,0,1
train/0003/ex04_sad_00043,0,0,0,0,0,1
train/0003/ex04_sad_00044,0,0,0,0,0,1
train/0003/ex04_sad_00045,0,0,0,0,0,1
train/0003/ex04_sad_00046,0,0,0,0,0,1
train/0003/ex04_sad_00047,0,0,0,0,0,1
train/0003/ex04_sad_00048,0,0,0,0,0,1
train/0003/ex04_sad_00049,0,0,0,0,0,1
train/0003/ex04_sad_00050,0,0,0,0,0,1
train/0003/ex04_sad_00051,0,0,0,0,0,1
train/0003/ex04_sad_00052,0,0,0,0,0,1
train/0003/ex04_sad_00053,0,0,0,0,0,1
train/0003/ex04_sad_00054,0,0,0,0,0,1
train/0003/ex04_sad_00055,0,0,0,0,0,1
train/0003/ex04_sad_00056,0,0,0,0,0,1
train/0003/ex04_sad_00057,0,0,0,0,0,1
train/0003/ex04_sad_00058,0,0,0,0,0,1
train/0003/ex04_sad_00059,0,0,0,0,0,1
train/0003/ex04_sad_00060,0,0,0,0,0,1
train/0003/ex04_sad_00061,0,0,0,0,0,1
train/0003/ex04_sad_00062,0,0,0,0,0,1
train/0003/ex04_sad_00063,0,0,0,0,0,1
train/0003/ex04_sad_00064,0,0,0,0,0,1
train/0003/ex04_sad_00065,0,0,0,0,0,1
train/0003/ex04_sad_00066,0,0,0,0,0,1
train/0003/ex04_sad_00067,0,0,0,0,0,1
train/0003/ex04_sad_00068,0,0,0,0,0,1
train/0003/ex04_sad_00069,0,0,0,0,0,1
train/0003/ex04_sad_00070,0,0,0,0,0,1
train/0003/ex04_sad_00071,0,0,0,0,0,1
train/0003/ex04_sad_00072,0,0,0,0,0,1
train/0003/ex04_sad_00073,0,0,0,0,0,1
train/0003/ex04_sad_00074,0,0,0,0,0,1
train/0003/ex04_sad_00075,0,0,0,0,0,1
train/0003/ex04_sad_00076,0,0,0,0,0,1
train/0003/ex04_sad_00077,0,0,0,0,0,1
train/0003/ex04_sad_00078,0,0,0,0,0,1
train/0003/ex04_sad_00079,0,0,0,0,0,1
train/0003/ex04_sad_00080,0,0,0,0,0,1
train/0003/ex04_sad_00081,0,0,0,0,0,1
train/0003/ex04_sad_00082,0,0,0,0,0,1
train/0003/ex04_sad_00083,0,0,0,0,0,1
train/0003/ex04_sad_00084,0,0,0,0,0,1
train/0003/ex04_sad_00085,0,0,0,0,0,1
train/0003/ex04_sad_00086,0,0,0,0,0,1
train/0003/ex04_sad_00087,0,0,0,0,0,1
train/0003/ex04_sad_00088,0,0,0,0,0,1
train/0003/ex04_sad_00089,0,0,0,0,0,1
train/0003/ex04_sad_00090,0,0,0,0,0,1
train/0003/ex04_sad_00091,0,0,0,0,0,1
train/0003/ex04_sad_00092,0,0,0,0,0,1
train/0003/ex04_sad_00093,0,0,0,0,0,1
train/0003/ex04_sad_00094,0,0,0,0,0,1
train/0003/ex04_sad_00095,0,0,0,0,0,1
train/0003/ex04_sad_00096,0,0,0,0,0,1
train/0003/ex04_sad_00097,0,0,0,0,0,1
train/0003/ex04_sad_00098,0,0,0,0,0,1
train/0003/ex04_sad_00099,0,0,0,0,0,1
train/0003/ex04_sad_00100,0,0,0,0,0,1
train/0003/ex04_sad_00101,0,0,0,0,0,1
train/0003/ex04_sad_00102,0,0,0,0,0,1
train/0003/ex04_sad_00103,0,0,0,0,0,1
train/0003/ex04_sad_00104,0,0,0,0,0,1
train/0003/ex04_sad_00105,0,0,0,0,0,1
train/0003/ex04_sad_00106,0,0,0,0,0,1
train/0003/ex04_sad_00107,0,0,0,0,0,1
train/0003/ex04_sad_00108,0,0,0,0,0,1
train/0003/ex04_sad_00109,0,0,0,0,0,1
train/0003/ex04_sad_00110,0,0,0,0,0,1
train/0003/ex04_sad_00111,0,0,0,0,0,1
train/0003/ex04_sad_00112,0,0,0,0,0,1
train/0003/ex04_sad_00113,0,0,0,0,0,1
train/0003/ex04_sad_00114,0,0,0,0,0,1
train/0003/ex04_sad_00115,0,0,0,0,0,1
train/0003/ex04_sad_00116,0,0,0,0,0,1
train/0003/ex04_sad_00117,0,0,0,0,0,1
train/0003/ex04_sad_00118,0,0,0,0,0,1
train/0003/ex04_sad_00119,0,0,0,0,0,1
train/0003/ex04_sad_00120,0,0,0,0,0,1
train/0003/ex04_sad_00121,0,0,0,0,0,1
train/0003/ex04_sad_00122,0,0,0,0,0,1
train/0003/ex04_sad_00123,0,0,0,0,0,1
train/0003/ex04_sad_00124,0,0,0,0,0,1
train/0003/ex04_sad_00125,0,0,0,0,0,1
train/0003/ex04_sad_00126,0,0,0,0,0,1
train/0003/ex04_sad_00127,0,0,0,0,0,1
train/0003/ex04_sad_00128,0,0,0,0,0,1
train/0003/ex04_sad_00129,0,0,0,0,0,1
train/0003/ex04_sad_00130,0,0,0,0,0,1
train/0003/ex04_sad_00131,0,0,0,0,0,1
train/0003/ex04_sad_00132,0,0,0,0,0,1
train/0003/ex04_sad_00133,0,0,0,0,0,1
train/0003/ex04_sad_00134,0,0,0,0,0,1
train/0003/ex04_sad_00135,0,0,0,0,0,1
train/0003/ex04_sad_00136,0,0,0,0,0,1
train/0003/ex04_sad_00137,0,0,0,0,0,1
train/0003/ex04_sad_00138,0,0,0,0,0,1
train/0003/ex04_sad_00139,0,0,0,0,0,1
train/0003/ex04_sad_00140,0,0,0,0,0,1
train/0003/ex04_sad_00141,0,0,0,0,0,1
train/0003/ex04_sad_00142,0,0,0,0,0,1
train/0003/ex04_sad_00143,0,0,0,0,0,1
train/0003/ex04_sad_00144,0,0,0,0,0,1
train/0003/ex04_sad_00145,0,0,0,0,0,1
train/0003/ex04_sad_00146,0,0,0,0,0,1
train/0003/ex04_sad_00147,0,0,0,0,0,1
train/0003/ex04_sad_00148,0,0,0,0,0,1
train/0003/ex04_sad_00149,0,0,0,0,0,1
train/0003/ex04_sad_00150,0,0,0,0,0,1
train/0003/ex04_sad_00151,0,0,0,0,0,1
train/0003/ex04_sad_00152,0,0,0,0,0,1
train/0003/ex04_sad_00153,0,0,0,0,0,1
train/0003/ex04_sad_00154,0,0,0,0,0,1
train/0003/ex04_sad_00155,0,0,0,0,0,1
train/0003/ex04_sad_00156,0,0,0,0,0,1
train/0003/ex04_sad_00157,0,0,0,0,0,1
train/0003/ex04_sad_00158,0,0,0,0,0,1
train/0003/ex04_sad_00159,0,0,0,0,0,1
train/0003/ex04_sad_00160,0,0,0,0,0,1
train/0003/ex04_sad_00161,0,0,0,0,0,1
train/0003/ex04_sad_00162,0,0,0,0,0,1
train/0003/ex04_sad_00163,0,0,0,0,0,1
train/0003/ex04_sad_00164,0,0,0,0,0,1
train/0003/ex04_sad_00165,0,0,0,0,0,1
train/0003/ex04_sad_00166,0,0,0,0,0,1
train/0003/ex04_sad_00167,0,0,0,0,0,1
train/0003/ex04_sad_00168,0,0,0,0,0,1
train/0003/ex04_sad_00169,0,0,0,0,0,1
train/0003/ex04_sad_00170,0,0,0,0,0,1
train/0003/ex04_sad_00171,0,0,0,0,0,1
train/0003/ex04_sad_00172,0,0,0,0,0,1
train/0003/ex04_sad_00173,0,0,0,0,0,1
train/0003/ex04_sad_00174,0,0,0,0,0,1
train/0003/ex04_sad_00175,0,0,0,0,0,1
train/0003/ex04_sad_00176,0,0,0,0,0,1
train/0003/ex04_sad_00177,0,0,0,0,0,1
train/0003/ex04_sad_00178,0,0,0,0,0,1
train/0003/ex04_sad_00179,0,0,0,0,0,1
train/0003/ex04_sad_00180,0,0,0,0,0,1
train/0003/ex04_sad_00181,0,0,0,0,0,1
train/0003/ex04_sad_00182,0,0,0,0,0,1
train/0003/ex04_sad_00183,0,0,0,0,0,1
train/0003/ex04_sad_00184,0,0,0,0,0,1
train/0003/ex04_sad_00185,0,0,0,0,0,1
train/0003/ex04_sad_00186,0,0,0,0,0,1
train/0003/ex04_sad_00187,0,0,0,0,0,1
train/0003/ex04_sad_00188,0,0,0,0,0,1
train/0003/ex04_sad_00189,0,0,0,0,0,1
train/0003/ex04_sad_00190,0,0,0,0,0,1
train/0003/ex04_sad_00191,0,0,0,0,0,1
train/0003/ex04_sad_00192,0,0,0,0,0,1
train/0003/ex04_sad_00193,0,0,0,0,0,1
train/0003/ex04_sad_00194,0,0,0,0,0,1
train/0003/ex04_sad_00195,0,0,0,0,0,1
train/0003/ex04_sad_00196,0,0,0,0,0,1
train/0003/ex04_sad_00197,0,0,0,0,0,1
train/0003/ex04_sad_00198,0,0,0,0,0,1
train/0003/ex04_sad_00199,0,0,0,0,0,1
train/0003/ex04_sad_00200,0,0,0,0,0,1
train/0003/ex04_sad_00201,0,0,0,0,0,1
train/0003/ex04_sad_00202,0,0,0,0,0,1
train/0003/ex04_sad_00203,0,0,0,0,0,1
train/0003/ex04_sad_00204,0,0,0,0,0,1
train/0003/ex04_sad_00205,0,0,0,0,0,1
train/0003/ex04_sad_00206,0,0,0,0,0,1
train/0003/ex04_sad_00207,0,0,0,0,0,1
train/0003/ex04_sad_00208,0,0,0,0,0,1
train/0003/ex04_sad_00209,0,0,0,0,0,1
train/0003/ex04_sad_00210,0,0,0,0,0,1
train/0003/ex04_sad_00211,0,0,0,0,0,1
train/0003/ex04_sad_00212,0,0,0,0,0,1
train/0003/ex04_sad_00213,0,0,0,0,0,1
train/0003/ex04_sad_00214,0,0,0,0,0,1
train/0003/ex04_sad_00215,0,0,0,0,0,1
train/0003/ex04_sad_00216,0,0,0,0,0,1
train/0003/ex04_sad_00217,0,0,0,0,0,1
train/0003/ex04_sad_00218,0,0,0,0,0,1
train/0003/ex04_sad_00219,0,0,0,0,0,1
train/0003/ex04_sad_00220,0,0,0,0,0,1
train/0003/ex04_sad_00221,0,0,0,0,0,1
train/0003/ex04_sad_00222,0,0,0,0,0,1
train/0003/ex04_sad_00223,0,0,0,0,0,1
train/0003/ex04_sad_00224,0,0,0,0,0,1
train/0003/ex04_sad_00225,0,0,0,0,0,1
train/0003/ex04_sad_00226,0,0,0,0,0,1
train/0003/ex04_sad_00227,0,0,0,0,0,1
train/0003/ex04_sad_00228,0,0,0,0,0,1
train/0003/ex04_sad_00229,0,0,0,0,0,1
train/0003/ex04_sad_00230,0,0,0,0,0,1
train/0003/ex04_sad_00231,0,0,0,0,0,1
train/0003/ex04_sad_00232,0,0,0,0,0,1
train/0003/ex04_sad_00233,0,0,0,0,0,1
train/0003/ex04_sad_00234,0,0,0,0,0,1
train/0003/ex04_sad_00235,0,0,0,0,0,1
train/0003/ex04_sad_00236,0,0,0,0,0,1
train/0003/ex04_sad_00237,0,0,0,0,0,1
train/0003/ex04_sad_00238,0,0,0,0,0,1
train/0003/ex04_sad_00239,0,0,0,0,0,1
train/0003/ex04_sad_00240,0,0,0,0,0,1
train/0003/ex04_sad_00241,0,0,0,0,0,1
train/0003/ex04_sad_00242,0,0,0,0,0,1
train/0003/ex04_sad_00243,0,0,0,0,0,1
train/0003/ex04_sad_00244,0,0,0,0,0,1
train/0003/ex04_sad_00245,0,0,0,0,0,1
train/0003/ex04_sad_00246,0,0,0,0,0,1
train/0003/ex04_sad_00247,0,0,0,0,0,1
train/0003/ex04_sad_00248,0,0,0,0,0,1
train/0003/ex04_sad_00249,0,0,0,0,0,1
train/0003/ex04_sad_00250,0,0,0,0,0,1
train/0003/ex04_sad_00251,0,0,0,0,0,1
train/0003/ex04_sad_00252,0,0,0,0,0,1
train/0003/ex04_sad_00253,0,0,0,0,0,1
train/0003/ex04_sad_00254,0,0,0,0,0,1
train/0003/ex04_sad_00255,0,0,0,0,0,1
train/0003/ex04_sad_00256,0,0,0,0,0,1
train/0003/ex04_sad_00257,0,0,0,0,0,1
train/0003/ex04_sad_00258,0,0,0,0,0,1
train/0003/ex04_sad_00259,0,0,0,0,0,1
train/0003/ex04_sad_00260,0,0,0,0,0,1
train/0003/ex04_sad_00261,0,0,0,0,0,1
train/0003/ex04_sad_00262,0,0,0,0,0,1
train/0003/ex04_sad_00263,0,0,0,0,0,1
train/0003/ex04_sad_00264,0,0,0,0,0,1
train/0003/ex04_sad_00265,0,0,0,0,0,1
train/0003/ex04_sad_00266,0,0,0,0,0,1
train/0003/ex04_sad_00267,0,0,0,0,0,1
train/0003/ex04_sad_00268,0,0,0,0,0,1
train/0003/ex04_sad_00269,0,0,0,0,0,1
train/0003/ex04_sad_00270,0,0,0,0,0,1
train/0003/ex04_sad_00271,0,0,0,0,0,1
train/0003/ex04_sad_00272,0,0,0,0,0,1
train/0003/ex04_sad_00273,0,0,0,0,0,1
train/0003/ex04_sad_00274,0,0,0,0,0,1
train/0003/ex04_sad_00275,0,0,0,0,0,1
train/0003/ex04_sad_00276,0,0,0,0,0,1
train/0003/ex04_sad_00277,0,0,0,0,0,1
train/0003/ex04_sad_00278,0,0,0,0,0,1
train/0003/ex04_sad_00279,0,0,0,0,0,1
train/0003/ex04_sad_00280,0,0,0,0,0,1
train/0003/ex04_sad_00281,0,0,0,0,0,1
train/0003/ex04_sad_00282,0,0,0,0,0,1
train/0003/ex04_sad_00283,0,0,0,0,0,1
train/0003/ex04_sad_00284,0,0,0,0,0,1
train/0003/ex04_sad_00285,0,0,0,0,0,1
train/0003/ex04_sad_00286,0,0,0,0,0,1
train/0003/ex04_sad_00287,0,0,0,0,0,1
train/0003/ex04_sad_00288,0,0,0,0,0,1
train/0003/ex04_sad_00289,0,0,0,0,0,1
train/0003/ex04_sad_00290,0,0,0,0,0,1
train/0003/ex04_sad_00291,0,0,0,0,0,1
train/0003/ex04_sad_00292,0,0,0,0,0,1
train/0003/ex04_sad_00293,0,0,0,0,0,1
train/0003/ex04_sad_00294,0,0,0,0,0,1
train/0003/ex04_sad_00295,0,0,0,0,0,1
train/0003/ex04_sad_00296,0,0,0,0,0,1
train/0003/ex04_sad_00297,0,0,0,0,0,1
train/0003/ex04_sad_00298,0,0,0,0,0,1
train/0003/ex04_sad_00299,0,0,0,0,0,1
train/0003/ex04_sad_00300,0,0,0,0,0,1
train/0003/ex04_sad_00301,0,0,0,0,0,1
train/0003/ex04_sad_00302,0,0,0,0,0,1
train/0003/ex04_sad_00303,0,0,0,0,0,1
train/0003/ex04_sad_00304,0,0,0,0,0,1
train/0003/ex04_sad_00305,0,0,0,0,0,1
train/0003/ex04_sad_00306,0,0,0,0,0,1
train/0003/ex04_sad_00307,0,0,0,0,0,1
train/0003/ex04_sad_00308,0,0,0,0,0,1
train/0003/ex04_sad_00309,0,0,0,0,0,1
train/0003/ex04_sad_00310,0,0,0,0,0,1
train/0003/ex04_sad_00311,0,0,0,0,0,1
train/0003/ex04_sad_00312,0,0,0,0,0,1
train/0003/ex04_sad_00313,0,0,0,0,0,1
train/0003/ex04_sad_00314,0,0,0,0,0,1
train/0003/ex04_sad_00315,0,0,0,0,0,1
train/0003/ex04_sad_00316,0,0,0,0,0,1
train/0003/ex04_sad_00317,0,0,0,0,0,1
train/0003/ex04_sad_00318,0,0,0,0,0,1
train/0003/ex04_sad_00319,0,0,0,0,0,1
train/0003/ex04_sad_00320,0,0,0,0,0,1
train/0003/ex04_sad_00321,0,0,0,0,0,1
train/0003/ex04_sad_00322,0,0,0,0,0,1
train/0003/ex04_sad_00323,0,0,0,0,0,1
train/0003/ex04_sad_00324,0,0,0,0,0,1
train/0003/ex04_sad_00325,0,0,0,0,0,1
train/0003/ex04_sad_00326,0,0,0,0,0,1
train/0003/ex04_sad_00327,0,0,0,0,0,1
train/0003/ex04_sad_00328,0,0,0,0,0,1
train/0003/ex04_sad_00329,0,0,0,0,0,1
train/0003/ex04_sad_00330,0,0,0,0,0,1
train/0003/ex04_sad_00331,0,0,0,0,0,1
train/0003/ex04_sad_00332,0,0,0,0,0,1
train/0003/ex04_sad_00333,0,0,0,0,0,1
train/0003/ex04_sad_00334,0,0,0,0,0,1
train/0003/ex04_sad_00335,0,0,0,0,0,1
train/0003/ex04_sad_00336,0,0,0,0,0,1
train/0003/ex04_sad_00337,0,0,0,0,0,1
train/0003/ex04_sad_00338,0,0,0,0,0,1
train/0003/ex04_sad_00339,0,0,0,0,0,1
train/0003/ex04_sad_00340,0,0,0,0,0,1
train/0003/ex04_sad_00341,0,0,0,0,0,1
train/0003/ex04_sad_00342,0,0,0,0,0,1
train/0003/ex04_sad_00343,0,0,0,0,0,1
train/0003/ex04_sad_00344,0,0,0,0,0,1
dev/0003/ex04_sad_00345,0,0,0,0,0,1
dev/0003/ex04_sad_00346,0,0,0,0,0,1
dev/0003/ex04_sad_00347,0,0,0,0,0,1
dev/0003/ex04_sad_00348,0,0,0,0,0,1
dev/0003/ex04_sad_00349,0,0,0,0,0,1
dev/0003/ex04_sad_00350,0,0,0,0,0,1
dev/0003/ex04_sad_00351,0,0,0,0,0,1
dev/0003/ex04_sad_00352,0,0,0,0,0,1
dev/0003/ex04_sad_00353,0,0,0,0,0,1
dev/0003/ex04_sad_00354,0,0,0,0,0,1
dev/0003/ex04_sad_00355,0,0,0,0,0,1
dev/0003/ex04_sad_00356,0,0,0,0,0,1
dev/0003/ex04_sad_00357,0,0,0,0,0,1
dev/0003/ex04_sad_00358,0,0,0,0,0,1
dev/0003/ex04_sad_00359,0,0,0,0,0,1
dev/0003/ex04_sad_00360,0,0,0,0,0,1
dev/0003/ex04_sad_00361,0,0,0,0,0,1
dev/0003/ex04_sad_00362,0,0,0,0,0,1
dev/0003/ex04_sad_00363,0,0,0,0,0,1
test/0003/ex04_sad_00364,0,0,0,0,0,1
test/0003/ex04_sad_00365,0,0,0,0,0,1
test/0003/ex04_sad_00366,0,0,0,0,0,1
test/0003/ex04_sad_00367,0,0,0,0,0,1
test/0003/ex04_sad_00368,0,0,0,0,0,1
test/0003/ex04_sad_00369,0,0,0,0,0,1
test/0003/ex04_sad_00370,0,0,0,0,0,1
test/0003/ex04_sad_00371,0,0,0,0,0,1
test/0003/ex04_sad_00372,0,0,0,0,0,1
test/0003/ex04_sad_00373,0,0,0,0,0,1
test/0003/ex04_sad_00374,0,0,0,0,0,1
test/0003/ex04_sad_00375,0,0,0,0,0,1
test/0003/ex04_sad_00376,0,0,0,0,0,1
test/0003/ex04_sad_00377,0,0,0,0,0,1
test/0003/ex04_sad_00378,0,0,0,0,0,1
test/0003/ex04_sad_00379,0,0,0,0,0,1
test/0003/ex04_sad_00380,0,0,0,0,0,1
