basename,negative,neutral,positive
train/0002/ex03_happy_00039,0.1305181235074997,0.8294515013694763,0.04003039747476578
train/0002/ex03_laughing_00195,0.010009772144258022,0.20611141622066498,0.783878743648529
train/0002/ex03_default_emphasis_00063,0.07765448838472366,0.8171347975730896,0.10521066188812256
train/0002/ex03_laughing_00298,0.0891716331243515,0.8508321642875671,0.059996169060468674
train/0002/ex03_sad_00236,0.07085045427083969,0.21308884024620056,0.7160606980323792
train/0002/ex03_enunciated_00283,0.0027477890253067017,0.022368919104337692,0.9748832583427429
train/0002/ex03_default_00246,0.1059250682592392,0.7717429399490356,0.12233194708824158
train/0002/ex03_laughing_00040,0.08138782531023026,0.8076333999633789,0.11097879707813263
train/0002/ex03_confused_00320,0.07358518987894058,0.8892791867256165,0.03713560849428177
train/0002/ex03_happy_00036,0.01103247981518507,0.880673885345459,0.10829358547925949
train/0002/ex03_default_00091,0.024219220504164696,0.9387019872665405,0.03707881271839142
train/0002/ex03_enunciated_00054,0.03691314533352852,0.22859016060829163,0.7344967722892761
train/0002/ex03_laughing_00297,0.34483858942985535,0.6080770492553711,0.047084346413612366
train/0002/ex03_enunciated_00181,0.02202427014708519,0.8415306210517883,0.1364450603723526
train/0002/ex03_default_00144,0.001534031704068184,0.018481232225894928,0.9799847602844238
train/0002/ex03_sad_00239,0.04655146598815918,0.9106012582778931,0.04284720867872238
train/0002/ex03_confused_00022,0.00669866893440485,0.4185035228729248,0.5747978091239929
train/0002/ex03_default_00249,0.001409041928127408,0.029685065150260925,0.9689059257507324
train/0002/ex03_sad_00134,0.0702761635184288,0.8772693276405334,0.05245456472039223
train/0002/ex03_default_emphasis_00085,0.4340028464794159,0.4847894608974457,0.08120765537023544
train/0002/ex03_sad_00008,0.2565094232559204,0.7042161822319031,0.03927433118224144
train/0002/ex03_laughing_00173,0.5878153443336487,0.35178104043006897,0.06040366366505623
train/0002/ex03_confused_00213,0.012239496223628521,0.17260998487472534,0.8151504993438721
train/0002/ex03_sad_00305,0.006732316222041845,0.09526332467794418,0.8980043530464172
train/0002/ex03_default_00078,0.38885319232940674,0.5822727680206299,0.028873976320028305
train/0002/ex03_whisper_00242,0.032693494111299515,0.7399571537971497,0.22734929621219635
train/0002/ex03_enunciated_00168,0.24593503773212433,0.706681489944458,0.04738346487283707
train/0002/ex03_happy_00207,0.006683720275759697,0.9497421383857727,0.04357415437698364
train/0002/ex03_default_emphasis_00150,0.08522647619247437,0.8802830576896667,0.03449046611785889
train/0002/ex03_enunciated_00265,0.5591064691543579,0.4112805426120758,0.029612934216856956
train/0002/ex03_sad_00007,0.8549458384513855,0.12841327488422394,0.016640879213809967
train/0002/ex03_default_00077,0.5482242703437805,0.38212570548057556,0.06965003907680511
train/0002/ex03_laughing_00271,0.09719126671552658,0.37061023712158203,0.5321984887123108
train/0002/ex03_confused_00111,0.5540618896484375,0.43421879410743713,0.01171928271651268
train/0002/ex03_happy_00208,0.024713430553674698,0.701988697052002,0.27329787611961365
train/0002/ex03_enunciated_00167,0.011023887433111668,0.8084061145782471,0.18057000637054443
train/0002/ex03_happy_00105,0.002734140492975712,0.45144012570381165,0.545825719833374
train/0002/ex03_whisper_00095,0.1614694744348526,0.8117594122886658,0.026771167293190956
train/0002/ex03_default_essentials_00024,0.007132745813578367,0.13990214467048645,0.8529651165008545
train/0002/ex03_whisper_00215,0.09386184066534042,0.8671627640724182,0.03897547349333763
train/0002/ex03_laughing_00229,0.04391935467720032,0.9225332736968994,0.03354745730757713
train/0002/ex03_confused_00149,0.6424664258956909,0.3475932478904724,0.009940337389707565
train/0002/ex03_default_00322,0.12925660610198975,0.38423100113868713,0.4865123927593231
train/0002/ex03_happy_00088,0.058864839375019073,0.8684824705123901,0.07265274971723557
train/0002/ex03_confused_00244,0.014272523112595081,0.8301792740821838,0.15554814040660858
train/0002/ex03_laughing_00124,0.3695252239704132,0.5886554718017578,0.041819363832473755
train/0002/ex03_enunciated_00232,0.044629182666540146,0.2225862592458725,0.7327845096588135
train/0002/ex03_default_emphasis_00107,0.08821946382522583,0.8826375007629395,0.029143070802092552
train/0002/ex03_sad_00287,0.2511812448501587,0.7225874662399292,0.026231326162815094
train/0002/ex03_happy_00250,0.6551523208618164,0.3381151854991913,0.0067325495183467865
train/0002/ex03_default_00020,0.0011593588860705495,0.014060087502002716,0.9847805500030518
train/0002/ex03_confused_00146,0.006689869798719883,0.8292211890220642,0.16408896446228027
train/0002/ex03_laughing_00226,0.0012665610993281007,0.22329966723918915,0.7754337787628174
train/0002/ex03_whisper_00117,0.0023263294715434313,0.4297848641872406,0.5678887963294983
train/0002/ex03_happy_00087,0.7201869487762451,0.2679121792316437,0.011900868266820908
train/0002/ex03_sad_00050,0.26238957047462463,0.7016577124595642,0.03595268726348877
train/0002/ex03_default_emphasis_00108,0.025358684360980988,0.9300779104232788,0.044563427567481995
train/0002/ex03_sad_00185,0.008594511076807976,0.2811390161514282,0.7102664709091187
train/0002/ex03_happy_00152,0.34095120429992676,0.6258883476257324,0.03316046670079231
train/0002/ex03_enunciated_00130,0.039741817861795425,0.7045941352844238,0.25566405057907104
train/0002/ex03_sad_00288,0.012361902743577957,0.35492146015167236,0.6327166557312012
train/0002/ex03_confused_00093,0.09693872183561325,0.8053513169288635,0.09770989418029785
train/0002/ex03_default_emphasis_00034,0.015133252367377281,0.26599130034446716,0.7188754677772522
train/0002/ex03_enunciated_00301,0.04741191118955612,0.7898647785186768,0.1627233326435089
train/0002/ex03_default_00211,0.025630880147218704,0.9200195074081421,0.05434960126876831
train/0002/ex03_laughing_00017,0.06625374406576157,0.8933035135269165,0.040442727506160736
train/0002/ex03_sad_00261,0.4079611003398895,0.5801420211791992,0.011896882206201553
train/0002/ex03_enunciated_00003,0.22185511887073517,0.6437991261482239,0.13434575498104095
train/0002/ex03_happy_00061,0.2829492688179016,0.6505648493766785,0.06648588180541992
train/0002/ex03_laughing_00018,0.5555323958396912,0.4179226756095886,0.02654491737484932
train/0002/ex03_sad_00163,0.6026853919029236,0.3441968560218811,0.053117748349905014
train/0002/ex03_default_00113,0.07813523709774017,0.8716291785240173,0.050235554575920105
train/0002/ex03_confused_00075,0.31467393040657043,0.5775675773620605,0.10775844007730484
train/0002/ex03_laughing_00315,0.11334516108036041,0.8000823855400085,0.08657242357730865
train/0002/ex03_sad_00229,0.04391935467720032,0.9225332736968994,0.03354745730757713
train/0002/ex03_default_00154,0.08046483248472214,0.8839833736419678,0.03555179759860039
train/0002/ex03_enunciated_00191,0.15745918452739716,0.7789886593818665,0.0635521337389946
train/0002/ex03_confused_00032,0.5474311113357544,0.42558878660202026,0.02698008343577385
train/0002/ex03_sad_00124,0.3695252239704132,0.5886554718017578,0.041819363832473755
train/0002/ex03_default_00259,0.04694460332393646,0.607232391834259,0.3458229601383209
train/0002/ex03_enunciated_00349,0.0267036110162735,0.5001309514045715,0.47316545248031616
train/0002/ex03_happy_00026,0.09946797043085098,0.851886510848999,0.04864555224776268
train/0002/ex03_enunciated_00044,0.10667270421981812,0.7936679124832153,0.09965941309928894
train/0002/ex03_default_00081,0.11236665397882462,0.8491691946983337,0.038464177399873734
train/0002/ex03_laughing_00287,0.2511812448501587,0.7225874662399292,0.026231326162815094
train/0002/ex03_sad_00226,0.0012665610993281007,0.22329966723918915,0.7754337787628174
train/0002/ex03_default_00256,0.4122958481311798,0.5508190393447876,0.03688511252403259
train/0002/ex03_enunciated_00293,0.022850198671221733,0.9084281325340271,0.0687217116355896
train/0002/ex03_confused_00330,0.6897934079170227,0.28113898634910583,0.02906760945916176
train/0002/ex03_laughing_00050,0.26238957047462463,0.7016577124595642,0.03595268726348877
train/0002/ex03_default_emphasis_00073,0.8157194256782532,0.16471929848194122,0.01956125535070896
train/0002/ex03_happy_00029,0.23274880647659302,0.7374846339225769,0.02976655215024948
train/0002/ex03_enunciated_00346,0.18214261531829834,0.7386924028396606,0.07916491478681564
train/0002/ex03_laughing_00185,0.008594511076807976,0.2811390161514282,0.7102664709091187
train/0002/ex03_laughing_00288,0.012361902743577957,0.35492146015167236,0.6327166557312012
train/0002/ex03_happy_00324,0.7064406275749207,0.2516912817955017,0.04186813533306122
train/0002/ex03_enunciated_00177,0.013847141526639462,0.8432231545448303,0.1429297775030136
train/0002/ex03_happy_00218,0.17432940006256104,0.748207151889801,0.07746344059705734
train/0002/ex03_happy_00115,0.4942905008792877,0.47245797514915466,0.03325152397155762
train/0002/ex03_sad_00017,0.06625374406576157,0.8933035135269165,0.040442727506160736
train/0002/ex03_default_00067,0.31287503242492676,0.5787967443466187,0.1083281859755516
train/0002/ex03_confused_00101,0.0771988034248352,0.7054319977760315,0.21736913919448853
train/0002/ex03_laughing_00261,0.4079611003398895,0.5801420211791992,0.011896882206201553
train/0002/ex03_happy_00217,0.0028713825158774853,0.017333315685391426,0.9797953367233276
train/0002/ex03_enunciated_00178,0.01341109350323677,0.27955949306488037,0.7070294618606567
train/0002/ex03_enunciated_00275,0.4056660234928131,0.5611567497253418,0.03317714482545853
train/0002/ex03_default_emphasis_00140,0.07603571563959122,0.8897265791893005,0.03423774242401123
train/0002/ex03_sad_00018,0.5555323958396912,0.4179226756095886,0.02654491737484932
train/0002/ex03_confused_00203,0.6426599621772766,0.32823431491851807,0.02910575084388256
train/0002/ex03_laughing_00163,0.6026853919029236,0.3441968560218811,0.053117748349905014
train/0002/ex03_default_emphasis_00095,0.005230055656284094,0.022437872365117073,0.9723320603370667
train/0002/ex03_whisper_00252,0.1564430594444275,0.801332950592041,0.042224012315273285
train/0002/ex03_default_00068,0.0056163240224123,0.47019273042678833,0.5241909027099609
train/0002/ex03_sad_00315,0.11334516108036041,0.8000823855400085,0.08657242357730865
train/0002/ex03_happy_00142,0.013347205705940723,0.4341152012348175,0.5525375604629517
train/0002/ex03_sad_00195,0.010009772144258022,0.20611141622066498,0.783878743648529
train/0002/ex03_default_emphasis_00118,0.023677464574575424,0.9278607368469238,0.04846185818314552
train/0002/ex03_sad_00298,0.0891716331243515,0.8508321642875671,0.059996169060468674
train/0002/ex03_enunciated_00120,0.1626933366060257,0.8161346316337585,0.021172020584344864
train/0002/ex03_confused_00083,0.6848950982093811,0.28072836995124817,0.03437656909227371
train/0002/ex03_default_00030,0.023933345451951027,0.8821010589599609,0.09396567940711975
train/0002/ex03_laughing_00236,0.07085045427083969,0.21308884024620056,0.7160606980323792
train/0002/ex03_confused_00156,0.12473248690366745,0.6141887903213501,0.26107874512672424
train/0002/ex03_sad_00040,0.08138782531023026,0.8076333999633789,0.11097879707813263
train/0002/ex03_happy_00097,0.07115526497364044,0.9016873240470886,0.02715742215514183
train/0002/ex03_default_emphasis_00117,0.023677464574575424,0.9278607368469238,0.04846185818314552
train/0002/ex03_enunciated_00222,0.922201931476593,0.06875699758529663,0.009041027165949345
train/0002/ex03_happy_00240,0.3820362985134125,0.6048412322998047,0.013122444041073322
train/0002/ex03_sad_00297,0.34483858942985535,0.6080770492553711,0.047084346413612366
train/0002/ex03_confused_00159,0.3254769742488861,0.6442387700080872,0.030284276232123375
train/0002/ex03_laughing_00239,0.04655146598815918,0.9106012582778931,0.04284720867872238
train/0002/ex03_happy_00098,0.11848126351833344,0.8181746602058411,0.06334409862756729
train/0002/ex03_laughing_00134,0.0702761635184288,0.8772693276405334,0.05245456472039223
train/0002/ex03_confused_00254,0.050841379910707474,0.9093477129936218,0.039810843765735626
train/0002/ex03_laughing_00008,0.2565094232559204,0.7042161822319031,0.03927433118224144
train/0002/ex03_sad_00173,0.5878153443336487,0.35178104043006897,0.06040366366505623
train/0002/ex03_default_00103,0.3610804080963135,0.6065492033958435,0.032370395958423615
train/0002/ex03_laughing_00305,0.006732316222041845,0.09526332467794418,0.8980043530464172
train/0002/ex03_confused_00065,0.08341341465711594,0.8865395188331604,0.030047094449400902
train/0002/ex03_enunciated_00013,0.02625933848321438,0.6107569932937622,0.36298370361328125
train/0002/ex03_happy_00071,0.04624089226126671,0.6739122867584229,0.2798469066619873
train/0002/ex03_default_00201,0.02359635941684246,0.40671783685684204,0.5696858167648315
train/0002/ex03_laughing_00007,0.8549458384513855,0.12841327488422394,0.016640879213809967
train/0002/ex03_sad_00271,0.09719126671552658,0.37061023712158203,0.5321984887123108
train/0002/ex03_enunciated_00311,0.08673439174890518,0.8829222321510315,0.030343374237418175
train/0002/ex03_default_emphasis_00024,0.535295844078064,0.44936954975128174,0.015334580093622208
train/0002/ex03_laughing_00251,0.10210186243057251,0.8716452121734619,0.026252975687384605
train/0002/ex03_confused_00131,0.014176572673022747,0.12853527069091797,0.8572881817817688
train/0002/ex03_enunciated_00092,0.3099834620952606,0.5777361392974854,0.11228037625551224
train/0002/ex03_default_00057,0.020879672840237617,0.8553819060325623,0.12373839318752289
train/0002/ex03_sad_00027,0.13670167326927185,0.7908740639686584,0.07242431491613388
train/0002/ex03_whisper_00160,0.01885116659104824,0.811291515827179,0.16985732316970825
train/0002/ex03_happy_00125,0.09901463985443115,0.7464597821235657,0.15452565252780914
train/0002/ex03_laughing_00089,0.017356708645820618,0.9284401535987854,0.0542030967772007
train/0002/ex03_default_00182,0.4117201864719391,0.5456644892692566,0.042615342885255814
train/0002/ex03_enunciated_00147,0.07794373482465744,0.8883915543556213,0.03366466984152794
train/0002/ex03_happy_00228,0.07791667431592941,0.8507351279258728,0.07134824246168137
train/0002/ex03_default_00058,0.2839374244213104,0.6505696177482605,0.06549297273159027
train/0002/ex03_sad_00325,0.9073910713195801,0.08737127482891083,0.005237671546638012
train/0002/ex03_whisper_00262,0.02445114776492119,0.8543116450309753,0.12123726308345795
train/0002/ex03_laughing_00153,0.0681462362408638,0.8778522610664368,0.05400143936276436
train/0002/ex03_confused_00233,0.04478646069765091,0.8795790672302246,0.07563447952270508
train/0002/ex03_sad_00028,0.07437866926193237,0.8821573257446289,0.0434640608727932
train/0002/ex03_laughing_00086,0.37483131885528564,0.45592713356018066,0.16924159228801727
train/0002/ex03_default_00280,0.21525835990905762,0.5810603499412537,0.20368124544620514
train/0002/ex03_enunciated_00245,0.6532114148139954,0.32641345262527466,0.020375143736600876
train/0002/ex03_happy_00227,0.7301679253578186,0.25486189126968384,0.014970103278756142
train/0002/ex03_enunciated_00148,0.02500932477414608,0.9096349477767944,0.06535566598176956
train/0002/ex03_enunciated_00074,0.8406140804290771,0.15046846866607666,0.008917510509490967
train/0002/ex03_whisper_00186,0.02637048438191414,0.9067176580429077,0.06691179424524307
train/0002/ex03_happy_00016,0.0011855603661388159,0.0781526118516922,0.9206618070602417
train/0002/ex03_whisper_00053,0.0014086577575653791,0.02927495539188385,0.9693163633346558
train/0002/ex03_sad_00114,0.09886956959962845,0.8812562823295593,0.019874118268489838
train/0002/ex03_default_00269,0.13952328264713287,0.8343697190284729,0.026106948032975197
train/0002/ex03_confused_00002,0.40534189343452454,0.571341872215271,0.023316238075494766
train/0002/ex03_sad_00219,0.14785896241664886,0.8163317441940308,0.0358092337846756
train/0002/ex03_default_00164,0.09020794183015823,0.48451757431030273,0.42527440190315247
train/0002/ex03_happy_00314,0.012515825219452381,0.8989416360855103,0.08854258060455322
train/0002/ex03_happy_00019,0.770991861820221,0.2066400945186615,0.022368038073182106
train/0002/ex03_default_emphasis_00043,0.10936952382326126,0.8090041875839233,0.08162632584571838
train/0002/ex03_laughing_00060,0.2357507348060608,0.7047263979911804,0.059522852301597595
train/0002/ex03_confused_00300,0.004179410636425018,0.6469843983650208,0.3488362431526184
train/0002/ex03_default_00266,0.02813701704144478,0.8739177584648132,0.09794522821903229
train/0002/ex03_sad_00216,0.7792388200759888,0.21249620616436005,0.008264916017651558
train/0002/ex03_sad_00096,0.32731327414512634,0.6542685627937317,0.018418192863464355
train/0002/ex03_happy_00041,0.06363251805305481,0.8724440336227417,0.06392345577478409
train/0002/ex03_confused_00180,0.005013304762542248,0.7843015193939209,0.2106851041316986
train/0002/ex03_enunciated_00023,0.00822991132736206,0.332843154668808,0.6589269638061523
train/0002/ex03_confused_00055,0.2721068263053894,0.6113367080688477,0.11655646562576294
train/0002/ex03_laughing_00335,0.14650975167751312,0.8103683590888977,0.04312194138765335
train/0002/ex03_default_00133,0.035654082894325256,0.9214697480201721,0.042876213788986206
train/0002/ex03_happy_00299,0.032363276928663254,0.9030879735946655,0.0645488053560257
train/0002/ex03_happy_00194,0.36117541790008545,0.6078854203224182,0.03093908168375492
train/0002/ex03_sad_00143,0.08159846067428589,0.45221102237701416,0.46619051694869995
train/0002/ex03_laughing_00038,0.008981437422335148,0.7986752986907959,0.1923433393239975
train/0002/ex03_default_emphasis_00014,0.8372663855552673,0.1501617431640625,0.012571883387863636
train/0002/ex03_confused_00282,0.05138681083917618,0.8255127668380737,0.12310048937797546
train/0002/ex03_enunciated_00321,0.0019263153662905097,0.012020827271044254,0.9860528707504272
train/0002/ex03_sad_00099,0.0013383252080529928,0.023226290941238403,0.9754354357719421
train/0002/ex03_happy_00296,0.11298110336065292,0.851219117641449,0.03579971194267273
train/0002/ex03_sad_00241,0.04078097268939018,0.9050447344779968,0.054174210876226425
train/0002/ex03_laughing_00037,0.3108370006084442,0.6590176820755005,0.030145294964313507
train/0002/ex03_default_00231,0.19631467759609222,0.7583743929862976,0.04531090706586838
train/0002/ex03_sad_00070,0.05107595771551132,0.9258806109428406,0.023043427616357803
train/0002/ex03_confused_00166,0.3166404962539673,0.6499268412590027,0.03343271091580391
train/0002/ex03_laughing_00206,0.005895595066249371,0.10696789622306824,0.8871365785598755
train/0002/ex03_enunciated_00110,0.10611578077077866,0.6280891299247742,0.2657950818538666
train/0002/ex03_default_emphasis_00128,0.04320912808179855,0.9297661781311035,0.027024637907743454
train/0002/ex03_happy_00172,0.13101641833782196,0.7456713318824768,0.12331229448318481
train/0002/ex03_confused_00264,0.15074695646762848,0.7360092401504517,0.11324376612901688
train/0002/ex03_laughing_00104,0.005938641261309385,0.27836352586746216,0.7156978249549866
train/0002/ex03_default_00302,0.2370118796825409,0.7092816233634949,0.05370645597577095
train/0002/ex03_default_essentials_00004,0.0728394091129303,0.5325207710266113,0.3946398198604584
train/0002/ex03_whisper_00235,0.16389474272727966,0.8082646131515503,0.027840685099363327
train/0002/ex03_laughing_00209,0.21057815849781036,0.724551260471344,0.06487062573432922
train/0002/ex03_confused_00169,0.10057302564382553,0.8411530256271362,0.05827392637729645
train/0002/ex03_happy_00270,0.4167294502258301,0.5543341040611267,0.028936415910720825
train/0002/ex03_enunciated_00212,0.09456082433462143,0.804656445980072,0.10078273713588715
train/0002/ex03_default_emphasis_00127,0.04320912808179855,0.9297661781311035,0.027024637907743454
train/0002/ex03_laughing_00096,0.32731327414512634,0.6542685627937317,0.018418192863464355
train/0002/ex03_enunciated_00255,0.08918743580579758,0.8014944195747375,0.10931821167469025
train/0002/ex03_default_00290,0.2487557977437973,0.7292957305908203,0.02194852940738201
train/0002/ex03_enunciated_00158,0.10363586992025375,0.6909939646720886,0.20537015795707703
train/0002/ex03_happy_00237,0.2174713909626007,0.7338922023773193,0.048636410385370255
train/0002/ex03_sad_00335,0.14650975167751312,0.8103683590888977,0.04312194138765335
train/0002/ex03_default_00048,0.4117082953453064,0.4421383738517761,0.14615339040756226
train/0002/ex03_confused_00223,0.02199375629425049,0.9115579128265381,0.06644842028617859
train/0002/ex03_laughing_00143,0.08159846067428589,0.45221102237701416,0.46619051694869995
train/0002/ex03_sad_00038,0.008981437422335148,0.7986752986907959,0.1923433393239975
train/0002/ex03_happy_00135,0.32203778624534607,0.6531144380569458,0.02484774775803089
train/0002/ex03_laughing_00099,0.0013383252080529928,0.023226290941238403,0.9754354357719421
train/0002/ex03_happy_00238,0.04366883635520935,0.5542485117912292,0.4020826816558838
train/0002/ex03_enunciated_00157,0.0011037882650271058,0.07188178598880768,0.9270144104957581
train/0002/ex03_default_00192,0.03406243026256561,0.8339200615882874,0.13201749324798584
train/0002/ex03_confused_00121,0.18989664316177368,0.7453393936157227,0.06476392596960068
train/0002/ex03_laughing_00241,0.04078097268939018,0.9050447344779968,0.054174210876226425
train/0002/ex03_default_00047,0.011611181311309338,0.6614776253700256,0.32691118121147156
train/0002/ex03_enunciated_00082,0.008069120347499847,0.1351969838142395,0.8567339181900024
train/0002/ex03_whisper_00170,0.33066901564598083,0.5527677536010742,0.11656318604946136
train/0002/ex03_sad_00037,0.3108370006084442,0.6590176820755005,0.030145294964313507
train/0002/ex03_confused_00310,0.5734605193138123,0.40127575397491455,0.025263726711273193
train/0002/ex03_laughing_00070,0.05107595771551132,0.9258806109428406,0.023043427616357803
train/0002/ex03_default_00276,0.10526762157678604,0.8667259812355042,0.028006358072161674
train/0002/ex03_sad_00206,0.005895595066249371,0.10696789622306824,0.8871365785598755
train/0002/ex03_happy_00304,0.06879086047410965,0.8972926735877991,0.03391646593809128
train/0002/ex03_default_emphasis_00053,0.24930411577224731,0.7123198509216309,0.03837604820728302
train/0002/ex03_happy_00009,0.0845918282866478,0.8196587562561035,0.09574940800666809
train/0002/ex03_default_00279,0.01563277840614319,0.4759518504142761,0.5084153413772583
train/0002/ex03_sad_00104,0.005938641261309385,0.27836352586746216,0.7156978249549866
train/0002/ex03_whisper_00043,0.00873015820980072,0.1815658062696457,0.8097040057182312
train/0002/ex03_confused_00012,0.1072513684630394,0.7790594100952148,0.11368925124406815
train/0002/ex03_default_00174,0.013628383167088032,0.3652994930744171,0.6210720539093018
train/0002/ex03_sad_00209,0.21057815849781036,0.724551260471344,0.06487062573432922
train/0002/ex03_enunciated_00064,0.7158178687095642,0.2636066675186157,0.020575430244207382
train/0002/ex03_happy_00006,0.0890931636095047,0.8601805567741394,0.05072621628642082
train/0002/ex03_whisper_00196,0.9650911688804626,0.03223751485347748,0.0026712981052696705
train/0002/ex03_sad_00251,0.10210186243057251,0.8716452121734619,0.026252975687384605
train/0002/ex03_happy_00286,0.1650034338235855,0.559678316116333,0.2753182351589203
train/0002/ex03_laughing_00027,0.13670167326927185,0.7908740639686584,0.07242431491613388
train/0002/ex03_default_00221,0.011816482059657574,0.08620193600654602,0.9019815325737
train/0002/ex03_confused_00292,0.6467757821083069,0.34370726346969604,0.009516984224319458
train/0002/ex03_sad_00089,0.017356708645820618,0.9284401535987854,0.0542030967772007
train/0002/ex03_enunciated_00331,0.003585835685953498,0.47320428490638733,0.5232098698616028
train/0002/ex03_default_emphasis_00004,0.0038796195294708014,0.22637943923473358,0.7697409987449646
train/0002/ex03_laughing_00325,0.9073910713195801,0.08737127482891083,0.005237671546638012
train/0002/ex03_confused_00045,0.05733710154891014,0.8178368210792542,0.12482604384422302
train/0002/ex03_happy_00289,0.669156551361084,0.3012023866176605,0.029641028493642807
train/0002/ex03_default_00123,0.26079022884368896,0.629353940486908,0.1098557710647583
train/0002/ex03_sad_00153,0.0681462362408638,0.8778522610664368,0.05400143936276436
train/0002/ex03_happy_00184,0.010866288095712662,0.17139433324337006,0.8177394270896912
train/0002/ex03_laughing_00028,0.07437866926193237,0.8821573257446289,0.0434640608727932
train/0002/ex03_happy_00051,0.43871238827705383,0.5416808724403381,0.01960674487054348
train/0002/ex03_sad_00086,0.37483131885528564,0.45592713356018066,0.16924159228801727
train/0002/ex03_confused_00190,0.045895010232925415,0.6773179173469543,0.27678707242012024
train/0002/ex03_enunciated_00033,0.7516540288925171,0.22245611250400543,0.02588990330696106
train/0002/ex03_happy_00260,0.3990298807621002,0.5777177810668945,0.02325238101184368
train/0002/ex03_default_emphasis_00137,0.5918940305709839,0.3897435963153839,0.018362436443567276
train/0002/ex03_enunciated_00202,0.9232494235038757,0.07316331565380096,0.0035873071756213903
train/0002/ex03_whisper_00128,0.0052640256471931934,0.7760503888130188,0.21868552267551422
train/0002/ex03_laughing_00114,0.09886956959962845,0.8812562823295593,0.019874118268489838
train/0002/ex03_confused_00274,0.016039250418543816,0.6023038029670715,0.3816570043563843
train/0002/ex03_default_00312,0.21759195625782013,0.7258803248405457,0.056527670472860336
train/0002/ex03_confused_00179,0.1294921338558197,0.7833826541900635,0.08712516725063324
train/0002/ex03_laughing_00219,0.14785896241664886,0.8163317441940308,0.0358092337846756
train/0002/ex03_default_essentials_00014,0.12473248690366745,0.6141887903213501,0.26107874512672424
train/0002/ex03_enunciated_00100,0.11084052175283432,0.6181371808052063,0.27102231979370117
train/0002/ex03_happy_00162,0.24734191596508026,0.6592885255813599,0.09336959570646286
train/0002/ex03_default_emphasis_00138,0.5918940305709839,0.3897435963153839,0.018362436443567276
train/0002/ex03_sad_00060,0.2357507348060608,0.7047263979911804,0.059522852301597595
train/0002/ex03_laughing_00216,0.7792388200759888,0.21249620616436005,0.008264916017651558
train/0002/ex03_confused_00176,0.012776651419699192,0.8937208652496338,0.09350241720676422
train/0002/ex03_default_00010,0.09830158948898315,0.835801362991333,0.06589706242084503
train/0002/ex03_enunciated_00294,0.08097251504659653,0.8824989795684814,0.03652850538492203
train/0002/ex03_default_00251,0.10210186243057251,0.8716452121734619,0.026252975687384605
train/0002/ex03_laughing_00057,0.020879672840237617,0.8553819060325623,0.12373839318752289
train/0002/ex03_confused_00337,0.06539354473352432,0.884660542011261,0.0499458909034729
train/0002/ex03_sad_00221,0.011816482059657574,0.08620193600654602,0.9019815325737
train/0002/ex03_enunciated_00199,0.05458306148648262,0.679976761341095,0.2654402256011963
train/0002/ex03_happy_00323,0.1642943024635315,0.7938702702522278,0.04183539003133774
train/0002/ex03_default_00089,0.017356708645820618,0.9284401535987854,0.0542030967772007
train/0002/ex03_enunciated_00341,0.24302440881729126,0.7357015609741211,0.021274104714393616
train/0002/ex03_laughing_00182,0.4117201864719391,0.5456644892692566,0.042615342885255814
train/0002/ex03_default_emphasis_00074,0.8157194256782532,0.16471929848194122,0.01956125535070896
train/0002/ex03_confused_00338,0.14551357924938202,0.4120813310146332,0.44240501523017883
train/0002/ex03_laughing_00058,0.2839374244213104,0.6505696177482605,0.06549297273159027
train/0002/ex03_sad_00123,0.26079022884368896,0.629353940486908,0.1098557710647583
train/0002/ex03_enunciated_00196,0.9650911688804626,0.03223751485347748,0.0026712981052696705
train/0002/ex03_default_00153,0.0681462362408638,0.8778522610664368,0.05400143936276436
train/0002/ex03_confused_00035,0.9078758955001831,0.08624976128339767,0.005874406546354294
train/0002/ex03_default_00086,0.37483131885528564,0.45592713356018066,0.16924159228801727
train/0002/ex03_enunciated_00043,0.00873015820980072,0.1815658062696457,0.8097040057182312
train/0002/ex03_laughing_00280,0.21525835990905762,0.5810603499412537,0.20368124544620514
train/0002/ex03_happy_00021,0.14573270082473755,0.7526432275772095,0.10162409394979477
train/0002/ex03_default_emphasis_00147,0.08522647619247437,0.8802830576896667,0.03449046611785889
train/0002/ex03_enunciated_00272,0.10255767405033112,0.8177222609519958,0.07972005754709244
train/0002/ex03_happy_00210,0.24513563513755798,0.7118697762489319,0.04299454391002655
train/0002/ex03_confused_00109,0.11221916228532791,0.7507390379905701,0.137041836977005
train/0002/ex03_laughing_00269,0.13952328264713287,0.8343697190284729,0.026106948032975197
train/0002/ex03_sad_00312,0.21759195625782013,0.7258803248405457,0.056527670472860336
train/0002/ex03_whisper_00255,0.08918743580579758,0.8014944195747375,0.10931821167469025
train/0002/ex03_default_emphasis_00092,0.46396568417549133,0.5248507261276245,0.011183539405465126
train/0002/ex03_laughing_00164,0.09020794183015823,0.48451757431030273,0.42527440190315247
train/0002/ex03_confused_00204,0.012326025404036045,0.8266929388046265,0.16098108887672424
train/0002/ex03_happy_00112,0.12278100103139877,0.42771267890930176,0.44950634241104126
train/0002/ex03_default_emphasis_00148,0.08522647619247437,0.8802830576896667,0.03449046611785889
train/0002/ex03_enunciated_00170,0.33066901564598083,0.5527677536010742,0.11656318604946136
train/0002/ex03_default_00060,0.2357507348060608,0.7047263979911804,0.059522852301597595
train/0002/ex03_laughing_00266,0.02759436145424843,0.8957851529121399,0.07662054151296616
train/0002/ex03_confused_00106,0.0029570888727903366,0.03608274832367897,0.9609602093696594
train/0002/ex03_sad_00010,0.09830158948898315,0.835801362991333,0.06589706242084503
train/0002/ex03_whisper_00157,0.0011037882650271058,0.07188178598880768,0.9270144104957581
train/0002/ex03_sad_00290,0.2487557977437973,0.7292957305908203,0.02194852940738201
train/0002/ex03_happy_00247,0.6185071468353271,0.2976781725883484,0.08381471782922745
train/0002/ex03_enunciated_00128,0.0052640256471931934,0.7760503888130188,0.21868552267551422
train/0002/ex03_enunciated_00225,0.6084965467453003,0.36872023344039917,0.02278320863842964
train/0002/ex03_default_emphasis_00110,0.025358684360980988,0.9300779104232788,0.044563427567481995
train/0002/ex03_sad_00048,0.4117082953453064,0.4421383738517761,0.14615339040756226
train/0002/ex03_confused_00253,0.0015367695596069098,0.3452049791812897,0.6532582640647888
train/0002/ex03_laughing_00133,0.035654082894325256,0.9214697480201721,0.042876213788986206
train/0002/ex03_default_essentials_00033,0.8274328112602234,0.16330650448799133,0.009260733611881733
train/0002/ex03_whisper_00202,0.9232494235038757,0.07316331565380096,0.0035873071756213903
train/0002/ex03_default_00038,0.008981437422335148,0.7986752986907959,0.1923433393239975
train/0002/ex03_enunciated_00127,0.4211702048778534,0.544161856174469,0.034667909145355225
train/0002/ex03_happy_00248,0.278873473405838,0.6496486663818359,0.07147788256406784
train/0002/ex03_confused_00084,0.011371379718184471,0.12799397110939026,0.8606346845626831
train/0002/ex03_sad_00192,0.030401131138205528,0.8299083113670349,0.1396905481815338
train/0002/ex03_happy_00145,0.010807047598063946,0.938178539276123,0.05101434886455536
train/0002/ex03_happy_00090,0.6397046446800232,0.3464771807193756,0.013818218372762203
train/0002/ex03_sad_00047,0.011611181311309338,0.6614776253700256,0.32691118121147156
train/0002/ex03_default_00037,0.3108370006084442,0.6590176820755005,0.030145294964313507
train/0002/ex03_confused_00151,0.07515750825405121,0.8679300546646118,0.05691247805953026
train/0002/ex03_laughing_00231,0.19631467759609222,0.7583743929862976,0.04531090706586838
train/0002/ex03_sad_00276,0.10526762157678604,0.8667259812355042,0.028006358072161674
train/0002/ex03_whisper_00331,0.003585835685953498,0.47320428490638733,0.5232098698616028
train/0002/ex03_default_00206,0.005895595066249371,0.10696789622306824,0.8871365785598755
train/0002/ex03_default_emphasis_00023,0.535295844078064,0.44936954975128174,0.015334580093622208
train/0002/ex03_happy_00079,0.6489973664283752,0.3337467610836029,0.01725592464208603
train/0002/ex03_enunciated_00316,0.5597238540649414,0.4245297908782959,0.015746407210826874
train/0002/ex03_sad_00279,0.01563277840614319,0.4759518504142761,0.5084153413772583
train/0002/ex03_default_00104,0.005938641261309385,0.27836352586746216,0.7156978249549866
train/0002/ex03_confused_00062,0.007254440803080797,0.17706871032714844,0.8156768083572388
train/0002/ex03_laughing_00302,0.2370118796825409,0.7092816233634949,0.05370645597577095
train/0002/ex03_sad_00174,0.013628383167088032,0.3652994930744171,0.6210720539093018
train/0002/ex03_default_00209,0.21057815849781036,0.724551260471344,0.06487062573432922
train/0002/ex03_whisper_00033,0.7516540288925171,0.22245611250400543,0.02588990330696106
train/0002/ex03_enunciated_00319,0.05311966687440872,0.6859742999076843,0.26090601086616516
train/0002/ex03_happy_00076,0.6248221397399902,0.3652366101741791,0.009941217489540577
train/0002/ex03_enunciated_00014,0.047047220170497894,0.9068440198898315,0.04610885679721832
train/0002/ex03_enunciated_00053,0.0014086577575653791,0.02927495539188385,0.9693163633346558
train/0002/ex03_default_00096,0.32731327414512634,0.6542685627937317,0.018418192863464355
train/0002/ex03_laughing_00290,0.2487557977437973,0.7292957305908203,0.02194852940738201
train/0002/ex03_happy_00031,0.002743127988651395,0.061138372868299484,0.9361184239387512
train/0002/ex03_laughing_00048,0.4117082953453064,0.4421383738517761,0.14615339040756226
train/0002/ex03_confused_00328,0.03134066238999367,0.9167276620864868,0.05193169787526131
train/0002/ex03_sad_00133,0.035654082894325256,0.9214697480201721,0.042876213788986206
train/0002/ex03_default_00143,0.08159846067428589,0.45221102237701416,0.46619051694869995
train/0002/ex03_enunciated_00186,0.02637048438191414,0.9067176580429077,0.06691179424524307
train/0002/ex03_confused_00025,0.17330650985240936,0.7767201662063599,0.049973320215940475
train/0002/ex03_default_00099,0.0013383252080529928,0.023226290941238403,0.9754354357719421
train/0002/ex03_happy_00333,0.1982080042362213,0.7230218648910522,0.07877012342214584
train/0002/ex03_default_emphasis_00064,0.07765448838472366,0.8171347975730896,0.10521066188812256
train/0002/ex03_laughing_00192,0.030401131138205528,0.8299083113670349,0.1396905481815338
train/0002/ex03_default_00241,0.04078097268939018,0.9050447344779968,0.054174210876226425
train/0002/ex03_enunciated_00284,0.11834640800952911,0.8331121802330017,0.04854145273566246
train/0002/ex03_confused_00327,0.17182432115077972,0.7979517579078674,0.030223991721868515
train/0002/ex03_laughing_00047,0.011611181311309338,0.6614776253700256,0.32691118121147156
train/0002/ex03_enunciated_00189,0.01567363180220127,0.9193049669265747,0.06502138823270798
train/0002/ex03_sad_00231,0.19631467759609222,0.7583743929862976,0.04531090706586838
train/0002/ex03_default_00070,0.05107595771551132,0.9258806109428406,0.023043427616357803
train/0002/ex03_confused_00116,0.10144815593957901,0.8492686152458191,0.04928326979279518
train/0002/ex03_laughing_00276,0.10526762157678604,0.8667259812355042,0.028006358072161674
train/0002/ex03_whisper_00092,0.3099834620952606,0.5777361392974854,0.11228037625551224
train/0002/ex03_happy_00102,0.3935460150241852,0.5663156509399414,0.040138304233551025
train/0002/ex03_enunciated_00160,0.01885116659104824,0.811291515827179,0.16985732316970825
train/0002/ex03_laughing_00279,0.01563277840614319,0.4759518504142761,0.5084153413772583
train/0002/ex03_confused_00119,0.020372776314616203,0.9065691828727722,0.07305806875228882
train/0002/ex03_sad_00302,0.2370118796825409,0.7092816233634949,0.05370645597577095
train/0002/ex03_confused_00214,0.09779644012451172,0.8522543907165527,0.04994918778538704
train/0002/ex03_laughing_00174,0.013628383167088032,0.3652994930744171,0.6210720539093018
train/0002/ex03_default_emphasis_00082,0.023155616596341133,0.872425377368927,0.10441894829273224
train/0002/ex03_enunciated_00262,0.02445114776492119,0.8543116450309753,0.12123726308345795
train/0002/ex03_happy_00200,0.11201745271682739,0.8234284520149231,0.0645541399717331
train/0002/ex03_sad_00057,0.022795001044869423,0.8559510707855225,0.12125394493341446
train/0002/ex03_happy_00080,0.04489348456263542,0.8308603763580322,0.12424615770578384
train/0002/ex03_default_00027,0.13670167326927185,0.7908740639686584,0.07242431491613388
train/0002/ex03_laughing_00221,0.011816482059657574,0.08620193600654602,0.9019815325737
train/0002/ex03_confused_00141,0.5508073568344116,0.41095995903015137,0.0382327139377594
train/0002/ex03_happy_00258,0.036025963723659515,0.8321014046669006,0.13187265396118164
train/0002/ex03_enunciated_00137,0.009667238220572472,0.20265771448612213,0.7876750826835632
train/0002/ex03_confused_00094,0.14911124110221863,0.7622385025024414,0.08865026384592056
train/0002/ex03_happy_00155,0.7967516183853149,0.1935429722070694,0.009705480188131332
train/0002/ex03_sad_00182,0.4117201864719391,0.5456644892692566,0.042615342885255814
train/0002/ex03_sad_00058,0.2839374244213104,0.6505696177482605,0.06549297273159027
train/0002/ex03_default_00325,0.9073910713195801,0.08737127482891083,0.005237671546638012
train/0002/ex03_laughing_00123,0.26079022884368896,0.629353940486908,0.1098557710647583
train/0002/ex03_confused_00243,0.02490665204823017,0.32754865288734436,0.6475446224212646
train/0002/ex03_default_00028,0.07437866926193237,0.8821573257446289,0.0434640608727932
train/0002/ex03_default_essentials_00023,0.16793540120124817,0.6087225079536438,0.22334209084510803
train/0002/ex03_enunciated_00138,0.7870345115661621,0.17972296476364136,0.0332426093518734
train/0002/ex03_happy_00257,0.03287899121642113,0.9185515642166138,0.048569388687610626
train/0002/ex03_sad_00280,0.21525835990905762,0.5810603499412537,0.20368124544620514
train/0002/ex03_default_emphasis_00100,0.020778663456439972,0.8278183937072754,0.1514030396938324
train/0002/ex03_enunciated_00235,0.16389474272727966,0.8082646131515503,0.027840685099363327
train/0002/ex03_happy_00066,0.006975752767175436,0.3590913414955139,0.6339329481124878
train/0002/ex03_enunciated_00309,0.01003265380859375,0.3061969578266144,0.6837704181671143
train/0002/ex03_enunciated_00004,0.2309294193983078,0.6730603575706482,0.096010223031044
train/0002/ex03_default_00114,0.09886956959962845,0.8812562823295593,0.019874118268489838
train/0002/ex03_sad_00269,0.13952328264713287,0.8343697190284729,0.026106948032975197
train/0002/ex03_laughing_00312,0.21759195625782013,0.7258803248405457,0.056527670472860336
train/0002/ex03_confused_00072,0.006934850476682186,0.7147784233093262,0.27828672528266907
train/0002/ex03_default_00219,0.14785896241664886,0.8163317441940308,0.0358092337846756
train/0002/ex03_sad_00164,0.09020794183015823,0.48451757431030273,0.42527440190315247
train/0002/ex03_enunciated_00306,0.047504059970378876,0.7264012098312378,0.2260947972536087
train/0002/ex03_happy_00069,0.018560370430350304,0.6099322438240051,0.37150734663009644
train/0002/ex03_default_emphasis_00033,0.015133252367377281,0.26599130034446716,0.7188754677772522
train/0002/ex03_sad_00266,0.02813701704144478,0.8739177584648132,0.09794522821903229
train/0002/ex03_default_00216,0.7792388200759888,0.21249620616436005,0.008264916017651558
train/0002/ex03_laughing_00010,0.09830158948898315,0.835801362991333,0.06589706242084503
train/0002/ex03_default_00195,0.010009772144258022,0.20611141622066498,0.783878743648529
train/0002/ex03_enunciated_00150,0.3692498207092285,0.6108438372612,0.019906334578990936
train/0002/ex03_happy_00132,0.3829099237918854,0.5948285460472107,0.022261494770646095
train/0002/ex03_default_00298,0.0891716331243515,0.8508321642875671,0.059996169060468674
train/0002/ex03_sad_00030,0.023933345451951027,0.8821010589599609,0.09396567940711975
train/0002/ex03_laughing_00246,0.1059250682592392,0.7717429399490356,0.12233194708824158
train/0002/ex03_confused_00126,0.9107219576835632,0.08194239437580109,0.007335630711168051
train/0002/ex03_enunciated_00085,0.12588682770729065,0.8467499017715454,0.027363205328583717
train/0002/ex03_default_00040,0.08138782531023026,0.8076333999633789,0.11097879707813263
train/0002/ex03_happy_00230,0.0021287724375724792,0.027704542502760887,0.9701666235923767
train/0002/ex03_laughing_00091,0.024219220504164696,0.9387019872665405,0.03707881271839142
train/0002/ex03_default_00297,0.34483858942985535,0.6080770492553711,0.047084346413612366
train/0002/ex03_enunciated_00252,0.1564430594444275,0.801332950592041,0.042224012315273285
train/0002/ex03_laughing_00144,0.001534031704068184,0.018481232225894928,0.9799847602844238
train/0002/ex03_confused_00224,0.01938999444246292,0.7528833746910095,0.22772656381130219
train/0002/ex03_sad_00332,0.0015072087990120053,0.037878476083278656,0.9606143236160278
train/0002/ex03_confused_00129,0.001598811475560069,0.16394974291324615,0.8344513773918152
train/0002/ex03_laughing_00249,0.001409041928127408,0.029685065150260925,0.9689059257507324
train/0002/ex03_confused_00015,0.5461531281471252,0.43461084365844727,0.019236072897911072
train/0002/ex03_default_00173,0.5878153443336487,0.35178104043006897,0.06040366366505623
train/0002/ex03_sad_00103,0.3610804080963135,0.6065492033958435,0.032370395958423615
train/0002/ex03_confused_00318,0.1492311954498291,0.6812230348587036,0.16954578459262848
train/0002/ex03_laughing_00078,0.38885319232940674,0.5822727680206299,0.028873976320028305
train/0002/ex03_happy_00001,0.41047507524490356,0.5164309740066528,0.07309392839670181
train/0002/ex03_enunciated_00063,0.031588345766067505,0.6092475056648254,0.3591640889644623
train/0002/ex03_sad_00201,0.02359635941684246,0.40671783685684204,0.5696858167648315
train/0002/ex03_laughing_00077,0.5482242703437805,0.38212570548057556,0.06965003907680511
train/0002/ex03_confused_00317,0.21871741116046906,0.7395622730255127,0.04172039031982422
train/0002/ex03_default_00271,0.09719126671552658,0.37061023712158203,0.5321984887123108
train/0002/ex03_default_emphasis_00054,0.24930411577224731,0.7123198509216309,0.03837604820728302
train/0002/ex03_happy_00303,0.23569822311401367,0.7394405007362366,0.02486128732562065
train/0002/ex03_happy_00183,0.0034860067535191774,0.23475070297718048,0.7617632746696472
train/0002/ex03_default_00229,0.04391935467720032,0.9225332736968994,0.03354745730757713
train/0002/ex03_sad_00154,0.08046483248472214,0.8839833736419678,0.03555179759860039
train/0002/ex03_whisper_00013,0.02625933848321438,0.6107569932937622,0.36298370361328125
train/0002/ex03_confused_00042,0.10085365921258926,0.8225803971290588,0.07656604796648026
train/0002/ex03_laughing_00322,0.12925660610198975,0.38423100113868713,0.4865123927593231
train/0002/ex03_default_00124,0.3695252239704132,0.5886554718017578,0.041819363832473755
train/0002/ex03_sad_00259,0.04694460332393646,0.607232391834259,0.3458229601383209
train/0002/ex03_confused_00197,0.11034850031137466,0.8252683281898499,0.06438321620225906
train/0002/ex03_enunciated_00034,0.025228610262274742,0.3684001863002777,0.6063711643218994
train/0002/ex03_sad_00081,0.11236665397882462,0.8491691946983337,0.038464177399873734
train/0002/ex03_happy_00056,0.7501451969146729,0.23206068575382233,0.01779414713382721
train/0002/ex03_enunciated_00339,0.002632297808304429,0.007691065780818462,0.9896766543388367
train/0002/ex03_laughing_00020,0.0011593588860705495,0.014060087502002716,0.9847805500030518
train/0002/ex03_default_00226,0.0012665610993281007,0.22329966723918915,0.7754337787628174
train/0002/ex03_happy_00281,0.021632298827171326,0.8941038250923157,0.08426389843225479
train/0002/ex03_sad_00256,0.4122958481311798,0.5508190393447876,0.03688511252403259
train/0002/ex03_confused_00198,0.035956140607595444,0.26075729727745056,0.7032865881919861
train/0002/ex03_default_emphasis_00003,0.0038796195294708014,0.22637943923473358,0.7697409987449646
train/0002/ex03_confused_00295,0.12646470963954926,0.583471953868866,0.29006338119506836
train/0002/ex03_enunciated_00336,0.13553200662136078,0.5063952803611755,0.3580727279186249
train/0002/ex03_happy_00059,0.24895760416984558,0.5422146320343018,0.20882770419120789
train/0002/ex03_happy_00165,0.3229769170284271,0.6224579811096191,0.054565053433179855
train/0002/ex03_happy_00268,0.04196780174970627,0.7517796158790588,0.2062525600194931
train/0002/ex03_enunciated_00107,0.0028173578903079033,0.5884023308753967,0.4087803065776825
train/0002/ex03_confused_00171,0.14002563059329987,0.820054829120636,0.03991952911019325
train/0002/ex03_laughing_00211,0.025630880147218704,0.9200195074081421,0.05434960126876831
train/0002/ex03_default_00017,0.06625374406576157,0.8933035135269165,0.040442727506160736
train/0002/ex03_whisper_00120,0.1626933366060257,0.8161346316337585,0.021172020584344864
train/0002/ex03_sad_00067,0.3180946111679077,0.5608453750610352,0.12105999886989594
train/0002/ex03_enunciated_00205,0.0016081371577456594,0.20839020609855652,0.790001630783081
train/0002/ex03_default_emphasis_00130,0.04320912808179855,0.9297661781311035,0.027024637907743454
train/0002/ex03_enunciated_00108,0.02756648138165474,0.8334192633628845,0.13901422917842865
train/0002/ex03_happy_00267,0.025112159550189972,0.8432343006134033,0.1316535323858261
train/0002/ex03_default_essentials_00013,0.0018829663749784231,0.02551122196018696,0.9726057648658752
train/0002/ex03_default_00018,0.5555323958396912,0.4179226756095886,0.02654491737484932
train/0002/ex03_confused_00273,0.14211143553256989,0.6549503207206726,0.2029382884502411
train/0002/ex03_laughing_00113,0.07813523709774017,0.8716291785240173,0.050235554575920105
train/0002/ex03_sad_00068,0.0056163240224123,0.47019273042678833,0.5241909027099609
train/0002/ex03_default_00315,0.11334516108036041,0.8000823855400085,0.08657242357730865
train/0002/ex03_confused_00234,0.7056537866592407,0.26188895106315613,0.03245725855231285
train/0002/ex03_laughing_00154,0.08046483248472214,0.8839833736419678,0.03555179759860039
train/0002/ex03_whisper_00265,0.5591064691543579,0.4112805426120758,0.029612934216856956
train/0002/ex03_sad_00322,0.12925660610198975,0.38423100113868713,0.4865123927593231
train/0002/ex03_laughing_00259,0.04694460332393646,0.607232391834259,0.3458229601383209
train/0002/ex03_confused_00139,0.17163386940956116,0.7770972847938538,0.05126886069774628
train/0002/ex03_happy_00220,0.47948670387268066,0.49583399295806885,0.024679305031895638
train/0002/ex03_laughing_00081,0.11236665397882462,0.8491691946983337,0.038464177399873734
train/0002/ex03_enunciated_00242,0.032693494111299515,0.7399571537971497,0.22734929621219635
train/0002/ex03_default_00287,0.2511812448501587,0.7225874662399292,0.026231326162815094
train/0002/ex03_whisper_00167,0.011023887433111668,0.8084061145782471,0.18057000637054443
train/0002/ex03_sad_00020,0.0011593588860705495,0.014060087502002716,0.9847805500030518
train/0002/ex03_confused_00136,0.510238528251648,0.4369329512119293,0.05282846465706825
train/0002/ex03_laughing_00256,0.4122958481311798,0.5508190393447876,0.03688511252403259
train/0002/ex03_default_00050,0.26238957047462463,0.7016577124595642,0.03595268726348877
train/0002/ex03_enunciated_00095,0.1614694744348526,0.8117594122886658,0.026771167293190956
train/0002/ex03_enunciated_00140,0.20574232935905457,0.7700877785682678,0.024169854819774628
train/0002/ex03_default_00185,0.008594511076807976,0.2811390161514282,0.7102664709091187
train/0002/ex03_default_00288,0.012361902743577957,0.35492146015167236,0.6327166557312012
train/0002/ex03_happy_00122,0.8040345907211304,0.1851336508989334,0.010831710882484913
train/0002/ex03_default_emphasis_00044,0.10936952382326126,0.8090041875839233,0.08162632584571838
train/0002/ex03_happy_00313,0.012271998450160027,0.693864107131958,0.2938638925552368
train/0002/ex03_sad_00211,0.025630880147218704,0.9200195074081421,0.05434960126876831
train/0002/ex03_confused_00307,0.029606733471155167,0.9272629022598267,0.04313042759895325
train/0002/ex03_laughing_00067,0.31287503242492676,0.5787967443466187,0.1083281859755516
train/0002/ex03_default_00261,0.4079611003398895,0.5801420211791992,0.011896882206201553
train/0002/ex03_happy_00011,0.44703614711761475,0.5320015549659729,0.020962299779057503
train/0002/ex03_enunciated_00073,0.020436996594071388,0.875901997089386,0.10366109013557434
train/0002/ex03_confused_00005,0.4856659173965454,0.4515913724899292,0.06274272501468658
train/0002/ex03_default_00163,0.6026853919029236,0.3441968560218811,0.053117748349905014
train/0002/ex03_sad_00113,0.07813523709774017,0.8716291785240173,0.050235554575920105
train/0002/ex03_laughing_00068,0.0056163240224123,0.47019273042678833,0.5241909027099609
train/0002/ex03_confused_00308,0.39725589752197266,0.5839542746543884,0.018789885565638542
train/0002/ex03_confused_00188,0.043911658227443695,0.9120472073554993,0.044041093438863754
train/0002/ex03_confused_00285,0.6451245546340942,0.33513909578323364,0.01973631978034973
train/0002/ex03_happy_00049,0.0027125354390591383,0.2769797444343567,0.7203077077865601
train/0002/ex03_enunciated_00326,0.009964453987777233,0.4887513816356659,0.5012841820716858
train/0002/ex03_default_emphasis_00013,0.8372663855552673,0.1501617431640625,0.012571883387863636
train/0002/ex03_laughing_00030,0.023933345451951027,0.8821010589599609,0.09396567940711975
train/0002/ex03_default_00236,0.07085045427083969,0.21308884024620056,0.7160606980323792
train/0002/ex03_sad_00246,0.1059250682592392,0.7717429399490356,0.12233194708824158
train/0002/ex03_happy_00291,0.007582052610814571,0.16026708483695984,0.8321508169174194
train/0002/ex03_confused_00187,0.03032507933676243,0.4252912700176239,0.5443836450576782
train/0002/ex03_enunciated_00024,0.004856337793171406,0.7712386250495911,0.22390511631965637
train/0002/ex03_enunciated_00329,0.7405450344085693,0.2504942715167999,0.008960752747952938
train/0002/ex03_happy_00046,0.9208309650421143,0.06938870251178741,0.00978035293519497
train/0002/ex03_sad_00091,0.024219220504164696,0.9387019872665405,0.03707881271839142
train/0002/ex03_sad_00144,0.001534031704068184,0.018481232225894928,0.9799847602844238
train/0002/ex03_default_00239,0.04655146598815918,0.9106012582778931,0.04284720867872238
train/0002/ex03_happy_00193,0.19778452813625336,0.7514957189559937,0.0507197231054306
train/0002/ex03_laughing_00332,0.0015072087990120053,0.037878476083278656,0.9606143236160278
train/0002/ex03_confused_00052,0.155069038271904,0.8129703998565674,0.031960584223270416
train/0002/ex03_sad_00249,0.001409041928127408,0.029685065150260925,0.9689059257507324
train/0002/ex03_default_00134,0.0702761635184288,0.8772693276405334,0.05245456472039223
train/0002/ex03_default_00008,0.2565094232559204,0.7042161822319031,0.03927433118224144
train/0002/ex03_default_essentials_00003,0.05254159867763519,0.47337719798088074,0.47408124804496765
train/0002/ex03_laughing_00103,0.3853166997432709,0.5857755541801453,0.028907721862196922
train/0002/ex03_confused_00263,0.11177604645490646,0.8154468536376953,0.07277708500623703
train/0002/ex03_default_00305,0.006732316222041845,0.09526332467794418,0.8980043530464172
train/0002/ex03_sad_00078,0.38885319232940674,0.5822727680206299,0.028873976320028305
train/0002/ex03_default_emphasis_00120,0.30896058678627014,0.6572567224502563,0.033782631158828735
train/0002/ex03_enunciated_00215,0.09553554654121399,0.8664426207542419,0.03802189975976944
train/0002/ex03_happy_00277,0.03955380618572235,0.9299746751785278,0.030471481382846832
train/0002/ex03_enunciated_00118,0.19820863008499146,0.7192618250846863,0.08252953737974167
train/0002/ex03_laughing_00201,0.02359635941684246,0.40671783685684204,0.5696858167648315
train/0002/ex03_confused_00161,0.0021052155643701553,0.019658217206597328,0.9782364964485168
train/0002/ex03_default_00007,0.8549458384513855,0.12841327488422394,0.016640879213809967
train/0002/ex03_sad_00077,0.5482242703437805,0.38212570548057556,0.06965003907680511
train/0002/ex03_happy_00175,0.07980688661336899,0.8734585642814636,0.04673454910516739
train/0002/ex03_enunciated_00117,0.0023263294715434313,0.4297848641872406,0.5678887963294983
train/0002/ex03_happy_00278,0.04604513570666313,0.5824355483055115,0.3715193271636963
train/0002/ex03_sad_00217,0.0028713825158774853,0.017333315685391426,0.9797953367233276
train/0002/ex03_laughing_00061,0.3496197760105133,0.6074638366699219,0.04291635379195213
train/0002/ex03_confused_00301,0.04741191118955612,0.7898647785186768,0.1627233326435089
train/0002/ex03_default_00267,0.025112159550189972,0.8432343006134033,0.1316535323858261
train/0002/ex03_default_emphasis_00042,0.10936952382326126,0.8090041875839233,0.08162632584571838
train/0002/ex03_happy_00018,0.5555323958396912,0.4179226756095886,0.02654491737484932
train/0002/ex03_happy_00315,0.11334516108036041,0.8000823855400085,0.08657242357730865
train/0002/ex03_confused_00003,0.22185511887073517,0.6437991261482239,0.13434575498104095
train/0002/ex03_default_00165,0.3229769170284271,0.6224579811096191,0.054565053433179855
train/0002/ex03_sad_00218,0.17432940006256104,0.748207151889801,0.07746344059705734
train/0002/ex03_default_00268,0.04196780174970627,0.7517796158790588,0.2062525600194931
train/0002/ex03_sad_00115,0.4942905008792877,0.47245797514915466,0.03325152397155762
train/0002/ex03_happy_00017,0.06625374406576157,0.8933035135269165,0.040442727506160736
train/0002/ex03_enunciated_00075,0.31467393040657043,0.5775675773620605,0.10775844007730484
train/0002/ex03_enunciated_00149,0.6424664258956909,0.3475932478904724,0.009940337389707565
train/0002/ex03_happy_00226,0.0012665610993281007,0.22329966723918915,0.7754337787628174
train/0002/ex03_laughing_00087,0.7201869487762451,0.2679121792316437,0.011900868266820908
train/0002/ex03_default_00281,0.021632298827171326,0.8941038250923157,0.08426389843225479
train/0002/ex03_enunciated_00244,0.014272523112595081,0.8301792740821838,0.15554814040660858
train/0002/ex03_laughing_00152,0.34095120429992676,0.6258883476257324,0.03316046670079231
train/0002/ex03_confused_00232,0.044629182666540146,0.2225862592458725,0.7327845096588135
train/0002/ex03_sad_00029,0.23274880647659302,0.7374846339225769,0.02976655215024948
train/0002/ex03_sad_00324,0.7064406275749207,0.2516912817955017,0.04186813533306122
train/0002/ex03_default_00059,0.24895760416984558,0.5422146320343018,0.20882770419120789
train/0002/ex03_default_00183,0.0034860067535191774,0.23475070297718048,0.7617632746696472
train/0002/ex03_happy_00229,0.04391935467720032,0.9225332736968994,0.03354745730757713
train/0002/ex03_enunciated_00146,0.006689869798719883,0.8292211890220642,0.16408896446228027
train/0002/ex03_happy_00124,0.3695252239704132,0.5886554718017578,0.041819363832473755
train/0002/ex03_laughing_00088,0.058864839375019073,0.8684824705123901,0.07265274971723557
train/0002/ex03_sad_00026,0.09946797043085098,0.851886510848999,0.04864555224776268
train/0002/ex03_laughing_00250,0.6551523208618164,0.3381151854991913,0.0067325495183467865
train/0002/ex03_confused_00130,0.039741817861795425,0.7045941352844238,0.25566405057907104
train/0002/ex03_enunciated_00093,0.09693872183561325,0.8053513169288635,0.09770989418029785
train/0002/ex03_default_00056,0.7697471976280212,0.21545948088169098,0.014793355949223042
train/0002/ex03_default_emphasis_00126,0.034462496638298035,0.3405216634273529,0.6250158548355103
train/0002/ex03_enunciated_00213,0.012239496223628521,0.17260998487472534,0.8151504993438721
train/0002/ex03_happy_00271,0.09719126671552658,0.37061023712158203,0.5321984887123108
train/0002/ex03_laughing_00208,0.024713430553674698,0.701988697052002,0.27329787611961365
train/0002/ex03_confused_00168,0.24593503773212433,0.706681489944458,0.04738346487283707
train/0002/ex03_default_essentials_00005,0.01447839755564928,0.32649457454681396,0.659027099609375
train/0002/ex03_confused_00265,0.5591064691543579,0.4112805426120758,0.029612934216856956
train/0002/ex03_laughing_00105,0.002734140492975712,0.45144012570381165,0.545825719833374
train/0002/ex03_default_00303,0.23569822311401367,0.7394405007362366,0.02486128732562065
train/0002/ex03_happy_00173,0.5878153443336487,0.35178104043006897,0.06040366366505623
train/0002/ex03_default_emphasis_00129,0.04320912808179855,0.9297661781311035,0.027024637907743454
train/0002/ex03_enunciated_00111,0.5540618896484375,0.43421879410743713,0.01171928271651268
train/0002/ex03_confused_00167,0.011023887433111668,0.8084061145782471,0.18057000637054443
train/0002/ex03_laughing_00207,0.006683720275759697,0.9497421383857727,0.04357415437698364
train/0002/ex03_default_00001,0.41047507524490356,0.5164309740066528,0.07309392839670181
train/0002/ex03_sad_00071,0.04624089226126671,0.6739122867584229,0.2798469066619873
train/0002/ex03_laughing_00036,0.01103247981518507,0.880673885345459,0.10829358547925949
train/0002/ex03_default_00230,0.0026522278785705566,0.036557700484991074,0.9607900381088257
train/0002/ex03_happy_00297,0.34483858942985535,0.6080770492553711,0.047084346413612366
train/0002/ex03_sad_00240,0.3820362985134125,0.6048412322998047,0.013122444041073322
train/0002/ex03_confused_00283,0.0027477890253067017,0.022368919104337692,0.9748832583427429
train/0002/ex03_enunciated_00320,0.07358518987894058,0.8892791867256165,0.03713560849428177
train/0002/ex03_sad_00098,0.11848126351833344,0.8181746602058411,0.06334409862756729
train/0002/ex03_default_emphasis_00015,0.31531596183776855,0.6381303071975708,0.04655376449227333
train/0002/ex03_happy_00195,0.010009772144258022,0.20611141622066498,0.783878743648529
train/0002/ex03_sad_00142,0.013347205705940723,0.4341152012348175,0.5525375604629517
train/0002/ex03_laughing_00039,0.1305181235074997,0.8294515013694763,0.04003039747476578
train/0002/ex03_confused_00054,0.03691314533352852,0.22859016060829163,0.7344967722892761
train/0002/ex03_laughing_00334,0.06802061945199966,0.6150116920471191,0.31696778535842896
train/0002/ex03_default_00132,0.3829099237918854,0.5948285460472107,0.022261494770646095
train/0002/ex03_happy_00298,0.0891716331243515,0.8508321642875671,0.059996169060468674
train/0002/ex03_confused_00181,0.02202427014708519,0.8415306210517883,0.1364450603723526
train/0002/ex03_enunciated_00022,0.00669866893440485,0.4185035228729248,0.5747978091239929
train/0002/ex03_sad_00097,0.07340764254331589,0.9005624055862427,0.02602989785373211
train/0002/ex03_happy_00040,0.08138782531023026,0.8076333999633789,0.11097879707813263
train/0002/ex03_whisper_00197,0.11034850031137466,0.8252683281898499,0.06438321620225906
train/0002/ex03_happy_00007,0.8549458384513855,0.12841327488422394,0.016640879213809967
train/0002/ex03_enunciated_00065,0.08341341465711594,0.8865395188331604,0.030047094449400902
train/0002/ex03_confused_00013,0.02625933848321438,0.6107569932937622,0.36298370361328125
train/0002/ex03_sad_00208,0.024713430553674698,0.701988697052002,0.27329787611961365
train/0002/ex03_default_00175,0.07980688661336899,0.8734585642814636,0.04673454910516739
train/0002/ex03_whisper_00042,0.10085365921258926,0.8225803971290588,0.07656604796648026
train/0002/ex03_sad_00105,0.002734140492975712,0.45144012570381165,0.545825719833374
train/0002/ex03_default_00278,0.04604513570666313,0.5824355483055115,0.3715193271636963
train/0002/ex03_happy_00008,0.2565094232559204,0.7042161822319031,0.03927433118224144
train/0002/ex03_default_emphasis_00052,0.24930411577224731,0.7123198509216309,0.03837604820728302
train/0002/ex03_happy_00305,0.006732316222041845,0.09526332467794418,0.8980043530464172
train/0002/ex03_sad_00207,0.006683720275759697,0.9497421383857727,0.04357415437698364
train/0002/ex03_confused_00311,0.08673439174890518,0.8829222321510315,0.030343374237418175
train/0002/ex03_laughing_00071,0.04624089226126671,0.6739122867584229,0.2798469066619873
train/0002/ex03_default_00277,0.03955380618572235,0.9299746751785278,0.030471481382846832
train/0002/ex03_sad_00036,0.01103247981518507,0.880673885345459,0.10829358547925949
train/0002/ex03_confused_00120,0.1626933366060257,0.8161346316337585,0.021172020584344864
train/0002/ex03_laughing_00240,0.3820362985134125,0.6048412322998047,0.013122444041073322
train/0002/ex03_default_00046,0.9208309650421143,0.06938870251178741,0.00978035293519497
train/0002/ex03_enunciated_00083,0.6848950982093811,0.28072836995124817,0.03437656909227371
train/0002/ex03_enunciated_00156,0.12473248690366745,0.6141887903213501,0.26107874512672424
train/0002/ex03_happy_00239,0.02904232032597065,0.9073808193206787,0.06357681006193161
train/0002/ex03_default_00193,0.19778452813625336,0.7514957189559937,0.0507197231054306
train/0002/ex03_happy_00134,0.0702761635184288,0.8772693276405334,0.05245456472039223
train/0002/ex03_laughing_00098,0.11848126351833344,0.8181746602058411,0.06334409862756729
train/0002/ex03_confused_00222,0.922201931476593,0.06875699758529663,0.009041027165949345
train/0002/ex03_laughing_00142,0.013347205705940723,0.4341152012348175,0.5525375604629517
train/0002/ex03_sad_00039,0.1305181235074997,0.8294515013694763,0.04003039747476578
train/0002/ex03_default_00049,0.0027125354390591383,0.2769797444343567,0.7203077077865601
train/0002/ex03_sad_00334,0.06802061945199966,0.6150116920471191,0.31696778535842896
train/0002/ex03_happy_00236,0.07085045427083969,0.21308884024620056,0.7160606980323792
train/0002/ex03_enunciated_00159,0.3254769742488861,0.6442387700080872,0.030284276232123375
train/0002/ex03_laughing_00097,0.07340764254331589,0.9005624055862427,0.02602989785373211
train/0002/ex03_enunciated_00254,0.050841379910707474,0.9093477129936218,0.039810843765735626
train/0002/ex03_default_00291,0.007582052610814571,0.16026708483695984,0.8321508169174194
train/0002/ex03_laughing_00217,0.0028713825158774853,0.017333315685391426,0.9797953367233276
train/0002/ex03_confused_00177,0.013847141526639462,0.8432231545448303,0.1429297775030136
train/0002/ex03_default_00011,0.44703614711761475,0.5320015549659729,0.020962299779057503
train/0002/ex03_sad_00061,0.3496197760105133,0.6074638366699219,0.04291635379195213
train/0002/ex03_default_emphasis_00139,0.5553501844406128,0.4226810038089752,0.02196882665157318
train/0002/ex03_happy_00163,0.6026853919029236,0.3441968560218811,0.053117748349905014
train/0002/ex03_enunciated_00101,0.0771988034248352,0.7054319977760315,0.21736913919448853
train/0002/ex03_default_essentials_00015,0.3037797212600708,0.5197840332984924,0.17643624544143677
train/0002/ex03_confused_00178,0.01341109350323677,0.27955949306488037,0.7070294618606567
train/0002/ex03_laughing_00218,0.17432940006256104,0.748207151889801,0.07746344059705734
train/0002/ex03_laughing_00115,0.4942905008792877,0.47245797514915466,0.03325152397155762
train/0002/ex03_confused_00275,0.4056660234928131,0.5611567497253418,0.03317714482545853
train/0002/ex03_default_00313,0.012271998450160027,0.693864107131958,0.2938638925552368
train/0002/ex03_whisper_00129,0.001598811475560069,0.16394974291324615,0.8344513773918152
train/0002/ex03_enunciated_00203,0.6426599621772766,0.32823431491851807,0.02910575084388256
train/0002/ex03_default_emphasis_00136,0.5918940305709839,0.3897435963153839,0.018362436443567276
train/0002/ex03_happy_00261,0.4079611003398895,0.5801420211791992,0.011896882206201553
train/0002/ex03_confused_00191,0.15745918452739716,0.7789886593818665,0.0635521337389946
train/0002/ex03_enunciated_00032,0.5474311113357544,0.42558878660202026,0.02698008343577385
train/0002/ex03_happy_00050,0.26238957047462463,0.7016577124595642,0.03595268726348877
train/0002/ex03_sad_00087,0.7201869487762451,0.2679121792316437,0.011900868266820908
train/0002/ex03_sad_00152,0.34095120429992676,0.6258883476257324,0.03316046670079231
train/0002/ex03_happy_00185,0.008594511076807976,0.2811390161514282,0.7102664709091187
train/0002/ex03_laughing_00029,0.23274880647659302,0.7374846339225769,0.02976655215024948
train/0002/ex03_whisper_00015,0.5461531281471252,0.43461084365844727,0.019236072897911072
train/0002/ex03_whisper_00318,0.1492311954498291,0.6812230348587036,0.16954578459262848
train/0002/ex03_laughing_00324,0.7064406275749207,0.2516912817955017,0.04186813533306122
train/0002/ex03_confused_00044,0.10667270421981812,0.7936679124832153,0.09965941309928894
train/0002/ex03_happy_00288,0.012361902743577957,0.35492146015167236,0.6327166557312012
train/0002/ex03_default_00122,0.7186899185180664,0.2693415582180023,0.011968458071351051
train/0002/ex03_default_emphasis_00005,0.8349905610084534,0.14463824033737183,0.02037125639617443
train/0002/ex03_confused_00293,0.022850198671221733,0.9084281325340271,0.0687217116355896
train/0002/ex03_sad_00088,0.058864839375019073,0.8684824705123901,0.07265274971723557
train/0002/ex03_enunciated_00330,0.6897934079170227,0.28113898634910583,0.02906760945916176
train/0002/ex03_laughing_00026,0.09946797043085098,0.851886510848999,0.04864555224776268
train/0002/ex03_default_00220,0.47948670387268066,0.49583399295806885,0.024679305031895638
train/0002/ex03_sad_00250,0.6551523208618164,0.3381151854991913,0.0067325495183467865
train/0002/ex03_happy_00287,0.2511812448501587,0.7225874662399292,0.026231326162815094
train/0002/ex03_happy_00104,0.005938641261309385,0.27836352586746216,0.7156978249549866
train/0002/ex03_enunciated_00166,0.3166404962539673,0.6499268412590027,0.03343271091580391
train/0002/ex03_happy_00209,0.21057815849781036,0.724551260471344,0.06487062573432922
train/0002/ex03_default_00076,0.6248221397399902,0.3652366101741791,0.009941217489540577
train/0002/ex03_laughing_00270,0.4167294502258301,0.5543341040611267,0.028936415910720825
train/0002/ex03_confused_00110,0.10611578077077866,0.6280891299247742,0.2657950818538666
train/0002/ex03_sad_00006,0.0890931636095047,0.8601805567741394,0.05072621628642082
train/0002/ex03_enunciated_00264,0.15074695646762848,0.7360092401504517,0.11324376612901688
train/0002/ex03_default_emphasis_00151,0.08522647619247437,0.8802830576896667,0.03449046611785889
train/0002/ex03_happy_00206,0.005895595066249371,0.10696789622306824,0.8871365785598755
train/0002/ex03_enunciated_00169,0.10057302564382553,0.8411530256271362,0.05827392637729645
train/0002/ex03_default_00079,0.6489973664283752,0.3337467610836029,0.01725592464208603
train/0002/ex03_sad_00304,0.06879086047410965,0.8972926735877991,0.03391646593809128
train/0002/ex03_sad_00009,0.0845918282866478,0.8196587562561035,0.09574940800666809
train/0002/ex03_laughing_00172,0.13101641833782196,0.7456713318824768,0.12331229448318481
train/0002/ex03_confused_00212,0.09456082433462143,0.804656445980072,0.10078273713588715
train/0002/ex03_default_emphasis_00084,0.4340028464794159,0.4847894608974457,0.08120765537023544
train/0002/ex03_sad_00135,0.32203778624534607,0.6531144380569458,0.02484774775803089
train/0002/ex03_default_00248,0.278873473405838,0.6496486663818359,0.07147788256406784
train/0002/ex03_enunciated_00180,0.005013304762542248,0.7843015193939209,0.2106851041316986
train/0002/ex03_sad_00238,0.04366883635520935,0.5542485117912292,0.4020826816558838
train/0002/ex03_default_00145,0.010807047598063946,0.938178539276123,0.05101434886455536
train/0002/ex03_confused_00023,0.00822991132736206,0.332843154668808,0.6589269638061523
train/0002/ex03_default_00090,0.6397046446800232,0.3464771807193756,0.013818218372762203
train/0002/ex03_enunciated_00055,0.2721068263053894,0.6113367080688477,0.11655646562576294
train/0002/ex03_laughing_00296,0.11298110336065292,0.851219117641449,0.03579971194267273
train/0002/ex03_happy_00037,0.3108370006084442,0.6590176820755005,0.030145294964313507
train/0002/ex03_enunciated_00282,0.05138681083917618,0.8255127668380737,0.12310048937797546
train/0002/ex03_default_00247,0.6185071468353271,0.2976781725883484,0.08381471782922745
train/0002/ex03_laughing_00041,0.06363251805305481,0.8724440336227417,0.06392345577478409
train/0002/ex03_confused_00321,0.0019263153662905097,0.012020827271044254,0.9860528707504272
train/0002/ex03_sad_00237,0.2174713909626007,0.7338922023773193,0.048636410385370255
train/0002/ex03_laughing_00299,0.032363276928663254,0.9030879735946655,0.0645488053560257
train/0002/ex03_default_emphasis_00062,0.07765448838472366,0.8171347975730896,0.10521066188812256
train/0002/ex03_happy_00038,0.008981437422335148,0.7986752986907959,0.1923433393239975
train/0002/ex03_laughing_00194,0.36117541790008545,0.6078854203224182,0.03093908168375492
train/0002/ex03_default_00112,0.12278100103139877,0.42771267890930176,0.44950634241104126
train/0002/ex03_confused_00074,0.8406140804290771,0.15046846866607666,0.008917510509490967
train/0002/ex03_laughing_00314,0.012515825219452381,0.8989416360855103,0.08854258060455322
train/0002/ex03_whisper_00328,0.03134066238999367,0.9167276620864868,0.05193169787526131
train/0002/ex03_laughing_00019,0.770991861820221,0.2066400945186615,0.022368038073182106
train/0002/ex03_sad_00162,0.24734191596508026,0.6592885255813599,0.09336959570646286
train/0002/ex03_happy_00060,0.2357507348060608,0.7047263979911804,0.059522852301597595
train/0002/ex03_enunciated_00002,0.40534189343452454,0.571341872215271,0.023316238075494766
train/0002/ex03_sad_00260,0.3990298807621002,0.5777177810668945,0.02325238101184368
train/0002/ex03_default_00210,0.24513563513755798,0.7118697762489319,0.04299454391002655
train/0002/ex03_laughing_00016,0.0011855603661388159,0.0781526118516922,0.9206618070602417
train/0002/ex03_enunciated_00300,0.004179410636425018,0.6469843983650208,0.3488362431526184
train/0002/ex03_default_emphasis_00035,0.015133252367377281,0.26599130034446716,0.7188754677772522
train/0002/ex03_enunciated_00131,0.014176572673022747,0.12853527069091797,0.8572881817817688
train/0002/ex03_sad_00289,0.669156551361084,0.3012023866176605,0.029641028493642807
train/0002/ex03_confused_00092,0.3099834620952606,0.5777361392974854,0.11228037625551224
train/0002/ex03_sad_00184,0.010866288095712662,0.17139433324337006,0.8177394270896912
train/0002/ex03_happy_00153,0.0681462362408638,0.8778522610664368,0.05400143936276436
train/0002/ex03_default_emphasis_00109,0.025358684360980988,0.9300779104232788,0.044563427567481995
train/0002/ex03_happy_00086,0.37483131885528564,0.45592713356018066,0.16924159228801727
train/0002/ex03_sad_00051,0.43871238827705383,0.5416808724403381,0.01960674487054348
train/0002/ex03_whisper_00116,0.10144815593957901,0.8492686152458191,0.04928326979279518
train/0002/ex03_default_00021,0.14573270082473755,0.7526432275772095,0.10162409394979477
train/0002/ex03_confused_00147,0.07794373482465744,0.8883915543556213,0.03366466984152794
train/0002/ex03_laughing_00227,0.7301679253578186,0.25486189126968384,0.014970103278756142
train/0002/ex03_sad_00286,0.1650034338235855,0.559678316116333,0.2753182351589203
train/0002/ex03_happy_00251,0.10210186243057251,0.8716452121734619,0.026252975687384605
train/0002/ex03_default_emphasis_00106,0.08821946382522583,0.8826375007629395,0.029143070802092552
train/0002/ex03_enunciated_00233,0.04478646069765091,0.8795790672302246,0.07563447952270508
train/0002/ex03_default_00323,0.1642943024635315,0.7938702702522278,0.04183539003133774
train/0002/ex03_happy_00089,0.017356708645820618,0.9284401535987854,0.0542030967772007
train/0002/ex03_confused_00245,0.6532114148139954,0.32641345262527466,0.020375143736600876
train/0002/ex03_laughing_00125,0.09901463985443115,0.7464597821235657,0.15452565252780914
train/0002/ex03_laughing_00228,0.07791667431592941,0.8507351279258728,0.07134824246168137
train/0002/ex03_confused_00148,0.02500932477414608,0.9096349477767944,0.06535566598176956
train/0002/ex03_default_essentials_00025,0.0023395109456032515,0.018462635576725006,0.9791978597640991
train/0002/ex03_sad_00314,0.012515825219452381,0.8989416360855103,0.08854258060455322
train/0002/ex03_default_00069,0.018560370430350304,0.6099322438240051,0.37150734663009644
train/0002/ex03_whisper_00253,0.0015367695596069098,0.3452049791812897,0.6532582640647888
train/0002/ex03_default_emphasis_00094,0.46396568417549133,0.5248507261276245,0.011183539405465126
train/0002/ex03_sad_00019,0.770991861820221,0.2066400945186615,0.022368038073182106
train/0002/ex03_confused_00202,0.9232494235038757,0.07316331565380096,0.0035873071756213903
train/0002/ex03_laughing_00162,0.24734191596508026,0.6592885255813599,0.09336959570646286
train/0002/ex03_default_emphasis_00141,0.07147286832332611,0.8932377099990845,0.03528933227062225
train/0002/ex03_enunciated_00274,0.016039250418543816,0.6023038029670715,0.3816570043563843
train/0002/ex03_enunciated_00179,0.1294921338558197,0.7833826541900635,0.08712516725063324
train/0002/ex03_happy_00216,0.7792388200759888,0.21249620616436005,0.008264916017651558
train/0002/ex03_default_00066,0.006975752767175436,0.3590913414955139,0.6339329481124878
train/0002/ex03_confused_00100,0.11084052175283432,0.6181371808052063,0.27102231979370117
train/0002/ex03_laughing_00260,0.3990298807621002,0.5777177810668945,0.02325238101184368
train/0002/ex03_sad_00016,0.0011855603661388159,0.0781526118516922,0.9206618070602417
train/0002/ex03_happy_00114,0.09886956959962845,0.8812562823295593,0.019874118268489838
train/0002/ex03_happy_00219,0.14785896241664886,0.8163317441940308,0.0358092337846756
train/0002/ex03_enunciated_00176,0.012776651419699192,0.8937208652496338,0.09350241720676422
train/0002/ex03_laughing_00289,0.669156551361084,0.3012023866176605,0.029641028493642807
train/0002/ex03_happy_00325,0.9073910713195801,0.08737127482891083,0.005237671546638012
train/0002/ex03_enunciated_00347,0.029258858412504196,0.9174068570137024,0.05333421006798744
train/0002/ex03_happy_00028,0.07437866926193237,0.8821573257446289,0.0434640608727932
train/0002/ex03_laughing_00184,0.010866288095712662,0.17139433324337006,0.8177394270896912
train/0002/ex03_default_emphasis_00072,0.017341557890176773,0.41903239488601685,0.5636259913444519
train/0002/ex03_default_00257,0.03287899121642113,0.9185515642166138,0.048569388687610626
train/0002/ex03_enunciated_00292,0.6467757821083069,0.34370726346969604,0.009516984224319458
train/0002/ex03_confused_00331,0.003585835685953498,0.47320428490638733,0.5232098698616028
train/0002/ex03_laughing_00051,0.43871238827705383,0.5416808724403381,0.01960674487054348
train/0002/ex03_sad_00227,0.7301679253578186,0.25486189126968384,0.014970103278756142
train/0002/ex03_enunciated_00045,0.05733710154891014,0.8178368210792542,0.12482604384422302
train/0002/ex03_default_00080,0.04489348456263542,0.8308603763580322,0.12424615770578384
train/0002/ex03_laughing_00286,0.1650034338235855,0.559678316116333,0.2753182351589203
train/0002/ex03_happy_00027,0.13670167326927185,0.7908740639686584,0.07242431491613388
train/0002/ex03_enunciated_00348,0.012824969366192818,0.7377291321754456,0.2494458705186844
train/0002/ex03_default_00258,0.036025963723659515,0.8321014046669006,0.13187265396118164
train/0002/ex03_sad_00125,0.09901463985443115,0.7464597821235657,0.15452565252780914
train/0002/ex03_default_00155,0.7967516183853149,0.1935429722070694,0.009705480188131332
train/0002/ex03_sad_00228,0.07791667431592941,0.8507351279258728,0.07134824246168137
train/0002/ex03_enunciated_00190,0.045895010232925415,0.6773179173469543,0.27678707242012024
train/0002/ex03_confused_00033,0.7516540288925171,0.22245611250400543,0.02588990330696106
train/0002/ex03_default_emphasis_00025,0.535295844078064,0.44936954975128174,0.015334580093622208
train/0002/ex03_enunciated_00310,0.6389417052268982,0.33767369389533997,0.023384567350149155
train/0002/ex03_sad_00270,0.4167294502258301,0.5543341040611267,0.028936415910720825
train/0002/ex03_default_00200,0.11201745271682739,0.8234284520149231,0.0645541399717331
train/0002/ex03_laughing_00006,0.0890931636095047,0.8601805567741394,0.05072621628642082
train/0002/ex03_happy_00070,0.05107595771551132,0.9258806109428406,0.023043427616357803
train/0002/ex03_enunciated_00012,0.09513433277606964,0.7858904600143433,0.11897516995668411
train/0002/ex03_default_00102,0.3935460150241852,0.5663156509399414,0.040138304233551025
train/0002/ex03_laughing_00304,0.06879086047410965,0.8972926735877991,0.03391646593809128
train/0002/ex03_confused_00064,0.7158178687095642,0.2636066675186157,0.020575430244207382
train/0002/ex03_laughing_00009,0.0845918282866478,0.8196587562561035,0.09574940800666809
train/0002/ex03_sad_00172,0.13101641833782196,0.7456713318824768,0.12331229448318481
train/0002/ex03_happy_00099,0.0013383252080529928,0.023226290941238403,0.9754354357719421
train/0002/ex03_laughing_00135,0.32203778624534607,0.6531144380569458,0.02484774775803089
train/0002/ex03_confused_00255,0.08918743580579758,0.8014944195747375,0.10931821167469025
train/0002/ex03_confused_00158,0.10363586992025375,0.6909939646720886,0.20537015795707703
train/0002/ex03_laughing_00238,0.04366883635520935,0.5542485117912292,0.4020826816558838
train/0002/ex03_happy_00241,0.04078097268939018,0.9050447344779968,0.054174210876226425
train/0002/ex03_sad_00296,0.11298110336065292,0.851219117641449,0.03579971194267273
train/0002/ex03_enunciated_00223,0.02199375629425049,0.9115579128265381,0.06644842028617859
train/0002/ex03_default_emphasis_00116,0.023677464574575424,0.9278607368469238,0.04846185818314552
train/0002/ex03_sad_00041,0.06363251805305481,0.8724440336227417,0.06392345577478409
train/0002/ex03_happy_00096,0.32731327414512634,0.6542685627937317,0.018418192863464355
train/0002/ex03_default_00031,0.002743127988651395,0.061138372868299484,0.9361184239387512
train/0002/ex03_laughing_00237,0.2174713909626007,0.7338922023773193,0.048636410385370255
train/0002/ex03_confused_00157,0.0011037882650271058,0.07188178598880768,0.9270144104957581
train/0002/ex03_sad_00299,0.032363276928663254,0.9030879735946655,0.0645488053560257
train/0002/ex03_enunciated_00121,0.18989664316177368,0.7453393936157227,0.06476392596960068
train/0002/ex03_confused_00082,0.008069120347499847,0.1351969838142395,0.8567339181900024
train/0002/ex03_default_emphasis_00119,0.023677464574575424,0.9278607368469238,0.04846185818314552
train/0002/ex03_happy_00143,0.08159846067428589,0.45221102237701416,0.46619051694869995
train/0002/ex03_sad_00194,0.19844432175159454,0.75370854139328,0.047847144305706024
train/0002/ex03_happy_00302,0.2370118796825409,0.7092816233634949,0.05370645597577095
train/0002/ex03_default_emphasis_00055,0.21124863624572754,0.7591487169265747,0.029602590948343277
train/0002/ex03_laughing_00076,0.6248221397399902,0.3652366101741791,0.009941217489540577
train/0002/ex03_confused_00316,0.5597238540649414,0.4245297908782959,0.015746407210826874
train/0002/ex03_default_00270,0.4167294502258301,0.5543341040611267,0.028936415910720825
train/0002/ex03_sad_00200,0.11201745271682739,0.8234284520149231,0.0645541399717331
train/0002/ex03_enunciated_00062,0.007254440803080797,0.17706871032714844,0.8156768083572388
train/0002/ex03_sad_00102,0.3935460150241852,0.5663156509399414,0.040138304233551025
train/0002/ex03_confused_00319,0.05311966687440872,0.6859742999076843,0.26090601086616516
train/0002/ex03_laughing_00079,0.6489973664283752,0.3337467610836029,0.01725592464208603
train/0002/ex03_confused_00014,0.047047220170497894,0.9068440198898315,0.04610885679721832
train/0002/ex03_default_00172,0.13101641833782196,0.7456713318824768,0.12331229448318481
train/0002/ex03_sad_00333,0.1982080042362213,0.7230218648910522,0.07877012342214584
train/0002/ex03_confused_00128,0.0052640256471931934,0.7760503888130188,0.21868552267551422
train/0002/ex03_laughing_00248,0.2732589840888977,0.6546465158462524,0.07209456712007523
train/0002/ex03_laughing_00145,0.010807047598063946,0.938178539276123,0.05101434886455536
train/0002/ex03_confused_00225,0.7295249700546265,0.25692781805992126,0.013547156006097794
train/0002/ex03_laughing_00090,0.6397046446800232,0.3464771807193756,0.013818218372762203
train/0002/ex03_default_00296,0.11298110336065292,0.851219117641449,0.03579971194267273
train/0002/ex03_enunciated_00253,0.0015367695596069098,0.3452049791812897,0.6532582640647888
train/0002/ex03_happy_00231,0.19631467759609222,0.7583743929862976,0.04531090706586838
train/0002/ex03_laughing_00247,0.6185071468353271,0.2976781725883484,0.08381471782922745
train/0002/ex03_confused_00127,0.4211702048778534,0.544161856174469,0.034667909145355225
train/0002/ex03_enunciated_00084,0.011371379718184471,0.12799397110939026,0.8606346845626831
train/0002/ex03_default_00041,0.06363251805305481,0.8724440336227417,0.06392345577478409
train/0002/ex03_whisper_00176,0.012776651419699192,0.8937208652496338,0.09350241720676422
train/0002/ex03_sad_00031,0.002743127988651395,0.061138372868299484,0.9361184239387512
train/0002/ex03_happy_00133,0.035654082894325256,0.9214697480201721,0.042876213788986206
train/0002/ex03_default_00299,0.032363276928663254,0.9030879735946655,0.0645488053560257
train/0002/ex03_default_00194,0.36117541790008545,0.6078854203224182,0.03093908168375492
train/0002/ex03_enunciated_00151,0.0681939497590065,0.8729900121688843,0.05881606414914131
train/0002/ex03_confused_00272,0.10255767405033112,0.8177222609519958,0.07972005754709244
train/0002/ex03_laughing_00112,0.12278100103139877,0.42771267890930176,0.44950634241104126
train/0002/ex03_default_00314,0.012515825219452381,0.8989416360855103,0.08854258060455322
train/0002/ex03_sad_00069,0.018560370430350304,0.6099322438240051,0.37150734663009644
train/0002/ex03_default_00019,0.770991861820221,0.2066400945186615,0.022368038073182106
train/0002/ex03_default_essentials_00012,0.0015254748286679387,0.024471862241625786,0.9740027189254761
train/0002/ex03_whisper_00223,0.02199375629425049,0.9115579128265381,0.06644842028617859
train/0002/ex03_happy_00266,0.02813701704144478,0.8739177584648132,0.09794522821903229
train/0002/ex03_enunciated_00109,0.11221916228532791,0.7507390379905701,0.137041836977005
train/0002/ex03_default_emphasis_00131,0.04320912808179855,0.9297661781311035,0.027024637907743454
train/0002/ex03_enunciated_00204,0.029645536094903946,0.8657757043838501,0.10457878559827805
train/0002/ex03_sad_00066,0.006975752767175436,0.3590913414955139,0.6339329481124878
train/0002/ex03_confused_00170,0.33066901564598083,0.5527677536010742,0.11656318604946136
train/0002/ex03_laughing_00210,0.24513563513755798,0.7118697762489319,0.04299454391002655
train/0002/ex03_default_00016,0.0011855603661388159,0.0781526118516922,0.9206618070602417
train/0002/ex03_enunciated_00106,0.0029570888727903366,0.03608274832367897,0.9609602093696594
train/0002/ex03_happy_00269,0.13952328264713287,0.8343697190284729,0.026106948032975197
train/0002/ex03_happy_00164,0.09020794183015823,0.48451757431030273,0.42527440190315247
train/0002/ex03_confused_00294,0.08097251504659653,0.8824989795684814,0.03652850538492203
train/0002/ex03_happy_00058,0.2839374244213104,0.6505696177482605,0.06549297273159027
train/0002/ex03_enunciated_00337,0.06539354473352432,0.884660542011261,0.0499458909034729
train/0002/ex03_default_emphasis_00002,0.0038796195294708014,0.22637943923473358,0.7697409987449646
train/0002/ex03_confused_00199,0.05458306148648262,0.679976761341095,0.2654402256011963
train/0002/ex03_whisper_00310,0.5734605193138123,0.40127575397491455,0.025263726711273193
train/0002/ex03_happy_00280,0.21525835990905762,0.5810603499412537,0.20368124544620514
train/0002/ex03_sad_00257,0.03287899121642113,0.9185515642166138,0.048569388687610626
train/0002/ex03_laughing_00021,0.14573270082473755,0.7526432275772095,0.10162409394979477
train/0002/ex03_default_00227,0.7301679253578186,0.25486189126968384,0.014970103278756142
train/0002/ex03_sad_00080,0.04489348456263542,0.8308603763580322,0.12424615770578384
train/0002/ex03_enunciated_00338,0.14551357924938202,0.4120813310146332,0.44240501523017883
train/0002/ex03_happy_00057,0.020879672840237617,0.8553819060325623,0.12373839318752289
train/0002/ex03_confused_00196,0.9650911688804626,0.03223751485347748,0.0026712981052696705
train/0002/ex03_enunciated_00035,0.9239354729652405,0.0697796642780304,0.006284944247454405
train/0002/ex03_confused_00043,0.00873015820980072,0.1815658062696457,0.8097040057182312
train/0002/ex03_laughing_00323,0.1642943024635315,0.7938702702522278,0.04183539003133774
train/0002/ex03_sad_00258,0.036025963723659515,0.8321014046669006,0.13187265396118164
train/0002/ex03_default_00125,0.09901463985443115,0.7464597821235657,0.15452565252780914
train/0002/ex03_happy_00182,0.36160650849342346,0.5920249223709106,0.046368569135665894
train/0002/ex03_sad_00155,0.7967516183853149,0.1935429722070694,0.009705480188131332
train/0002/ex03_default_00228,0.07791667431592941,0.8507351279258728,0.07134824246168137
train/0002/ex03_sad_00112,0.12278100103139877,0.42771267890930176,0.44950634241104126
train/0002/ex03_laughing_00069,0.018560370430350304,0.6099322438240051,0.37150734663009644
train/0002/ex03_confused_00309,0.01003265380859375,0.3061969578266144,0.6837704181671143
train/0002/ex03_confused_00004,0.2309294193983078,0.6730603575706482,0.096010223031044
train/0002/ex03_default_00162,0.24734191596508026,0.6592885255813599,0.09336959570646286
train/0002/ex03_enunciated_00072,0.006934850476682186,0.7147784233093262,0.27828672528266907
train/0002/ex03_happy_00010,0.09830158948898315,0.835801362991333,0.06589706242084503
train/0002/ex03_confused_00306,0.047504059970378876,0.7264012098312378,0.2260947972536087
train/0002/ex03_laughing_00066,0.006975752767175436,0.3590913414955139,0.6339329481124878
train/0002/ex03_default_00260,0.3990298807621002,0.5777177810668945,0.02325238101184368
train/0002/ex03_sad_00210,0.24513563513755798,0.7118697762489319,0.04299454391002655
train/0002/ex03_happy_00312,0.21759195625782013,0.7258803248405457,0.056527670472860336
train/0002/ex03_default_emphasis_00045,0.10936952382326126,0.8090041875839233,0.08162632584571838
train/0002/ex03_default_00289,0.669156551361084,0.3012023866176605,0.029641028493642807
train/0002/ex03_happy_00123,0.26079022884368896,0.629353940486908,0.1098557710647583
train/0002/ex03_enunciated_00141,0.5508073568344116,0.41095995903015137,0.0382327139377594
train/0002/ex03_default_00184,0.010866288095712662,0.17139433324337006,0.8177394270896912
train/0002/ex03_confused_00137,0.009667238220572472,0.20265771448612213,0.7876750826835632
train/0002/ex03_laughing_00257,0.03287899121642113,0.9185515642166138,0.048569388687610626
train/0002/ex03_default_00051,0.43871238827705383,0.5416808724403381,0.01960674487054348
train/0002/ex03_enunciated_00094,0.14911124110221863,0.7622385025024414,0.08865026384592056
train/0002/ex03_sad_00021,0.14573270082473755,0.7526432275772095,0.10162409394979477
train/0002/ex03_laughing_00080,0.04489348456263542,0.8308603763580322,0.12424615770578384
train/0002/ex03_enunciated_00243,0.02490665204823017,0.32754865288734436,0.6475446224212646
train/0002/ex03_default_00286,0.1650034338235855,0.559678316116333,0.2753182351589203
train/0002/ex03_happy_00221,0.011816482059657574,0.08620193600654602,0.9019815325737
train/0002/ex03_sad_00323,0.1642943024635315,0.7938702702522278,0.04183539003133774
train/0002/ex03_laughing_00258,0.036025963723659515,0.8321014046669006,0.13187265396118164
train/0002/ex03_confused_00138,0.7870345115661621,0.17972296476364136,0.0332426093518734
train/0002/ex03_confused_00235,0.16389474272727966,0.8082646131515503,0.027840685099363327
train/0002/ex03_laughing_00155,0.7967516183853149,0.1935429722070694,0.009705480188131332
train/0002/ex03_happy_00279,0.01563277840614319,0.4759518504142761,0.5084153413772583
train/0002/ex03_enunciated_00116,0.10144815593957901,0.8492686152458191,0.04928326979279518
train/0002/ex03_happy_00174,0.013628383167088032,0.3652994930744171,0.6210720539093018
train/0002/ex03_whisper_00131,0.014176572673022747,0.12853527069091797,0.8572881817817688
train/0002/ex03_sad_00076,0.6248221397399902,0.3652366101741791,0.009941217489540577
train/0002/ex03_laughing_00200,0.11201745271682739,0.8234284520149231,0.0645541399717331
train/0002/ex03_confused_00160,0.01885116659104824,0.811291515827179,0.16985732316970825
train/0002/ex03_default_00006,0.0890931636095047,0.8601805567741394,0.05072621628642082
train/0002/ex03_enunciated_00119,0.020372776314616203,0.9065691828727722,0.07305806875228882
train/0002/ex03_happy_00276,0.10526762157678604,0.8667259812355042,0.028006358072161674
train/0002/ex03_enunciated_00214,0.09779644012451172,0.8522543907165527,0.04994918778538704
train/0002/ex03_default_emphasis_00121,0.30896058678627014,0.6572567224502563,0.033782631158828735
train/0002/ex03_laughing_00102,0.3935460150241852,0.5663156509399414,0.040138304233551025
train/0002/ex03_confused_00262,0.02445114776492119,0.8543116450309753,0.12123726308345795
train/0002/ex03_sad_00079,0.6489973664283752,0.3337467610836029,0.01725592464208603
train/0002/ex03_default_00304,0.06879086047410965,0.8972926735877991,0.03391646593809128
train/0002/ex03_default_essentials_00002,0.18572475016117096,0.6430091261863708,0.1712661236524582
train/0002/ex03_default_00009,0.0845918282866478,0.8196587562561035,0.09574940800666809
train/0002/ex03_laughing_00333,0.1982080042362213,0.7230218648910522,0.07877012342214584
train/0002/ex03_confused_00053,0.0014086577575653791,0.02927495539188385,0.9693163633346558
train/0002/ex03_default_00135,0.32203778624534607,0.6531144380569458,0.02484774775803089
train/0002/ex03_sad_00248,0.2732589840888977,0.6546465158462524,0.07209456712007523
train/0002/ex03_default_00238,0.04366883635520935,0.5542485117912292,0.4020826816558838
train/0002/ex03_sad_00145,0.010807047598063946,0.938178539276123,0.05101434886455536
train/0002/ex03_happy_00192,0.029665227979421616,0.8290762901306152,0.14125855267047882
train/0002/ex03_whisper_00002,0.40534189343452454,0.571341872215271,0.023316238075494766
train/0002/ex03_happy_00047,0.011611181311309338,0.6614776253700256,0.32691118121147156
train/0002/ex03_enunciated_00328,0.03134066238999367,0.9167276620864868,0.05193169787526131
train/0002/ex03_sad_00090,0.6397046446800232,0.3464771807193756,0.013818218372762203
train/0002/ex03_confused_00186,0.02637048438191414,0.9067176580429077,0.06691179424524307
train/0002/ex03_enunciated_00025,0.17330650985240936,0.7767201662063599,0.049973320215940475
train/0002/ex03_sad_00247,0.6185071468353271,0.2976781725883484,0.08381471782922745
train/0002/ex03_happy_00290,0.2487557977437973,0.7292957305908203,0.02194852940738201
train/0002/ex03_whisper_00300,0.004179410636425018,0.6469843983650208,0.3488362431526184
train/0002/ex03_laughing_00031,0.002743127988651395,0.061138372868299484,0.9361184239387512
train/0002/ex03_default_00237,0.2174713909626007,0.7338922023773193,0.048636410385370255
train/0002/ex03_default_emphasis_00012,0.8372663855552673,0.1501617431640625,0.012571883387863636
train/0002/ex03_confused_00284,0.15620289742946625,0.8153995275497437,0.02839750237762928
train/0002/ex03_enunciated_00327,0.17182432115077972,0.7979517579078674,0.030223991721868515
train/0002/ex03_happy_00048,0.4117082953453064,0.4421383738517761,0.14615339040756226
train/0002/ex03_confused_00189,0.01567363180220127,0.9193049669265747,0.06502138823270798
train/0002/ex03_sad_00011,0.44703614711761475,0.5320015549659729,0.020962299779057503
train/0002/ex03_default_00061,0.3344212472438812,0.6068212389945984,0.058757469058036804
train/0002/ex03_laughing_00267,0.025112159550189972,0.8432343006134033,0.1316535323858261
train/0002/ex03_confused_00107,0.0028173578903079033,0.5884023308753967,0.4087803065776825
train/0002/ex03_enunciated_00171,0.14002563059329987,0.820054829120636,0.03991952911019325
train/0002/ex03_default_emphasis_00149,0.08522647619247437,0.8802830576896667,0.03449046611785889
train/0002/ex03_happy_00113,0.07813523709774017,0.8716291785240173,0.050235554575920105
train/0002/ex03_laughing_00165,0.3229769170284271,0.6224579811096191,0.054565053433179855
train/0002/ex03_confused_00205,0.0016081371577456594,0.20839020609855652,0.790001630783081
train/0002/ex03_default_emphasis_00093,0.46396568417549133,0.5248507261276245,0.011183539405465126
train/0002/ex03_whisper_00254,0.050841379910707474,0.9093477129936218,0.039810843765735626
train/0002/ex03_confused_00108,0.02756648138165474,0.8334192633628845,0.13901422917842865
train/0002/ex03_laughing_00268,0.04196780174970627,0.7517796158790588,0.2062525600194931
train/0002/ex03_sad_00313,0.012271998450160027,0.693864107131958,0.2938638925552368
train/0002/ex03_happy_00211,0.025630880147218704,0.9200195074081421,0.05434960126876831
train/0002/ex03_enunciated_00273,0.14211143553256989,0.6549503207206726,0.2029382884502411
train/0002/ex03_default_emphasis_00146,0.08522647619247437,0.8802830576896667,0.03449046611785889
train/0002/ex03_happy_00020,0.0011593588860705495,0.014060087502002716,0.9847805500030518
train/0002/ex03_default_00087,0.7201869487762451,0.2679121792316437,0.011900868266820908
train/0002/ex03_enunciated_00042,0.10085365921258926,0.8225803971290588,0.07656604796648026
train/0002/ex03_laughing_00281,0.021632298827171326,0.8941038250923157,0.08426389843225479
train/0002/ex03_enunciated_00197,0.11034850031137466,0.8252683281898499,0.06438321620225906
train/0002/ex03_default_00152,0.34095120429992676,0.6258883476257324,0.03316046670079231
train/0002/ex03_confused_00034,0.025228610262274742,0.3684001863002777,0.6063711643218994
train/0002/ex03_confused_00339,0.002632297808304429,0.007691065780818462,0.9896766543388367
train/0002/ex03_laughing_00059,0.24895760416984558,0.5422146320343018,0.20882770419120789
train/0002/ex03_sad_00122,0.8040345907211304,0.1851336508989334,0.010831710882484913
train/0002/ex03_whisper_00065,0.08341341465711594,0.8865395188331604,0.030047094449400902
train/0002/ex03_default_emphasis_00075,0.8369332551956177,0.1473478376865387,0.015718935057520866
train/0002/ex03_enunciated_00340,0.23985008895397186,0.7373353838920593,0.02281448431313038
train/0002/ex03_laughing_00183,0.0034860067535191774,0.23475070297718048,0.7617632746696472
train/0002/ex03_happy_00322,0.12925660610198975,0.38423100113868713,0.4865123927593231
train/0002/ex03_default_00088,0.058864839375019073,0.8684824705123901,0.07265274971723557
train/0002/ex03_sad_00220,0.47948670387268066,0.49583399295806885,0.024679305031895638
train/0002/ex03_enunciated_00198,0.035956140607595444,0.26075729727745056,0.7032865881919861
train/0002/ex03_enunciated_00295,0.12646470963954926,0.583471953868866,0.29006338119506836
train/0002/ex03_default_00250,0.6551523208618164,0.3381151854991913,0.0067325495183467865
train/0002/ex03_laughing_00056,0.7697471976280212,0.21545948088169098,0.014793355949223042
train/0002/ex03_confused_00336,0.13553200662136078,0.5063952803611755,0.3580727279186249
train/0002/ex03_enunciated_00015,0.5461531281471252,0.43461084365844727,0.019236072897911072
train/0002/ex03_happy_00077,0.5482242703437805,0.38212570548057556,0.06965003907680511
train/0002/ex03_enunciated_00318,0.1492311954498291,0.6812230348587036,0.16954578459262848
train/0002/ex03_default_00208,0.024713430553674698,0.701988697052002,0.27329787611961365
train/0002/ex03_sad_00175,0.07980688661336899,0.8734585642814636,0.04673454910516739
train/0002/ex03_default_00105,0.002734140492975712,0.45144012570381165,0.545825719833374
train/0002/ex03_sad_00278,0.04604513570666313,0.5824355483055115,0.3715193271636963
train/0002/ex03_confused_00063,0.031588345766067505,0.6092475056648254,0.3591640889644623
train/0002/ex03_laughing_00303,0.23569822311401367,0.7394405007362366,0.02486128732562065
train/0002/ex03_enunciated_00317,0.21871741116046906,0.7395622730255127,0.04172039031982422
train/0002/ex03_happy_00078,0.38885319232940674,0.5822727680206299,0.028873976320028305
train/0002/ex03_default_emphasis_00022,0.535295844078064,0.44936954975128174,0.015334580093622208
train/0002/ex03_default_00207,0.006683720275759697,0.9497421383857727,0.04357415437698364
train/0002/ex03_laughing_00001,0.41047507524490356,0.5164309740066528,0.07309392839670181
train/0002/ex03_whisper_00330,0.6897934079170227,0.28113898634910583,0.02906760945916176
train/0002/ex03_sad_00277,0.03955380618572235,0.9299746751785278,0.030471481382846832
train/0002/ex03_default_00036,0.01103247981518507,0.880673885345459,0.10829358547925949
train/0002/ex03_confused_00150,0.3692498207092285,0.6108438372612,0.019906334578990936
train/0002/ex03_laughing_00230,0.0026522278785705566,0.036557700484991074,0.9607900381088257
train/0002/ex03_happy_00091,0.024219220504164696,0.9387019872665405,0.03707881271839142
train/0002/ex03_sad_00046,0.9208309650421143,0.06938870251178741,0.00978035293519497
train/0002/ex03_whisper_00101,0.0771988034248352,0.7054319977760315,0.21736913919448853
train/0002/ex03_sad_00193,0.19778452813625336,0.7514957189559937,0.0507197231054306
train/0002/ex03_happy_00144,0.001534031704068184,0.018481232225894928,0.9799847602844238
train/0002/ex03_happy_00249,0.001409041928127408,0.029685065150260925,0.9689059257507324
train/0002/ex03_enunciated_00126,0.9107219576835632,0.08194239437580109,0.007335630711168051
train/0002/ex03_confused_00085,0.12588682770729065,0.8467499017715454,0.027363205328583717
train/0002/ex03_default_00039,0.1305181235074997,0.8294515013694763,0.04003039747476578
train/0002/ex03_default_essentials_00032,0.3003878891468048,0.6250432133674622,0.07456892728805542
train/0002/ex03_whisper_00203,0.6426599621772766,0.32823431491851807,0.02910575084388256
train/0002/ex03_sad_00049,0.0027125354390591383,0.2769797444343567,0.7203077077865601
train/0002/ex03_confused_00252,0.1564430594444275,0.801332950592041,0.042224012315273285
train/0002/ex03_laughing_00132,0.3829099237918854,0.5948285460472107,0.022261494770646095
train/0002/ex03_default_emphasis_00111,0.025358684360980988,0.9300779104232788,0.044563427567481995
train/0002/ex03_enunciated_00224,0.01938999444246292,0.7528833746910095,0.22772656381130219
train/0002/ex03_sad_00291,0.007582052610814571,0.16026708483695984,0.8321508169174194
train/0002/ex03_enunciated_00129,0.001598811475560069,0.16394974291324615,0.8344513773918152
train/0002/ex03_happy_00246,0.1059250682592392,0.7717429399490356,0.12233194708824158
train/0002/ex03_happy_00201,0.02359635941684246,0.40671783685684204,0.5696858167648315
train/0002/ex03_enunciated_00263,0.11177604645490646,0.8154468536376953,0.07277708500623703
train/0002/ex03_default_emphasis_00083,0.023155616596341133,0.872425377368927,0.10441894829273224
train/0002/ex03_confused_00215,0.09553554654121399,0.8664426207542419,0.03802189975976944
train/0002/ex03_laughing_00175,0.07980688661336899,0.8734585642814636,0.04673454910516739
train/0002/ex03_laughing_00278,0.04604513570666313,0.5824355483055115,0.3715193271636963
train/0002/ex03_confused_00118,0.19820863008499146,0.7192618250846863,0.08252953737974167
train/0002/ex03_sad_00303,0.23569822311401367,0.7394405007362366,0.02486128732562065
train/0002/ex03_whisper_00244,0.014272523112595081,0.8301792740821838,0.15554814040660858
train/0002/ex03_enunciated_00161,0.0021052155643701553,0.019658217206597328,0.9782364964485168
train/0002/ex03_happy_00103,0.3610804080963135,0.6065492033958435,0.032370395958423615
train/0002/ex03_whisper_00093,0.09693872183561325,0.8053513169288635,0.09770989418029785
train/0002/ex03_sad_00001,0.41047507524490356,0.5164309740066528,0.07309392839670181
train/0002/ex03_default_00071,0.04624089226126671,0.6739122867584229,0.2798469066619873
train/0002/ex03_confused_00117,0.0023263294715434313,0.4297848641872406,0.5678887963294983
train/0002/ex03_laughing_00277,0.03955380618572235,0.9299746751785278,0.030471481382846832
train/0002/ex03_enunciated_00188,0.043911658227443695,0.9120472073554993,0.044041093438863754
train/0002/ex03_sad_00230,0.0021287724375724792,0.027704542502760887,0.9701666235923767
train/0002/ex03_default_00240,0.3820362985134125,0.6048412322998047,0.013122444041073322
train/0002/ex03_enunciated_00285,0.6451245546340942,0.33513909578323364,0.01973631978034973
train/0002/ex03_confused_00326,0.009964453987777233,0.4887513816356659,0.5012841820716858
train/0002/ex03_laughing_00046,0.9208309650421143,0.06938870251178741,0.00978035293519497
train/0002/ex03_laughing_00193,0.19778452813625336,0.7514957189559937,0.0507197231054306
train/0002/ex03_default_emphasis_00065,0.07765448838472366,0.8171347975730896,0.10521066188812256
train/0002/ex03_default_00098,0.11848126351833344,0.8181746602058411,0.06334409862756729
train/0002/ex03_happy_00332,0.0015072087990120053,0.037878476083278656,0.9606143236160278
train/0002/ex03_default_00142,0.013347205705940723,0.4341152012348175,0.5525375604629517
train/0002/ex03_enunciated_00187,0.03032507933676243,0.4252912700176239,0.5443836450576782
train/0002/ex03_confused_00024,0.004856337793171406,0.7712386250495911,0.22390511631965637
train/0002/ex03_laughing_00049,0.0027125354390591383,0.2769797444343567,0.7203077077865601
train/0002/ex03_confused_00329,0.7405450344085693,0.2504942715167999,0.008960752747952938
train/0002/ex03_sad_00132,0.3829099237918854,0.5948285460472107,0.022261494770646095
train/0002/ex03_happy_00030,0.023933345451951027,0.8821010589599609,0.09396567940711975
train/0002/ex03_enunciated_00052,0.11833438277244568,0.8370471000671387,0.044618479907512665
train/0002/ex03_default_00097,0.07115526497364044,0.9016873240470886,0.02715742215514183
train/0002/ex03_laughing_00291,0.007582052610814571,0.16026708483695984,0.8321508169174194
train/0002/ex03_default_00217,0.0028713825158774853,0.017333315685391426,0.9797953367233276
train/0002/ex03_laughing_00011,0.44703614711761475,0.5320015549659729,0.020962299779057503
train/0002/ex03_sad_00267,0.025112159550189972,0.8432343006134033,0.1316535323858261
train/0002/ex03_whisper_00320,0.07358518987894058,0.8892791867256165,0.03713560849428177
train/0002/ex03_default_emphasis_00032,0.009311447851359844,0.8092210292816162,0.18146748840808868
train/0002/ex03_happy_00068,0.0056163240224123,0.47019273042678833,0.5241909027099609
train/0002/ex03_enunciated_00307,0.029606733471155167,0.9272629022598267,0.04313042759895325
train/0002/ex03_sad_00165,0.3229769170284271,0.6224579811096191,0.054565053433179855
train/0002/ex03_default_00218,0.17432940006256104,0.748207151889801,0.07746344059705734
train/0002/ex03_whisper_00022,0.00669866893440485,0.4185035228729248,0.5747978091239929
train/0002/ex03_sad_00268,0.04196780174970627,0.7517796158790588,0.2062525600194931
train/0002/ex03_default_00115,0.4942905008792877,0.47245797514915466,0.03325152397155762
train/0002/ex03_laughing_00313,0.012271998450160027,0.693864107131958,0.2938638925552368
train/0002/ex03_confused_00073,0.020436996594071388,0.875901997089386,0.10366109013557434
train/0002/ex03_enunciated_00005,0.4856659173965454,0.4515913724899292,0.06274272501468658
train/0002/ex03_enunciated_00308,0.39725589752197266,0.5839542746543884,0.018789885565638542
train/0002/ex03_happy_00067,0.31287503242492676,0.5787967443466187,0.1083281859755516
train/0002/ex03_enunciated_00234,0.5880539417266846,0.3390420377254486,0.07290400564670563
train/0002/ex03_default_emphasis_00101,0.020778663456439972,0.8278183937072754,0.1514030396938324
train/0002/ex03_happy_00256,0.4122958481311798,0.5508190393447876,0.03688511252403259
train/0002/ex03_enunciated_00139,0.17163386940956116,0.7770972847938538,0.05126886069774628
train/0002/ex03_sad_00281,0.021632298827171326,0.8941038250923157,0.08426389843225479
train/0002/ex03_default_essentials_00022,0.0020207411143928766,0.013434567488729954,0.9845446348190308
train/0002/ex03_default_00029,0.23274880647659302,0.7374846339225769,0.02976655215024948
train/0002/ex03_default_00324,0.7064406275749207,0.2516912817955017,0.04186813533306122
train/0002/ex03_sad_00059,0.24895760416984558,0.5422146320343018,0.20882770419120789
train/0002/ex03_laughing_00122,0.8040345907211304,0.1851336508989334,0.010831710882484913
train/0002/ex03_confused_00242,0.032693494111299515,0.7399571537971497,0.22734929621219635
train/0002/ex03_happy_00154,0.08046483248472214,0.8839833736419678,0.03555179759860039
train/0002/ex03_sad_00183,0.00624400470405817,0.3665776550769806,0.6271783113479614
train/0002/ex03_enunciated_00136,0.510238528251648,0.4369329512119293,0.05282846465706825
train/0002/ex03_happy_00259,0.04694460332393646,0.607232391834259,0.3458229601383209
train/0002/ex03_confused_00095,0.1707943081855774,0.8006744980812073,0.0285311471670866
train/0002/ex03_default_00026,0.09946797043085098,0.851886510848999,0.04864555224776268
train/0002/ex03_laughing_00220,0.47948670387268066,0.49583399295806885,0.024679305031895638
train/0002/ex03_confused_00140,0.20574232935905457,0.7700877785682678,0.024169854819774628
train/0002/ex03_whisper_00111,0.5841800570487976,0.4040401875972748,0.011779779568314552
train/0002/ex03_sad_00056,0.7697471976280212,0.21545948088169098,0.014793355949223042
train/0002/ex03_happy_00081,0.11236665397882462,0.8491691946983337,0.038464177399873734
train/0002/ex03_enunciated_00016,0.0011855603661388159,0.0781526118516922,0.9206618070602417
train/0002/ex03_happy_00074,0.8406140804290771,0.15046846866607666,0.008917510509490967
train/0002/ex03_sad_00176,0.012776651419699192,0.8937208652496338,0.09350241720676422
train/0002/ex03_whisper_00031,0.002743127988651395,0.061138372868299484,0.9361184239387512
train/0002/ex03_default_00106,0.0029570888727903366,0.03608274832367897,0.9609602093696594
train/0002/ex03_laughing_00300,0.004179410636425018,0.6469843983650208,0.3488362431526184
train/0002/ex03_confused_00060,0.2357507348060608,0.7047263979911804,0.059522852301597595
train/0002/ex03_enunciated_00019,0.770991861820221,0.2066400945186615,0.022368038073182106
train/0002/ex03_default_emphasis_00021,0.08853483945131302,0.8693094253540039,0.04215579852461815
train/0002/ex03_enunciated_00314,0.012515825219452381,0.8989416360855103,0.08854258060455322
train/0002/ex03_default_00204,0.029645536094903946,0.8657757043838501,0.10457878559827805
train/0002/ex03_sad_00179,0.1294921338558197,0.7833826541900635,0.08712516725063324
train/0002/ex03_laughing_00002,0.3676174581050873,0.6105734705924988,0.02180902473628521
train/0002/ex03_default_00109,0.11221916228532791,0.7507390379905701,0.137041836977005
train/0002/ex03_sad_00274,0.016039250418543816,0.6023038029670715,0.3816570043563843
train/0002/ex03_default_00035,0.9239354729652405,0.0697796642780304,0.006284944247454405
train/0002/ex03_laughing_00233,0.04478646069765091,0.8795790672302246,0.07563447952270508
train/0002/ex03_confused_00153,0.0681462362408638,0.8778522610664368,0.05400143936276436
train/0002/ex03_sad_00045,0.05733710154891014,0.8178368210792542,0.12482604384422302
train/0002/ex03_happy_00092,0.3099834620952606,0.5777361392974854,0.11228037625551224
train/0002/ex03_enunciated_00228,0.07791667431592941,0.8507351279258728,0.07134824246168137
train/0002/ex03_happy_00147,0.07794373482465744,0.8883915543556213,0.03366466984152794
train/0002/ex03_sad_00190,0.045895010232925415,0.6773179173469543,0.27678707242012024
train/0002/ex03_enunciated_00125,0.09901463985443115,0.7464597821235657,0.15452565252780914
train/0002/ex03_confused_00086,0.37483131885528564,0.45592713356018066,0.16924159228801727
train/0002/ex03_whisper_00200,0.11201745271682739,0.8234284520149231,0.0645541399717331
train/0002/ex03_default_essentials_00031,0.48265528678894043,0.4847494661808014,0.03259526938199997
train/0002/ex03_laughing_00131,0.014176572673022747,0.12853527069091797,0.8572881817817688
train/0002/ex03_confused_00251,0.10210186243057251,0.8716452121734619,0.026252975687384605
train/0002/ex03_happy_00148,0.02500932477414608,0.9096349477767944,0.06535566598176956
train/0002/ex03_enunciated_00227,0.7301679253578186,0.25486189126968384,0.014970103278756142
train/0002/ex03_default_emphasis_00112,0.01739361137151718,0.5605636835098267,0.42204272747039795
train/0002/ex03_confused_00089,0.017356708645820618,0.9284401535987854,0.0542030967772007
train/0002/ex03_happy_00245,0.6532114148139954,0.32641345262527466,0.020375143736600876
train/0002/ex03_sad_00292,0.6467757821083069,0.34370726346969604,0.009516984224319458
train/0002/ex03_laughing_00169,0.10057302564382553,0.8411530256271362,0.05827392637729645
train/0002/ex03_confused_00209,0.21057815849781036,0.724551260471344,0.06487062573432922
train/0002/ex03_sad_00012,0.09513433277606964,0.7858904600143433,0.11897516995668411
train/0002/ex03_whisper_00155,0.7967516183853149,0.1935429722070694,0.009705480188131332
train/0002/ex03_whisper_00258,0.036025963723659515,0.8321014046669006,0.13187265396118164
train/0002/ex03_default_00062,0.007254440803080797,0.17706871032714844,0.8156768083572388
train/0002/ex03_confused_00104,0.005938641261309385,0.27836352586746216,0.7156978249549866
train/0002/ex03_laughing_00264,0.15074695646762848,0.7360092401504517,0.11324376612901688
train/0002/ex03_enunciated_00172,0.13101641833782196,0.7456713318824768,0.12331229448318481
train/0002/ex03_happy_00110,0.10611578077077866,0.6280891299247742,0.2657950818538666
train/0002/ex03_default_emphasis_00090,0.032290488481521606,0.8605702519416809,0.10713930428028107
train/0002/ex03_confused_00206,0.005895595066249371,0.10696789622306824,0.8871365785598755
train/0002/ex03_laughing_00166,0.3166404962539673,0.6499268412590027,0.03343271091580391
train/0002/ex03_sad_00310,0.6389417052268982,0.33767369389533997,0.023384567350149155
train/0002/ex03_whisper_00257,0.03287899121642113,0.9185515642166138,0.048569388687610626
train/0002/ex03_happy_00212,0.09456082433462143,0.804656445980072,0.10078273713588715
train/0002/ex03_default_emphasis_00145,0.06901925057172775,0.8526607155799866,0.07832009345293045
train/0002/ex03_enunciated_00270,0.4167294502258301,0.5543341040611267,0.028936415910720825
train/0002/ex03_default_emphasis_00079,0.08429457992315292,0.8326442837715149,0.08306121826171875
train/0002/ex03_happy_00023,0.00822991132736206,0.332843154668808,0.6589269638061523
train/0002/ex03_enunciated_00041,0.06363251805305481,0.8724440336227417,0.06392345577478409
train/0002/ex03_default_00084,0.011371379718184471,0.12799397110939026,0.8606346845626831
train/0002/ex03_laughing_00282,0.05138681083917618,0.8255127668380737,0.12310048937797546
train/0002/ex03_default_00151,0.0681939497590065,0.8729900121688843,0.05881606414914131
train/0002/ex03_enunciated_00194,0.36117541790008545,0.6078854203224182,0.03093908168375492
train/0002/ex03_confused_00037,0.3108370006084442,0.6590176820755005,0.030145294964313507
train/0002/ex03_enunciated_00299,0.032363276928663254,0.9030879735946655,0.0645488053560257
train/0002/ex03_sad_00121,0.18989664316177368,0.7453393936157227,0.06476392596960068
train/0002/ex03_enunciated_00343,0.3317451477050781,0.590272068977356,0.07798279076814651
train/0002/ex03_laughing_00180,0.005013304762542248,0.7843015193939209,0.2106851041316986
train/0002/ex03_default_emphasis_00076,0.8157194256782532,0.16471929848194122,0.01956125535070896
train/0002/ex03_happy_00321,0.0019263153662905097,0.012020827271044254,0.9860528707504272
train/0002/ex03_confused_00038,0.008981437422335148,0.7986752986907959,0.1923433393239975
train/0002/ex03_sad_00223,0.02199375629425049,0.9115579128265381,0.06644842028617859
train/0002/ex03_default_00253,0.0015367695596069098,0.3452049791812897,0.6532582640647888
train/0002/ex03_enunciated_00296,0.11298110336065292,0.851219117641449,0.03579971194267273
train/0002/ex03_confused_00335,0.14650975167751312,0.8103683590888977,0.04312194138765335
train/0002/ex03_laughing_00055,0.2721068263053894,0.6113367080688477,0.11655646562576294
train/0002/ex03_sad_00169,0.10057302564382553,0.8411530256271362,0.05827392637729645
train/0002/ex03_default_00214,0.09779644012451172,0.8522543907165527,0.04994918778538704
train/0002/ex03_laughing_00012,0.09513433277606964,0.7858904600143433,0.11897516995668411
train/0002/ex03_sad_00264,0.15074695646762848,0.7360092401504517,0.11324376612901688
train/0002/ex03_default_00119,0.020372776314616203,0.9065691828727722,0.07305806875228882
train/0002/ex03_enunciated_00009,0.0845918282866478,0.8196587562561035,0.09574940800666809
train/0002/ex03_enunciated_00304,0.06879086047410965,0.8972926735877991,0.03391646593809128
train/0002/ex03_default_emphasis_00031,0.009311447851359844,0.8092210292816162,0.18146748840808868
train/0002/ex03_sad_00166,0.3166404962539673,0.6499268412590027,0.03343271091580391
train/0002/ex03_default_00116,0.10144815593957901,0.8492686152458191,0.04928326979279518
train/0002/ex03_confused_00070,0.05107595771551132,0.9258806109428406,0.023043427616357803
train/0002/ex03_laughing_00310,0.6389417052268982,0.33767369389533997,0.023384567350149155
train/0002/ex03_enunciated_00006,0.0890931636095047,0.8601805567741394,0.05072621628642082
train/0002/ex03_happy_00064,0.7158178687095642,0.2636066675186157,0.020575430244207382
train/0002/ex03_default_emphasis_00102,0.020778663456439972,0.8278183937072754,0.1514030396938324
train/0002/ex03_enunciated_00237,0.2174713909626007,0.7338922023773193,0.048636410385370255
train/0002/ex03_happy_00158,0.10363586992025375,0.6909939646720886,0.20537015795707703
train/0002/ex03_confused_00099,0.0013383252080529928,0.023226290941238403,0.9754354357719421
train/0002/ex03_sad_00282,0.05138681083917618,0.8255127668380737,0.12310048937797546
train/0002/ex03_happy_00255,0.08918743580579758,0.8014944195747375,0.10931821167469025
train/0002/ex03_default_essentials_00021,0.0018486626213416457,0.015377032570540905,0.9827743172645569
train/0002/ex03_default_00327,0.17182432115077972,0.7979517579078674,0.030223991721868515
train/0002/ex03_confused_00241,0.04078097268939018,0.9050447344779968,0.054174210876226425
train/0002/ex03_laughing_00121,0.18989664316177368,0.7453393936157227,0.06476392596960068
train/0002/ex03_sad_00180,0.005013304762542248,0.7843015193939209,0.2106851041316986
train/0002/ex03_happy_00157,0.0011037882650271058,0.07188178598880768,0.9270144104957581
train/0002/ex03_enunciated_00238,0.04366883635520935,0.5542485117912292,0.4020826816558838
train/0002/ex03_enunciated_00135,0.32203778624534607,0.6531144380569458,0.02484774775803089
train/0002/ex03_confused_00096,0.32731327414512634,0.6542685627937317,0.018418192863464355
train/0002/ex03_default_00025,0.17330650985240936,0.7767201662063599,0.049973320215940475
train/0002/ex03_confused_00143,0.08159846067428589,0.45221102237701416,0.46619051694869995
train/0002/ex03_laughing_00223,0.02199375629425049,0.9115579128265381,0.06644842028617859
train/0002/ex03_happy_00082,0.008069120347499847,0.1351969838142395,0.8567339181900024
train/0002/ex03_default_00328,0.03134066238999367,0.9167276620864868,0.05193169787526131
train/0002/ex03_sad_00055,0.26955974102020264,0.6311278343200684,0.09931248426437378
train/0002/ex03_happy_00202,0.9232494235038757,0.07316331565380096,0.0035873071756213903
train/0002/ex03_enunciated_00260,0.3990298807621002,0.5777177810668945,0.02325238101184368
train/0002/ex03_laughing_00176,0.012776651419699192,0.8937208652496338,0.09350241720676422
train/0002/ex03_confused_00216,0.7792388200759888,0.21249620616436005,0.008264916017651558
train/0002/ex03_default_emphasis_00080,0.08429457992315292,0.8326442837715149,0.08306121826171875
train/0002/ex03_sad_00300,0.004179410636425018,0.6469843983650208,0.3488362431526184
train/0002/ex03_enunciated_00162,0.24734191596508026,0.6592885255813599,0.09336959570646286
train/0002/ex03_whisper_00090,0.6397046446800232,0.3464771807193756,0.013818218372762203
train/0002/ex03_happy_00100,0.11084052175283432,0.6181371808052063,0.27102231979370117
train/0002/ex03_whisper_00145,0.010807047598063946,0.938178539276123,0.05101434886455536
train/0002/ex03_confused_00219,0.13045908510684967,0.8308454751968384,0.03869553282856941
train/0002/ex03_laughing_00179,0.1294921338558197,0.7833826541900635,0.08712516725063324
train/0002/ex03_sad_00002,0.40534189343452454,0.571341872215271,0.023316238075494766
train/0002/ex03_default_00072,0.006934850476682186,0.7147784233093262,0.27828672528266907
train/0002/ex03_laughing_00274,0.016039250418543816,0.6023038029670715,0.3816570043563843
train/0002/ex03_confused_00114,0.09886956959962845,0.8812562823295593,0.019874118268489838
train/0002/ex03_whisper_00248,0.278873473405838,0.6496486663818359,0.07147788256406784
train/0002/ex03_confused_00028,0.07437866926193237,0.8821573257446289,0.0434640608727932
train/0002/ex03_sad_00233,0.04478646069765091,0.8795790672302246,0.07563447952270508
train/0002/ex03_whisper_00079,0.6489973664283752,0.3337467610836029,0.01725592464208603
train/0002/ex03_enunciated_00286,0.1650034338235855,0.559678316116333,0.2753182351589203
train/0002/ex03_default_00243,0.02490665204823017,0.32754865288734436,0.6475446224212646
train/0002/ex03_laughing_00045,0.05733710154891014,0.8178368210792542,0.12482604384422302
train/0002/ex03_confused_00325,0.9073910713195801,0.08737127482891083,0.005237671546638012
train/0002/ex03_default_emphasis_00066,0.08946306258440018,0.8610268831253052,0.049510058015584946
train/0002/ex03_laughing_00190,0.045895010232925415,0.6773179173469543,0.27678707242012024
train/0002/ex03_happy_00331,0.003585835685953498,0.47320428490638733,0.5232098698616028
train/0002/ex03_enunciated_00184,0.010866288095712662,0.17139433324337006,0.8177394270896912
train/0002/ex03_default_00141,0.5508073568344116,0.41095995903015137,0.0382327139377594
train/0002/ex03_confused_00027,0.13670167326927185,0.7908740639686584,0.07242431491613388
train/0002/ex03_sad_00131,0.014176572673022747,0.12853527069091797,0.8572881817817688
train/0002/ex03_enunciated_00289,0.669156551361084,0.3012023866176605,0.029641028493642807
train/0002/ex03_happy_00033,0.7516540288925171,0.22245611250400543,0.02588990330696106
train/0002/ex03_default_emphasis_00069,0.08946306258440018,0.8610268831253052,0.049510058015584946
train/0002/ex03_default_00094,0.14911124110221863,0.7622385025024414,0.08865026384592056
train/0002/ex03_enunciated_00051,0.43871238827705383,0.5416808724403381,0.01960674487054348
train/0002/ex03_laughing_00292,0.6467757821083069,0.34370726346969604,0.009516984224319458
train/0002/ex03_laughing_00111,0.5540618896484375,0.43421879410743713,0.01171928271651268
train/0002/ex03_confused_00271,0.09719126671552658,0.37061023712158203,0.5321984887123108
train/0002/ex03_default_00317,0.21871741116046906,0.7395622730255127,0.04172039031982422
train/0002/ex03_default_essentials_00011,0.11747673898935318,0.584351658821106,0.29817160964012146
train/0002/ex03_happy_00265,0.5591064691543579,0.4112805426120758,0.029612934216856956
train/0002/ex03_enunciated_00207,0.006683720275759697,0.9497421383857727,0.04357415437698364
train/0002/ex03_happy_00168,0.24593503773212433,0.706681489944458,0.04738346487283707
train/0002/ex03_default_emphasis_00132,0.020874377340078354,0.9291663765907288,0.04995926842093468
train/0002/ex03_default_00318,0.1492311954498291,0.6812230348587036,0.16954578459262848
train/0002/ex03_sad_00065,0.08341341465711594,0.8865395188331604,0.030047094449400902
train/0002/ex03_laughing_00213,0.012239496223628521,0.17260998487472534,0.8151504993438721
train/0002/ex03_confused_00173,0.5878153443336487,0.35178104043006897,0.06040366366505623
train/0002/ex03_default_00015,0.5461531281471252,0.43461084365844727,0.019236072897911072
train/0002/ex03_enunciated_00105,0.002734140492975712,0.45144012570381165,0.545825719833374
train/0002/ex03_happy_00167,0.011023887433111668,0.8084061145782471,0.18057000637054443
train/0002/ex03_enunciated_00208,0.024713430553674698,0.701988697052002,0.27329787611961365
train/0002/ex03_default_emphasis_00001,0.0043197814375162125,0.23809540271759033,0.757584810256958
train/0002/ex03_confused_00297,0.34483858942985535,0.6080770492553711,0.047084346413612366
train/0002/ex03_enunciated_00334,0.06802061945199966,0.6150116920471191,0.31696778535842896
train/0002/ex03_enunciated_00039,0.1305181235074997,0.8294515013694763,0.04003039747476578
train/0002/ex03_sad_00254,0.050841379910707474,0.9093477129936218,0.039810843765735626
train/0002/ex03_default_00129,0.001598811475560069,0.16394974291324615,0.8344513773918152
train/0002/ex03_happy_00283,0.0027477890253067017,0.022368919104337692,0.9748832583427429
train/0002/ex03_laughing_00022,0.00669866893440485,0.4185035228729248,0.5747978091239929
train/0002/ex03_sad_00159,0.3254769742488861,0.6442387700080872,0.030284276232123375
train/0002/ex03_default_00224,0.01938999444246292,0.7528833746910095,0.22772656381130219
train/0002/ex03_happy_00054,0.03691314533352852,0.22859016060829163,0.7344967722892761
train/0002/ex03_sad_00083,0.6848950982093811,0.28072836995124817,0.03437656909227371
train/0002/ex03_confused_00298,0.0891716331243515,0.8508321642875671,0.059996169060468674
train/0002/ex03_confused_00195,0.010009772144258022,0.20611141622066498,0.783878743648529
train/0002/ex03_enunciated_00036,0.01103247981518507,0.880673885345459,0.10829358547925949
train/0002/ex03_laughing_00320,0.07358518987894058,0.8892791867256165,0.03713560849428177
train/0002/ex03_confused_00040,0.08138782531023026,0.8076333999633789,0.11097879707813263
train/0002/ex03_default_00126,0.9107219576835632,0.08194239437580109,0.007335630711168051
train/0002/ex03_sad_00156,0.12473248690366745,0.6141887903213501,0.26107874512672424
train/0002/ex03_happy_00181,0.02202427014708519,0.8415306210517883,0.1364450603723526
train/0002/ex03_whisper_00291,0.007582052610814571,0.16026708483695984,0.8321508169174194
train/0002/ex03_happy_00301,0.04741191118955612,0.7898647785186768,0.1627233326435089
train/0002/ex03_default_emphasis_00056,0.21124863624572754,0.7591487169265747,0.029602590948343277
train/0002/ex03_confused_00315,0.11334516108036041,0.8000823855400085,0.08657242357730865
train/0002/ex03_laughing_00075,0.31467393040657043,0.5775675773620605,0.10775844007730484
train/0002/ex03_default_00273,0.14211143553256989,0.6549503207206726,0.2029382884502411
train/0002/ex03_whisper_00049,0.0027125354390591383,0.2769797444343567,0.7203077077865601
train/0002/ex03_sad_00203,0.6426599621772766,0.32823431491851807,0.02910575084388256
train/0002/ex03_confused_00018,0.5555323958396912,0.4179226756095886,0.02654491737484932
train/0002/ex03_enunciated_00061,0.3496197760105133,0.6074638366699219,0.04291635379195213
train/0002/ex03_default_emphasis_00059,0.024960137903690338,0.9057332873344421,0.06930658221244812
train/0002/ex03_happy_00003,0.22185511887073517,0.6437991261482239,0.13434575498104095
train/0002/ex03_sad_00101,0.0771988034248352,0.7054319977760315,0.21736913919448853
train/0002/ex03_confused_00017,0.06625374406576157,0.8933035135269165,0.040442727506160736
train/0002/ex03_default_00171,0.14002563059329987,0.820054829120636,0.03991952911019325
train/0002/ex03_enunciated_00088,0.058864839375019073,0.8684824705123901,0.07265274971723557
train/0002/ex03_sad_00330,0.6897934079170227,0.28113898634910583,0.02906760945916176
train/0002/ex03_confused_00226,0.0012665610993281007,0.22329966723918915,0.7754337787628174
train/0002/ex03_laughing_00146,0.006689869798719883,0.8292211890220642,0.16408896446228027
train/0002/ex03_laughing_00093,0.09693872183561325,0.8053513169288635,0.09770989418029785
train/0002/ex03_enunciated_00250,0.6551523208618164,0.3381151854991913,0.0067325495183467865
train/0002/ex03_default_00295,0.12646470963954926,0.583471953868866,0.29006338119506836
train/0002/ex03_default_00198,0.035956140607595444,0.26075729727745056,0.7032865881919861
train/0002/ex03_happy_00232,0.044629182666540146,0.2225862592458725,0.7327845096588135
train/0002/ex03_whisper_00278,0.04604513570666313,0.5824355483055115,0.3715193271636963
train/0002/ex03_confused_00124,0.3695252239704132,0.5886554718017578,0.041819363832473755
train/0002/ex03_laughing_00244,0.014272523112595081,0.8301792740821838,0.15554814040660858
train/0002/ex03_default_00042,0.10085365921258926,0.8225803971290588,0.07656604796648026
train/0002/ex03_enunciated_00087,0.7201869487762451,0.2679121792316437,0.011900868266820908
train/0002/ex03_sad_00032,0.5474311113357544,0.42558878660202026,0.02698008343577385
train/0002/ex03_laughing_00149,0.6424664258956909,0.3475932478904724,0.009940337389707565
train/0002/ex03_confused_00229,0.04391935467720032,0.9225332736968994,0.03354745730757713
train/0002/ex03_happy_00130,0.039741817861795425,0.7045941352844238,0.25566405057907104
train/0002/ex03_enunciated_00152,0.34095120429992676,0.6258883476257324,0.03316046670079231
train/0002/ex03_default_00197,0.11034850031137466,0.8252683281898499,0.06438321620225906
train/0002/ex03_enunciated_00115,0.4942905008792877,0.47245797514915466,0.03325152397155762
train/0002/ex03_enunciated_00218,0.17432940006256104,0.748207151889801,0.07746344059705734
train/0002/ex03_happy_00177,0.013847141526639462,0.8432231545448303,0.1429297775030136
train/0002/ex03_sad_00075,0.31467393040657043,0.5775675773620605,0.10775844007730484
train/0002/ex03_default_00308,0.39725589752197266,0.5839542746543884,0.018789885565638542
train/0002/ex03_confused_00163,0.6026853919029236,0.3441968560218811,0.053117748349905014
train/0002/ex03_laughing_00203,0.6426599621772766,0.32823431491851807,0.02910575084388256
train/0002/ex03_default_00005,0.4856659173965454,0.4515913724899292,0.06274272501468658
train/0002/ex03_happy_00275,0.4056660234928131,0.5611567497253418,0.03317714482545853
train/0002/ex03_default_emphasis_00122,0.30896058678627014,0.6572567224502563,0.033782631158828735
train/0002/ex03_happy_00178,0.01341109350323677,0.27955949306488037,0.7070294618606567
train/0002/ex03_enunciated_00217,0.0028713825158774853,0.017333315685391426,0.9797953367233276
train/0002/ex03_confused_00261,0.4079611003398895,0.5801420211791992,0.011896882206201553
train/0002/ex03_laughing_00101,0.0771988034248352,0.7054319977760315,0.21736913919448853
train/0002/ex03_default_00307,0.029606733471155167,0.9272629022598267,0.04313042759895325
train/0002/ex03_default_essentials_00001,0.03474421054124832,0.3914816081523895,0.5737742185592651
train/0002/ex03_confused_00050,0.26238957047462463,0.7016577124595642,0.03595268726348877
train/0002/ex03_laughing_00330,0.6897934079170227,0.28113898634910583,0.02906760945916176
train/0002/ex03_default_00136,0.510238528251648,0.4369329512119293,0.05282846465706825
train/0002/ex03_whisper_00001,0.41047507524490356,0.5164309740066528,0.07309392839670181
train/0002/ex03_happy_00191,0.15745918452739716,0.7789886593818665,0.0635521337389946
train/0002/ex03_sad_00146,0.006689869798719883,0.8292211890220642,0.16408896446228027
train/0002/ex03_sad_00093,0.09693872183561325,0.8053513169288635,0.09770989418029785
train/0002/ex03_happy_00044,0.10667270421981812,0.7936679124832153,0.09965941309928894
train/0002/ex03_confused_00288,0.012361902743577957,0.35492146015167236,0.6327166557312012
train/0002/ex03_confused_00185,0.008594511076807976,0.2811390161514282,0.7102664709091187
train/0002/ex03_enunciated_00026,0.09946797043085098,0.851886510848999,0.04864555224776268
train/0002/ex03_whisper_00303,0.23569822311401367,0.7394405007362366,0.02486128732562065
train/0002/ex03_happy_00293,0.022850198671221733,0.9084281325340271,0.0687217116355896
train/0002/ex03_default_00139,0.17163386940956116,0.7770972847938538,0.05126886069774628
train/0002/ex03_sad_00244,0.014272523112595081,0.8301792740821838,0.15554814040660858
train/0002/ex03_laughing_00032,0.5474311113357544,0.42558878660202026,0.02698008343577385
train/0002/ex03_default_00234,0.5880539417266846,0.3390420377254486,0.07290400564670563
train/0002/ex03_sad_00149,0.6424664258956909,0.3475932478904724,0.009940337389707565
train/0002/ex03_confused_00287,0.2511812448501587,0.7225874662399292,0.026231326162815094
train/0002/ex03_enunciated_00324,0.7064406275749207,0.2516912817955017,0.04186813533306122
train/0002/ex03_default_emphasis_00011,0.8372663855552673,0.1501617431640625,0.012571883387863636
train/0002/ex03_enunciated_00029,0.23274880647659302,0.7374846339225769,0.02976655215024948
train/0002/ex03_sad_00111,0.5540618896484375,0.43421879410743713,0.01171928271651268
train/0002/ex03_confused_00007,0.8549458384513855,0.12841327488422394,0.016640879213809967
train/0002/ex03_default_00161,0.0021052155643701553,0.019658217206597328,0.9782364964485168
train/0002/ex03_enunciated_00071,0.04624089226126671,0.6739122867584229,0.2798469066619873
train/0002/ex03_happy_00013,0.02625933848321438,0.6107569932937622,0.36298370361328125
train/0002/ex03_whisper_00183,0.005876982118934393,0.3680855333805084,0.6260374784469604
train/0002/ex03_default_emphasis_00049,0.04468772932887077,0.9085017442703247,0.0468105673789978
train/0002/ex03_laughing_00065,0.08341341465711594,0.8865395188331604,0.030047094449400902
train/0002/ex03_confused_00305,0.006732316222041845,0.09526332467794418,0.8980043530464172
train/0002/ex03_default_00263,0.11177604645490646,0.8154468536376953,0.07277708500623703
train/0002/ex03_sad_00213,0.01613604463636875,0.19528044760227203,0.7885835766792297
train/0002/ex03_confused_00008,0.19341886043548584,0.7622403502464294,0.04434078186750412
train/0002/ex03_happy_00311,0.08673439174890518,0.8829222321510315,0.030343374237418175
train/0002/ex03_default_emphasis_00046,0.004468914121389389,0.828450083732605,0.16708099842071533
train/0002/ex03_happy_00120,0.1626933366060257,0.8161346316337585,0.021172020584344864
train/0002/ex03_default_00187,0.03032507933676243,0.4252912700176239,0.5443836450576782
train/0002/ex03_enunciated_00142,0.013347205705940723,0.4341152012348175,0.5525375604629517
train/0002/ex03_laughing_00254,0.050841379910707474,0.9093477129936218,0.039810843765735626
train/0002/ex03_confused_00134,0.0702761635184288,0.8772693276405334,0.05245456472039223
train/0002/ex03_enunciated_00097,0.07340764254331589,0.9005624055862427,0.02602989785373211
train/0002/ex03_default_00052,0.11833438277244568,0.8370471000671387,0.044618479907512665
train/0002/ex03_sad_00022,0.00669866893440485,0.4185035228729248,0.5747978091239929
train/0002/ex03_confused_00239,0.04655146598815918,0.9106012582778931,0.04284720867872238
train/0002/ex03_laughing_00159,0.3254769742488861,0.6442387700080872,0.030284276232123375
train/0002/ex03_laughing_00083,0.6848950982093811,0.28072836995124817,0.03437656909227371
train/0002/ex03_default_00285,0.6451245546340942,0.33513909578323364,0.01973631978034973
train/0002/ex03_enunciated_00240,0.3820362985134125,0.6048412322998047,0.013122444041073322
train/0002/ex03_happy_00222,0.922201931476593,0.06875699758529663,0.009041027165949345
train/0002/ex03_default_00188,0.043911658227443695,0.9120472073554993,0.044041093438863754
train/0002/ex03_sad_00320,0.07358518987894058,0.8892791867256165,0.03713560849428177
train/0002/ex03_enunciated_00098,0.11848126351833344,0.8181746602058411,0.06334409862756729
train/0002/ex03_laughing_00156,0.12473248690366745,0.6141887903213501,0.26107874512672424
train/0002/ex03_confused_00236,0.07085045427083969,0.21308884024620056,0.7160606980323792
train/0002/ex03_default_00111,0.5540618896484375,0.43421879410743713,0.01171928271651268
train/0002/ex03_laughing_00317,0.21871741116046906,0.7395622730255127,0.04172039031982422
train/0002/ex03_confused_00077,0.5482242703437805,0.38212570548057556,0.06965003907680511
train/0002/ex03_sad_00161,0.0021052155643701553,0.019658217206597328,0.9782364964485168
train/0002/ex03_happy_00063,0.031588345766067505,0.6092475056648254,0.3591640889644623
train/0002/ex03_default_emphasis_00039,0.6929826736450195,0.2875232398509979,0.019494153559207916
train/0002/ex03_enunciated_00001,0.41047507524490356,0.5164309740066528,0.07309392839670181
train/0002/ex03_confused_00078,0.38885319232940674,0.5822727680206299,0.028873976320028305
train/0002/ex03_laughing_00318,0.1492311954498291,0.6812230348587036,0.16954578459262848
train/0002/ex03_sad_00263,0.11177604645490646,0.8154468536376953,0.07277708500623703
train/0002/ex03_default_00213,0.012239496223628521,0.17260998487472534,0.8151504993438721
train/0002/ex03_laughing_00015,0.5461531281471252,0.43461084365844727,0.019236072897911072
train/0002/ex03_default_emphasis_00036,0.015133252367377281,0.26599130034446716,0.7188754677772522
train/0002/ex03_enunciated_00303,0.23569822311401367,0.7394405007362366,0.02486128732562065
train/0002/ex03_enunciated_00132,0.3829099237918854,0.5948285460472107,0.022261494770646095
train/0002/ex03_confused_00091,0.024219220504164696,0.9387019872665405,0.03707881271839142
train/0002/ex03_happy_00150,0.3692498207092285,0.6108438372612,0.019906334578990936
train/0002/ex03_sad_00187,0.03032507933676243,0.4252912700176239,0.5443836450576782
train/0002/ex03_whisper_00115,0.4942905008792877,0.47245797514915466,0.03325152397155762
train/0002/ex03_confused_00249,0.001409041928127408,0.029685065150260925,0.9689059257507324
train/0002/ex03_laughing_00129,0.001598811475560069,0.16394974291324615,0.8344513773918152
train/0002/ex03_sad_00052,0.11833438277244568,0.8370471000671387,0.044618479907512665
train/0002/ex03_happy_00085,0.12588682770729065,0.8467499017715454,0.027363205328583717
train/0002/ex03_default_00022,0.00669866893440485,0.4185035228729248,0.5747978091239929
train/0002/ex03_laughing_00224,0.01938999444246292,0.7528833746910095,0.22772656381130219
train/0002/ex03_confused_00144,0.001534031704068184,0.018481232225894928,0.9799847602844238
train/0002/ex03_default_essentials_00029,0.9084070920944214,0.08384046703577042,0.007752460427582264
train/0002/ex03_happy_00252,0.1564430594444275,0.801332950592041,0.042224012315273285
train/0002/ex03_sad_00285,0.6451245546340942,0.33513909578323364,0.01973631978034973
train/0002/ex03_sad_00188,0.043911658227443695,0.9120472073554993,0.044041093438863754
train/0002/ex03_enunciated_00230,0.0026522278785705566,0.036557700484991074,0.9607900381088257
train/0002/ex03_default_emphasis_00105,0.08821946382522583,0.8826375007629395,0.029143070802092552
train/0002/ex03_default_00320,0.07358518987894058,0.8892791867256165,0.03713560849428177
train/0002/ex03_laughing_00126,0.9107219576835632,0.08194239437580109,0.007335630711168051
train/0002/ex03_confused_00246,0.1059250682592392,0.7717429399490356,0.12233194708824158
train/0002/ex03_default_essentials_00026,0.0018986620707437396,0.012442469596862793,0.9856589436531067
train/0002/ex03_happy_00107,0.0028173578903079033,0.5884023308753967,0.4087803065776825
train/0002/ex03_enunciated_00268,0.04196780174970627,0.7517796158790588,0.2062525600194931
train/0002/ex03_whisper_00097,0.07340764254331589,0.9005624055862427,0.02602989785373211
train/0002/ex03_enunciated_00165,0.3229769170284271,0.6224579811096191,0.054565053433179855
train/0002/ex03_default_00075,0.31467393040657043,0.5775675773620605,0.10775844007730484
train/0002/ex03_sad_00308,0.39725589752197266,0.5839542746543884,0.018789885565638542
train/0002/ex03_confused_00113,0.07813523709774017,0.8716291785240173,0.050235554575920105
train/0002/ex03_laughing_00273,0.14211143553256989,0.6549503207206726,0.2029382884502411
train/0002/ex03_sad_00005,0.4856659173965454,0.4515913724899292,0.06274272501468658
train/0002/ex03_default_emphasis_00088,0.032290488481521606,0.8605702519416809,0.10713930428028107
train/0002/ex03_whisper_00142,0.013347205705940723,0.4341152012348175,0.5525375604629517
train/0002/ex03_default_emphasis_00152,0.13231971859931946,0.8386496305465698,0.02903072163462639
train/0002/ex03_enunciated_00267,0.025112159550189972,0.8432343006134033,0.1316535323858261
train/0002/ex03_happy_00108,0.02756648138165474,0.8334192633628845,0.13901422917842865
train/0002/ex03_happy_00205,0.0016081371577456594,0.20839020609855652,0.790001630783081
train/0002/ex03_sad_00307,0.029606733471155167,0.9272629022598267,0.04313042759895325
train/0002/ex03_default_emphasis_00087,0.4340028464794159,0.4847894608974457,0.08120765537023544
train/0002/ex03_confused_00211,0.025630880147218704,0.9200195074081421,0.05434960126876831
train/0002/ex03_laughing_00171,0.14002563059329987,0.820054829120636,0.03991952911019325
train/0002/ex03_sad_00136,0.510238528251648,0.4369329512119293,0.05282846465706825
train/0002/ex03_default_00146,0.006689869798719883,0.8292211890220642,0.16408896446228027
train/0002/ex03_enunciated_00183,0.0034860067535191774,0.23475070297718048,0.7617632746696472
train/0002/ex03_confused_00020,0.0011593588860705495,0.014060087502002716,0.9847805500030518
train/0002/ex03_enunciated_00056,0.7697471976280212,0.21545948088169098,0.014793355949223042
train/0002/ex03_default_00093,0.09693872183561325,0.8053513169288635,0.09770989418029785
train/0002/ex03_laughing_00295,0.12646470963954926,0.583471953868866,0.29006338119506836
train/0002/ex03_laughing_00198,0.035956140607595444,0.26075729727745056,0.7032865881919861
train/0002/ex03_happy_00034,0.025228610262274742,0.3684001863002777,0.6063711643218994
train/0002/ex03_sad_00139,0.17163386940956116,0.7770972847938538,0.05126886069774628
train/0002/ex03_default_00244,0.014272523112595081,0.8301792740821838,0.15554814040660858
train/0002/ex03_enunciated_00281,0.021632298827171326,0.8941038250923157,0.08426389843225479
train/0002/ex03_confused_00322,0.12925660610198975,0.38423100113868713,0.4865123927593231
train/0002/ex03_laughing_00042,0.10085365921258926,0.8225803971290588,0.07656604796648026
train/0002/ex03_sad_00234,0.7056537866592407,0.26188895106315613,0.03245725855231285
train/0002/ex03_default_00149,0.6424664258956909,0.3475932478904724,0.009940337389707565
train/0002/ex03_enunciated_00059,0.24895760416984558,0.5422146320343018,0.20882770419120789
train/0002/ex03_laughing_00197,0.11034850031137466,0.8252683281898499,0.06438321620225906
train/0002/ex03_default_emphasis_00061,0.024960137903690338,0.9057332873344421,0.06930658221244812
train/0002/ex03_enunciated_00313,0.012271998450160027,0.693864107131958,0.2938638925552368
train/0002/ex03_default_emphasis_00026,0.535295844078064,0.44936954975128174,0.015334580093622208
train/0002/ex03_laughing_00308,0.39725589752197266,0.5839542746543884,0.018789885565638542
train/0002/ex03_confused_00068,0.0056163240224123,0.47019273042678833,0.5241909027099609
train/0002/ex03_sad_00273,0.14211143553256989,0.6549503207206726,0.2029382884502411
train/0002/ex03_default_00203,0.6426599621772766,0.32823431491851807,0.02910575084388256
train/0002/ex03_laughing_00005,0.4856659173965454,0.4515913724899292,0.06274272501468658
train/0002/ex03_default_emphasis_00029,0.009311447851359844,0.8092210292816162,0.18146748840808868
train/0002/ex03_happy_00073,0.020436996594071388,0.875901997089386,0.10366109013557434
train/0002/ex03_enunciated_00011,0.44703614711761475,0.5320015549659729,0.020962299779057503
train/0002/ex03_default_00101,0.0771988034248352,0.7054319977760315,0.21736913919448853
train/0002/ex03_confused_00067,0.31287503242492676,0.5787967443466187,0.1083281859755516
train/0002/ex03_laughing_00307,0.029606733471155167,0.9272629022598267,0.04313042759895325
train/0002/ex03_sad_00171,0.14002563059329987,0.820054829120636,0.03991952911019325
train/0002/ex03_default_00330,0.6897934079170227,0.28113898634910583,0.02906760945916176
train/0002/ex03_confused_00256,0.4122958481311798,0.5508190393447876,0.03688511252403259
train/0002/ex03_laughing_00136,0.510238528251648,0.4369329512119293,0.05282846465706825
train/0002/ex03_sad_00340,0.23985008895397186,0.7373353838920593,0.02281448431313038
train/0002/ex03_sad_00295,0.12646470963954926,0.583471953868866,0.29006338119506836
train/0002/ex03_happy_00242,0.032693494111299515,0.7399571537971497,0.22734929621219635
train/0002/ex03_default_emphasis_00115,0.023677464574575424,0.9278607368469238,0.04846185818314552
train/0002/ex03_enunciated_00220,0.47948670387268066,0.49583399295806885,0.024679305031895638
train/0002/ex03_sad_00198,0.035956140607595444,0.26075729727745056,0.7032865881919861
train/0002/ex03_laughing_00139,0.17163386940956116,0.7770972847938538,0.05126886069774628
train/0002/ex03_confused_00259,0.04694460332393646,0.607232391834259,0.3458229601383209
train/0002/ex03_happy_00095,0.1707943081855774,0.8006744980812073,0.0285311471670866
train/0002/ex03_sad_00042,0.10085365921258926,0.8225803971290588,0.07656604796648026
train/0002/ex03_whisper_00105,0.002734140492975712,0.45144012570381165,0.545825719833374
train/0002/ex03_default_00032,0.5474311113357544,0.42558878660202026,0.02698008343577385
train/0002/ex03_confused_00154,0.08046483248472214,0.8839833736419678,0.03555179759860039
train/0002/ex03_laughing_00234,0.5880539417266846,0.3390420377254486,0.07290400564670563
train/0002/ex03_enunciated_00122,0.8040345907211304,0.1851336508989334,0.010831710882484913
train/0002/ex03_confused_00081,0.11236665397882462,0.8491691946983337,0.038464177399873734
train/0002/ex03_sad_00197,0.11034850031137466,0.8252683281898499,0.06438321620225906
train/0002/ex03_happy_00140,0.20574232935905457,0.7700877785682678,0.024169854819774628
train/0002/ex03_whisper_00250,0.6551523208618164,0.3381151854991913,0.0067325495183467865
train/0002/ex03_sad_00317,0.10626377165317535,0.8399549126625061,0.053781237453222275
train/0002/ex03_laughing_00161,0.0021052155643701553,0.019658217206597328,0.9782364964485168
train/0002/ex03_confused_00201,0.02359635941684246,0.40671783685684204,0.5696858167648315
train/0002/ex03_default_emphasis_00097,0.005230055656284094,0.022437872365117073,0.9723320603370667
train/0002/ex03_happy_00118,0.19820863008499146,0.7192618250846863,0.08252953737974167
train/0002/ex03_enunciated_00277,0.03955380618572235,0.9299746751785278,0.030471481382846832
train/0002/ex03_whisper_00088,0.058864839375019073,0.8684824705123901,0.07265274971723557
train/0002/ex03_default_emphasis_00142,0.06901925057172775,0.8526607155799866,0.07832009345293045
train/0002/ex03_happy_00215,0.09553554654121399,0.8664426207542419,0.03802189975976944
train/0002/ex03_sad_00318,0.1492311954498291,0.6812230348587036,0.16954578459262848
train/0002/ex03_default_00065,0.08341341465711594,0.8865395188331604,0.030047094449400902
train/0002/ex03_laughing_00263,0.11177604645490646,0.8154468536376953,0.07277708500623703
train/0002/ex03_confused_00103,0.3610804080963135,0.6065492033958435,0.032370395958423615
train/0002/ex03_default_emphasis_00098,0.005230055656284094,0.022437872365117073,0.9723320603370667
train/0002/ex03_sad_00015,0.5461531281471252,0.43461084365844727,0.019236072897911072
train/0002/ex03_enunciated_00278,0.04604513570666313,0.5824355483055115,0.3715193271636963
train/0002/ex03_happy_00117,0.0023263294715434313,0.4297848641872406,0.5678887963294983
train/0002/ex03_enunciated_00175,0.07980688661336899,0.8734585642814636,0.04673454910516739
train/0002/ex03_happy_00326,0.009964453987777233,0.4887513816356659,0.5012841820716858
train/0002/ex03_enunciated_00049,0.0027125354390591383,0.2769797444343567,0.7203077077865601
train/0002/ex03_default_emphasis_00071,0.017341557890176773,0.41903239488601685,0.5636259913444519
train/0002/ex03_enunciated_00344,0.20964151620864868,0.709775447845459,0.08058302849531174
train/0002/ex03_laughing_00187,0.03032507933676243,0.4252912700176239,0.5443836450576782
train/0002/ex03_enunciated_00291,0.007582052610814571,0.16026708483695984,0.8321508169174194
train/0002/ex03_default_00254,0.050841379910707474,0.9093477129936218,0.039810843765735626
train/0002/ex03_sad_00129,0.001598811475560069,0.16394974291324615,0.8344513773918152
train/0002/ex03_laughing_00052,0.11833438277244568,0.8370471000671387,0.044618479907512665
train/0002/ex03_confused_00332,0.0015072087990120053,0.037878476083278656,0.9606143236160278
train/0002/ex03_default_00159,0.3254769742488861,0.6442387700080872,0.030284276232123375
train/0002/ex03_sad_00224,0.01938999444246292,0.7528833746910095,0.22772656381130219
train/0002/ex03_default_00083,0.6848950982093811,0.28072836995124817,0.03437656909227371
train/0002/ex03_enunciated_00046,0.9208309650421143,0.06938870251178741,0.00978035293519497
train/0002/ex03_happy_00329,0.7405450344085693,0.2504942715167999,0.008960752747952938
train/0002/ex03_laughing_00285,0.6451245546340942,0.33513909578323364,0.01973631978034973
train/0002/ex03_laughing_00188,0.043911658227443695,0.9120472073554993,0.044041093438863754
train/0002/ex03_happy_00024,0.004856337793171406,0.7712386250495911,0.22390511631965637
train/0002/ex03_sad_00126,0.9107219576835632,0.08194239437580109,0.007335630711168051
train/0002/ex03_enunciated_00193,0.19778452813625336,0.7514957189559937,0.0507197231054306
train/0002/ex03_default_00156,0.12473248690366745,0.6141887903213501,0.26107874512672424
train/0002/ex03_confused_00030,0.023933345451951027,0.8821010589599609,0.09396567940711975
train/0002/ex03_enunciated_00210,0.24513563513755798,0.7118697762489319,0.04299454391002655
train/0002/ex03_default_emphasis_00125,0.034462496638298035,0.3405216634273529,0.6250158548355103
train/0002/ex03_happy_00272,0.10255767405033112,0.8177222609519958,0.07972005754709244
train/0002/ex03_whisper_00237,0.2174713909626007,0.7338922023773193,0.048636410385370255
train/0002/ex03_default_essentials_00006,0.16634678840637207,0.5456085205078125,0.2880447208881378
train/0002/ex03_laughing_00106,0.0029570888727903366,0.03608274832367897,0.9609602093696594
train/0002/ex03_confused_00266,0.02813701704144478,0.8739177584648132,0.09794522821903229
train/0002/ex03_default_00300,0.004179410636425018,0.6469843983650208,0.3488362431526184
train/0002/ex03_happy_00170,0.33066901564598083,0.5527677536010742,0.11656318604946136
train/0002/ex03_enunciated_00112,0.12278100103139877,0.42771267890930176,0.44950634241104126
train/0002/ex03_laughing_00204,0.029645536094903946,0.8657757043838501,0.10457878559827805
train/0002/ex03_confused_00164,0.09020794183015823,0.48451757431030273,0.42527440190315247
train/0002/ex03_default_00002,0.40534189343452454,0.571341872215271,0.023316238075494766
train/0002/ex03_default_essentials_00009,0.09325532615184784,0.7345337271690369,0.17221097648143768
train/0002/ex03_whisper_00238,0.04366883635520935,0.5542485117912292,0.4020826816558838
train/0002/ex03_sad_00072,0.006934850476682186,0.7147784233093262,0.27828672528266907
train/0002/ex03_confused_00269,0.13952328264713287,0.8343697190284729,0.026106948032975197
train/0002/ex03_laughing_00109,0.11221916228532791,0.7507390379905701,0.137041836977005
train/0002/ex03_whisper_00009,0.0845918282866478,0.8196587562561035,0.09574940800666809
train/0002/ex03_laughing_00035,0.9239354729652405,0.0697796642780304,0.006284944247454405
train/0002/ex03_happy_00199,0.05458306148648262,0.679976761341095,0.2654402256011963
train/0002/ex03_default_00233,0.04478646069765091,0.8795790672302246,0.07563447952270508
train/0002/ex03_sad_00243,0.02490665204823017,0.32754865288734436,0.6475446224212646
train/0002/ex03_happy_00294,0.08097251504659653,0.8824989795684814,0.03652850538492203
train/0002/ex03_confused_00058,0.2839374244213104,0.6505696177482605,0.06549297273159027
train/0002/ex03_whisper_00304,0.06879086047410965,0.8972926735877991,0.03391646593809128
train/0002/ex03_default_emphasis_00016,0.31531596183776855,0.6381303071975708,0.04655376449227333
train/0002/ex03_confused_00280,0.21525835990905762,0.5810603499412537,0.20368124544620514
train/0002/ex03_enunciated_00323,0.1642943024635315,0.7938702702522278,0.04183539003133774
train/0002/ex03_sad_00141,0.5508073568344116,0.41095995903015137,0.0382327139377594
train/0002/ex03_happy_00196,0.9650911688804626,0.03223751485347748,0.0026712981052696705
train/0002/ex03_laughing_00337,0.06539354473352432,0.884660542011261,0.0499458909034729
train/0002/ex03_confused_00057,0.020879672840237617,0.8553819060325623,0.12373839318752289
train/0002/ex03_default_00131,0.014176572673022747,0.12853527069091797,0.8572881817817688
train/0002/ex03_confused_00182,0.4117201864719391,0.5456644892692566,0.042615342885255814
train/0002/ex03_enunciated_00021,0.14573270082473755,0.7526432275772095,0.10162409394979477
train/0002/ex03_happy_00043,0.00873015820980072,0.1815658062696457,0.8097040057182312
train/0002/ex03_sad_00094,0.14911124110221863,0.7622385025024414,0.08865026384592056
train/0002/ex03_default_emphasis_00019,0.08853483945131302,0.8693094253540039,0.04215579852461815
train/0002/ex03_default_00169,0.10057302564382553,0.8411530256271362,0.05827392637729645
train/0002/ex03_sad_00214,0.09779644012451172,0.8522543907165527,0.04994918778538704
train/0002/ex03_confused_00302,0.2370118796825409,0.7092816233634949,0.05370645597577095
train/0002/ex03_laughing_00062,0.007254440803080797,0.17706871032714844,0.8156768083572388
train/0002/ex03_default_00264,0.15074695646762848,0.7360092401504517,0.11324376612901688
train/0002/ex03_sad_00119,0.020372776314616203,0.9065691828727722,0.07305806875228882
train/0002/ex03_default_emphasis_00041,0.10936952382326126,0.8090041875839233,0.08162632584571838
train/0002/ex03_happy_00316,0.5597238540649414,0.4245297908782959,0.015746407210826874
train/0002/ex03_enunciated_00079,0.6489973664283752,0.3337467610836029,0.01725592464208603
train/0002/ex03_default_00166,0.3166404962539673,0.6499268412590027,0.03343271091580391
train/0002/ex03_sad_00116,0.10144815593957901,0.8492686152458191,0.04928326979279518
train/0002/ex03_happy_00014,0.047047220170497894,0.9068440198898315,0.04610885679721832
train/0002/ex03_enunciated_00076,0.6248221397399902,0.3652366101741791,0.009941217489540577
train/0002/ex03_happy_00319,0.05311966687440872,0.6859742999076843,0.26090601086616516
train/0002/ex03_whisper_00289,0.669156551361084,0.3012023866176605,0.029641028493642807
train/0002/ex03_happy_00225,0.6084965467453003,0.36872023344039917,0.02278320863842964
train/0002/ex03_laughing_00084,0.011371379718184471,0.12799397110939026,0.8606346845626831
train/0002/ex03_happy_00128,0.0052640256471931934,0.7760503888130188,0.21868552267551422
train/0002/ex03_enunciated_00247,0.6185071468353271,0.2976781725883484,0.08381471782922745
train/0002/ex03_default_00282,0.05138681083917618,0.8255127668380737,0.12310048937797546
train/0002/ex03_confused_00231,0.19631467759609222,0.7583743929862976,0.04531090706586838
train/0002/ex03_laughing_00151,0.0681939497590065,0.8729900121688843,0.05881606414914131
train/0002/ex03_sad_00327,0.17182432115077972,0.7979517579078674,0.030223991721868515
train/0002/ex03_whisper_00260,0.3990298807621002,0.5777177810668945,0.02325238101184368
train/0002/ex03_enunciated_00145,0.010807047598063946,0.938178539276123,0.05101434886455536
train/0002/ex03_default_00180,0.005013304762542248,0.7843015193939209,0.2106851041316986
train/0002/ex03_enunciated_00248,0.2732589840888977,0.6546465158462524,0.07209456712007523
train/0002/ex03_happy_00127,0.4211702048778534,0.544161856174469,0.034667909145355225
train/0002/ex03_sad_00025,0.17330650985240936,0.7767201662063599,0.049973320215940475
train/0002/ex03_confused_00133,0.035654082894325256,0.9214697480201721,0.042876213788986206
train/0002/ex03_laughing_00253,0.0015367695596069098,0.3452049791812897,0.6532582640647888
train/0002/ex03_sad_00328,0.03134066238999367,0.9167276620864868,0.05193169787526131
train/0002/ex03_default_00055,0.3431950807571411,0.5649446845054626,0.091860331594944
train/0002/ex03_enunciated_00090,0.6397046446800232,0.3464771807193756,0.013818218372762203
train/0002/ex03_default_essentials_00019,0.027561556547880173,0.2530791163444519,0.7193593382835388
train/0002/ex03_confused_00174,0.013628383167088032,0.3652994930744171,0.6210720539093018
train/0002/ex03_laughing_00214,0.09779644012451172,0.8522543907165527,0.04994918778538704
train/0002/ex03_default_00012,0.09513433277606964,0.7858904600143433,0.11897516995668411
train/0002/ex03_sad_00062,0.007254440803080797,0.17706871032714844,0.8156768083572388
train/0002/ex03_laughing_00119,0.020372776314616203,0.9065691828727722,0.07305806875228882
train/0002/ex03_confused_00279,0.01563277840614319,0.4759518504142761,0.5084153413772583
train/0002/ex03_happy_00160,0.01885116659104824,0.811291515827179,0.16985732316970825
train/0002/ex03_enunciated_00102,0.3935460150241852,0.5663156509399414,0.040138304233551025
train/0002/ex03_default_essentials_00016,0.015199028886854649,0.1931196004152298,0.7916813492774963
train/0002/ex03_whisper_00227,0.7301679253578186,0.25486189126968384,0.014970103278756142
train/0002/ex03_confused_00276,0.10526762157678604,0.8667259812355042,0.028006358072161674
train/0002/ex03_laughing_00116,0.10144815593957901,0.8492686152458191,0.04928326979279518
train/0002/ex03_default_00310,0.6389417052268982,0.33767369389533997,0.023384567350149155
train/0002/ex03_default_emphasis_00135,0.020874377340078354,0.9291663765907288,0.04995926842093468
train/0002/ex03_enunciated_00200,0.11201745271682739,0.8234284520149231,0.0645541399717331
train/0002/ex03_happy_00262,0.02445114776492119,0.8543116450309753,0.12123726308345795
train/0002/ex03_confused_00192,0.030401131138205528,0.8299083113670349,0.1396905481815338
train/0002/ex03_enunciated_00031,0.002743127988651395,0.061138372868299484,0.9361184239387512
train/0002/ex03_default_emphasis_00009,0.8349905610084534,0.14463824033737183,0.02037125639617443
train/0002/ex03_sad_00084,0.011371379718184471,0.12799397110939026,0.8606346845626831
train/0002/ex03_happy_00053,0.0014086577575653791,0.02927495539188385,0.9693163633346558
train/0002/ex03_whisper_00016,0.0011855603661388159,0.0781526118516922,0.9206618070602417
train/0002/ex03_happy_00186,0.02637048438191414,0.9067176580429077,0.06691179424524307
train/0002/ex03_sad_00151,0.0681939497590065,0.8729900121688843,0.05881606414914131
train/0002/ex03_confused_00047,0.011611181311309338,0.6614776253700256,0.32691118121147156
train/0002/ex03_laughing_00327,0.17182432115077972,0.7979517579078674,0.030223991721868515
train/0002/ex03_default_00121,0.18989664316177368,0.7453393936157227,0.06476392596960068
train/0002/ex03_confused_00290,0.26494714617729187,0.715352475643158,0.019700372591614723
train/0002/ex03_enunciated_00333,0.1982080042362213,0.7230218648910522,0.07877012342214584
train/0002/ex03_default_emphasis_00006,0.8349905610084534,0.14463824033737183,0.02037125639617443
train/0002/ex03_laughing_00025,0.17330650985240936,0.7767201662063599,0.049973320215940475
train/0002/ex03_default_00223,0.02199375629425049,0.9115579128265381,0.06644842028617859
train/0002/ex03_happy_00189,0.01567363180220127,0.9193049669265747,0.06502138823270798
train/0002/ex03_whisper_00314,0.012515825219452381,0.8989416360855103,0.08854258060455322
train/0002/ex03_happy_00284,0.15620289742946625,0.8153995275497437,0.02839750237762928
train/0002/ex03_sad_00253,0.0015367695596069098,0.3452049791812897,0.6532582640647888
train/0002/ex03_laughing_00328,0.03134066238999367,0.9167276620864868,0.05193169787526131
train/0002/ex03_confused_00048,0.4117082953453064,0.4421383738517761,0.14615339040756226
train/0002/ex03_happy_00004,0.2309294193983078,0.6730603575706482,0.096010223031044
train/0002/ex03_happy_00309,0.01003265380859375,0.3061969578266144,0.6837704181671143
train/0002/ex03_enunciated_00066,0.006975752767175436,0.3590913414955139,0.6339329481124878
train/0002/ex03_confused_00010,0.09830158948898315,0.835801362991333,0.06589706242084503
train/0002/ex03_default_00176,0.012776651419699192,0.8937208652496338,0.09350241720676422
train/0002/ex03_sad_00106,0.0029570888727903366,0.03608274832367897,0.9609602093696594
train/0002/ex03_default_emphasis_00051,0.24930411577224731,0.7123198509216309,0.03837604820728302
train/0002/ex03_enunciated_00069,0.018560370430350304,0.6099322438240051,0.37150734663009644
train/0002/ex03_happy_00306,0.047504059970378876,0.7264012098312378,0.2260947972536087
train/0002/ex03_whisper_00296,0.11298110336065292,0.851219117641449,0.03579971194267273
train/0002/ex03_sad_00204,0.029645536094903946,0.8657757043838501,0.10457878559827805
train/0002/ex03_default_00179,0.1294921338558197,0.7833826541900635,0.08712516725063324
train/0002/ex03_laughing_00072,0.006934850476682186,0.7147784233093262,0.27828672528266907
train/0002/ex03_confused_00312,0.21759195625782013,0.7258803248405457,0.056527670472860336
train/0002/ex03_sad_00109,0.11221916228532791,0.7507390379905701,0.137041836977005
train/0002/ex03_default_00274,0.016039250418543816,0.6023038029670715,0.3816570043563843
train/0002/ex03_whisper_00172,0.13101641833782196,0.7456713318824768,0.12331229448318481
train/0002/ex03_sad_00035,0.9239354729652405,0.0697796642780304,0.006284944247454405
train/0002/ex03_laughing_00243,0.02490665204823017,0.32754865288734436,0.6475446224212646
train/0002/ex03_confused_00123,0.26079022884368896,0.629353940486908,0.1098557710647583
train/0002/ex03_enunciated_00080,0.04489348456263542,0.8308603763580322,0.12424615770578384
train/0002/ex03_default_00045,0.05733710154891014,0.8178368210792542,0.12482604384422302
train/0002/ex03_sad_00338,0.14551357924938202,0.4120813310146332,0.44240501523017883
train/0002/ex03_default_00190,0.045895010232925415,0.6773179173469543,0.27678707242012024
train/0002/ex03_enunciated_00155,0.7967516183853149,0.1935429722070694,0.009705480188131332
train/0002/ex03_happy_00137,0.009667238220572472,0.20265771448612213,0.7876750826835632
train/0002/ex03_enunciated_00258,0.036025963723659515,0.8321014046669006,0.13187265396118164
train/0002/ex03_laughing_00141,0.5508073568344116,0.41095995903015137,0.0382327139377594
train/0002/ex03_confused_00221,0.011816482059657574,0.08620193600654602,0.9019815325737
train/0002/ex03_whisper_00270,0.4167294502258301,0.5543341040611267,0.028936415910720825
train/0002/ex03_sad_00337,0.06539354473352432,0.884660542011261,0.0499458909034729
train/0002/ex03_happy_00235,0.16389474272727966,0.8082646131515503,0.027840685099363327
train/0002/ex03_laughing_00094,0.14911124110221863,0.7622385025024414,0.08865026384592056
train/0002/ex03_default_00292,0.6467757821083069,0.34370726346969604,0.009516984224319458
train/0002/ex03_enunciated_00257,0.03287899121642113,0.9185515642166138,0.048569388687610626
train/0002/ex03_happy_00138,0.7870345115661621,0.17972296476364136,0.0332426093518734
train/0002/ex03_sad_00157,0.0011037882650271058,0.07188178598880768,0.9270144104957581
train/0002/ex03_happy_00180,0.005013304762542248,0.7843015193939209,0.2106851041316986
train/0002/ex03_laughing_00321,0.0019263153662905097,0.012020827271044254,0.9860528707504272
train/0002/ex03_confused_00041,0.06363251805305481,0.8724440336227417,0.06392345577478409
train/0002/ex03_default_00127,0.4211702048778534,0.544161856174469,0.034667909145355225
train/0002/ex03_confused_00194,0.36117541790008545,0.6078854203224182,0.03093908168375492
train/0002/ex03_enunciated_00037,0.3108370006084442,0.6590176820755005,0.030145294964313507
train/0002/ex03_happy_00055,0.2721068263053894,0.6113367080688477,0.11655646562576294
train/0002/ex03_sad_00082,0.008069120347499847,0.1351969838142395,0.8567339181900024
train/0002/ex03_confused_00299,0.032363276928663254,0.9030879735946655,0.0645488053560257
train/0002/ex03_laughing_00023,0.00822991132736206,0.332843154668808,0.6589269638061523
train/0002/ex03_default_00225,0.6084965467453003,0.36872023344039917,0.02278320863842964
train/0002/ex03_sad_00158,0.10363586992025375,0.6909939646720886,0.20537015795707703
train/0002/ex03_default_00128,0.0052640256471931934,0.7760503888130188,0.21868552267551422
train/0002/ex03_sad_00255,0.08918743580579758,0.8014944195747375,0.10931821167469025
train/0002/ex03_happy_00282,0.05138681083917618,0.8255127668380737,0.12310048937797546
train/0002/ex03_enunciated_00038,0.008981437422335148,0.7986752986907959,0.1923433393239975
train/0002/ex03_confused_00296,0.11298110336065292,0.851219117641449,0.03579971194267273
train/0002/ex03_enunciated_00335,0.14650975167751312,0.8103683590888977,0.04312194138765335
train/0002/ex03_enunciated_00209,0.21057815849781036,0.724551260471344,0.06487062573432922
train/0002/ex03_happy_00166,0.3166404962539673,0.6499268412590027,0.03343271091580391
train/0002/ex03_enunciated_00104,0.005938641261309385,0.27836352586746216,0.7156978249549866
train/0002/ex03_laughing_00212,0.09456082433462143,0.804656445980072,0.10078273713588715
train/0002/ex03_confused_00172,0.13101641833782196,0.7456713318824768,0.12331229448318481
train/0002/ex03_default_00014,0.047047220170497894,0.9068440198898315,0.04610885679721832
train/0002/ex03_sad_00064,0.7158178687095642,0.2636066675186157,0.020575430244207382
train/0002/ex03_default_00319,0.05311966687440872,0.6859742999076843,0.26090601086616516
train/0002/ex03_whisper_00123,0.26079022884368896,0.629353940486908,0.1098557710647583
train/0002/ex03_default_emphasis_00133,0.020874377340078354,0.9291663765907288,0.04995926842093468
train/0002/ex03_happy_00169,0.10057302564382553,0.8411530256271362,0.05827392637729645
train/0002/ex03_enunciated_00206,0.005895595066249371,0.10696789622306824,0.8871365785598755
train/0002/ex03_happy_00264,0.15074695646762848,0.7360092401504517,0.11324376612901688
train/0002/ex03_default_essentials_00010,0.03396165743470192,0.8739311099052429,0.09210725128650665
train/0002/ex03_laughing_00110,0.10611578077077866,0.6280891299247742,0.2657950818538666
train/0002/ex03_confused_00270,0.4167294502258301,0.5543341040611267,0.028936415910720825
train/0002/ex03_default_00316,0.5597238540649414,0.4245297908782959,0.015746407210826874
train/0002/ex03_enunciated_00153,0.0681462362408638,0.8778522610664368,0.05400143936276436
train/0002/ex03_default_00196,0.9650911688804626,0.03223751485347748,0.0026712981052696705
train/0002/ex03_happy_00131,0.014176572673022747,0.12853527069091797,0.8572881817817688
train/0002/ex03_sad_00033,0.7516540288925171,0.22245611250400543,0.02588990330696106
train/0002/ex03_laughing_00148,0.02500932477414608,0.9096349477767944,0.06535566598176956
train/0002/ex03_confused_00228,0.07791667431592941,0.8507351279258728,0.07134824246168137
train/0002/ex03_confused_00125,0.09901463985443115,0.7464597821235657,0.15452565252780914
train/0002/ex03_laughing_00245,0.6532114148139954,0.32641345262527466,0.020375143736600876
train/0002/ex03_default_00043,0.00873015820980072,0.1815658062696457,0.8097040057182312
train/0002/ex03_enunciated_00086,0.37483131885528564,0.45592713356018066,0.16924159228801727
train/0002/ex03_default_00199,0.05458306148648262,0.679976761341095,0.2654402256011963
train/0002/ex03_happy_00233,0.04478646069765091,0.8795790672302246,0.07563447952270508
train/0002/ex03_laughing_00092,0.3099834620952606,0.5777361392974854,0.11228037625551224
train/0002/ex03_enunciated_00251,0.10210186243057251,0.8716452121734619,0.026252975687384605
train/0002/ex03_default_00294,0.08097251504659653,0.8824989795684814,0.03652850538492203
train/0002/ex03_confused_00227,0.7301679253578186,0.25486189126968384,0.014970103278756142
train/0002/ex03_laughing_00147,0.07794373482465744,0.8883915543556213,0.03366466984152794
train/0002/ex03_enunciated_00089,0.017356708645820618,0.9284401535987854,0.0542030967772007
train/0002/ex03_sad_00331,0.003585835685953498,0.47320428490638733,0.5232098698616028
train/0002/ex03_confused_00016,0.0011855603661388159,0.0781526118516922,0.9206618070602417
train/0002/ex03_default_00170,0.33066901564598083,0.5527677536010742,0.11656318604946136
train/0002/ex03_sad_00100,0.11084052175283432,0.6181371808052063,0.27102231979370117
train/0002/ex03_happy_00002,0.40534189343452454,0.571341872215271,0.023316238075494766
train/0002/ex03_whisper_00192,0.030401131138205528,0.8299083113670349,0.1396905481815338
train/0002/ex03_default_emphasis_00058,0.21124863624572754,0.7591487169265747,0.029602590948343277
train/0002/ex03_enunciated_00060,0.2357507348060608,0.7047263979911804,0.059522852301597595
train/0002/ex03_sad_00202,0.9232494235038757,0.07316331565380096,0.0035873071756213903
train/0002/ex03_confused_00019,0.770991861820221,0.2066400945186615,0.022368038073182106
train/0002/ex03_confused_00314,0.012515825219452381,0.8989416360855103,0.08854258060455322
train/0002/ex03_laughing_00074,0.8406140804290771,0.15046846866607666,0.008917510509490967
train/0002/ex03_default_00272,0.10255767405033112,0.8177222609519958,0.07972005754709244
train/0002/ex03_default_emphasis_00057,0.21124863624572754,0.7591487169265747,0.029602590948343277
train/0002/ex03_happy_00300,0.004179410636425018,0.6469843983650208,0.3488362431526184
train/0002/ex03_enunciated_00028,0.07437866926193237,0.8821573257446289,0.0434640608727932
train/0002/ex03_default_emphasis_00010,0.8372663855552673,0.1501617431640625,0.012571883387863636
train/0002/ex03_confused_00286,0.1650034338235855,0.559678316116333,0.2753182351589203
train/0002/ex03_enunciated_00325,0.9073910713195801,0.08737127482891083,0.005237671546638012
train/0002/ex03_laughing_00033,0.7516540288925171,0.22245611250400543,0.02588990330696106
train/0002/ex03_sad_00148,0.02500932477414608,0.9096349477767944,0.06535566598176956
train/0002/ex03_default_00235,0.16389474272727966,0.8082646131515503,0.027840685099363327
train/0002/ex03_happy_00292,0.6467757821083069,0.34370726346969604,0.009516984224319458
train/0002/ex03_sad_00245,0.6532114148139954,0.32641345262527466,0.020375143736600876
train/0002/ex03_default_00138,0.7870345115661621,0.17972296476364136,0.0332426093518734
train/0002/ex03_confused_00184,0.010866288095712662,0.17139433324337006,0.8177394270896912
train/0002/ex03_enunciated_00027,0.13670167326927185,0.7908740639686584,0.07242431491613388
train/0002/ex03_sad_00092,0.3099834620952606,0.5777361392974854,0.11228037625551224
train/0002/ex03_happy_00045,0.05733710154891014,0.8178368210792542,0.12482604384422302
train/0002/ex03_confused_00289,0.669156551361084,0.3012023866176605,0.029641028493642807
train/0002/ex03_happy_00190,0.045895010232925415,0.6773179173469543,0.27678707242012024
train/0002/ex03_sad_00147,0.07794373482465744,0.8883915543556213,0.03366466984152794
train/0002/ex03_confused_00051,0.43871238827705383,0.5416808724403381,0.01960674487054348
train/0002/ex03_laughing_00331,0.003585835685953498,0.47320428490638733,0.5232098698616028
train/0002/ex03_default_00137,0.009667238220572472,0.20265771448612213,0.7876750826835632
train/0002/ex03_whisper_00231,0.19631467759609222,0.7583743929862976,0.04531090706586838
train/0002/ex03_confused_00260,0.3990298807621002,0.5777177810668945,0.02325238101184368
train/0002/ex03_laughing_00100,0.11084052175283432,0.6181371808052063,0.27102231979370117
train/0002/ex03_default_00306,0.047504059970378876,0.7264012098312378,0.2260947972536087
train/0002/ex03_enunciated_00216,0.7792388200759888,0.21249620616436005,0.008264916017651558
train/0002/ex03_happy_00179,0.1294921338558197,0.7833826541900635,0.08712516725063324
train/0002/ex03_default_emphasis_00123,0.30896058678627014,0.6572567224502563,0.033782631158828735
train/0002/ex03_happy_00274,0.016039250418543816,0.6023038029670715,0.3816570043563843
train/0002/ex03_confused_00162,0.24734191596508026,0.6592885255813599,0.09336959570646286
train/0002/ex03_laughing_00202,0.9232494235038757,0.07316331565380096,0.0035873071756213903
train/0002/ex03_default_00004,0.2309294193983078,0.6730603575706482,0.096010223031044
train/0002/ex03_default_00309,0.01003265380859375,0.3061969578266144,0.6837704181671143
train/0002/ex03_sad_00074,0.8406140804290771,0.15046846866607666,0.008917510509490967
train/0002/ex03_happy_00176,0.012776651419699192,0.8937208652496338,0.09350241720676422
train/0002/ex03_enunciated_00219,0.14785896241664886,0.8163317441940308,0.0358092337846756
train/0002/ex03_enunciated_00114,0.09886956959962845,0.8812562823295593,0.019874118268489838
train/0002/ex03_laughing_00157,0.0011037882650271058,0.07188178598880768,0.9270144104957581
train/0002/ex03_confused_00237,0.2174713909626007,0.7338922023773193,0.048636410385370255
train/0002/ex03_sad_00321,0.0019263153662905097,0.012020827271044254,0.9860528707504272
train/0002/ex03_enunciated_00099,0.0013383252080529928,0.023226290941238403,0.9754354357719421
train/0002/ex03_whisper_00266,0.02759436145424843,0.8957851529121399,0.07662054151296616
train/0002/ex03_happy_00223,0.02199375629425049,0.9115579128265381,0.06644842028617859
train/0002/ex03_default_00189,0.01567363180220127,0.9193049669265747,0.06502138823270798
train/0002/ex03_laughing_00082,0.008069120347499847,0.1351969838142395,0.8567339181900024
train/0002/ex03_default_00284,0.15620289742946625,0.8153995275497437,0.02839750237762928
train/0002/ex03_enunciated_00241,0.04078097268939018,0.9050447344779968,0.054174210876226425
train/0002/ex03_sad_00023,0.00822991132736206,0.332843154668808,0.6589269638061523
train/0002/ex03_confused_00238,0.04366883635520935,0.5542485117912292,0.4020826816558838
train/0002/ex03_laughing_00158,0.10363586992025375,0.6909939646720886,0.20537015795707703
train/0002/ex03_laughing_00255,0.08918743580579758,0.8014944195747375,0.10931821167469025
train/0002/ex03_confused_00135,0.32203778624534607,0.6531144380569458,0.02484774775803089
train/0002/ex03_enunciated_00096,0.32731327414512634,0.6542685627937317,0.018418192863464355
train/0002/ex03_default_00053,0.0014086577575653791,0.02927495539188385,0.9693163633346558
train/0002/ex03_default_00186,0.02637048438191414,0.9067176580429077,0.06691179424524307
train/0002/ex03_enunciated_00143,0.08159846067428589,0.45221102237701416,0.46619051694869995
train/0002/ex03_happy_00121,0.18989664316177368,0.7453393936157227,0.06476392596960068
train/0002/ex03_default_emphasis_00047,0.004468914121389389,0.828450083732605,0.16708099842071533
train/0002/ex03_happy_00310,0.6389417052268982,0.33767369389533997,0.023384567350149155
train/0002/ex03_sad_00212,0.09456082433462143,0.804656445980072,0.10078273713588715
train/0002/ex03_confused_00009,0.0845918282866478,0.8196587562561035,0.09574940800666809
train/0002/ex03_laughing_00064,0.7158178687095642,0.2636066675186157,0.020575430244207382
train/0002/ex03_confused_00304,0.06879086047410965,0.8972926735877991,0.03391646593809128
train/0002/ex03_default_00262,0.02445114776492119,0.8543116450309753,0.12123726308345795
train/0002/ex03_whisper_00182,0.4117201864719391,0.5456644892692566,0.042615342885255814
train/0002/ex03_default_emphasis_00048,0.004468914121389389,0.828450083732605,0.16708099842071533
train/0002/ex03_happy_00012,0.09513433277606964,0.7858904600143433,0.11897516995668411
train/0002/ex03_enunciated_00070,0.05107595771551132,0.9258806109428406,0.023043427616357803
train/0002/ex03_confused_00006,0.0890931636095047,0.8601805567741394,0.05072621628642082
train/0002/ex03_default_00160,0.01885116659104824,0.811291515827179,0.16985732316970825
train/0002/ex03_whisper_00057,0.020879672840237617,0.8553819060325623,0.12373839318752289
train/0002/ex03_sad_00110,0.10611578077077866,0.6280891299247742,0.2657950818538666
train/0002/ex03_confused_00088,0.058864839375019073,0.8684824705123901,0.07265274971723557
train/0002/ex03_happy_00244,0.012886674143373966,0.8210579752922058,0.1660553365945816
train/0002/ex03_sad_00293,0.022850198671221733,0.9084281325340271,0.0687217116355896
train/0002/ex03_default_emphasis_00113,0.01739361137151718,0.5605636835098267,0.42204272747039795
train/0002/ex03_enunciated_00226,0.0012665610993281007,0.22329966723918915,0.7754337787628174
train/0002/ex03_happy_00149,0.6424664258956909,0.3475932478904724,0.009940337389707565
train/0002/ex03_laughing_00130,0.039741817861795425,0.7045941352844238,0.25566405057907104
train/0002/ex03_confused_00250,0.6551523208618164,0.3381151854991913,0.0067325495183467865
train/0002/ex03_default_essentials_00030,0.6566516757011414,0.3228301703929901,0.020518196746706963
train/0002/ex03_enunciated_00124,0.3695252239704132,0.5886554718017578,0.041819363832473755
train/0002/ex03_confused_00087,0.7201869487762451,0.2679121792316437,0.011900868266820908
train/0002/ex03_happy_00146,0.006689869798719883,0.8292211890220642,0.16408896446228027
train/0002/ex03_enunciated_00229,0.04391935467720032,0.9225332736968994,0.03354745730757713
train/0002/ex03_sad_00191,0.15745918452739716,0.7789886593818665,0.0635521337389946
train/0002/ex03_sad_00044,0.10667270421981812,0.7936679124832153,0.09965941309928894
train/0002/ex03_happy_00093,0.09693872183561325,0.8053513169288635,0.09770989418029785
train/0002/ex03_default_00034,0.025228610262274742,0.3684001863002777,0.6063711643218994
train/0002/ex03_laughing_00232,0.044629182666540146,0.2225862592458725,0.7327845096588135
train/0002/ex03_confused_00152,0.34095120429992676,0.6258883476257324,0.03316046670079231
train/0002/ex03_sad_00275,0.4056660234928131,0.5611567497253418,0.03317714482545853
train/0002/ex03_default_00108,0.02756648138165474,0.8334192633628845,0.13901422917842865
train/0002/ex03_sad_00178,0.01341109350323677,0.27955949306488037,0.7070294618606567
train/0002/ex03_default_00205,0.0016081371577456594,0.20839020609855652,0.790001630783081
train/0002/ex03_laughing_00003,0.22185511887073517,0.6437991261482239,0.13434575498104095
train/0002/ex03_enunciated_00315,0.11334516108036041,0.8000823855400085,0.08657242357730865
train/0002/ex03_default_emphasis_00020,0.08853483945131302,0.8693094253540039,0.04215579852461815
train/0002/ex03_enunciated_00018,0.5555323958396912,0.4179226756095886,0.02654491737484932
train/0002/ex03_default_00107,0.0028173578903079033,0.5884023308753967,0.4087803065776825
train/0002/ex03_laughing_00301,0.04741191118955612,0.7898647785186768,0.1627233326435089
train/0002/ex03_confused_00061,0.3496197760105133,0.6074638366699219,0.04291635379195213
train/0002/ex03_sad_00177,0.013847141526639462,0.8432231545448303,0.1429297775030136
train/0002/ex03_happy_00075,0.31467393040657043,0.5775675773620605,0.10775844007730484
train/0002/ex03_enunciated_00017,0.06625374406576157,0.8933035135269165,0.040442727506160736
train/0002/ex03_default_00252,0.1564430594444275,0.801332950592041,0.042224012315273285
train/0002/ex03_enunciated_00297,0.34483858942985535,0.6080770492553711,0.047084346413612366
train/0002/ex03_confused_00334,0.06802061945199966,0.6150116920471191,0.31696778535842896
train/0002/ex03_laughing_00054,0.03691314533352852,0.22859016060829163,0.7344967722892761
train/0002/ex03_confused_00039,0.1305181235074997,0.8294515013694763,0.04003039747476578
train/0002/ex03_sad_00222,0.922201931476593,0.06875699758529663,0.009041027165949345
train/0002/ex03_happy_00320,0.07358518987894058,0.8892791867256165,0.03713560849428177
train/0002/ex03_default_emphasis_00077,0.08429457992315292,0.8326442837715149,0.08306121826171875
train/0002/ex03_enunciated_00342,0.03600116819143295,0.935030460357666,0.02896833047270775
train/0002/ex03_laughing_00181,0.02202427014708519,0.8415306210517883,0.1364450603723526
train/0002/ex03_enunciated_00298,0.0891716331243515,0.8508321642875671,0.059996169060468674
train/0002/ex03_sad_00120,0.1626933366060257,0.8161346316337585,0.021172020584344864
train/0002/ex03_default_00150,0.3692498207092285,0.6108438372612,0.019906334578990936
train/0002/ex03_enunciated_00195,0.010009772144258022,0.20611141622066498,0.783878743648529
train/0002/ex03_confused_00036,0.01103247981518507,0.880673885345459,0.10829358547925949
train/0002/ex03_enunciated_00040,0.08138782531023026,0.8076333999633789,0.11097879707813263
train/0002/ex03_default_00085,0.12588682770729065,0.8467499017715454,0.027363205328583717
train/0002/ex03_laughing_00283,0.0027477890253067017,0.022368919104337692,0.9748832583427429
train/0002/ex03_happy_00022,0.00669866893440485,0.4185035228729248,0.5747978091239929
train/0002/ex03_default_emphasis_00078,0.08429457992315292,0.8326442837715149,0.08306121826171875
train/0002/ex03_enunciated_00271,0.09719126671552658,0.37061023712158203,0.5321984887123108
train/0002/ex03_default_emphasis_00144,0.06901925057172775,0.8526607155799866,0.07832009345293045
train/0002/ex03_happy_00213,0.012239496223628521,0.17260998487472534,0.8151504993438721
train/0002/ex03_whisper_00256,0.4122958481311798,0.5508190393447876,0.03688511252403259
train/0002/ex03_sad_00311,0.08673439174890518,0.8829222321510315,0.030343374237418175
train/0002/ex03_confused_00207,0.006683720275759697,0.9497421383857727,0.04357415437698364
train/0002/ex03_laughing_00167,0.011023887433111668,0.8084061145782471,0.18057000637054443
train/0002/ex03_default_emphasis_00091,0.46396568417549133,0.5248507261276245,0.011183539405465126
train/0002/ex03_happy_00111,0.5540618896484375,0.43421879410743713,0.01171928271651268
train/0002/ex03_enunciated_00173,0.5878153443336487,0.35178104043006897,0.06040366366505623
train/0002/ex03_default_00063,0.031588345766067505,0.6092475056648254,0.3591640889644623
train/0002/ex03_confused_00105,0.002734140492975712,0.45144012570381165,0.545825719833374
train/0002/ex03_laughing_00265,0.5591064691543579,0.4112805426120758,0.029612934216856956
train/0002/ex03_whisper_00259,0.04694460332393646,0.607232391834259,0.3458229601383209
train/0002/ex03_laughing_00168,0.24593503773212433,0.706681489944458,0.04738346487283707
train/0002/ex03_confused_00208,0.024713430553674698,0.701988697052002,0.27329787611961365
train/0002/ex03_sad_00013,0.02625933848321438,0.6107569932937622,0.36298370361328125
train/0002/ex03_whisper_00113,0.07813523709774017,0.8716291785240173,0.050235554575920105
train/0002/ex03_happy_00083,0.6848950982093811,0.28072836995124817,0.03437656909227371
train/0002/ex03_sad_00054,0.03691314533352852,0.22859016060829163,0.7344967722892761
train/0002/ex03_default_00329,0.7405450344085693,0.2504942715167999,0.008960752747952938
train/0002/ex03_default_00024,0.004856337793171406,0.7712386250495911,0.22390511631965637
train/0002/ex03_confused_00142,0.013347205705940723,0.4341152012348175,0.5525375604629517
train/0002/ex03_laughing_00222,0.922201931476593,0.06875699758529663,0.009041027165949345
train/0002/ex03_enunciated_00134,0.0702761635184288,0.8772693276405334,0.05245456472039223
train/0002/ex03_confused_00097,0.07340764254331589,0.9005624055862427,0.02602989785373211
train/0002/ex03_sad_00181,0.02202427014708519,0.8415306210517883,0.1364450603723526
train/0002/ex03_enunciated_00239,0.04655146598815918,0.9106012582778931,0.04284720867872238
train/0002/ex03_happy_00156,0.12473248690366745,0.6141887903213501,0.26107874512672424
train/0002/ex03_default_00326,0.009964453987777233,0.4887513816356659,0.5012841820716858
train/0002/ex03_confused_00240,0.3820362985134125,0.6048412322998047,0.013122444041073322
train/0002/ex03_laughing_00120,0.1626933366060257,0.8161346316337585,0.021172020584344864
train/0002/ex03_default_essentials_00020,0.03927052766084671,0.40309637784957886,0.557633101940155
train/0002/ex03_whisper_00211,0.025630880147218704,0.9200195074081421,0.05434960126876831
train/0002/ex03_confused_00098,0.11848126351833344,0.8181746602058411,0.06334409862756729
train/0002/ex03_sad_00283,0.0027477890253067017,0.022368919104337692,0.9748832583427429
train/0002/ex03_happy_00254,0.050841379910707474,0.9093477129936218,0.039810843765735626
train/0002/ex03_happy_00159,0.3254769742488861,0.6442387700080872,0.030284276232123375
train/0002/ex03_enunciated_00236,0.07085045427083969,0.21308884024620056,0.7160606980323792
train/0002/ex03_default_emphasis_00103,0.020778663456439972,0.8278183937072754,0.1514030396938324
train/0002/ex03_happy_00065,0.08341341465711594,0.8865395188331604,0.030047094449400902
train/0002/ex03_enunciated_00007,0.8549458384513855,0.12841327488422394,0.016640879213809967
train/0002/ex03_default_00117,0.0023263294715434313,0.4297848641872406,0.5678887963294983
train/0002/ex03_confused_00071,0.04624089226126671,0.6739122867584229,0.2798469066619873
train/0002/ex03_laughing_00311,0.08673439174890518,0.8829222321510315,0.030343374237418175
train/0002/ex03_sad_00167,0.011023887433111668,0.8084061145782471,0.18057000637054443
train/0002/ex03_default_emphasis_00030,0.009311447851359844,0.8092210292816162,0.18146748840808868
train/0002/ex03_enunciated_00305,0.006732316222041845,0.09526332467794418,0.8980043530464172
train/0002/ex03_enunciated_00008,0.2565094232559204,0.7042161822319031,0.03927433118224144
train/0002/ex03_default_00118,0.19820863008499146,0.7192618250846863,0.08252953737974167
train/0002/ex03_sad_00265,0.5591064691543579,0.4112805426120758,0.029612934216856956
train/0002/ex03_whisper_00322,0.12925660610198975,0.38423100113868713,0.4865123927593231
train/0002/ex03_default_00215,0.09553554654121399,0.8664426207542419,0.03802189975976944
train/0002/ex03_sad_00168,0.24593503773212433,0.706681489944458,0.04738346487283707
train/0002/ex03_laughing_00013,0.02625933848321438,0.6107569932937622,0.36298370361328125
train/0002/ex03_default_00095,0.1707943081855774,0.8006744980812073,0.0285311471670866
train/0002/ex03_enunciated_00050,0.26238957047462463,0.7016577124595642,0.03595268726348877
train/0002/ex03_laughing_00293,0.022850198671221733,0.9084281325340271,0.0687217116355896
train/0002/ex03_default_emphasis_00068,0.08946306258440018,0.8610268831253052,0.049510058015584946
train/0002/ex03_happy_00032,0.5474311113357544,0.42558878660202026,0.02698008343577385
train/0002/ex03_sad_00130,0.039741817861795425,0.7045941352844238,0.25566405057907104
train/0002/ex03_enunciated_00288,0.012361902743577957,0.35492146015167236,0.6327166557312012
train/0002/ex03_enunciated_00185,0.008594511076807976,0.2811390161514282,0.7102664709091187
train/0002/ex03_default_00140,0.20574232935905457,0.7700877785682678,0.024169854819774628
train/0002/ex03_confused_00026,0.09946797043085098,0.851886510848999,0.04864555224776268
train/0002/ex03_happy_00330,0.6897934079170227,0.28113898634910583,0.02906760945916176
train/0002/ex03_laughing_00191,0.15745918452739716,0.7789886593818665,0.0635521337389946
train/0002/ex03_default_emphasis_00067,0.08946306258440018,0.8610268831253052,0.049510058015584946
train/0002/ex03_enunciated_00287,0.2511812448501587,0.7225874662399292,0.026231326162815094
train/0002/ex03_default_00242,0.032693494111299515,0.7399571537971497,0.22734929621219635
train/0002/ex03_laughing_00044,0.10667270421981812,0.7936679124832153,0.09965941309928894
train/0002/ex03_confused_00324,0.7064406275749207,0.2516912817955017,0.04186813533306122
train/0002/ex03_confused_00029,0.23274880647659302,0.7374846339225769,0.02976655215024948
train/0002/ex03_sad_00232,0.044629182666540146,0.2225862592458725,0.7327845096588135
train/0002/ex03_whisper_00249,0.001409041928127408,0.029685065150260925,0.9689059257507324
train/0002/ex03_default_00073,0.020436996594071388,0.875901997089386,0.10366109013557434
train/0002/ex03_laughing_00275,0.4056660234928131,0.5611567497253418,0.03317714482545853
train/0002/ex03_confused_00115,0.4942905008792877,0.47245797514915466,0.03325152397155762
train/0002/ex03_confused_00218,0.17432940006256104,0.748207151889801,0.07746344059705734
train/0002/ex03_laughing_00178,0.01341109350323677,0.27955949306488037,0.7070294618606567
train/0002/ex03_sad_00003,0.22185511887073517,0.6437991261482239,0.13434575498104095
train/0002/ex03_happy_00101,0.0771988034248352,0.7054319977760315,0.21736913919448853
train/0002/ex03_whisper_00091,0.024219220504164696,0.9387019872665405,0.03707881271839142
train/0002/ex03_enunciated_00163,0.6026853919029236,0.3441968560218811,0.053117748349905014
train/0002/ex03_sad_00301,0.04741191118955612,0.7898647785186768,0.1627233326435089
train/0002/ex03_whisper_00246,0.1059250682592392,0.7717429399490356,0.12233194708824158
train/0002/ex03_default_emphasis_00081,0.023155616596341133,0.872425377368927,0.10441894829273224
train/0002/ex03_laughing_00177,0.013847141526639462,0.8432231545448303,0.1429297775030136
train/0002/ex03_confused_00217,0.0028713825158774853,0.017333315685391426,0.9797953367233276
train/0002/ex03_default_emphasis_00154,0.13231971859931946,0.8386496305465698,0.02903072163462639
train/0002/ex03_enunciated_00261,0.4079611003398895,0.5801420211791992,0.011896882206201553
train/0002/ex03_happy_00203,0.6426599621772766,0.32823431491851807,0.02910575084388256
train/0002/ex03_default_emphasis_00018,0.31531596183776855,0.6381303071975708,0.04655376449227333
train/0002/ex03_happy_00042,0.10085365921258926,0.8225803971290588,0.07656604796648026
train/0002/ex03_sad_00095,0.1707943081855774,0.8006744980812073,0.0285311471670866
train/0002/ex03_confused_00183,0.0034860067535191774,0.23475070297718048,0.7617632746696472
train/0002/ex03_enunciated_00020,0.0011593588860705495,0.014060087502002716,0.9847805500030518
train/0002/ex03_laughing_00336,0.13553200662136078,0.5063952803611755,0.3580727279186249
train/0002/ex03_confused_00056,0.7697471976280212,0.21545948088169098,0.014793355949223042
train/0002/ex03_default_00130,0.039741817861795425,0.7045941352844238,0.25566405057907104
train/0002/ex03_whisper_00007,0.8549458384513855,0.12841327488422394,0.016640879213809967
train/0002/ex03_sad_00140,0.20574232935905457,0.7700877785682678,0.024169854819774628
train/0002/ex03_happy_00197,0.11034850031137466,0.8252683281898499,0.06438321620225906
train/0002/ex03_confused_00281,0.021632298827171326,0.8941038250923157,0.08426389843225479
train/0002/ex03_enunciated_00322,0.12925660610198975,0.38423100113868713,0.4865123927593231
train/0002/ex03_default_emphasis_00017,0.31531596183776855,0.6381303071975708,0.04655376449227333
train/0002/ex03_sad_00242,0.032693494111299515,0.7399571537971497,0.22734929621219635
train/0002/ex03_happy_00295,0.12646470963954926,0.583471953868866,0.29006338119506836
train/0002/ex03_confused_00059,0.24895760416984558,0.5422146320343018,0.20882770419120789
train/0002/ex03_laughing_00034,0.025228610262274742,0.3684001863002777,0.6063711643218994
train/0002/ex03_happy_00198,0.035956140607595444,0.26075729727745056,0.7032865881919861
train/0002/ex03_default_00232,0.044629182666540146,0.2225862592458725,0.7327845096588135
train/0002/ex03_whisper_00008,0.2565094232559204,0.7042161822319031,0.03927433118224144
train/0002/ex03_sad_00073,0.018713565543293953,0.8960459232330322,0.08524052053689957
train/0002/ex03_confused_00268,0.04196780174970627,0.7517796158790588,0.2062525600194931
train/0002/ex03_laughing_00108,0.02756648138165474,0.8334192633628845,0.13901422917842865
train/0002/ex03_default_essentials_00008,0.0778249055147171,0.7575403451919556,0.16463471949100494
train/0002/ex03_laughing_00205,0.0016081371577456594,0.20839020609855652,0.790001630783081
train/0002/ex03_confused_00165,0.3229769170284271,0.6224579811096191,0.054565053433179855
train/0002/ex03_default_00003,0.22185511887073517,0.6437991261482239,0.13434575498104095
train/0002/ex03_enunciated_00113,0.07813523709774017,0.8716291785240173,0.050235554575920105
train/0002/ex03_happy_00171,0.14002563059329987,0.820054829120636,0.03991952911019325
train/0002/ex03_laughing_00107,0.0028173578903079033,0.5884023308753967,0.4087803065776825
train/0002/ex03_confused_00267,0.025112159550189972,0.8432343006134033,0.1316535323858261
train/0002/ex03_default_00301,0.04741191118955612,0.7898647785186768,0.1627233326435089
train/0002/ex03_whisper_00236,0.07085045427083969,0.21308884024620056,0.7160606980323792
train/0002/ex03_default_essentials_00007,0.029526421800255775,0.4795122444629669,0.49096131324768066
train/0002/ex03_happy_00273,0.2560255825519562,0.6696365475654602,0.07433787733316422
train/0002/ex03_default_emphasis_00124,0.034462496638298035,0.3405216634273529,0.6250158548355103
train/0002/ex03_enunciated_00211,0.025630880147218704,0.9200195074081421,0.05434960126876831
train/0002/ex03_confused_00132,0.3829099237918854,0.5948285460472107,0.022261494770646095
train/0002/ex03_laughing_00252,0.1564430594444275,0.801332950592041,0.042224012315273285
train/0002/ex03_default_00054,0.03691314533352852,0.22859016060829163,0.7344967722892761
train/0002/ex03_sad_00329,0.7405450344085693,0.2504942715167999,0.008960752747952938
train/0002/ex03_enunciated_00091,0.024219220504164696,0.9387019872665405,0.03707881271839142
train/0002/ex03_whisper_00163,0.6026853919029236,0.3441968560218811,0.053117748349905014
train/0002/ex03_sad_00024,0.004856337793171406,0.7712386250495911,0.22390511631965637
train/0002/ex03_happy_00126,0.9107219576835632,0.08194239437580109,0.007335630711168051
train/0002/ex03_enunciated_00249,0.001409041928127408,0.029685065150260925,0.9689059257507324
train/0002/ex03_enunciated_00144,0.001534031704068184,0.018481232225894928,0.9799847602844238
train/0002/ex03_default_00181,0.02202427014708519,0.8415306210517883,0.1364450603723526
train/0002/ex03_whisper_00261,0.4079611003398895,0.5801420211791992,0.011896882206201553
train/0002/ex03_sad_00326,0.009964453987777233,0.4887513816356659,0.5012841820716858
train/0002/ex03_confused_00230,0.0021287724375724792,0.027704542502760887,0.9701666235923767
train/0002/ex03_laughing_00150,0.3692498207092285,0.6108438372612,0.019906334578990936
train/0002/ex03_laughing_00085,0.12588682770729065,0.8467499017715454,0.027363205328583717
train/0002/ex03_enunciated_00246,0.1059250682592392,0.7717429399490356,0.12233194708824158
train/0002/ex03_happy_00129,0.001598811475560069,0.16394974291324615,0.8344513773918152
train/0002/ex03_default_00283,0.0027477890253067017,0.022368919104337692,0.9748832583427429
train/0002/ex03_happy_00224,0.01938999444246292,0.7528833746910095,0.22772656381130219
train/0002/ex03_happy_00318,0.1492311954498291,0.6812230348587036,0.16954578459262848
train/0002/ex03_enunciated_00077,0.5482242703437805,0.38212570548057556,0.06965003907680511
train/0002/ex03_happy_00015,0.5461531281471252,0.43461084365844727,0.019236072897911072
train/0002/ex03_whisper_00185,0.008594511076807976,0.2811390161514282,0.7102664709091187
train/0002/ex03_sad_00117,0.0023263294715434313,0.4297848641872406,0.5678887963294983
train/0002/ex03_confused_00001,0.41047507524490356,0.5164309740066528,0.07309392839670181
train/0002/ex03_default_00167,0.011023887433111668,0.8084061145782471,0.18057000637054443
train/0002/ex03_enunciated_00078,0.38885319232940674,0.5822727680206299,0.028873976320028305
train/0002/ex03_happy_00317,0.21871741116046906,0.7395622730255127,0.04172039031982422
train/0002/ex03_whisper_00287,0.2511812448501587,0.7225874662399292,0.026231326162815094
train/0002/ex03_default_emphasis_00040,0.6929826736450195,0.2875232398509979,0.019494153559207916
train/0002/ex03_confused_00303,0.23569822311401367,0.7394405007362366,0.02486128732562065
train/0002/ex03_laughing_00063,0.031588345766067505,0.6092475056648254,0.3591640889644623
train/0002/ex03_sad_00118,0.19820863008499146,0.7192618250846863,0.08252953737974167
train/0002/ex03_default_00265,0.5591064691543579,0.4112805426120758,0.029612934216856956
train/0002/ex03_sad_00215,0.09553554654121399,0.8664426207542419,0.03802189975976944
train/0002/ex03_default_00168,0.24593503773212433,0.706681489944458,0.04738346487283707
train/0002/ex03_happy_00285,0.6451245546340942,0.33513909578323364,0.01973631978034973
train/0002/ex03_sad_00252,0.1564430594444275,0.801332950592041,0.042224012315273285
train/0002/ex03_laughing_00329,0.7405450344085693,0.2504942715167999,0.008960752747952938
train/0002/ex03_confused_00049,0.0027125354390591383,0.2769797444343567,0.7203077077865601
train/0002/ex03_whisper_00018,0.5555323958396912,0.4179226756095886,0.02654491737484932
train/0002/ex03_laughing_00024,0.004856337793171406,0.7712386250495911,0.22390511631965637
train/0002/ex03_default_00222,0.922201931476593,0.06875699758529663,0.009041027165949345
train/0002/ex03_happy_00188,0.043911658227443695,0.9120472073554993,0.044041093438863754
train/0002/ex03_default_emphasis_00007,0.8349905610084534,0.14463824033737183,0.02037125639617443
train/0002/ex03_confused_00291,0.007582052610814571,0.16026708483695984,0.8321508169174194
train/0002/ex03_enunciated_00332,0.0015072087990120053,0.037878476083278656,0.9606143236160278
train/0002/ex03_confused_00046,0.9208309650421143,0.06938870251178741,0.00978035293519497
train/0002/ex03_laughing_00326,0.009964453987777233,0.4887513816356659,0.5012841820716858
train/0002/ex03_default_00120,0.1626933366060257,0.8161346316337585,0.021172020584344864
train/0002/ex03_happy_00187,0.03032507933676243,0.4252912700176239,0.5443836450576782
train/0002/ex03_sad_00150,0.3692498207092285,0.6108438372612,0.019906334578990936
train/0002/ex03_whisper_00017,0.06625374406576157,0.8933035135269165,0.040442727506160736
train/0002/ex03_sad_00085,0.12588682770729065,0.8467499017715454,0.027363205328583717
train/0002/ex03_happy_00052,0.11833438277244568,0.8370471000671387,0.044618479907512665
train/0002/ex03_default_emphasis_00008,0.8349905610084534,0.14463824033737183,0.02037125639617443
train/0002/ex03_confused_00193,0.19778452813625336,0.7514957189559937,0.0507197231054306
train/0002/ex03_enunciated_00030,0.023933345451951027,0.8821010589599609,0.09396567940711975
train/0002/ex03_happy_00263,0.11177604645490646,0.8154468536376953,0.07277708500623703
train/0002/ex03_enunciated_00201,0.02359635941684246,0.40671783685684204,0.5696858167648315
train/0002/ex03_default_emphasis_00134,0.020874377340078354,0.9291663765907288,0.04995926842093468
train/0002/ex03_confused_00277,0.03955380618572235,0.9299746751785278,0.030471481382846832
train/0002/ex03_laughing_00117,0.0023263294715434313,0.4297848641872406,0.5678887963294983
train/0002/ex03_default_00311,0.08673439174890518,0.8829222321510315,0.030343374237418175
train/0002/ex03_default_essentials_00017,0.2475205361843109,0.55415278673172,0.19832667708396912
train/0002/ex03_whisper_00226,0.0012665610993281007,0.22329966723918915,0.7754337787628174
train/0002/ex03_enunciated_00103,0.3853166997432709,0.5857755541801453,0.028907721862196922
train/0002/ex03_happy_00161,0.0021052155643701553,0.019658217206597328,0.9782364964485168
train/0002/ex03_whisper_00124,0.3695252239704132,0.5886554718017578,0.041819363832473755
train/0002/ex03_sad_00063,0.031588345766067505,0.6092475056648254,0.3591640889644623
train/0002/ex03_laughing_00118,0.19820863008499146,0.7192618250846863,0.08252953737974167
train/0002/ex03_confused_00278,0.04604513570666313,0.5824355483055115,0.3715193271636963
train/0002/ex03_confused_00175,0.07980688661336899,0.8734585642814636,0.04673454910516739
train/0002/ex03_laughing_00215,0.09553554654121399,0.8664426207542419,0.03802189975976944
train/0002/ex03_default_00013,0.02625933848321438,0.6107569932937622,0.36298370361328125
train/0002/ex03_whisper_00229,0.04391935467720032,0.9225332736968994,0.03354745730757713
train/0002/ex03_default_essentials_00018,0.019318217411637306,0.30373623967170715,0.6769455671310425
train/0002/ex03_laughing_00095,0.1614694744348526,0.8117594122886658,0.026771167293190956
train/0002/ex03_default_00293,0.022850198671221733,0.9084281325340271,0.0687217116355896
train/0002/ex03_happy_00139,0.17163386940956116,0.7770972847938538,0.05126886069774628
train/0002/ex03_enunciated_00256,0.4122958481311798,0.5508190393447876,0.03688511252403259
train/0002/ex03_happy_00234,0.5880539417266846,0.3390420377254486,0.07290400564670563
train/0002/ex03_sad_00336,0.13553200662136078,0.5063952803611755,0.3580727279186249
train/0002/ex03_whisper_00271,0.09719126671552658,0.37061023712158203,0.5321984887123108
train/0002/ex03_laughing_00140,0.20574232935905457,0.7700877785682678,0.024169854819774628
train/0002/ex03_confused_00220,0.47948670387268066,0.49583399295806885,0.024679305031895638
train/0002/ex03_enunciated_00259,0.04694460332393646,0.607232391834259,0.3458229601383209
train/0002/ex03_happy_00136,0.510238528251648,0.4369329512119293,0.05282846465706825
train/0002/ex03_default_00191,0.15745918452739716,0.7789886593818665,0.0635521337389946
train/0002/ex03_enunciated_00154,0.08046483248472214,0.8839833736419678,0.03555179759860039
train/0002/ex03_laughing_00242,0.032693494111299515,0.7399571537971497,0.22734929621219635
train/0002/ex03_confused_00122,0.8040345907211304,0.1851336508989334,0.010831710882484913
train/0002/ex03_enunciated_00081,0.11236665397882462,0.8491691946983337,0.038464177399873734
train/0002/ex03_sad_00339,0.002632297808304429,0.007691065780818462,0.9896766543388367
train/0002/ex03_default_00044,0.10667270421981812,0.7936679124832153,0.09965941309928894
train/0002/ex03_sad_00034,0.025228610262274742,0.3684001863002777,0.6063711643218994
train/0002/ex03_whisper_00173,0.5878153443336487,0.35178104043006897,0.06040366366505623
train/0002/ex03_laughing_00073,0.020436996594071388,0.875901997089386,0.10366109013557434
train/0002/ex03_confused_00313,0.012271998450160027,0.693864107131958,0.2938638925552368
train/0002/ex03_default_00275,0.4056660234928131,0.5611567497253418,0.03317714482545853
train/0002/ex03_sad_00108,0.02756648138165474,0.8334192633628845,0.13901422917842865
train/0002/ex03_default_00178,0.01341109350323677,0.27955949306488037,0.7070294618606567
train/0002/ex03_sad_00205,0.0016081371577456594,0.20839020609855652,0.790001630783081
train/0002/ex03_whisper_00297,0.34483858942985535,0.6080770492553711,0.047084346413612366
train/0002/ex03_happy_00307,0.029606733471155167,0.9272629022598267,0.04313042759895325
train/0002/ex03_enunciated_00068,0.0056163240224123,0.47019273042678833,0.5241909027099609
train/0002/ex03_default_emphasis_00050,0.04468772932887077,0.9085017442703247,0.0468105673789978
train/0002/ex03_whisper_00040,0.08138782531023026,0.8076333999633789,0.11097879707813263
train/0002/ex03_sad_00107,0.0028173578903079033,0.5884023308753967,0.4087803065776825
train/0002/ex03_confused_00011,0.44703614711761475,0.5320015549659729,0.020962299779057503
train/0002/ex03_default_00177,0.013847141526639462,0.8432231545448303,0.1429297775030136
train/0002/ex03_enunciated_00067,0.31287503242492676,0.5787967443466187,0.1083281859755516
train/0002/ex03_happy_00308,0.39725589752197266,0.5839542746543884,0.018789885565638542
train/0002/ex03_happy_00005,0.4856659173965454,0.4515913724899292,0.06274272501468658
train/0002/ex03_default_essentials_00027,0.1317422091960907,0.6852664351463318,0.1829913705587387
train/0002/ex03_default_00321,0.0019263153662905097,0.012020827271044254,0.9860528707504272
train/0002/ex03_laughing_00127,0.4211702048778534,0.544161856174469,0.034667909145355225
train/0002/ex03_confused_00247,0.6185071468353271,0.2976781725883484,0.08381471782922745
train/0002/ex03_default_emphasis_00104,0.08821946382522583,0.8826375007629395,0.029143070802092552
train/0002/ex03_sad_00189,0.01567363180220127,0.9193049669265747,0.06502138823270798
train/0002/ex03_enunciated_00231,0.19631467759609222,0.7583743929862976,0.04531090706586838
train/0002/ex03_happy_00253,0.0015367695596069098,0.3452049791812897,0.6532582640647888
train/0002/ex03_sad_00284,0.15620289742946625,0.8153995275497437,0.02839750237762928
train/0002/ex03_default_essentials_00028,0.7368941903114319,0.24266716837882996,0.020438607782125473
train/0002/ex03_default_00023,0.00822991132736206,0.332843154668808,0.6589269638061523
train/0002/ex03_laughing_00225,0.6084965467453003,0.36872023344039917,0.02278320863842964
train/0002/ex03_confused_00145,0.010807047598063946,0.938178539276123,0.05101434886455536
train/0002/ex03_confused_00248,0.278873473405838,0.6496486663818359,0.07147788256406784
train/0002/ex03_laughing_00128,0.0052640256471931934,0.7760503888130188,0.21868552267551422
train/0002/ex03_sad_00053,0.0014086577575653791,0.02927495539188385,0.9693163633346558
train/0002/ex03_happy_00084,0.011371379718184471,0.12799397110939026,0.8606346845626831
train/0002/ex03_whisper_00114,0.09886956959962845,0.8812562823295593,0.019874118268489838
train/0002/ex03_happy_00151,0.0681939497590065,0.8729900121688843,0.05881606414914131
train/0002/ex03_sad_00186,0.02637048438191414,0.9067176580429077,0.06691179424524307
train/0002/ex03_enunciated_00133,0.035654082894325256,0.9214697480201721,0.042876213788986206
train/0002/ex03_confused_00090,0.6397046446800232,0.3464771807193756,0.013818218372762203
train/0002/ex03_enunciated_00302,0.2370118796825409,0.7092816233634949,0.05370645597577095
train/0002/ex03_default_emphasis_00037,0.6929826736450195,0.2875232398509979,0.019494153559207916
train/0002/ex03_default_00212,0.09456082433462143,0.804656445980072,0.10078273713588715
train/0002/ex03_laughing_00014,0.047047220170497894,0.9068440198898315,0.04610885679721832
train/0002/ex03_whisper_00028,0.07437866926193237,0.8821573257446289,0.0434640608727932
train/0002/ex03_whisper_00325,0.9073910713195801,0.08737127482891083,0.005237671546638012
train/0002/ex03_confused_00079,0.6489973664283752,0.3337467610836029,0.01725592464208603
train/0002/ex03_laughing_00319,0.05311966687440872,0.6859742999076843,0.26090601086616516
train/0002/ex03_sad_00262,0.02445114776492119,0.8543116450309753,0.12123726308345795
train/0002/ex03_default_emphasis_00038,0.6929826736450195,0.2875232398509979,0.019494153559207916
train/0002/ex03_happy_00062,0.007254440803080797,0.17706871032714844,0.8156768083572388
train/0002/ex03_sad_00160,0.01885116659104824,0.811291515827179,0.16985732316970825
train/0002/ex03_default_00110,0.10611578077077866,0.6280891299247742,0.2657950818538666
train/0002/ex03_laughing_00316,0.5597238540649414,0.4245297908782959,0.015746407210826874
train/0002/ex03_confused_00076,0.6248221397399902,0.3652366101741791,0.009941217489540577
train/0002/ex03_default_emphasis_00060,0.024960137903690338,0.9057332873344421,0.06930658221244812
train/0002/ex03_laughing_00196,0.9650911688804626,0.03223751485347748,0.0026712981052696705
train/0002/ex03_enunciated_00058,0.2839374244213104,0.6505696177482605,0.06549297273159027
train/0002/ex03_default_00148,0.02500932477414608,0.9096349477767944,0.06535566598176956
train/0002/ex03_sad_00235,0.16389474272727966,0.8082646131515503,0.027840685099363327
train/0002/ex03_default_00245,0.6532114148139954,0.32641345262527466,0.020375143736600876
train/0002/ex03_sad_00138,0.7870345115661621,0.17972296476364136,0.0332426093518734
train/0002/ex03_enunciated_00280,0.21525835990905762,0.5810603499412537,0.20368124544620514
train/0002/ex03_confused_00323,0.1642943024635315,0.7938702702522278,0.04183539003133774
train/0002/ex03_laughing_00043,0.00873015820980072,0.1815658062696457,0.8097040057182312
train/0002/ex03_laughing_00199,0.05458306148648262,0.679976761341095,0.2654402256011963
train/0002/ex03_happy_00035,0.9239354729652405,0.0697796642780304,0.006284944247454405
train/0002/ex03_enunciated_00057,0.020879672840237617,0.8553819060325623,0.12373839318752289
train/0002/ex03_default_00092,0.3099834620952606,0.5777361392974854,0.11228037625551224
train/0002/ex03_laughing_00294,0.08097251504659653,0.8824989795684814,0.03652850538492203
train/0002/ex03_default_00147,0.07794373482465744,0.8883915543556213,0.03366466984152794
train/0002/ex03_enunciated_00182,0.4117201864719391,0.5456644892692566,0.042615342885255814
train/0002/ex03_confused_00021,0.14573270082473755,0.7526432275772095,0.10162409394979477
train/0002/ex03_sad_00137,0.009667238220572472,0.20265771448612213,0.7876750826835632
train/0002/ex03_confused_00210,0.24513563513755798,0.7118697762489319,0.04299454391002655
train/0002/ex03_laughing_00170,0.33066901564598083,0.5527677536010742,0.11656318604946136
train/0002/ex03_default_emphasis_00086,0.4340028464794159,0.4847894608974457,0.08120765537023544
train/0002/ex03_sad_00306,0.047504059970378876,0.7264012098312378,0.2260947972536087
train/0002/ex03_happy_00204,0.029645536094903946,0.8657757043838501,0.10457878559827805
train/0002/ex03_happy_00109,0.11221916228532791,0.7507390379905701,0.137041836977005
train/0002/ex03_enunciated_00266,0.02759436145424843,0.8957851529121399,0.07662054151296616
train/0002/ex03_default_emphasis_00153,0.13231971859931946,0.8386496305465698,0.02903072163462639
train/0002/ex03_default_emphasis_00089,0.032290488481521606,0.8605702519416809,0.10713930428028107
train/0002/ex03_sad_00004,0.2309294193983078,0.6730603575706482,0.096010223031044
train/0002/ex03_sad_00309,0.01003265380859375,0.3061969578266144,0.6837704181671143
train/0002/ex03_default_00074,0.8406140804290771,0.15046846866607666,0.008917510509490967
train/0002/ex03_confused_00112,0.11436060816049576,0.4420100152492523,0.4436294138431549
train/0002/ex03_laughing_00272,0.10255767405033112,0.8177222609519958,0.07972005754709244
train/0002/ex03_enunciated_00164,0.09020794183015823,0.48451757431030273,0.42527440190315247
train/0002/ex03_whisper_00096,0.32731327414512634,0.6542685627937317,0.018418192863464355
train/0002/ex03_enunciated_00269,0.13952328264713287,0.8343697190284729,0.026106948032975197
train/0002/ex03_happy_00106,0.0029570888727903366,0.03608274832367897,0.9609602093696594
train/0002/ex03_sad_00196,0.9650911688804626,0.03223751485347748,0.0026712981052696705
train/0002/ex03_happy_00141,0.5508073568344116,0.41095995903015137,0.0382327139377594
train/0002/ex03_enunciated_00123,0.26079022884368896,0.629353940486908,0.1098557710647583
train/0002/ex03_confused_00080,0.04489348456263542,0.8308603763580322,0.12424615770578384
train/0002/ex03_default_00033,0.7516540288925171,0.22245611250400543,0.02588990330696106
train/0002/ex03_confused_00155,0.7967516183853149,0.1935429722070694,0.009705480188131332
train/0002/ex03_laughing_00235,0.16389474272727966,0.8082646131515503,0.027840685099363327
train/0002/ex03_laughing_00138,0.7870345115661621,0.17972296476364136,0.0332426093518734
train/0002/ex03_confused_00258,0.036025963723659515,0.8321014046669006,0.13187265396118164
train/0002/ex03_happy_00094,0.14911124110221863,0.7622385025024414,0.08865026384592056
train/0002/ex03_sad_00043,0.00873015820980072,0.1815658062696457,0.8097040057182312
train/0002/ex03_enunciated_00221,0.011816482059657574,0.08620193600654602,0.9019815325737
train/0002/ex03_sad_00199,0.05458306148648262,0.679976761341095,0.2654402256011963
train/0002/ex03_default_emphasis_00114,0.01739361137151718,0.5605636835098267,0.42204272747039795
train/0002/ex03_sad_00294,0.08097251504659653,0.8824989795684814,0.03652850538492203
train/0002/ex03_happy_00243,0.02490665204823017,0.32754865288734436,0.6475446224212646
train/0002/ex03_whisper_00206,0.005895595066249371,0.10696789622306824,0.8871365785598755
train/0002/ex03_sad_00341,0.24302440881729126,0.7357015609741211,0.021274104714393616
train/0002/ex03_confused_00257,0.02204039879143238,0.9334650635719299,0.04449447989463806
train/0002/ex03_laughing_00137,0.009667238220572472,0.20265771448612213,0.7876750826835632
train/0002/ex03_sad_00170,0.33066901564598083,0.5527677536010742,0.11656318604946136
train/0002/ex03_whisper_00037,0.3108370006084442,0.6590176820755005,0.030145294964313507
train/0002/ex03_default_00100,0.11084052175283432,0.6181371808052063,0.27102231979370117
train/0002/ex03_confused_00066,0.006975752767175436,0.3590913414955139,0.6339329481124878
train/0002/ex03_laughing_00306,0.047504059970378876,0.7264012098312378,0.2260947972536087
train/0002/ex03_enunciated_00010,0.09830158948898315,0.835801362991333,0.06589706242084503
train/0002/ex03_happy_00072,0.006934850476682186,0.7147784233093262,0.27828672528266907
train/0002/ex03_default_emphasis_00028,0.009311447851359844,0.8092210292816162,0.18146748840808868
train/0002/ex03_default_00202,0.9232494235038757,0.07316331565380096,0.0035873071756213903
train/0002/ex03_laughing_00004,0.2309294193983078,0.6730603575706482,0.096010223031044
train/0002/ex03_laughing_00309,0.01003265380859375,0.3061969578266144,0.6837704181671143
train/0002/ex03_confused_00069,0.018560370430350304,0.6099322438240051,0.37150734663009644
train/0002/ex03_sad_00272,0.10255767405033112,0.8177222609519958,0.07972005754709244
train/0002/ex03_whisper_00335,0.14650975167751312,0.8103683590888977,0.04312194138765335
train/0002/ex03_default_emphasis_00027,0.535295844078064,0.44936954975128174,0.015334580093622208
train/0002/ex03_enunciated_00312,0.21759195625782013,0.7258803248405457,0.056527670472860336
train/0002/ex03_enunciated_00192,0.030401131138205528,0.8299083113670349,0.1396905481815338
train/0002/ex03_default_00157,0.0011037882650271058,0.07188178598880768,0.9270144104957581
train/0002/ex03_confused_00031,0.002743127988651395,0.061138372868299484,0.9361184239387512
train/0002/ex03_sad_00127,0.4211702048778534,0.544161856174469,0.034667909145355225
train/0002/ex03_laughing_00189,0.01567363180220127,0.9193049669265747,0.06502138823270798
train/0002/ex03_happy_00025,0.17330650985240936,0.7767201662063599,0.049973320215940475
train/0002/ex03_default_00082,0.008069120347499847,0.1351969838142395,0.8567339181900024
train/0002/ex03_happy_00328,0.03134066238999367,0.9167276620864868,0.05193169787526131
train/0002/ex03_enunciated_00047,0.011611181311309338,0.6614776253700256,0.32691118121147156
train/0002/ex03_laughing_00284,0.15620289742946625,0.8153995275497437,0.02839750237762928
train/0002/ex03_sad_00225,0.7295249700546265,0.25692781805992126,0.013547156006097794
train/0002/ex03_default_00158,0.10363586992025375,0.6909939646720886,0.20537015795707703
train/0002/ex03_enunciated_00290,0.2487557977437973,0.7292957305908203,0.02194852940738201
train/0002/ex03_sad_00128,0.0052640256471931934,0.7760503888130188,0.21868552267551422
train/0002/ex03_default_00255,0.08918743580579758,0.8014944195747375,0.10931821167469025
train/0002/ex03_laughing_00053,0.0014086577575653791,0.02927495539188385,0.9693163633346558
train/0002/ex03_confused_00333,0.1982080042362213,0.7230218648910522,0.07877012342214584
train/0002/ex03_enunciated_00345,0.413742333650589,0.5582951307296753,0.02796250209212303
train/0002/ex03_laughing_00186,0.02637048438191414,0.9067176580429077,0.06691179424524307
train/0002/ex03_default_emphasis_00070,0.017341557890176773,0.41903239488601685,0.5636259913444519
train/0002/ex03_enunciated_00048,0.4117082953453064,0.4421383738517761,0.14615339040756226
train/0002/ex03_happy_00327,0.17182432115077972,0.7979517579078674,0.030223991721868515
train/0002/ex03_enunciated_00174,0.013628383167088032,0.3652994930744171,0.6210720539093018
train/0002/ex03_happy_00116,0.10144815593957901,0.8492686152458191,0.04928326979279518
train/0002/ex03_enunciated_00279,0.01563277840614319,0.4759518504142761,0.5084153413772583
train/0002/ex03_sad_00014,0.047047220170497894,0.9068440198898315,0.04610885679721832
train/0002/ex03_default_emphasis_00099,0.020778663456439972,0.8278183937072754,0.1514030396938324
train/0002/ex03_default_00064,0.7158178687095642,0.2636066675186157,0.020575430244207382
train/0002/ex03_sad_00319,0.05311966687440872,0.6859742999076843,0.26090601086616516
train/0002/ex03_laughing_00262,0.02445114776492119,0.8543116450309753,0.12123726308345795
train/0002/ex03_confused_00102,0.3935460150241852,0.5663156509399414,0.040138304233551025
train/0002/ex03_happy_00214,0.09779644012451172,0.8522543907165527,0.04994918778538704
train/0002/ex03_whisper_00089,0.017356708645820618,0.9284401535987854,0.0542030967772007
train/0002/ex03_default_emphasis_00143,0.06901925057172775,0.8526607155799866,0.07832009345293045
train/0002/ex03_enunciated_00276,0.10526762157678604,0.8667259812355042,0.028006358072161674
train/0002/ex03_happy_00119,0.020372776314616203,0.9065691828727722,0.07305806875228882
train/0002/ex03_default_emphasis_00096,0.005230055656284094,0.022437872365117073,0.9723320603370667
train/0002/ex03_laughing_00160,0.01885116659104824,0.811291515827179,0.16985732316970825
train/0002/ex03_confused_00200,0.11201745271682739,0.8234284520149231,0.0645541399717331
train/0002/ex03_sad_00316,0.560306966304779,0.42396098375320435,0.01573207788169384
train/0002/ex03_whisper_00251,0.10210186243057251,0.8716452121734619,0.026252975687384605
train/0001/ex02_sad_00139,0.7986568212509155,0.1821020543575287,0.019241126254200935
train/0001/ex02_default_emphasis_00112,0.08392035961151123,0.8331006765365601,0.08297895640134811
train/0001/ex02_sad_00234,0.03465292602777481,0.39467206597328186,0.5706749558448792
train/0001/ex02_whisper_00313,0.11373380571603775,0.8273743391036987,0.058891840279102325
train/0001/ex02_default_00129,0.6381059885025024,0.34094542264938354,0.02094860188663006
train/0001/ex02_default_00224,0.12465756386518478,0.8521955013275146,0.02314687706530094
train/0001/ex02_confused_00161,0.0067141433246433735,0.14186149835586548,0.8514243364334106
train/0001/ex02_laughing_00201,0.561154842376709,0.4201190173625946,0.018726058304309845
train/0001/ex02_happy_00162,0.17390497028827667,0.7765493988990784,0.049545545130968094
train/0001/ex02_enunciated_00021,0.4880591332912445,0.3932075798511505,0.118733249604702
train/0001/ex02_sad_00136,0.6260532736778259,0.3484460413455963,0.02550067938864231
train/0001/ex02_default_00126,0.5392218828201294,0.44153109192848206,0.019247019663453102
train/0001/ex02_confused_00263,0.14539656043052673,0.8022553324699402,0.052348051220178604
train/0001/ex02_laughing_00103,0.03611838072538376,0.9272733330726624,0.03660830855369568
train/0001/ex02_happy_00260,0.017844924703240395,0.9064688682556152,0.07568621635437012
train/0001/ex02_enunciated_00323,0.0019963174127042294,0.3521174192428589,0.645886242389679
train/0001/ex02_confused_00052,0.07279181480407715,0.7433791756629944,0.18382900953292847
train/0001/ex02_happy_00051,0.20316170156002045,0.7140898108482361,0.08274845778942108
train/0001/ex02_laughing_00332,0.28446438908576965,0.6428090929985046,0.07272647321224213
train/0001/ex02_enunciated_00112,0.016017848625779152,0.5341801643371582,0.4498019814491272
train/0001/ex02_default_00317,0.006251398008316755,0.5241884589195251,0.4695601761341095
train/0001/ex02_sad_00307,0.4624651372432709,0.5029703974723816,0.03456447646021843
train/0001/ex02_happy_00289,0.2201753556728363,0.6889268755912781,0.09089776873588562
train/0001/ex02_happy_00184,0.13795886933803558,0.8410518169403076,0.020989250391721725
train/0001/ex02_default_emphasis_00021,0.1903514564037323,0.7280415892601013,0.0816069170832634
train/0001/ex02_confused_00187,0.008860272355377674,0.15796861052513123,0.8331710696220398
train/0001/ex02_default_00318,0.18251356482505798,0.7827397584915161,0.034746669232845306
train/0001/ex02_whisper_00122,0.2443266361951828,0.7209495306015015,0.03472393378615379
train/0001/ex02_confused_00350,0.37616491317749023,0.6034194231033325,0.02041568234562874
train/0001/ex02_laughing_00030,0.16231688857078552,0.7639966011047363,0.07368643581867218
train/0001/ex02_enunciated_00210,0.0665447935461998,0.6353296041488647,0.29812559485435486
train/0001/ex02_default_00015,0.08871295303106308,0.8622542023658752,0.049032848328351974
train/0001/ex02_happy_00286,0.4407883286476135,0.5399042367935181,0.019307445734739304
train/0001/ex02_confused_00285,0.3464612364768982,0.6230775713920593,0.030461160466074944
train/0001/ex02_sad_00308,0.10019627958536148,0.8132956027984619,0.08650811016559601
train/0001/ex02_sad_00005,0.17033767700195312,0.7737871408462524,0.05587512254714966
train/0001/ex02_confused_00188,0.0018289819126948714,0.12193508446216583,0.8762359619140625
train/0001/ex02_enunciated_00248,0.5692610740661621,0.4082568287849426,0.022482099011540413
train/0001/ex02_whisper_00277,0.6483612060546875,0.33820781111717224,0.013431047089397907
train/0001/ex02_confused_00308,0.10019627958536148,0.8132956027984619,0.08650811016559601
train/0001/ex02_laughing_00068,0.022185517475008965,0.9045368432998657,0.07327758520841599
train/0001/ex02_default_essentials_00029,0.9084070920944214,0.08384046703577042,0.007752460427582264
train/0001/ex02_sad_00285,0.3464612364768982,0.6230775713920593,0.030461160466074944
train/0001/ex02_sad_00188,0.0018289819126948714,0.12193508446216583,0.8762359619140625
train/0001/ex02_default_00340,0.2514195740222931,0.6347768306732178,0.11380361765623093
train/0001/ex02_happy_00006,0.4597949683666229,0.49837765097618103,0.041827406734228134
train/0001/ex02_confused_00005,0.17033767700195312,0.7737871408462524,0.05587512254714966
train/0001/ex02_enunciated_00145,0.0015357345109805465,0.013683389872312546,0.9847809076309204
train/0001/ex02_default_00295,0.009398755617439747,0.3584354817867279,0.6321657299995422
train/0001/ex02_default_emphasis_00076,0.04033110663294792,0.43853190541267395,0.521136999130249
train/0001/ex02_enunciated_00090,0.19032885134220123,0.6835709810256958,0.12610021233558655
train/0001/ex02_default_00198,0.018603326752781868,0.5312939286231995,0.4501028060913086
train/0001/ex02_default_essentials_00026,0.0018986620707437396,0.012442469596862793,0.9856589436531067
train/0001/ex02_default_00042,0.015667757019400597,0.6261875629425049,0.3581446409225464
train/0001/ex02_happy_00304,0.11502022296190262,0.6876197457313538,0.19735999405384064
train/0001/ex02_laughing_00067,0.17903493344783783,0.787692666053772,0.03327232599258423
train/0001/ex02_confused_00307,0.5116080641746521,0.4645235538482666,0.023868421092629433
train/0001/ex02_enunciated_00247,0.858469545841217,0.13465815782546997,0.006872263271361589
train/0001/ex02_happy_00009,0.11498632282018661,0.8568081855773926,0.02820553444325924
train/0001/ex02_sad_00187,0.008860272355377674,0.15796861052513123,0.8331710696220398
train/0001/ex02_default_emphasis_00079,0.04674292355775833,0.8793635964393616,0.0738934725522995
train/0001/ex02_sad_00052,0.022434968501329422,0.6875061392784119,0.2900589108467102
train/0001/ex02_default_00197,0.016059285029768944,0.0466921404004097,0.9372485876083374
train/0001/ex02_sad_00263,0.14539656043052673,0.8022553324699402,0.052348051220178604
train/0001/ex02_default_emphasis_00145,0.3183474838733673,0.6232360005378723,0.05841650441288948
train/0001/ex02_laughing_00256,0.038128577172756195,0.9152526259422302,0.04661879315972328
train/0001/ex02_happy_00135,0.026490621268749237,0.8394830822944641,0.13402624428272247
train/0001/ex02_default_emphasis_00090,0.11707444489002228,0.8140677213668823,0.06885790079832077
train/0001/ex02_confused_00136,0.6260532736778259,0.3484460413455963,0.02550067938864231
train/0001/ex02_whisper_00049,0.47817760705947876,0.5040975213050842,0.01772487536072731
train/0001/ex02_enunciated_00076,0.17224863171577454,0.7959566116333008,0.03179479017853737
train/0001/ex02_default_00273,0.0473785474896431,0.776556670665741,0.17606477439403534
train/0001/ex02_happy_00238,0.1689370572566986,0.6928541660308838,0.13820880651474
train/0001/ex02_laughing_00081,0.4327239990234375,0.544623613357544,0.022652391344308853
train/0001/ex02_sad_00161,0.0067141433246433735,0.14186149835586548,0.8514243364334106
train/0001/ex02_enunciated_00079,0.013951759785413742,0.814670205116272,0.1713780164718628
train/0001/ex02_whisper_00046,0.024594487622380257,0.850300133228302,0.12510541081428528
train/0001/ex02_confused_00139,0.8078486919403076,0.17497937381267548,0.017171941697597504
train/0001/ex02_laughing_00259,0.30416226387023926,0.6727670431137085,0.023070652037858963
train/0001/ex02_laughing_00154,0.037870172411203384,0.8647077083587646,0.09742214530706406
train/0001/ex02_happy_00237,0.0059013464488089085,0.9199484586715698,0.07415013015270233
train/0001/ex02_confused_00234,0.03465292602777481,0.39467206597328186,0.5706749558448792
train/0001/ex02_default_00171,0.015362662263214588,0.9361919164657593,0.048445411026477814
train/0001/ex02_laughing_00113,0.0016251940978690982,0.02126004733145237,0.977114737033844
train/0001/ex02_happy_00270,0.5870163440704346,0.32319873571395874,0.0897848978638649
train/0001/ex02_confused_00273,0.0473785474896431,0.776556670665741,0.17606477439403534
train/0001/ex02_enunciated_00333,0.038076672703027725,0.9223710894584656,0.03955215960741043
train/0001/ex02_default_00136,0.6260532736778259,0.3484460413455963,0.02550067938864231
train/0001/ex02_sad_00126,0.5392218828201294,0.44153109192848206,0.019247019663453102
train/0001/ex02_default_00139,0.8078486919403076,0.17497937381267548,0.017171941697597504
train/0001/ex02_laughing_00211,0.30232325196266174,0.5501759052276611,0.1475008875131607
train/0001/ex02_happy_00172,0.1331103891134262,0.7742996215820312,0.09258994460105896
train/0001/ex02_confused_00171,0.015362662263214588,0.9361919164657593,0.048445411026477814
train/0001/ex02_enunciated_00031,0.4332762360572815,0.546027421951294,0.02069634199142456
train/0001/ex02_default_00234,0.03465292602777481,0.39467206597328186,0.5706749558448792
train/0001/ex02_default_emphasis_00102,0.04696650430560112,0.8856437802314758,0.06738971918821335
train/0001/ex02_sad_00129,0.6381059885025024,0.34094542264938354,0.02094860188663006
train/0001/ex02_sad_00224,0.12465756386518478,0.8521955013275146,0.02314687706530094
train/0001/ex02_sad_00318,0.18251356482505798,0.7827397584915161,0.034746669232845306
train/0001/ex02_confused_00295,0.009398755617439747,0.3584354817867279,0.6321657299995422
train/0001/ex02_happy_00296,0.03529301658272743,0.7136014699935913,0.25110548734664917
train/0001/ex02_confused_00198,0.018603326752781868,0.5312939286231995,0.4501028060913086
train/0001/ex02_sad_00015,0.08871295303106308,0.8622542023658752,0.049032848328351974
train/0001/ex02_whisper_00132,0.02442552149295807,0.8763226270675659,0.09925179183483124
train/0001/ex02_default_00308,0.10019627958536148,0.8132956027984619,0.08650811016559601
train/0001/ex02_default_00005,0.17033767700195312,0.7737871408462524,0.05587512254714966
train/0001/ex02_laughing_00020,0.1748080849647522,0.7000768780708313,0.12511509656906128
train/0001/ex02_confused_00340,0.2514195740222931,0.6347768306732178,0.11380361765623093
train/0001/ex02_enunciated_00200,0.08881431072950363,0.6176020503044128,0.2935836613178253
train/0001/ex02_happy_00299,0.03625519946217537,0.7512585520744324,0.21248625218868256
train/0001/ex02_sad_00317,0.0058144209906458855,0.511629581451416,0.48255598545074463
train/0001/ex02_confused_00197,0.016059285029768944,0.0466921404004097,0.9372485876083374
train/0001/ex02_default_emphasis_00031,0.10971716791391373,0.8120302557945251,0.07825254648923874
train/0001/ex02_happy_00194,0.8213545083999634,0.17280016839504242,0.005845286883413792
train/0001/ex02_default_00307,0.4624651372432709,0.5029703974723816,0.03456447646021843
train/0001/ex02_happy_00041,0.016405485570430756,0.7703282237052917,0.2132662981748581
train/0001/ex02_laughing_00322,0.2970743179321289,0.670404851436615,0.03252082318067551
train/0001/ex02_confused_00042,0.015667757019400597,0.6261875629425049,0.3581446409225464
train/0001/ex02_enunciated_00102,0.865205705165863,0.12596607208251953,0.008828165009617805
train/0001/ex02_sad_00042,0.01783495396375656,0.6283414959907532,0.35382354259490967
train/0001/ex02_default_emphasis_00069,0.00786680169403553,0.4109932482242584,0.5811399817466736
train/0001/ex02_default_00187,0.008860272355377674,0.15796861052513123,0.8331710696220398
train/0001/ex02_confused_00317,0.0058144209906458855,0.511629581451416,0.48255598545074463
train/0001/ex02_happy_00314,0.08167684078216553,0.8541935682296753,0.06412966549396515
train/0001/ex02_laughing_00077,0.07543641328811646,0.8612791895866394,0.06328436732292175
train/0001/ex02_enunciated_00257,0.17942753434181213,0.7848970293998718,0.03567538037896156
train/0001/ex02_default_00052,0.022434968501329422,0.6875061392784119,0.2900589108467102
train/0001/ex02_sad_00197,0.017786579206585884,0.05222979933023453,0.9299835562705994
train/0001/ex02_happy_00019,0.002938962308689952,0.038471028208732605,0.958590030670166
train/0001/ex02_default_emphasis_00066,0.00786680169403553,0.4109932482242584,0.5811399817466736
train/0001/ex02_enunciated_00080,0.07196446508169174,0.7531659007072449,0.1748696118593216
train/0001/ex02_default_00285,0.3464612364768982,0.6230775713920593,0.030461160466074944
train/0001/ex02_default_00188,0.0018289819126948714,0.12193508446216583,0.8762359619140625
train/0001/ex02_sad_00340,0.2514195740222931,0.6347768306732178,0.11380361765623093
train/0001/ex02_sad_00295,0.009398755617439747,0.3584354817867279,0.6321657299995422
train/0001/ex02_enunciated_00258,0.018747245892882347,0.6826402544975281,0.29861247539520264
train/0001/ex02_laughing_00078,0.005672409199178219,0.6291465163230896,0.365181028842926
train/0001/ex02_confused_00318,0.18251356482505798,0.7827397584915161,0.034746669232845306
train/0001/ex02_confused_00015,0.08871295303106308,0.8622542023658752,0.049032848328351974
train/0001/ex02_happy_00016,0.007168489508330822,0.4763779640197754,0.5164535045623779
train/0001/ex02_enunciated_00155,0.04196382313966751,0.9158188700675964,0.04221733659505844
train/0001/ex02_sad_00198,0.018603326752781868,0.5312939286231995,0.4501028060913086
train/0001/ex02_enunciated_00069,0.06513330340385437,0.8921661376953125,0.04270058497786522
train/0001/ex02_laughing_00249,0.37181681394577026,0.5548508763313293,0.07333233207464218
train/0001/ex02_confused_00129,0.6381059885025024,0.34094542264938354,0.02094860188663006
train/0001/ex02_default_00161,0.0067141433246433735,0.14186149835586548,0.8514243364334106
train/0001/ex02_confused_00224,0.12465756386518478,0.8521955013275146,0.02314687706530094
train/0001/ex02_laughing_00144,0.2314564734697342,0.7393503189086914,0.02919323369860649
train/0001/ex02_happy_00227,0.09113377332687378,0.6495211720466614,0.25934502482414246
train/0001/ex02_laughing_00091,0.37465858459472656,0.6071444153785706,0.01819702237844467
train/0001/ex02_whisper_00183,0.0017552711069583893,0.05537712201476097,0.9428675770759583
train/0001/ex02_sad_00171,0.015362662263214588,0.9361919164657593,0.048445411026477814
train/0001/ex02_default_00263,0.14539656043052673,0.8022553324699402,0.052348051220178604
train/0001/ex02_confused_00126,0.5392218828201294,0.44153109192848206,0.019247019663453102
train/0001/ex02_default_emphasis_00080,0.04674292355775833,0.8793635964393616,0.0738934725522995
train/0001/ex02_laughing_00246,0.06710432469844818,0.890652596950531,0.04224305972456932
train/0001/ex02_happy_00125,0.026716159656643867,0.875836968421936,0.09744679182767868
train/0001/ex02_enunciated_00066,0.5089542269706726,0.4613834619522095,0.029662303626537323
train/0001/ex02_whisper_00059,0.1507956087589264,0.8138753175735474,0.03532903268933296
train/0001/ex02_happy_00228,0.006575831212103367,0.8167552947998047,0.17666880786418915
train/0001/ex02_sad_00273,0.0473785474896431,0.776556670665741,0.17606477439403534
train/0001/ex02_default_emphasis_00155,0.010200130753219128,0.5354486107826233,0.4543512463569641
train/0001/ex02_enunciated_00230,0.5711504817008972,0.40201622247695923,0.026833277195692062
train/0001/ex02_laughing_00010,0.08536644279956818,0.8612385988235474,0.05339499190449715
train/0001/ex02_default_00035,0.01128869503736496,0.25290676951408386,0.735804557800293
train/0001/ex02_default_00338,0.029657678678631783,0.7547040581703186,0.21563827991485596
train/0001/ex02_sad_00025,0.36632779240608215,0.5158205032348633,0.11785174161195755
train/0001/ex02_sad_00328,0.07672388106584549,0.6183024048805237,0.3049737513065338
train/0001/ex02_enunciated_00132,0.02442552149295807,0.8763226270675659,0.09925179183483124
train/0001/ex02_confused_00072,0.14725449681282043,0.785982072353363,0.06676342338323593
train/0001/ex02_laughing_00312,0.1869836151599884,0.7045785784721375,0.10843782126903534
train/0001/ex02_happy_00071,0.12560459971427917,0.7942026257514954,0.08019272238016129
train/0001/ex02_default_00337,0.006979483179748058,0.6544414758682251,0.3385790288448334
train/0001/ex02_default_emphasis_00001,0.4308694005012512,0.5452672839164734,0.02386332117021084
train/0001/ex02_sad_00327,0.7786666750907898,0.21208897233009338,0.009244373068213463
train/0001/ex02_happy_00098,0.0019740527495741844,0.016044192016124725,0.9819818139076233
train/0001/ex02_sad_00116,0.006205678451806307,0.921735405921936,0.07205889374017715
train/0001/ex02_whisper_00031,0.4332762360572815,0.546027421951294,0.02069634199142456
train/0001/ex02_default_00106,0.10230401903390884,0.8637069463729858,0.033989068120718
train/0001/ex02_enunciated_00303,0.9225702881813049,0.07181555777788162,0.005614053923636675
train/0001/ex02_confused_00243,0.001777620636858046,0.01274339109659195,0.9854789972305298
train/0001/ex02_happy_00240,0.03834046795964241,0.894947350025177,0.06671220809221268
train/0001/ex02_laughing_00123,0.3501397967338562,0.6392654776573181,0.010594679974019527
train/0001/ex02_sad_00214,0.010611229576170444,0.688244104385376,0.30114465951919556
train/0001/ex02_sad_00119,0.3231073021888733,0.5261924266815186,0.15070033073425293
train/0001/ex02_happy_00097,0.09553937613964081,0.8503142595291138,0.05414631590247154
train/0001/ex02_confused_00094,0.8588181734085083,0.12482252717018127,0.016359254717826843
train/0001/ex02_default_emphasis_00132,0.8374509215354919,0.15544825792312622,0.007100761402398348
train/0001/ex02_default_00204,0.425971657037735,0.5416465997695923,0.03238179162144661
train/0001/ex02_enunciated_00001,0.015713397413492203,0.924879789352417,0.05940672755241394
train/0001/ex02_confused_00141,0.0052887434139847755,0.1998211294412613,0.7948901653289795
train/0001/ex02_happy_00142,0.5840347409248352,0.39768022298812866,0.018285054713487625
train/0001/ex02_laughing_00221,0.003325458848848939,0.8628365397453308,0.13383792340755463
train/0001/ex02_whisper_00333,0.038076672703027725,0.9223710894584656,0.03955215960741043
train/0001/ex02_default_00109,0.026821600273251534,0.7749505639076233,0.19822783768177032
train/0001/ex02_sad_00141,0.0052887434139847755,0.1998211294412613,0.7948901653289795
train/0001/ex02_enunciated_00281,0.0420914851129055,0.6832646727561951,0.27464383840560913
train/0001/ex02_default_00084,0.02217992953956127,0.6901029944419861,0.2877170145511627
train/0001/ex02_enunciated_00354,0.1347913295030594,0.6720403432846069,0.19316831231117249
train/0001/ex02_happy_00217,0.8002359867095947,0.18118759989738464,0.018576331436634064
train/0001/ex02_laughing_00174,0.8550758361816406,0.13494890928268433,0.009975249879062176
train/0001/ex02_confused_00214,0.009878858923912048,0.6865866184234619,0.3035345673561096
train/0001/ex02_default_00151,0.0017812493024393916,0.010340004228055477,0.9878787398338318
train/0001/ex02_sad_00094,0.8588181734085083,0.12482252717018127,0.016359254717826843
train/0001/ex02_confused_00119,0.3231073021888733,0.5261924266815186,0.15070033073425293
train/0001/ex02_laughing_00279,0.07521391659975052,0.7445290684700012,0.18025702238082886
train/0001/ex02_enunciated_00059,0.1507956087589264,0.8138753175735474,0.03532903268933296
train/0001/ex02_enunciated_00183,0.0017552711069583893,0.05537712201476097,0.9428675770759583
train/0001/ex02_sad_00243,0.001777620636858046,0.01274339109659195,0.9854789972305298
train/0001/ex02_happy_00218,0.11984019726514816,0.8271512389183044,0.053008582442998886
train/0001/ex02_enunciated_00056,0.16112975776195526,0.8143020868301392,0.024568140506744385
train/0001/ex02_happy_00115,0.1113908588886261,0.7737213969230652,0.11488769948482513
train/0001/ex02_laughing_00276,0.033624835312366486,0.781676709651947,0.1846984624862671
train/0001/ex02_confused_00116,0.006205678451806307,0.921735405921936,0.07205889374017715
train/0001/ex02_default_00253,0.0009185457020066679,0.019807161763310432,0.979274332523346
train/0001/ex02_happy_00029,0.1896430253982544,0.748387336730957,0.0619695745408535
train/0001/ex02_default_00062,0.16252215206623077,0.5683107376098633,0.26916709542274475
train/0001/ex02_default_essentials_00006,0.16634678840637207,0.5456085205078125,0.2880447208881378
train/0001/ex02_enunciated_00267,0.06118832901120186,0.9018845558166504,0.03692709654569626
train/0001/ex02_laughing_00047,0.12185808271169662,0.8017335534095764,0.07640828937292099
train/0001/ex02_happy_00324,0.2891145646572113,0.6794304251670837,0.031454991549253464
train/0001/ex02_confused_00327,0.7786666750907898,0.21208897233009338,0.009244373068213463
train/0001/ex02_laughing_00192,0.12103544920682907,0.8003243803977966,0.0786401629447937
train/0001/ex02_default_emphasis_00059,0.6676812767982483,0.2950133681297302,0.037305351346731186
train/0001/ex02_sad_00072,0.14725449681282043,0.785982072353363,0.06676342338323593
train/0001/ex02_enunciated_00165,0.004314904101192951,0.5173191428184509,0.4783659875392914
train/0001/ex02_laughing_00345,0.06616958230733871,0.9123812913894653,0.021449057385325432
train/0001/ex02_happy_00026,0.019739214330911636,0.23238666355609894,0.7478741407394409
train/0001/ex02_confused_00025,0.556538999080658,0.399228036403656,0.04423297941684723
train/0001/ex02_confused_00328,0.07672388106584549,0.6183024048805237,0.3049737513065338
train/0001/ex02_laughing_00048,0.9301458597183228,0.06503742933273315,0.004816732369363308
train/0001/ex02_enunciated_00268,0.9588661789894104,0.038570843636989594,0.002563005080446601
train/0001/ex02_default_essentials_00009,0.09325532615184784,0.7345337271690369,0.17221097648143768
train/0001/ex02_default_emphasis_00056,0.07782091945409775,0.8258698582649231,0.09630922228097916
train/0001/ex02_laughing_00290,0.03211359307169914,0.7040898203849792,0.26379653811454773
train/0001/ex02_default_emphasis_00011,0.24124275147914886,0.7324213981628418,0.026335880160331726
train/0001/ex02_sad_00337,0.006979483179748058,0.6544414758682251,0.3385790288448334
train/0001/ex02_default_00327,0.707855224609375,0.28001874685287476,0.012126095592975616
train/0001/ex02_enunciated_00122,0.2443266361951828,0.7209495306015015,0.03472393378615379
train/0001/ex02_laughing_00302,0.17224052548408508,0.7974119782447815,0.03034759685397148
train/0001/ex02_happy_00061,0.11090276390314102,0.581883430480957,0.3072138726711273
train/0001/ex02_confused_00062,0.16252215206623077,0.5683107376098633,0.26916709542274475
train/0001/ex02_sad_00035,0.0096621448174119,0.21720841526985168,0.773129403591156
train/0001/ex02_sad_00338,0.029657678678631783,0.7547040581703186,0.21563827991485596
train/0001/ex02_default_00025,0.36632779240608215,0.5158205032348633,0.11785174161195755
train/0001/ex02_enunciated_00220,0.14563995599746704,0.7655287981033325,0.08883122354745865
train/0001/ex02_default_00328,0.07672388106584549,0.6183024048805237,0.3049737513065338
train/0001/ex02_enunciated_00011,0.053184252232313156,0.7993424534797668,0.1474733054637909
train/0001/ex02_happy_00152,0.012009537778794765,0.9276031851768494,0.06038720905780792
train/0001/ex02_laughing_00231,0.0011580600403249264,0.01219386886805296,0.9866480231285095
train/0001/ex02_confused_00151,0.0017812493024393916,0.010340004228055477,0.9878787398338318
train/0001/ex02_default_00214,0.009878858923912048,0.6865866184234619,0.3035345673561096
train/0001/ex02_default_00119,0.3231073021888733,0.5261924266815186,0.15070033073425293
train/0001/ex02_whisper_00323,0.0019963174127042294,0.3521174192428589,0.645886242389679
train/0001/ex02_sad_00204,0.425971657037735,0.5416465997695923,0.03238179162144661
train/0001/ex02_default_emphasis_00122,0.012201355770230293,0.8300930857658386,0.15770560503005981
train/0001/ex02_confused_00084,0.02217992953956127,0.6901029944419861,0.2877170145511627
train/0001/ex02_happy_00087,0.023003602400422096,0.9172548055648804,0.05974157899618149
train/0001/ex02_sad_00109,0.026821600273251534,0.7749505639076233,0.19822783768177032
train/0001/ex02_enunciated_00313,0.11373380571603775,0.8273743391036987,0.058891840279102325
train/0001/ex02_happy_00250,0.0011318756733089685,0.02013908512890339,0.9787290096282959
train/0001/ex02_laughing_00133,0.07716292142868042,0.8652209043502808,0.057616110891103745
train/0001/ex02_confused_00253,0.0009185457020066679,0.019807161763310432,0.979274332523346
train/0001/ex02_default_00116,0.006205678451806307,0.921735405921936,0.07205889374017715
train/0001/ex02_sad_00106,0.10230401903390884,0.8637069463729858,0.033989068120718
train/0001/ex02_happy_00088,0.061153020709753036,0.7578950524330139,0.18095196783542633
train/0001/ex02_happy_00208,0.1543956995010376,0.7330600023269653,0.11254426091909409
train/0001/ex02_default_00243,0.001777620636858046,0.01274339109659195,0.9854789972305298
train/0001/ex02_enunciated_00046,0.024594487622380257,0.850300133228302,0.12510541081428528
train/0001/ex02_whisper_00079,0.013951759785413742,0.814670205116272,0.1713780164718628
train/0001/ex02_confused_00106,0.10230401903390884,0.8637069463729858,0.033989068120718
train/0001/ex02_happy_00105,0.4597599506378174,0.42371663451194763,0.11652342230081558
train/0001/ex02_laughing_00266,0.0015209476696327329,0.025662222877144814,0.9728168249130249
train/0001/ex02_enunciated_00193,0.0017845351248979568,0.02148221805691719,0.9767332673072815
train/0001/ex02_sad_00253,0.0009185457020066679,0.019807161763310432,0.979274332523346
train/0001/ex02_default_00141,0.0052887434139847755,0.1998211294412613,0.7948901653289795
train/0001/ex02_enunciated_00344,0.05346986651420593,0.8994195461273193,0.04711055010557175
train/0001/ex02_confused_00204,0.425971657037735,0.5416465997695923,0.03238179162144661
train/0001/ex02_happy_00207,0.012439550831913948,0.913028359413147,0.07453206181526184
train/0001/ex02_laughing_00164,0.30561378598213196,0.6411770582199097,0.053209129720926285
train/0001/ex02_laughing_00269,0.010362646542489529,0.1745462268590927,0.8150911331176758
train/0001/ex02_confused_00109,0.026821600273251534,0.7749505639076233,0.19822783768177032
train/0001/ex02_enunciated_00049,0.47817760705947876,0.5040975213050842,0.01772487536072731
train/0001/ex02_sad_00084,0.02217992953956127,0.6901029944419861,0.2877170145511627
train/0001/ex02_sad_00151,0.0017647199565544724,0.01174506451934576,0.9864902496337891
train/0001/ex02_default_00094,0.8588181734085083,0.12482252717018127,0.016359254717826843
train/0001/ex02_enunciated_00291,0.08190718293190002,0.6555474996566772,0.26254531741142273
train/0001/ex02_laughing_00280,0.924194872379303,0.06472714990377426,0.011077916249632835
train/0001/ex02_default_emphasis_00046,0.013173938728868961,0.9369238615036011,0.049902234226465225
train/0001/ex02_enunciated_00175,0.21150356531143188,0.7524632811546326,0.03603314980864525
train/0001/ex02_confused_00035,0.01128869503736496,0.25290676951408386,0.735804557800293
train/0001/ex02_happy_00036,0.0035797301679849625,0.5123865604400635,0.4840337038040161
train/0001/ex02_default_essentials_00019,0.027561556547880173,0.2530791163444519,0.7193593382835388
train/0001/ex02_laughing_00058,0.23622821271419525,0.6360023617744446,0.12776945531368256
train/0001/ex02_confused_00338,0.029657678678631783,0.7547040581703186,0.21563827991485596
train/0001/ex02_enunciated_00278,0.2575361728668213,0.7136768698692322,0.028787007555365562
train/0001/ex02_laughing_00182,0.01275235041975975,0.666507363319397,0.32074034214019775
train/0001/ex02_sad_00062,0.16252215206623077,0.5683107376098633,0.26916709542274475
train/0001/ex02_default_emphasis_00049,0.00813021045178175,0.8526159524917603,0.1392538845539093
train/0001/ex02_whisper_00090,0.19032885134220123,0.6835709810256958,0.12610021233558655
train/0001/ex02_happy_00039,0.029765430837869644,0.909686267375946,0.060548342764377594
train/0001/ex02_whisper_00145,0.0015357345109805465,0.013683389872312546,0.9847809076309204
train/0001/ex02_enunciated_00277,0.6483612060546875,0.33820781111717224,0.013431047089397907
train/0001/ex02_whisper_00248,0.5184466242790222,0.4555572271347046,0.025996137410402298
train/0001/ex02_confused_00337,0.006979483179748058,0.6544414758682251,0.3385790288448334
train/0001/ex02_laughing_00057,0.057206686586141586,0.8902364373207092,0.05255681648850441
train/0001/ex02_happy_00334,0.0020368124824017286,0.27254828810691833,0.7254149317741394
train/0001/ex02_default_00072,0.14725449681282043,0.785982072353363,0.06676342338323593
train/0001/ex02_default_essentials_00016,0.015199028886854649,0.1931196004152298,0.7916813492774963
train/0001/ex02_default_00233,0.1453416794538498,0.8231920003890991,0.03146640956401825
train/0001/ex02_confused_00176,0.013815714046359062,0.9129623174667358,0.07322206348180771
train/0001/ex02_happy_00175,0.34530869126319885,0.6249122023582458,0.02977917343378067
train/0001/ex02_laughing_00216,0.1381250023841858,0.8281793594360352,0.033695563673973083
train/0001/ex02_enunciated_00036,0.0033111833035945892,0.5301128625869751,0.46657595038414
train/0001/ex02_happy_00278,0.2575361728668213,0.7136768698692322,0.028787007555365562
train/0001/ex02_sad_00223,0.9346290826797485,0.06146141141653061,0.003909449093043804
train/0001/ex02_default_emphasis_00105,0.3701518476009369,0.6073269844055176,0.022521162405610085
train/0001/ex02_enunciated_00039,0.029765430837869644,0.909686267375946,0.060548342764377594
train/0001/ex02_laughing_00219,0.22551995515823364,0.5397462844848633,0.23473374545574188
train/0001/ex02_confused_00179,0.13441908359527588,0.8198786973953247,0.045702192932367325
train/0001/ex02_default_00131,0.10085365921258926,0.8225803971290588,0.07656604796648026
train/0001/ex02_confused_00274,0.10863646864891052,0.8382725715637207,0.05309092253446579
train/0001/ex02_happy_00277,0.6483612060546875,0.33820781111717224,0.013431047089397907
train/0001/ex02_laughing_00114,0.3452009856700897,0.5967873334884644,0.058011751621961594
train/0001/ex02_enunciated_00334,0.0020368124824017286,0.27254828810691833,0.7254149317741394
train/0001/ex02_sad_00121,0.0059216078370809555,0.7684251070022583,0.225653275847435
train/0001/ex02_happy_00193,0.0017845351248979568,0.02148221805691719,0.9767332673072815
train/0001/ex02_confused_00190,0.5390221476554871,0.4469301700592041,0.014047641307115555
train/0001/ex02_default_emphasis_00036,0.04862986132502556,0.8513560891151428,0.10001406818628311
train/0001/ex02_sad_00310,0.0018291139276698232,0.03886742144823074,0.9593034386634827
train/0001/ex02_enunciated_00208,0.1543956995010376,0.7330600023269653,0.11254426091909409
train/0001/ex02_laughing_00028,0.0848187655210495,0.8767452239990234,0.03843601793050766
train/0001/ex02_confused_00348,0.9226739406585693,0.07117462158203125,0.006151469890028238
train/0001/ex02_confused_00045,0.0052356962114572525,0.6701499223709106,0.32461437582969666
train/0001/ex02_laughing_00325,0.4724472165107727,0.5009860396385193,0.026566747575998306
train/0001/ex02_happy_00046,0.024594487622380257,0.850300133228302,0.12510541081428528
train/0001/ex02_enunciated_00105,0.4597599506378174,0.42371663451194763,0.11652342230081558
train/0001/ex02_default_00300,0.2573682367801666,0.6989231705665588,0.04370861500501633
train/0001/ex02_sad_00012,0.5189372897148132,0.36631327867507935,0.11474945396184921
train/0001/ex02_default_emphasis_00039,0.01305860560387373,0.7872170209884644,0.19972442090511322
train/0001/ex02_happy_00291,0.08190718293190002,0.6555474996566772,0.26254531741142273
train/0001/ex02_confused_00292,0.01891838200390339,0.6251826882362366,0.3558989465236664
train/0001/ex02_confused_00347,0.13317912817001343,0.8183161020278931,0.04850483685731888
train/0001/ex02_laughing_00027,0.03584600239992142,0.8175678849220276,0.146586075425148
train/0001/ex02_enunciated_00207,0.012439550831913948,0.913028359413147,0.07453206181526184
train/0001/ex02_default_00002,0.003237419296056032,0.8119036555290222,0.18485890328884125
train/0001/ex02_happy_00049,0.47817760705947876,0.5040975213050842,0.01772487536072731
train/0001/ex02_default_00282,0.13554777204990387,0.8360321521759033,0.028419993817806244
train/0001/ex02_default_emphasis_00061,0.5920440554618835,0.3626006245613098,0.045355312526226044
train/0001/ex02_enunciated_00087,0.023003602400422096,0.9172548055648804,0.05974157899618149
train/0001/ex02_happy_00011,0.053184252232313156,0.7993424534797668,0.1474733054637909
train/0001/ex02_confused_00012,0.5189372897148132,0.36631327867507935,0.11474945396184921
train/0001/ex02_enunciated_00152,0.012009537778794765,0.9276031851768494,0.06038720905780792
train/0001/ex02_sad_00292,0.01891838200390339,0.6251826882362366,0.3558989465236664
train/0001/ex02_default_00180,0.159621000289917,0.5941064357757568,0.2462725192308426
train/0001/ex02_enunciated_00088,0.12346767634153366,0.6769538521766663,0.1995784193277359
train/0001/ex02_sad_00045,0.0052356962114572525,0.6701499223709106,0.32461437582969666
train/0001/ex02_whisper_00162,0.17390497028827667,0.7765493988990784,0.049545545130968094
train/0001/ex02_sad_00190,0.5198432207107544,0.46527376770973206,0.014882983639836311
train/0001/ex02_default_essentials_00031,0.4893328845500946,0.48010537028312683,0.030561670660972595
train/0001/ex02_default_00055,0.0018770804163068533,0.007589046377688646,0.9905339479446411
train/0001/ex02_laughing_00070,0.008483685553073883,0.9251386523246765,0.06637758016586304
train/0001/ex02_happy_00313,0.11373380571603775,0.8273743391036987,0.058891840279102325
train/0001/ex02_confused_00310,0.0018291139276698232,0.03886742144823074,0.9593034386634827
train/0001/ex02_enunciated_00250,0.0011318756733089685,0.02013908512890339,0.9787290096282959
train/0001/ex02_default_00169,0.052496153861284256,0.8967788815498352,0.050725001841783524
train/0001/ex02_happy_00122,0.2443266361951828,0.7209495306015015,0.03472393378615379
train/0001/ex02_laughing_00241,0.058345574885606766,0.3288707733154297,0.6127836108207703
train/0001/ex02_confused_00121,0.0059216078370809555,0.7684251070022583,0.225653275847435
train/0001/ex02_default_emphasis_00087,0.03260906785726547,0.8402206897735596,0.12717024981975555
train/0001/ex02_enunciated_00061,0.11090276390314102,0.581883430480957,0.3072138726711273
train/0001/ex02_default_00264,0.11550601571798325,0.6903501152992249,0.1941438764333725
train/0001/ex02_default_emphasis_00152,0.017505338415503502,0.2559393644332886,0.7265552878379822
train/0001/ex02_sad_00179,0.13441908359527588,0.8198786973953247,0.045702192932367325
train/0001/ex02_sad_00274,0.10863646864891052,0.8382725715637207,0.05309092253446579
train/0001/ex02_laughing_00099,0.21112871170043945,0.6503031849861145,0.13856810331344604
train/0001/ex02_happy_00220,0.14563995599746704,0.7655287981033325,0.08883122354745865
train/0001/ex02_laughing_00143,0.011974658817052841,0.7554829716682434,0.23254242539405823
train/0001/ex02_confused_00223,0.9377626776695251,0.058464743196964264,0.003772548632696271
train/0001/ex02_default_00166,0.8122276067733765,0.17892780900001526,0.00884462334215641
train/0001/ex02_default_emphasis_00088,0.11707444489002228,0.8140677213668823,0.06885790079832077
train/0001/ex02_sad_00176,0.02156309224665165,0.899318277835846,0.07911857217550278
train/0001/ex02_whisper_00184,0.13795886933803558,0.8410518169403076,0.020989250391721725
train/0001/ex02_laughing_00096,0.27826493978500366,0.6756488084793091,0.046086229383945465
train/0001/ex02_sad_00131,0.10085365921258926,0.8225803971290588,0.07656604796648026
train/0001/ex02_enunciated_00029,0.1896430253982544,0.748387336730957,0.0619695745408535
train/0001/ex02_whisper_00016,0.007168489508330822,0.4763779640197754,0.5164535045623779
train/0001/ex02_confused_00169,0.052496153861284256,0.8967788815498352,0.050725001841783524
train/0001/ex02_laughing_00209,0.05054839327931404,0.7925739288330078,0.15687766671180725
train/0001/ex02_happy_00267,0.06118832901120186,0.9018845558166504,0.03692709654569626
train/0001/ex02_laughing_00104,0.026983467862010002,0.8926637172698975,0.08035288751125336
train/0001/ex02_confused_00264,0.11550601571798325,0.6903501152992249,0.1941438764333725
train/0001/ex02_enunciated_00324,0.2891145646572113,0.6794304251670837,0.031454991549253464
train/0001/ex02_default_00121,0.0059216078370809555,0.7684251070022583,0.225653275847435
train/0001/ex02_sad_00233,0.1453416794538498,0.8231920003890991,0.03146640956401825
train/0001/ex02_default_emphasis_00115,0.44374197721481323,0.5323166847229004,0.023941323161125183
train/0001/ex02_happy_00165,0.008549665100872517,0.5689886808395386,0.4224616587162018
train/0001/ex02_laughing_00206,0.07771839946508408,0.8598184585571289,0.062463223934173584
train/0001/ex02_confused_00166,0.8122276067733765,0.17892780900001526,0.00884462334215641
train/0001/ex02_enunciated_00026,0.019739214330911636,0.23238666355609894,0.7478741407394409
train/0001/ex02_default_00223,0.9346290826797485,0.06146141141653061,0.003909449093043804
train/0001/ex02_happy_00268,0.9588661789894104,0.038570843636989594,0.002563005080446601
train/0001/ex02_default_00012,0.5189372897148132,0.36631327867507935,0.11474945396184921
train/0001/ex02_laughing_00037,0.34914323687553406,0.6213275194168091,0.029529191553592682
train/0001/ex02_enunciated_00217,0.8002359867095947,0.18118759989738464,0.018576331436634064
train/0001/ex02_happy_00059,0.1507956087589264,0.8138753175735474,0.03532903268933296
train/0001/ex02_default_emphasis_00029,0.0010408504167571664,0.09981009364128113,0.8991490006446838
train/0001/ex02_sad_00002,0.003237419296056032,0.8119036555290222,0.18485890328884125
train/0001/ex02_confused_00282,0.13554777204990387,0.8360321521759033,0.028419993817806244
train/0001/ex02_happy_00281,0.0420914851129055,0.6832646727561951,0.27464383840560913
train/0001/ex02_enunciated_00218,0.11984019726514816,0.8271512389183044,0.053008582442998886
train/0001/ex02_laughing_00038,0.12549647688865662,0.8382888436317444,0.03621466085314751
train/0001/ex02_default_00310,0.0018291139276698232,0.03886742144823074,0.9593034386634827
train/0001/ex02_laughing_00335,0.1485525369644165,0.7707697749137878,0.08067774027585983
train/0001/ex02_happy_00056,0.16112975776195526,0.8143020868301392,0.024568140506744385
train/0001/ex02_confused_00055,0.0018770804163068533,0.007589046377688646,0.9905339479446411
train/0001/ex02_enunciated_00115,0.1113908588886261,0.7737213969230652,0.11488769948482513
train/0001/ex02_default_emphasis_00026,0.0010408504167571664,0.09981009364128113,0.8991490006446838
train/0001/ex02_confused_00180,0.159621000289917,0.5941064357757568,0.2462725192308426
train/0001/ex02_happy_00183,0.0017552711069583893,0.05537712201476097,0.9428675770759583
train/0001/ex02_sad_00300,0.2573682367801666,0.6989231705665588,0.04370861500501633
train/0001/ex02_sad_00180,0.159621000289917,0.5941064357757568,0.2462725192308426
train/0001/ex02_confused_00300,0.2573682367801666,0.6989231705665588,0.04370861500501633
train/0001/ex02_laughing_00060,0.4528631567955017,0.5115808248519897,0.035556018352508545
train/0001/ex02_happy_00303,0.9225702881813049,0.07181555777788162,0.005614053923636675
train/0001/ex02_enunciated_00240,0.03834046795964241,0.894947350025177,0.06671220809221268
train/0001/ex02_default_essentials_00021,0.0018486626213416457,0.015377032570540905,0.9827743172645569
train/0001/ex02_default_00045,0.0052356962114572525,0.6701499223709106,0.32461437582969666
train/0001/ex02_default_00190,0.5198432207107544,0.46527376770973206,0.014882983639836311
train/0001/ex02_sad_00055,0.0018770804163068533,0.007589046377688646,0.9905339479446411
train/0001/ex02_enunciated_00098,0.0019740527495741844,0.016044192016124725,0.9819818139076233
train/0001/ex02_confused_00002,0.003237419296056032,0.8119036555290222,0.18485890328884125
train/0001/ex02_happy_00001,0.0175890251994133,0.9249237775802612,0.05748721957206726
train/0001/ex02_enunciated_00142,0.5840347409248352,0.39768022298812866,0.018285054713487625
train/0001/ex02_sad_00282,0.13554777204990387,0.8360321521759033,0.028419993817806244
train/0001/ex02_default_emphasis_00071,0.20795504748821259,0.7530232071876526,0.039021700620651245
train/0001/ex02_enunciated_00097,0.09553937613964081,0.8503142595291138,0.05414631590247154
train/0001/ex02_default_00292,0.01891838200390339,0.6251826882362366,0.3558989465236664
train/0001/ex02_whisper_00194,0.8213545083999634,0.17280016839504242,0.005845286883413792
train/0001/ex02_sad_00166,0.8122276067733765,0.17892780900001526,0.00884462334215641
train/0001/ex02_laughing_00086,0.016757851466536522,0.1786259263753891,0.8046161532402039
train/0001/ex02_default_00176,0.02156309224665165,0.899318277835846,0.07911857217550278
train/0001/ex02_confused_00233,0.1453416794538498,0.8231920003890991,0.03146640956401825
train/0001/ex02_happy_00230,0.5711504817008972,0.40201622247695923,0.026833277195692062
train/0001/ex02_laughing_00153,0.27262046933174133,0.6058039665222168,0.12157554924488068
train/0001/ex02_default_emphasis_00098,0.18347808718681335,0.7843606472015381,0.032161250710487366
train/0001/ex02_sad_00169,0.052496153861284256,0.8967788815498352,0.050725001841783524
train/0001/ex02_default_emphasis_00142,0.3183474838733673,0.6232360005378723,0.05841650441288948
train/0001/ex02_laughing_00089,0.03429824486374855,0.7192011475563049,0.246500626206398
train/0001/ex02_sad_00264,0.11550601571798325,0.6903501152992249,0.1941438764333725
train/0001/ex02_default_00179,0.13441908359527588,0.8198786973953247,0.045702192932367325
train/0001/ex02_default_00274,0.10863646864891052,0.8382725715637207,0.05309092253446579
train/0001/ex02_default_emphasis_00097,0.18347808718681335,0.7843606472015381,0.032161250710487366
train/0001/ex02_confused_00131,0.09347997605800629,0.8212127685546875,0.08530721813440323
train/0001/ex02_happy_00132,0.02442552149295807,0.8763226270675659,0.09925179183483124
train/0001/ex02_laughing_00251,0.01153810415416956,0.942663848400116,0.04579807072877884
train/0001/ex02_enunciated_00071,0.12560459971427917,0.7942026257514954,0.08019272238016129
train/0001/ex02_sad_00032,0.9729316830635071,0.024703986942768097,0.002364308340474963
train/0001/ex02_default_emphasis_00019,0.06358670443296432,0.8794644474983215,0.05694884806871414
train/0001/ex02_happy_00069,0.06513330340385437,0.8921661376953125,0.04270058497786522
train/0001/ex02_whisper_00115,0.1113908588886261,0.7737213969230652,0.11488769948482513
train/0001/ex02_enunciated_00227,0.09113377332687378,0.6495211720466614,0.25934502482414246
train/0001/ex02_laughing_00007,0.24445554614067078,0.7012264132499695,0.05431801825761795
train/0001/ex02_default_00022,0.013608727604150772,0.7621715068817139,0.22421979904174805
train/0001/ex02_sad_00330,0.02749423123896122,0.6960636377334595,0.27644211053848267
train/0001/ex02_default_emphasis_00016,0.07250376045703888,0.8747134804725647,0.05278271436691284
train/0001/ex02_enunciated_00125,0.026716159656643867,0.875836968421936,0.09744679182767868
train/0001/ex02_confused_00065,0.02598639577627182,0.443814754486084,0.530198872089386
train/0001/ex02_happy_00066,0.5089542269706726,0.4613834619522095,0.029662303626537323
train/0001/ex02_laughing_00305,0.8808574676513672,0.11379848420619965,0.00534413754940033
train/0001/ex02_default_00320,0.32450389862060547,0.6550578474998474,0.020438240841031075
train/0001/ex02_laughing_00008,0.020721588283777237,0.885253369808197,0.09402495622634888
train/0001/ex02_enunciated_00228,0.006575831212103367,0.8167552947998047,0.17666880786418915
train/0001/ex02_default_00111,0.5804339647293091,0.3966679275035858,0.0228981114923954
train/0001/ex02_enunciated_00314,0.08167684078216553,0.8541935682296753,0.06412966549396515
train/0001/ex02_confused_00254,0.11003421247005463,0.8355334401130676,0.05443236976861954
train/0001/ex02_laughing_00134,0.07036440819501877,0.9076131582260132,0.02202245034277439
train/0001/ex02_happy_00257,0.17942753434181213,0.7848970293998718,0.03567538037896156
train/0001/ex02_laughing_00239,0.007713205646723509,0.40063074231147766,0.5916560888290405
train/0001/ex02_confused_00159,0.9333366751670837,0.06367306411266327,0.0029902851674705744
train/0001/ex02_whisper_00026,0.019739214330911636,0.23238666355609894,0.7478741407394409
train/0001/ex02_enunciated_00019,0.002938962308689952,0.038471028208732605,0.958590030670166
train/0001/ex02_sad_00101,0.5635420083999634,0.4226645231246948,0.013793407939374447
train/0001/ex02_happy_00258,0.018747245892882347,0.6826402544975281,0.29861247539520264
train/0001/ex02_default_00213,0.130188450217247,0.8356004357337952,0.034211114048957825
train/0001/ex02_enunciated_00016,0.007168489508330822,0.4763779640197754,0.5164535045623779
train/0001/ex02_confused_00156,0.05073130875825882,0.9232428669929504,0.02602577768266201
train/0001/ex02_laughing_00236,0.05354355275630951,0.8823181390762329,0.06413830816745758
train/0001/ex02_happy_00155,0.04196382313966751,0.9158188700675964,0.04221733659505844
train/0001/ex02_happy_00080,0.07196446508169174,0.7531659007072449,0.1748696118593216
train/0001/ex02_default_emphasis_00125,0.007307213265448809,0.5539253354072571,0.4387674629688263
train/0001/ex02_confused_00083,0.11195378005504608,0.8389238119125366,0.04912235215306282
train/0001/ex02_sad_00203,0.0040563177317380905,0.0597110316157341,0.9362326264381409
train/0001/ex02_sad_00083,0.11195378005504608,0.8389238119125366,0.04912235215306282
train/0001/ex02_enunciated_00343,0.7144839763641357,0.2617238163948059,0.02379220351576805
train/0001/ex02_laughing_00163,0.03454364091157913,0.9304764270782471,0.034980010241270065
train/0001/ex02_happy_00200,0.08881431072950363,0.6176020503044128,0.2935836613178253
train/0001/ex02_confused_00203,0.0040563177317380905,0.0597110316157341,0.9362326264381409
train/0001/ex02_default_00146,0.1944209188222885,0.7706537842750549,0.03492529317736626
train/0001/ex02_enunciated_00296,0.03529301658272743,0.7136014699935913,0.25110548734664917
train/0001/ex02_default_00093,0.04246418923139572,0.8849308490753174,0.07260499149560928
train/0001/ex02_sad_00156,0.05073130875825882,0.9232428669929504,0.02602577768266201
train/0001/ex02_enunciated_00041,0.016405485570430756,0.7703282237052917,0.2132662981748581
train/0001/ex02_laughing_00261,0.044988445937633514,0.9007417559623718,0.05426984280347824
train/0001/ex02_happy_00102,0.865205705165863,0.12596607208251953,0.008828165009617805
train/0001/ex02_confused_00101,0.5635420083999634,0.4226645231246948,0.013793407939374447
train/0001/ex02_default_00244,0.15888166427612305,0.8042498826980591,0.03686848282814026
train/0001/ex02_default_00149,0.6595245599746704,0.31692391633987427,0.023551544174551964
train/0001/ex02_sad_00254,0.11003421247005463,0.8355334401130676,0.05443236976861954
train/0001/ex02_enunciated_00299,0.03625519946217537,0.7512585520744324,0.21248625218868256
train/0001/ex02_enunciated_00194,0.8213545083999634,0.17280016839504242,0.005845286883413792
train/0001/ex02_sad_00159,0.8687263131141663,0.12659978866577148,0.004673884715884924
train/0001/ex02_laughing_00288,0.9395084381103516,0.057670705020427704,0.0028208375442773104
train/0001/ex02_whisper_00097,0.09553937613964081,0.8503142595291138,0.05414631590247154
train/0001/ex02_sad_00065,0.037962861359119415,0.546745777130127,0.4152913987636566
train/0001/ex02_laughing_00185,0.02603846602141857,0.5204066634178162,0.45355480909347534
train/0001/ex02_default_00075,0.07002338767051697,0.8422669172286987,0.0877097025513649
train/0001/ex02_default_essentials_00011,0.11747673898935318,0.584351658821106,0.29817160964012146
train/0001/ex02_enunciated_00270,0.5870163440704346,0.32319873571395874,0.0897848978638649
train/0001/ex02_happy_00333,0.038076672703027725,0.9223710894584656,0.03955215960741043
train/0001/ex02_laughing_00050,0.033514417707920074,0.8277928233146667,0.13869281113147736
train/0001/ex02_confused_00330,0.02749423123896122,0.6960636377334595,0.27644211053848267
train/0001/ex02_default_emphasis_00041,0.041460685431957245,0.43488577008247375,0.523653507232666
train/0001/ex02_laughing_00287,0.022768104448914528,0.6890683770179749,0.28816354274749756
train/0001/ex02_enunciated_00172,0.1331103891134262,0.7742996215820312,0.09258994460105896
train/0001/ex02_happy_00031,0.4332762360572815,0.546027421951294,0.02069634199142456
train/0001/ex02_confused_00032,0.9729316830635071,0.024703986942768097,0.002364308340474963
train/0001/ex02_default_00330,0.02749423123896122,0.6960636377334595,0.27644211053848267
train/0001/ex02_enunciated_00135,0.026490621268749237,0.8394830822944641,0.13402624428272247
train/0001/ex02_happy_00076,0.17224863171577454,0.7959566116333008,0.03179479017853737
train/0001/ex02_laughing_00315,0.30901896953582764,0.5892375111579895,0.10174350440502167
train/0001/ex02_confused_00075,0.07002338767051697,0.8422669172286987,0.0877097025513649
train/0001/ex02_laughing_00018,0.009725718759000301,0.6573544144630432,0.3329198360443115
train/0001/ex02_enunciated_00238,0.1012767031788826,0.7155736088752747,0.18314968049526215
train/0001/ex02_sad_00320,0.32450389862060547,0.6550578474998474,0.020438240841031075
train/0001/ex02_default_emphasis_00006,0.07571644335985184,0.8149771690368652,0.10930638760328293
train/0001/ex02_happy_00079,0.013951759785413742,0.814670205116272,0.1713780164718628
train/0001/ex02_whisper_00105,0.4597599506378174,0.42371663451194763,0.11652342230081558
train/0001/ex02_default_00032,0.9729316830635071,0.024703986942768097,0.002364308340474963
train/0001/ex02_enunciated_00237,0.005862027406692505,0.9151603579521179,0.07897761464118958
train/0001/ex02_laughing_00017,0.4533483684062958,0.45687103271484375,0.08978059887886047
train/0001/ex02_default_emphasis_00009,0.24124275147914886,0.7324213981628418,0.026335880160331726
train/0001/ex02_sad_00022,0.013608727604150772,0.7621715068817139,0.22421979904174805
train/0001/ex02_confused_00093,0.04246418923139572,0.8849308490753174,0.07260499149560928
train/0001/ex02_default_emphasis_00135,0.26725077629089355,0.6727451682090759,0.06000404804944992
train/0001/ex02_happy_00090,0.19032885134220123,0.6835709810256958,0.12610021233558655
train/0001/ex02_sad_00213,0.130188450217247,0.8356004357337952,0.034211114048957825
train/0001/ex02_happy_00248,0.5184466242790222,0.4555572271347046,0.025996137410402298
train/0001/ex02_enunciated_00006,0.4597949683666229,0.49837765097618103,0.041827406734228134
train/0001/ex02_laughing_00226,0.09699002653360367,0.8560563325881958,0.04695369675755501
train/0001/ex02_happy_00145,0.0015357345109805465,0.013683389872312546,0.9847809076309204
train/0001/ex02_confused_00146,0.1944209188222885,0.7706537842750549,0.03492529317736626
train/0001/ex02_default_00203,0.0040563177317380905,0.0597110316157341,0.9362326264381409
train/0001/ex02_sad_00111,0.5804339647293091,0.3966679275035858,0.0228981114923954
train/0001/ex02_enunciated_00304,0.11502022296190262,0.6876197457313538,0.19735999405384064
train/0001/ex02_laughing_00124,0.153069868683815,0.698124885559082,0.14880523085594177
train/0001/ex02_happy_00247,0.858469545841217,0.13465815782546997,0.006872263271361589
train/0001/ex02_confused_00244,0.15888166427612305,0.8042498826980591,0.03686848282814026
train/0001/ex02_default_00101,0.5635420083999634,0.4226645231246948,0.013793407939374447
train/0001/ex02_confused_00149,0.6595245599746704,0.31692391633987427,0.023551544174551964
train/0001/ex02_laughing_00229,0.010637718252837658,0.8872750401496887,0.10208723694086075
train/0001/ex02_enunciated_00009,0.11498632282018661,0.8568081855773926,0.02820553444325924
train/0001/ex02_whisper_00036,0.0034334759693592787,0.5703780651092529,0.42618846893310547
train/0001/ex02_enunciated_00289,0.2201753556728363,0.6889268755912781,0.09089776873588562
train/0001/ex02_sad_00244,0.15888166427612305,0.8042498826980591,0.03686848282814026
train/0001/ex02_sad_00149,0.6595245599746704,0.31692391633987427,0.023551544174551964
train/0001/ex02_enunciated_00184,0.13795886933803558,0.8410518169403076,0.020989250391721725
train/0001/ex02_default_00254,0.11003421247005463,0.8355334401130676,0.05443236976861954
train/0001/ex02_enunciated_00051,0.20316170156002045,0.7140898108482361,0.08274845778942108
train/0001/ex02_confused_00111,0.5804339647293091,0.3966679275035858,0.0228981114923954
train/0001/ex02_laughing_00271,0.0025666379369795322,0.09167883545160294,0.9057545065879822
train/0001/ex02_happy_00112,0.016017848625779152,0.5341801643371582,0.4498019814491272
train/0001/ex02_default_00159,0.9333366751670837,0.06367306411266327,0.0029902851674705744
train/0001/ex02_default_00083,0.11195378005504608,0.8389238119125366,0.04912235215306282
train/0001/ex02_enunciated_00286,0.43626636266708374,0.5456806421279907,0.01805303618311882
train/0001/ex02_sad_00146,0.1944209188222885,0.7706537842750549,0.03492529317736626
train/0001/ex02_sad_00093,0.04246418923139572,0.8849308490753174,0.07260499149560928
train/0001/ex02_default_00156,0.05073130875825882,0.9232428669929504,0.02602577768266201
train/0001/ex02_enunciated_00353,0.6701486110687256,0.3043641746044159,0.02548721805214882
train/0001/ex02_confused_00213,0.130188450217247,0.8356004357337952,0.034211114048957825
train/0001/ex02_laughing_00173,0.07951793819665909,0.6429231762886047,0.2775588929653168
train/0001/ex02_happy_00210,0.0665447935461998,0.6353296041488647,0.29812559485435486
train/0001/ex02_enunciated_00162,0.17390497028827667,0.7765493988990784,0.049545545130968094
train/0001/ex02_confused_00022,0.013608727604150772,0.7621715068817139,0.22421979904174805
train/0001/ex02_happy_00021,0.4880591332912445,0.3932075798511505,0.118733249604702
train/0001/ex02_laughing_00342,0.1432904750108719,0.7138612270355225,0.14284832775592804
train/0001/ex02_laughing_00297,0.05701341852545738,0.6758081316947937,0.2671784460544586
train/0001/ex02_default_emphasis_00051,0.00813021045178175,0.8526159524917603,0.1392538845539093
train/0001/ex02_enunciated_00260,0.017844924703240395,0.9064688682556152,0.07568621635437012
train/0001/ex02_confused_00320,0.32450389862060547,0.6550578474998474,0.020438240841031075
train/0001/ex02_happy_00323,0.0019963174127042294,0.3521174192428589,0.645886242389679
train/0001/ex02_laughing_00040,0.7037476897239685,0.2790418267250061,0.01721048355102539
train/0001/ex02_default_00065,0.037962861359119415,0.546745777130127,0.4152913987636566
train/0001/ex02_default_essentials_00001,0.03474421054124832,0.3914816081523895,0.5737742185592651
train/0001/ex02_whisper_00152,0.012009537778794765,0.9276031851768494,0.06038720905780792
train/0001/ex02_sad_00075,0.07002338767051697,0.8422669172286987,0.0877097025513649
train/0001/ex02_laughing_00298,0.20408354699611664,0.7152943015098572,0.08062220364809036
train/0001/ex02_whisper_00087,0.023003602400422096,0.9172548055648804,0.05974157899618149
train/0001/ex02_laughing_00195,0.6031715869903564,0.3755928874015808,0.02123548835515976
train/0001/ex02_default_00108,0.04614220932126045,0.8538112640380859,0.10004650056362152
train/0001/ex02_whisper_00332,0.28446438908576965,0.6428090929985046,0.07272647321224213
train/0001/ex02_confused_00140,0.3287352919578552,0.640457034111023,0.030807770788669586
train/0001/ex02_laughing_00220,0.14563995599746704,0.7655287981033325,0.08883122354745865
train/0001/ex02_happy_00143,0.00960584357380867,0.7650880217552185,0.22530612349510193
train/0001/ex02_default_00205,0.21143825352191925,0.6350860595703125,0.15347567200660706
train/0001/ex02_happy_00096,0.27826493978500366,0.6756488084793091,0.046086229383945465
train/0001/ex02_default_emphasis_00133,0.8374509215354919,0.15544825792312622,0.007100761402398348
train/0001/ex02_confused_00095,0.1518692672252655,0.8250207304954529,0.023110028356313705
train/0001/ex02_sad_00118,0.4395815432071686,0.535704493522644,0.02471400983631611
train/0001/ex02_sad_00215,0.8656043410301208,0.12567229568958282,0.00872331764549017
train/0001/ex02_enunciated_00302,0.17224052548408508,0.7974119782447815,0.03034759685397148
train/0001/ex02_confused_00242,0.12379711121320724,0.708332359790802,0.16787053644657135
train/0001/ex02_laughing_00122,0.2443266361951828,0.7209495306015015,0.03472393378615379
train/0001/ex02_happy_00241,0.058345574885606766,0.3288707733154297,0.6127836108207703
train/0001/ex02_default_00107,0.0035693999379873276,0.2141706794500351,0.7822599411010742
train/0001/ex02_sad_00117,0.06590179353952408,0.8896844983100891,0.04441371560096741
train/0001/ex02_happy_00099,0.21112871170043945,0.6503031849861145,0.13856810331344604
train/0001/ex02_sad_00326,0.2377225160598755,0.7326018810272217,0.029675526544451714
train/0001/ex02_default_00336,0.16664640605449677,0.5923565626144409,0.24099703133106232
train/0001/ex02_enunciated_00133,0.07716292142868042,0.8652209043502808,0.057616110891103745
train/0001/ex02_confused_00073,0.2326788306236267,0.7262385487556458,0.041082557290792465
train/0001/ex02_happy_00070,0.008483685553073883,0.9251386523246765,0.06637758016586304
train/0001/ex02_laughing_00313,0.11373380571603775,0.8273743391036987,0.058891840279102325
train/0001/ex02_whisper_00201,0.561154842376709,0.4201190173625946,0.018726058304309845
train/0001/ex02_sad_00329,0.19963854551315308,0.49461376667022705,0.3057476282119751
train/0001/ex02_sad_00024,0.007023411802947521,0.44776779413223267,0.5452088117599487
train/0001/ex02_whisper_00103,0.03611838072538376,0.9272733330726624,0.03660830855369568
train/0001/ex02_default_00339,0.5580000281333923,0.3885765075683594,0.053423453122377396
train/0001/ex02_default_00034,0.0031370683573186398,0.08809465169906616,0.9087682366371155
train/0001/ex02_enunciated_00231,0.0011580600403249264,0.01219386886805296,0.9866480231285095
train/0001/ex02_laughing_00011,0.053184252232313156,0.7993424534797668,0.1474733054637909
train/0001/ex02_default_emphasis_00057,0.06729516386985779,0.7499281167984009,0.18277673423290253
train/0001/ex02_laughing_00291,0.08190718293190002,0.6555474996566772,0.26254531741142273
train/0001/ex02_default_essentials_00008,0.0778249055147171,0.7575403451919556,0.16463471949100494
train/0001/ex02_confused_00329,0.19963854551315308,0.49461376667022705,0.3057476282119751
train/0001/ex02_laughing_00049,0.47817760705947876,0.5040975213050842,0.01772487536072731
train/0001/ex02_enunciated_00269,0.010362646542489529,0.1745462268590927,0.8150911331176758
train/0001/ex02_whisper_00256,0.029252151027321815,0.9219889640808105,0.04875890910625458
train/0001/ex02_enunciated_00164,0.30561378598213196,0.6411770582199097,0.053209129720926285
train/0001/ex02_happy_00027,0.03584600239992142,0.8175678849220276,0.146586075425148
train/0001/ex02_laughing_00344,0.05346986651420593,0.8994195461273193,0.04711055010557175
train/0001/ex02_confused_00024,0.007023411802947521,0.44776779413223267,0.5452088117599487
train/0001/ex02_sad_00073,0.2326788306236267,0.7262385487556458,0.041082557290792465
train/0001/ex02_default_emphasis_00058,0.06729516386985779,0.7499281167984009,0.18277673423290253
train/0001/ex02_laughing_00193,0.0017845351248979568,0.02148221805691719,0.9767332673072815
train/0001/ex02_enunciated_00266,0.0015209476696327329,0.025662222877144814,0.9728168249130249
train/0001/ex02_happy_00325,0.4724472165107727,0.5009860396385193,0.026566747575998306
train/0001/ex02_laughing_00046,0.024594487622380257,0.850300133228302,0.12510541081428528
train/0001/ex02_confused_00326,0.2377225160598755,0.7326018810272217,0.029675526544451714
train/0001/ex02_default_00063,0.06178424879908562,0.8986589908599854,0.03955678269267082
train/0001/ex02_default_essentials_00007,0.029526421800255775,0.4795122444629669,0.49096131324768066
train/0001/ex02_happy_00028,0.0848187655210495,0.8767452239990234,0.03843601793050766
train/0001/ex02_default_00252,0.8132262229919434,0.1730959266424179,0.01367789227515459
train/0001/ex02_enunciated_00057,0.057206686586141586,0.8902364373207092,0.05255681648850441
train/0001/ex02_laughing_00277,0.6483612060546875,0.33820781111717224,0.013431047089397907
train/0001/ex02_happy_00114,0.3452009856700897,0.5967873334884644,0.058011751621961594
train/0001/ex02_confused_00117,0.09526010602712631,0.8707876801490784,0.03395223990082741
train/0001/ex02_happy_00219,0.22551995515823364,0.5397462844848633,0.23473374545574188
train/0001/ex02_sad_00242,0.12379711121320724,0.708332359790802,0.16787053644657135
train/0001/ex02_enunciated_00182,0.01275235041975975,0.666507363319397,0.32074034214019775
train/0001/ex02_confused_00118,0.4395815432071686,0.535704493522644,0.02471400983631611
train/0001/ex02_laughing_00278,0.2575361728668213,0.7136768698692322,0.028787007555365562
train/0001/ex02_enunciated_00058,0.23622821271419525,0.6360023617744446,0.12776945531368256
train/0001/ex02_whisper_00067,0.17903493344783783,0.787692666053772,0.03327232599258423
train/0001/ex02_sad_00095,0.1518692672252655,0.8250207304954529,0.023110028356313705
train/0001/ex02_default_00150,0.09605090320110321,0.8011907935142517,0.1027582511305809
train/0001/ex02_laughing_00175,0.34530869126319885,0.6249122023582458,0.02977917343378067
train/0001/ex02_happy_00216,0.1381250023841858,0.8281793594360352,0.033695563673973083
train/0001/ex02_confused_00215,0.8656043410301208,0.12567229568958282,0.00872331764549017
train/0001/ex02_default_00085,0.012915730476379395,0.6756482720375061,0.3114359974861145
train/0001/ex02_enunciated_00280,0.924194872379303,0.06472714990377426,0.011077916249632835
train/0001/ex02_sad_00140,0.3287352919578552,0.640457034111023,0.030807770788669586
train/0001/ex02_happy_00089,0.03429824486374855,0.7192011475563049,0.246500626206398
train/0001/ex02_sad_00107,0.0035693999379873276,0.2141706794500351,0.7822599411010742
train/0001/ex02_default_00117,0.07920881360769272,0.8766546845436096,0.044136468321084976
train/0001/ex02_enunciated_00312,0.1869836151599884,0.7045785784721375,0.10843782126903534
train/0001/ex02_laughing_00132,0.02442552149295807,0.8763226270675659,0.09925179183483124
train/0001/ex02_happy_00251,0.01153810415416956,0.942663848400116,0.04579807072877884
train/0001/ex02_confused_00252,0.8451275825500488,0.14421607553958893,0.010656366124749184
train/0001/ex02_sad_00108,0.04614220932126045,0.8538112640380859,0.10004650056362152
train/0001/ex02_confused_00085,0.012915730476379395,0.6756482720375061,0.3114359974861145
train/0001/ex02_default_emphasis_00123,0.012201355770230293,0.8300930857658386,0.15770560503005981
train/0001/ex02_happy_00086,0.016757851466536522,0.1786259263753891,0.8046161532402039
train/0001/ex02_sad_00205,0.21143825352191925,0.6350860595703125,0.15347567200660706
train/0001/ex02_default_00118,0.4395815432071686,0.535704493522644,0.02471400983631611
train/0001/ex02_default_00215,0.8656043410301208,0.12567229568958282,0.00872331764549017
train/0001/ex02_enunciated_00010,0.08536644279956818,0.8612385988235474,0.05339499190449715
train/0001/ex02_laughing_00230,0.5711504817008972,0.40201622247695923,0.026833277195692062
train/0001/ex02_happy_00153,0.27262046933174133,0.6058039665222168,0.12157554924488068
train/0001/ex02_confused_00150,0.09605090320110321,0.8011907935142517,0.1027582511305809
train/0001/ex02_default_00329,0.19963854551315308,0.49461376667022705,0.3057476282119751
train/0001/ex02_whisper_00113,0.0016251940978690982,0.02126004733145237,0.977114737033844
train/0001/ex02_enunciated_00221,0.003325458848848939,0.8628365397453308,0.13383792340755463
train/0001/ex02_laughing_00001,0.0175890251994133,0.9249237775802612,0.05748721957206726
train/0001/ex02_default_00024,0.007023411802947521,0.44776779413223267,0.5452088117599487
train/0001/ex02_sad_00339,0.5580000281333923,0.3885765075683594,0.053423453122377396
train/0001/ex02_sad_00034,0.0031370683573186398,0.08809465169906616,0.9087682366371155
train/0001/ex02_enunciated_00123,0.3501397967338562,0.6392654776573181,0.010594679974019527
train/0001/ex02_happy_00060,0.4246140718460083,0.5387611389160156,0.036624740809202194
train/0001/ex02_laughing_00303,0.9225702881813049,0.07181555777788162,0.005614053923636675
train/0001/ex02_confused_00063,0.06178424879908562,0.8986589908599854,0.03955678269267082
train/0001/ex02_default_00326,0.2377225160598755,0.7326018810272217,0.029675526544451714
train/0001/ex02_whisper_00211,0.30232325196266174,0.5501759052276611,0.1475008875131607
train/0001/ex02_sad_00336,0.16664640605449677,0.5923565626144409,0.24099703133106232
train/0001/ex02_default_emphasis_00010,0.24124275147914886,0.7324213981628418,0.026335880160331726
train/0001/ex02_default_00073,0.2326788306236267,0.7262385487556458,0.041082557290792465
train/0001/ex02_default_essentials_00017,0.2475205361843109,0.55415278673172,0.19832667708396912
train/0001/ex02_enunciated_00276,0.033624835312366486,0.781676709651947,0.1846984624862671
train/0001/ex02_confused_00336,0.16664640605449677,0.5923565626144409,0.24099703133106232
train/0001/ex02_happy_00335,0.1485525369644165,0.7707697749137878,0.08067774027585983
train/0001/ex02_laughing_00056,0.16112975776195526,0.8143020868301392,0.024568140506744385
train/0001/ex02_happy_00038,0.12549647688865662,0.8382888436317444,0.03621466085314751
train/0001/ex02_default_emphasis_00048,0.013173938728868961,0.9369238615036011,0.049902234226465225
train/0001/ex02_whisper_00091,0.37465858459472656,0.6071444153785706,0.01819702237844467
train/0001/ex02_sad_00063,0.06178424879908562,0.8986589908599854,0.03955678269267082
train/0001/ex02_laughing_00183,0.0017552711069583893,0.05537712201476097,0.9428675770759583
train/0001/ex02_laughing_00059,0.1507956087589264,0.8138753175735474,0.03532903268933296
train/0001/ex02_confused_00339,0.572287917137146,0.3781641721725464,0.04954785853624344
train/0001/ex02_enunciated_00279,0.07521391659975052,0.7445290684700012,0.18025702238082886
train/0001/ex02_default_essentials_00018,0.019318217411637306,0.30373623967170715,0.6769455671310425
train/0001/ex02_enunciated_00174,0.8550758361816406,0.13494890928268433,0.009975249879062176
train/0001/ex02_confused_00034,0.0031370683573186398,0.08809465169906616,0.9087682366371155
train/0001/ex02_happy_00037,0.0035797301679849625,0.5123865604400635,0.4840337038040161
train/0001/ex02_laughing_00281,0.0420914851129055,0.6832646727561951,0.27464383840560913
train/0001/ex02_default_emphasis_00047,0.03499012440443039,0.914771556854248,0.05023838207125664
train/0001/ex02_enunciated_00290,0.03211359307169914,0.7040898203849792,0.26379653811454773
train/0001/ex02_default_00095,0.1518692672252655,0.8250207304954529,0.023110028356313705
train/0001/ex02_sad_00150,0.09605090320110321,0.8011907935142517,0.1027582511305809
train/0001/ex02_sad_00085,0.012915730476379395,0.6756482720375061,0.3114359974861145
train/0001/ex02_laughing_00268,0.9588661789894104,0.038570843636989594,0.002563005080446601
train/0001/ex02_confused_00108,0.04614220932126045,0.8538112640380859,0.10004650056362152
train/0001/ex02_whisper_00077,0.07543641328811646,0.8612791895866394,0.06328436732292175
train/0001/ex02_enunciated_00048,0.9301458597183228,0.06503742933273315,0.004816732369363308
train/0001/ex02_enunciated_00345,0.06616958230733871,0.9123812913894653,0.021449057385325432
train/0001/ex02_confused_00205,0.21143825352191925,0.6350860595703125,0.15347567200660706
train/0001/ex02_laughing_00165,0.007737431675195694,0.5413820743560791,0.4508804976940155
train/0001/ex02_happy_00206,0.07771839946508408,0.8598184585571289,0.062463223934173584
train/0001/ex02_default_00140,0.3287352919578552,0.640457034111023,0.030807770788669586
train/0001/ex02_sad_00252,0.8451275825500488,0.14421607553958893,0.010656366124749184
train/0001/ex02_enunciated_00192,0.12103544920682907,0.8003243803977966,0.0786401629447937
train/0001/ex02_enunciated_00047,0.12185808271169662,0.8017335534095764,0.07640828937292099
train/0001/ex02_confused_00107,0.0035693999379873276,0.2141706794500351,0.7822599411010742
train/0001/ex02_laughing_00267,0.06118832901120186,0.9018845558166504,0.03692709654569626
train/0001/ex02_happy_00104,0.026983467862010002,0.8926637172698975,0.08035288751125336
train/0001/ex02_default_00242,0.12379711121320724,0.708332359790802,0.16787053644657135
train/0001/ex02_happy_00209,0.07972276210784912,0.8278282284736633,0.09244906157255173
train/0001/ex02_confused_00189,0.03936302289366722,0.8633301854133606,0.09730671346187592
train/0001/ex02_sad_00004,0.06051434949040413,0.9036704301834106,0.03581520542502403
train/0001/ex02_sad_00309,0.03645262494683266,0.9187203645706177,0.04482699930667877
train/0001/ex02_happy_00287,0.022768104448914528,0.6890683770179749,0.28816354274749756
train/0001/ex02_confused_00284,0.1520291119813919,0.8235791921615601,0.024391699582338333
train/0001/ex02_default_00014,0.15363790094852448,0.6893875598907471,0.15697452425956726
train/0001/ex02_confused_00351,0.58347487449646,0.38957855105400085,0.026946621015667915
train/0001/ex02_laughing_00031,0.4332762360572815,0.546027421951294,0.02069634199142456
train/0001/ex02_enunciated_00211,0.30232325196266174,0.5501759052276611,0.1475008875131607
train/0001/ex02_default_00319,0.7760627269744873,0.19754578173160553,0.02639143355190754
train/0001/ex02_happy_00185,0.022589292377233505,0.4751790463924408,0.5022316575050354
train/0001/ex02_confused_00186,0.011997133493423462,0.9110555052757263,0.076947420835495
train/0001/ex02_default_emphasis_00020,0.06358670443296432,0.8794644474983215,0.05694884806871414
train/0001/ex02_happy_00288,0.9395084381103516,0.057670705020427704,0.0028208375442773104
train/0001/ex02_sad_00306,0.014916479587554932,0.09870318323373795,0.8863803744316101
train/0001/ex02_whisper_00221,0.003325458848848939,0.8628365397453308,0.13383792340755463
train/0001/ex02_default_00316,0.7034976482391357,0.2795005440711975,0.017001790925860405
train/0001/ex02_confused_00053,0.05770311504602432,0.5519937872886658,0.3903030753135681
train/0001/ex02_laughing_00333,0.038076672703027725,0.9223710894584656,0.03955215960741043
train/0001/ex02_happy_00050,0.033514417707920074,0.8277928233146667,0.13869281113147736
train/0001/ex02_enunciated_00113,0.0016251940978690982,0.02126004733145237,0.977114737033844
train/0001/ex02_confused_00262,0.001771323848515749,0.044296782463788986,0.9539318680763245
train/0001/ex02_happy_00261,0.044988445937633514,0.9007417559623718,0.05426984280347824
train/0001/ex02_laughing_00102,0.865205705165863,0.12596607208251953,0.008828165009617805
train/0001/ex02_enunciated_00322,0.2970743179321289,0.670404851436615,0.03252082318067551
train/0001/ex02_default_00127,0.7405396103858948,0.2427251935005188,0.016735168173909187
train/0001/ex02_sad_00137,0.0010134342592209578,0.03542720526456833,0.9635593295097351
train/0001/ex02_confused_00160,0.22976699471473694,0.7111707925796509,0.05906221270561218
train/0001/ex02_happy_00163,0.03454364091157913,0.9304764270782471,0.034980010241270065
train/0001/ex02_laughing_00200,0.08881431072950363,0.6176020503044128,0.2935836613178253
train/0001/ex02_enunciated_00020,0.1748080849647522,0.7000768780708313,0.12511509656906128
train/0001/ex02_default_00225,0.45831072330474854,0.40662312507629395,0.13506615161895752
train/0001/ex02_default_00128,0.83079594373703,0.15898679196834564,0.010217346251010895
train/0001/ex02_sad_00235,0.15102244913578033,0.8035215735435486,0.045455895364284515
train/0001/ex02_default_emphasis_00113,0.08392035961151123,0.8331006765365601,0.08297895640134811
train/0001/ex02_sad_00138,0.2509743869304657,0.7245776653289795,0.02444796822965145
train/0001/ex02_default_00170,0.14152488112449646,0.8097599744796753,0.04871508851647377
train/0001/ex02_happy_00236,0.05354355275630951,0.8823181390762329,0.06413830816745758
train/0001/ex02_laughing_00155,0.04196382313966751,0.9158188700675964,0.04221733659505844
train/0001/ex02_confused_00235,0.15102244913578033,0.8035215735435486,0.045455895364284515
train/0001/ex02_enunciated_00078,0.005672409199178219,0.6291465163230896,0.365181028842926
train/0001/ex02_whisper_00047,0.12185808271169662,0.8017335534095764,0.07640828937292099
train/0001/ex02_confused_00138,0.2509743869304657,0.7245776653289795,0.02444796822965145
train/0001/ex02_laughing_00258,0.018747245892882347,0.6826402544975281,0.29861247539520264
train/0001/ex02_sad_00160,0.22976699471473694,0.7111707925796509,0.05906221270561218
train/0001/ex02_laughing_00080,0.07196446508169174,0.7531659007072449,0.1748696118593216
train/0001/ex02_happy_00239,0.007713205646723509,0.40063074231147766,0.5916560888290405
train/0001/ex02_default_00272,0.3263716399669647,0.6226916909217834,0.050936661660671234
train/0001/ex02_happy_00134,0.07036440819501877,0.9076131582260132,0.02202245034277439
train/0001/ex02_laughing_00257,0.17942753434181213,0.7848970293998718,0.03567538037896156
train/0001/ex02_confused_00137,0.0010134342592209578,0.03542720526456833,0.9635593295097351
train/0001/ex02_default_emphasis_00091,0.11707444489002228,0.8140677213668823,0.06885790079832077
train/0001/ex02_enunciated_00077,0.07543641328811646,0.8612791895866394,0.06328436732292175
train/0001/ex02_default_emphasis_00144,0.3183474838733673,0.6232360005378723,0.05841650441288948
train/0001/ex02_whisper_00290,0.03211359307169914,0.7040898203849792,0.26379653811454773
train/0001/ex02_sad_00262,0.001771323848515749,0.044296782463788986,0.9539318680763245
train/0001/ex02_default_00196,0.0852571427822113,0.8821988105773926,0.03254405036568642
train/0001/ex02_sad_00053,0.06533370167016983,0.5402063727378845,0.39445987343788147
train/0001/ex02_default_emphasis_00078,0.04674292355775833,0.8793635964393616,0.0738934725522995
train/0001/ex02_sad_00186,0.011997133493423462,0.9110555052757263,0.076947420835495
train/0001/ex02_happy_00008,0.020721588283777237,0.885253369808197,0.09402495622634888
train/0001/ex02_laughing_00066,0.5089542269706726,0.4613834619522095,0.029662303626537323
train/0001/ex02_happy_00305,0.8808574676513672,0.11379848420619965,0.00534413754940033
train/0001/ex02_confused_00306,0.01804089918732643,0.10295050591230392,0.8790085315704346
train/0001/ex02_enunciated_00246,0.06710432469844818,0.890652596950531,0.04224305972456932
train/0001/ex02_default_essentials_00027,0.1317422091960907,0.6852664351463318,0.1829913705587387
train/0001/ex02_default_00043,0.001582160941325128,0.02616335265338421,0.9722545146942139
train/0001/ex02_default_00199,0.8889483213424683,0.10663647204637527,0.0044152080081403255
train/0001/ex02_default_emphasis_00077,0.04674292355775833,0.8793635964393616,0.0738934725522995
train/0001/ex02_enunciated_00091,0.37465858459472656,0.6071444153785706,0.01819702237844467
train/0001/ex02_default_00294,0.0717332735657692,0.8851513862609863,0.04311544820666313
train/0001/ex02_happy_00007,0.24445554614067078,0.7012264132499695,0.05431801825761795
train/0001/ex02_confused_00004,0.06051434949040413,0.9036704301834106,0.03581520542502403
train/0001/ex02_enunciated_00144,0.2314564734697342,0.7393503189086914,0.02919323369860649
train/0001/ex02_sad_00189,0.03936302289366722,0.8633301854133606,0.09730671346187592
train/0001/ex02_default_00341,0.0828423872590065,0.8222112655639648,0.09494634717702866
train/0001/ex02_default_essentials_00028,0.7368941903114319,0.24266716837882996,0.020438607782125473
train/0001/ex02_sad_00284,0.1520291119813919,0.8235791921615601,0.024391699582338333
train/0001/ex02_enunciated_00249,0.37181681394577026,0.5548508763313293,0.07333233207464218
train/0001/ex02_confused_00309,0.03645262494683266,0.9187203645706177,0.04482699930667877
train/0001/ex02_laughing_00069,0.06513330340385437,0.8921661376953125,0.04270058497786522
train/0001/ex02_laughing_00323,0.0019963174127042294,0.3521174192428589,0.645886242389679
train/0001/ex02_happy_00040,0.7037476897239685,0.2790418267250061,0.01721048355102539
train/0001/ex02_confused_00043,0.001582160941325128,0.02616335265338421,0.9722545146942139
train/0001/ex02_enunciated_00103,0.03611838072538376,0.9272733330726624,0.03660830855369568
train/0001/ex02_default_00306,0.014916479587554932,0.09870318323373795,0.8863803744316101
train/0001/ex02_default_emphasis_00030,0.10971716791391373,0.8120302557945251,0.07825254648923874
train/0001/ex02_confused_00196,0.0852571427822113,0.8821988105773926,0.03254405036568642
train/0001/ex02_happy_00195,0.6031715869903564,0.3755928874015808,0.02123548835515976
train/0001/ex02_sad_00316,0.7034976482391357,0.2795005440711975,0.017001790925860405
train/0001/ex02_happy_00298,0.20408354699611664,0.7152943015098572,0.08062220364809036
train/0001/ex02_laughing_00021,0.4880591332912445,0.3932075798511505,0.118733249604702
train/0001/ex02_confused_00341,0.0828423872590065,0.8222112655639648,0.09494634717702866
train/0001/ex02_enunciated_00201,0.561154842376709,0.4201190173625946,0.018726058304309845
train/0001/ex02_default_00004,0.06051434949040413,0.9036704301834106,0.03581520542502403
train/0001/ex02_default_00309,0.03645262494683266,0.9187203645706177,0.04482699930667877
train/0001/ex02_whisper_00133,0.07716292142868042,0.8652209043502808,0.057616110891103745
train/0001/ex02_sad_00014,0.15363790094852448,0.6893875598907471,0.15697452425956726
train/0001/ex02_confused_00199,0.8889483213424683,0.10663647204637527,0.0044152080081403255
train/0001/ex02_confused_00294,0.0717332735657692,0.8851513862609863,0.04311544820666313
train/0001/ex02_happy_00297,0.05701341852545738,0.6758081316947937,0.2671784460544586
train/0001/ex02_sad_00319,0.7760627269744873,0.19754578173160553,0.02639143355190754
train/0001/ex02_sad_00225,0.45831072330474854,0.40662312507629395,0.13506615161895752
train/0001/ex02_sad_00128,0.83079594373703,0.15898679196834564,0.010217346251010895
train/0001/ex02_default_emphasis_00103,0.04696650430560112,0.8856437802314758,0.06738971918821335
train/0001/ex02_default_00235,0.15102244913578033,0.8035215735435486,0.045455895364284515
train/0001/ex02_happy_00173,0.07951793819665909,0.6429231762886047,0.2775588929653168
train/0001/ex02_laughing_00210,0.0665447935461998,0.6353296041488647,0.29812559485435486
train/0001/ex02_confused_00170,0.14152488112449646,0.8097599744796753,0.04871508851647377
train/0001/ex02_enunciated_00030,0.16231688857078552,0.7639966011047363,0.07368643581867218
train/0001/ex02_whisper_00302,0.17224052548408508,0.7974119782447815,0.03034759685397148
train/0001/ex02_default_00138,0.2509743869304657,0.7245776653289795,0.02444796822965145
train/0001/ex02_sad_00127,0.7405396103858948,0.2427251935005188,0.016735168173909187
train/0001/ex02_default_00137,0.0010134342592209578,0.03542720526456833,0.9635593295097351
train/0001/ex02_happy_00271,0.0025666379369795322,0.09167883545160294,0.9057545065879822
train/0001/ex02_laughing_00112,0.016017848625779152,0.5341801643371582,0.4498019814491272
train/0001/ex02_confused_00272,0.3263716399669647,0.6226916909217834,0.050936661660671234
train/0001/ex02_enunciated_00332,0.28446438908576965,0.6428090929985046,0.07272647321224213
train/0001/ex02_default_emphasis_00154,0.017505338415503502,0.2559393644332886,0.7265552878379822
train/0001/ex02_sad_00272,0.3263716399669647,0.6226916909217834,0.050936661660671234
train/0001/ex02_happy_00229,0.010637718252837658,0.8872750401496887,0.10208723694086075
train/0001/ex02_default_emphasis_00081,0.04674292355775833,0.8793635964393616,0.0738934725522995
train/0001/ex02_confused_00127,0.7405396103858948,0.2427251935005188,0.016735168173909187
train/0001/ex02_happy_00124,0.153069868683815,0.698124885559082,0.14880523085594177
train/0001/ex02_laughing_00247,0.858469545841217,0.13465815782546997,0.006872263271361589
train/0001/ex02_enunciated_00067,0.17903493344783783,0.787692666053772,0.03327232599258423
train/0001/ex02_default_00262,0.001771323848515749,0.044296782463788986,0.9539318680763245
train/0001/ex02_sad_00170,0.14152488112449646,0.8097599744796753,0.04871508851647377
train/0001/ex02_laughing_00090,0.19032885134220123,0.6835709810256958,0.12610021233558655
train/0001/ex02_confused_00225,0.45831072330474854,0.40662312507629395,0.13506615161895752
train/0001/ex02_happy_00226,0.09699002653360367,0.8560563325881958,0.04695369675755501
train/0001/ex02_laughing_00145,0.0015357345109805465,0.013683389872312546,0.9847809076309204
train/0001/ex02_default_00160,0.22976699471473694,0.7111707925796509,0.05906221270561218
train/0001/ex02_enunciated_00068,0.022185517475008965,0.9045368432998657,0.07327758520841599
train/0001/ex02_laughing_00248,0.5158234238624573,0.45690208673477173,0.027274489402770996
train/0001/ex02_confused_00128,0.83079594373703,0.15898679196834564,0.010217346251010895
train/0001/ex02_sad_00199,0.8889483213424683,0.10663647204637527,0.0044152080081403255
train/0001/ex02_confused_00014,0.15363790094852448,0.6893875598907471,0.15697452425956726
train/0001/ex02_happy_00017,0.4533483684062958,0.45687103271484375,0.08978059887886047
train/0001/ex02_enunciated_00154,0.037870172411203384,0.8647077083587646,0.09742214530706406
train/0001/ex02_enunciated_00259,0.30416226387023926,0.6727670431137085,0.023070652037858963
train/0001/ex02_laughing_00079,0.013951759785413742,0.814670205116272,0.1713780164718628
train/0001/ex02_confused_00319,0.7760627269744873,0.19754578173160553,0.02639143355190754
train/0001/ex02_sad_00294,0.0717332735657692,0.8851513862609863,0.04311544820666313
train/0001/ex02_default_00189,0.03936302289366722,0.8633301854133606,0.09730671346187592
train/0001/ex02_sad_00341,0.0828423872590065,0.8222112655639648,0.09494634717702866
train/0001/ex02_default_00284,0.1520291119813919,0.8235791921615601,0.024391699582338333
train/0001/ex02_default_emphasis_00067,0.00786680169403553,0.4109932482242584,0.5811399817466736
train/0001/ex02_enunciated_00081,0.4327239990234375,0.544623613357544,0.022652391344308853
train/0001/ex02_happy_00018,0.009725718759000301,0.6573544144630432,0.3329198360443115
train/0001/ex02_sad_00196,0.0852571427822113,0.8821988105773926,0.03254405036568642
train/0001/ex02_default_00053,0.06533370167016983,0.5402063727378845,0.39445987343788147
train/0001/ex02_confused_00316,0.7034976482391357,0.2795005440711975,0.017001790925860405
train/0001/ex02_laughing_00076,0.17224863171577454,0.7959566116333008,0.03179479017853737
train/0001/ex02_happy_00315,0.30901896953582764,0.5892375111579895,0.10174350440502167
train/0001/ex02_enunciated_00256,0.029252151027321815,0.9219889640808105,0.04875890910625458
train/0001/ex02_default_00186,0.011997133493423462,0.9110555052757263,0.076947420835495
train/0001/ex02_default_emphasis_00068,0.00786680169403553,0.4109932482242584,0.5811399817466736
train/0001/ex02_sad_00043,0.001582160941325128,0.02616335265338421,0.9722545146942139
train/0001/ex02_sad_00202,0.11086974292993546,0.8727330565452576,0.01639716699719429
train/0001/ex02_happy_00081,0.4327239990234375,0.544623613357544,0.022652391344308853
train/0001/ex02_confused_00082,0.004586553201079369,0.2868656814098358,0.7085477709770203
train/0001/ex02_default_emphasis_00124,0.007307213265448809,0.5539253354072571,0.4387674629688263
train/0001/ex02_enunciated_00017,0.4533483684062958,0.45687103271484375,0.08978059887886047
train/0001/ex02_confused_00157,0.2823227047920227,0.6518104076385498,0.06586693227291107
train/0001/ex02_happy_00154,0.037870172411203384,0.8647077083587646,0.09742214530706406
train/0001/ex02_laughing_00237,0.0059013464488089085,0.9199484586715698,0.07415013015270233
train/0001/ex02_default_00212,0.1783505231142044,0.7865291833877563,0.03512023016810417
train/0001/ex02_happy_00259,0.30416226387023926,0.6727670431137085,0.023070652037858963
train/0001/ex02_sad_00100,0.4461536407470703,0.5394561290740967,0.014390235766768456
train/0001/ex02_laughing_00238,0.1012767031788826,0.7155736088752747,0.18314968049526215
train/0001/ex02_confused_00158,0.0077320667915046215,0.16203223168849945,0.8302356600761414
train/0001/ex02_enunciated_00018,0.009725718759000301,0.6573544144630432,0.3329198360443115
train/0001/ex02_enunciated_00315,0.30901896953582764,0.5892375111579895,0.10174350440502167
train/0001/ex02_confused_00255,0.03155986964702606,0.5332602262496948,0.4351799190044403
train/0001/ex02_happy_00256,0.029252151027321815,0.9219889640808105,0.04875890910625458
train/0001/ex02_laughing_00135,0.026490621268749237,0.8394830822944641,0.13402624428272247
train/0001/ex02_default_00110,0.3512412905693054,0.5922888517379761,0.05646990239620209
train/0001/ex02_laughing_00009,0.11498632282018661,0.8568081855773926,0.02820553444325924
train/0001/ex02_enunciated_00229,0.010201751254498959,0.8921868205070496,0.0976114347577095
train/0001/ex02_default_00321,0.09904597699642181,0.8382087349891663,0.06274529546499252
train/0001/ex02_enunciated_00124,0.153069868683815,0.698124885559082,0.14880523085594177
train/0001/ex02_confused_00064,0.013383769430220127,0.36330974102020264,0.6233064532279968
train/0001/ex02_laughing_00304,0.11502022296190262,0.6876197457313538,0.19735999405384064
train/0001/ex02_happy_00067,0.17903493344783783,0.787692666053772,0.03327232599258423
train/0001/ex02_default_emphasis_00017,0.07250376045703888,0.8747134804725647,0.05278271436691284
train/0001/ex02_sad_00331,0.047647155821323395,0.7598296999931335,0.19252318143844604
train/0001/ex02_default_00023,0.707678496837616,0.2684641182422638,0.023857349529862404
train/0001/ex02_enunciated_00226,0.09699002653360367,0.8560563325881958,0.04695369675755501
train/0001/ex02_laughing_00006,0.4597949683666229,0.49837765097618103,0.041827406734228134
train/0001/ex02_happy_00068,0.022185517475008965,0.9045368432998657,0.07327758520841599
train/0001/ex02_default_emphasis_00018,0.06358670443296432,0.8794644474983215,0.05694884806871414
train/0001/ex02_sad_00033,0.0015044023748487234,0.03668614476919174,0.9618094563484192
train/0001/ex02_enunciated_00173,0.07951793819665909,0.6429231762886047,0.2775588929653168
train/0001/ex02_happy_00030,0.16231688857078552,0.7639966011047363,0.07368643581867218
train/0001/ex02_confused_00033,0.0015044023748487234,0.03668614476919174,0.9618094563484192
train/0001/ex02_whisper_00099,0.21112871170043945,0.6503031849861145,0.13856810331344604
train/0001/ex02_default_emphasis_00040,0.041460685431957245,0.43488577008247375,0.523653507232666
train/0001/ex02_laughing_00286,0.43626636266708374,0.5456806421279907,0.01805303618311882
train/0001/ex02_enunciated_00271,0.0025666379369795322,0.09167883545160294,0.9057545065879822
train/0001/ex02_laughing_00051,0.20316170156002045,0.7140898108482361,0.08274845778942108
train/0001/ex02_happy_00332,0.28446438908576965,0.6428090929985046,0.07272647321224213
train/0001/ex02_confused_00331,0.047647155821323395,0.7598296999931335,0.19252318143844604
train/0001/ex02_default_00074,0.04117512330412865,0.8973085880279541,0.06151629239320755
train/0001/ex02_default_essentials_00010,0.03396165743470192,0.8739311099052429,0.09210725128650665
train/0001/ex02_laughing_00184,0.13795886933803558,0.8410518169403076,0.020989250391721725
train/0001/ex02_sad_00064,0.013383769430220127,0.36330974102020264,0.6233064532279968
train/0001/ex02_laughing_00289,0.2201753556728363,0.6889268755912781,0.09089776873588562
train/0001/ex02_sad_00158,0.0077320667915046215,0.16203223168849945,0.8302356600761414
train/0001/ex02_enunciated_00195,0.6031715869903564,0.3755928874015808,0.02123548835515976
train/0001/ex02_enunciated_00298,0.20408354699611664,0.7152943015098572,0.08062220364809036
train/0001/ex02_sad_00255,0.018023813143372536,0.43594154715538025,0.5460346341133118
train/0001/ex02_default_00148,0.06585743278265,0.751284122467041,0.1828584372997284
train/0001/ex02_default_00245,0.20141297578811646,0.7168954610824585,0.08169151097536087
train/0001/ex02_enunciated_00040,0.7037476897239685,0.2790418267250061,0.01721048355102539
train/0001/ex02_happy_00103,0.03611838072538376,0.9272733330726624,0.03660830855369568
train/0001/ex02_laughing_00260,0.017844924703240395,0.9064688682556152,0.07568621635437012
train/0001/ex02_confused_00100,0.4461536407470703,0.5394561290740967,0.014390235766768456
train/0001/ex02_sad_00157,0.2823227047920227,0.6518104076385498,0.06586693227291107
train/0001/ex02_default_00092,0.004649490118026733,0.11148517578840256,0.8838653564453125
train/0001/ex02_enunciated_00297,0.05701341852545738,0.6758081316947937,0.2671784460544586
train/0001/ex02_default_00147,0.15633372962474823,0.7758052349090576,0.06786097586154938
train/0001/ex02_enunciated_00342,0.1432904750108719,0.7138612270355225,0.14284832775592804
train/0001/ex02_happy_00201,0.561154842376709,0.4201190173625946,0.018726058304309845
train/0001/ex02_laughing_00162,0.17390497028827667,0.7765493988990784,0.049545545130968094
train/0001/ex02_confused_00202,0.11086974292993546,0.8727330565452576,0.01639716699719429
train/0001/ex02_sad_00082,0.004586553201079369,0.2868656814098358,0.7085477709770203
train/0001/ex02_confused_00148,0.06585743278265,0.751284122467041,0.1828584372997284
train/0001/ex02_laughing_00228,0.006575831212103367,0.8167552947998047,0.17666880786418915
train/0001/ex02_enunciated_00008,0.020721588283777237,0.885253369808197,0.09402495622634888
train/0001/ex02_default_00100,0.4461536407470703,0.5394561290740967,0.014390235766768456
train/0001/ex02_enunciated_00305,0.8808574676513672,0.11379848420619965,0.00534413754940033
train/0001/ex02_happy_00246,0.06710432469844818,0.890652596950531,0.04224305972456932
train/0001/ex02_laughing_00125,0.026716159656643867,0.875836968421936,0.09744679182767868
train/0001/ex02_confused_00245,0.20141297578811646,0.7168954610824585,0.08169151097536087
train/0001/ex02_sad_00110,0.3716636896133423,0.5733109712600708,0.05502529442310333
train/0001/ex02_default_00202,0.11086974292993546,0.8727330565452576,0.01639716699719429
train/0001/ex02_enunciated_00007,0.24445554614067078,0.7012264132499695,0.05431801825761795
train/0001/ex02_happy_00144,0.2314564734697342,0.7393503189086914,0.02919323369860649
train/0001/ex02_laughing_00227,0.09113377332687378,0.6495211720466614,0.25934502482414246
train/0001/ex02_confused_00147,0.15633372962474823,0.7758052349090576,0.06786097586154938
train/0001/ex02_happy_00249,0.37181681394577026,0.5548508763313293,0.07333233207464218
train/0001/ex02_sad_00212,0.1783505231142044,0.7865291833877563,0.03512023016810417
train/0001/ex02_default_emphasis_00134,0.26725077629089355,0.6727451682090759,0.06000404804944992
train/0001/ex02_confused_00092,0.004649490118026733,0.11148517578840256,0.8838653564453125
train/0001/ex02_happy_00091,0.37465858459472656,0.6071444153785706,0.01819702237844467
train/0001/ex02_sad_00023,0.707678496837616,0.2684641182422638,0.023857349529862404
train/0001/ex02_default_emphasis_00008,0.07571644335985184,0.8149771690368652,0.10930638760328293
train/0001/ex02_enunciated_00236,0.05354355275630951,0.8823181390762329,0.06413830816745758
train/0001/ex02_laughing_00016,0.007168489508330822,0.4763779640197754,0.5164535045623779
train/0001/ex02_default_00033,0.0015044023748487234,0.03668614476919174,0.9618094563484192
train/0001/ex02_happy_00078,0.005672409199178219,0.6291465163230896,0.365181028842926
train/0001/ex02_default_emphasis_00007,0.07571644335985184,0.8149771690368652,0.10930638760328293
train/0001/ex02_sad_00321,0.09904597699642181,0.8382087349891663,0.06274529546499252
train/0001/ex02_laughing_00019,0.002938962308689952,0.038471028208732605,0.958590030670166
train/0001/ex02_enunciated_00239,0.007713205646723509,0.40063074231147766,0.5916560888290405
train/0001/ex02_enunciated_00134,0.07036440819501877,0.9076131582260132,0.02202245034277439
train/0001/ex02_laughing_00314,0.08167684078216553,0.8541935682296753,0.06412966549396515
train/0001/ex02_happy_00077,0.07543641328811646,0.8612791895866394,0.06328436732292175
train/0001/ex02_confused_00074,0.04117512330412865,0.8973085880279541,0.06151629239320755
train/0001/ex02_default_00331,0.047647155821323395,0.7598296999931335,0.19252318143844604
train/0001/ex02_laughing_00194,0.8213545083999634,0.17280016839504242,0.005845286883413792
train/0001/ex02_laughing_00299,0.03625519946217537,0.7512585520744324,0.21248625218868256
train/0001/ex02_sad_00074,0.04117512330412865,0.8973085880279541,0.06151629239320755
train/0001/ex02_default_00064,0.013383769430220127,0.36330974102020264,0.6233064532279968
train/0001/ex02_enunciated_00261,0.044988445937633514,0.9007417559623718,0.05426984280347824
train/0001/ex02_confused_00321,0.09904597699642181,0.8382087349891663,0.06274529546499252
train/0001/ex02_laughing_00041,0.016405485570430756,0.7703282237052917,0.2132662981748581
train/0001/ex02_happy_00322,0.2970743179321289,0.670404851436615,0.03252082318067551
train/0001/ex02_laughing_00296,0.03529301658272743,0.7136014699935913,0.25110548734664917
train/0001/ex02_default_emphasis_00050,0.00813021045178175,0.8526159524917603,0.1392538845539093
train/0001/ex02_enunciated_00163,0.03454364091157913,0.9304764270782471,0.034980010241270065
train/0001/ex02_confused_00023,0.707678496837616,0.2684641182422638,0.023857349529862404
train/0001/ex02_laughing_00343,0.6738334894180298,0.2954166829586029,0.030749857425689697
train/0001/ex02_happy_00020,0.1748080849647522,0.7000768780708313,0.12511509656906128
train/0001/ex02_enunciated_00352,0.004833118058741093,0.4394358992576599,0.5557309985160828
train/0001/ex02_confused_00212,0.1319415271282196,0.8173717856407166,0.05068668723106384
train/0001/ex02_happy_00211,0.30232325196266174,0.5501759052276611,0.1475008875131607
train/0001/ex02_laughing_00172,0.1331103891134262,0.7742996215820312,0.09258994460105896
train/0001/ex02_default_00157,0.2823227047920227,0.6518104076385498,0.06586693227291107
train/0001/ex02_sad_00092,0.004649490118026733,0.11148517578840256,0.8838653564453125
train/0001/ex02_whisper_00060,0.4246140718460083,0.5387611389160156,0.036624740809202194
train/0001/ex02_sad_00147,0.15633372962474823,0.7758052349090576,0.06786097586154938
train/0001/ex02_enunciated_00287,0.022768104448914528,0.6890683770179749,0.28816354274749756
train/0001/ex02_default_00082,0.004586553201079369,0.2868656814098358,0.7085477709770203
train/0001/ex02_default_00158,0.0077320667915046215,0.16203223168849945,0.8302356600761414
train/0001/ex02_enunciated_00050,0.033514417707920074,0.8277928233146667,0.13869281113147736
train/0001/ex02_confused_00110,0.3716636896133423,0.5733109712600708,0.05502529442310333
train/0001/ex02_happy_00113,0.0016251940978690982,0.02126004733145237,0.977114737033844
train/0001/ex02_laughing_00270,0.5870163440704346,0.32319873571395874,0.0897848978638649
train/0001/ex02_default_00255,0.03155986964702606,0.5332602262496948,0.4351799190044403
train/0001/ex02_enunciated_00185,0.022589292377233505,0.4751790463924408,0.5022316575050354
train/0001/ex02_sad_00148,0.06585743278265,0.751284122467041,0.1828584372997284
train/0001/ex02_sad_00245,0.10581671446561813,0.7710128426551819,0.12317048013210297
train/0001/ex02_enunciated_00288,0.9395084381103516,0.057670705020427704,0.0028208375442773104
train/0001/ex02_happy_00048,0.9301458597183228,0.06503742933273315,0.004816732369363308
train/0001/ex02_default_00003,0.152921661734581,0.8193328976631165,0.02774546481668949
train/0001/ex02_confused_00346,0.09867558628320694,0.653037428855896,0.24828694760799408
train/0001/ex02_laughing_00026,0.019739214330911636,0.23238666355609894,0.7478741407394409
train/0001/ex02_enunciated_00206,0.07771839946508408,0.8598184585571289,0.062463223934173584
train/0001/ex02_happy_00290,0.03211359307169914,0.7040898203849792,0.26379653811454773
train/0001/ex02_confused_00293,0.003123615402728319,0.02766129933297634,0.9692150950431824
train/0001/ex02_default_emphasis_00038,0.01305860560387373,0.7872170209884644,0.19972442090511322
train/0001/ex02_sad_00013,0.5804564356803894,0.3910844922065735,0.028459051623940468
train/0001/ex02_default_00301,0.3051969110965729,0.6720612049102783,0.02274191938340664
train/0001/ex02_confused_00044,0.028036147356033325,0.408588171005249,0.5633756518363953
train/0001/ex02_happy_00047,0.12185808271169662,0.8017335534095764,0.07640828937292099
train/0001/ex02_laughing_00324,0.2891145646572113,0.6794304251670837,0.031454991549253464
train/0001/ex02_enunciated_00104,0.026983467862010002,0.8926637172698975,0.08035288751125336
train/0001/ex02_whisper_00236,0.05354355275630951,0.8823181390762329,0.06413830816745758
train/0001/ex02_enunciated_00209,0.05054839327931404,0.7925739288330078,0.15687766671180725
train/0001/ex02_laughing_00029,0.1896430253982544,0.748387336730957,0.0619695745408535
train/0001/ex02_confused_00349,0.7332802414894104,0.23570379614830017,0.031015878543257713
train/0001/ex02_sad_00311,0.010005061514675617,0.2102869749069214,0.7797079682350159
train/0001/ex02_happy_00192,0.12103544920682907,0.8003243803977966,0.0786401629447937
train/0001/ex02_default_emphasis_00037,0.01305860560387373,0.7872170209884644,0.19972442090511322
train/0001/ex02_confused_00191,0.8909582495689392,0.10325776040554047,0.005784034263342619
train/0001/ex02_sad_00120,0.013102240860462189,0.14612028002738953,0.8407775163650513
train/0001/ex02_confused_00275,0.24538180232048035,0.7171393036842346,0.03747885301709175
train/0001/ex02_laughing_00115,0.1113908588886261,0.7737213969230652,0.11488769948482513
train/0001/ex02_happy_00276,0.033624835312366486,0.781676709651947,0.1846984624862671
train/0001/ex02_enunciated_00335,0.1485525369644165,0.7707697749137878,0.08067774027585983
train/0001/ex02_default_00130,0.34296220541000366,0.6336873769760132,0.023350488394498825
train/0001/ex02_whisper_00007,0.24445554614067078,0.7012264132499695,0.05431801825761795
train/0001/ex02_enunciated_00038,0.12549647688865662,0.8382888436317444,0.03621466085314751
train/0001/ex02_laughing_00218,0.11984019726514816,0.8271512389183044,0.053008582442998886
train/0001/ex02_confused_00178,0.007625045254826546,0.088608518242836,0.903766393661499
train/0001/ex02_default_emphasis_00104,0.3701518476009369,0.6073269844055176,0.022521162405610085
train/0001/ex02_sad_00222,0.08944165706634521,0.8528750538825989,0.05768318846821785
train/0001/ex02_whisper_00305,0.8808574676513672,0.11379848420619965,0.00534413754940033
train/0001/ex02_happy_00279,0.07521391659975052,0.7445290684700012,0.18025702238082886
train/0001/ex02_confused_00177,0.09630649536848068,0.8272473216056824,0.07644619792699814
train/0001/ex02_laughing_00217,0.8002359867095947,0.18118759989738464,0.018576331436634064
train/0001/ex02_happy_00174,0.8550758361816406,0.13494890928268433,0.009975249879062176
train/0001/ex02_enunciated_00037,0.34914323687553406,0.6213275194168091,0.029529191553592682
train/0001/ex02_whisper_00008,0.025501923635601997,0.891515851020813,0.08298222720623016
train/0001/ex02_default_00232,0.04372882470488548,0.9212042093276978,0.03506705164909363
train/0001/ex02_laughing_00097,0.09553937613964081,0.8503142595291138,0.05414631590247154
train/0001/ex02_sad_00177,0.09630649536848068,0.8272473216056824,0.07644619792699814
train/0001/ex02_default_emphasis_00089,0.11707444489002228,0.8140677213668823,0.06885790079832077
train/0001/ex02_default_00167,0.03422541916370392,0.9121272563934326,0.05364735797047615
train/0001/ex02_laughing_00142,0.5840347409248352,0.39768022298812866,0.018285054713487625
train/0001/ex02_happy_00221,0.003325458848848939,0.8628365397453308,0.13383792340755463
train/0001/ex02_confused_00222,0.08944165706634521,0.8528750538825989,0.05768318846821785
train/0001/ex02_laughing_00098,0.0019740527495741844,0.016044192016124725,0.9819818139076233
train/0001/ex02_sad_00275,0.24538180232048035,0.7171393036842346,0.03747885301709175
train/0001/ex02_sad_00178,0.008121410384774208,0.08962874859571457,0.902249813079834
train/0001/ex02_default_emphasis_00153,0.017505338415503502,0.2559393644332886,0.7265552878379822
train/0001/ex02_default_00265,0.2064540833234787,0.7661718130111694,0.027374105527997017
train/0001/ex02_laughing_00240,0.03834046795964241,0.894947350025177,0.06671220809221268
train/0001/ex02_happy_00123,0.3501397967338562,0.6392654776573181,0.010594679974019527
train/0001/ex02_default_emphasis_00086,0.03260906785726547,0.8402206897735596,0.12717024981975555
train/0001/ex02_confused_00120,0.013102240860462189,0.14612028002738953,0.8407775163650513
train/0001/ex02_enunciated_00060,0.4246140718460083,0.5387611389160156,0.036624740809202194
train/0001/ex02_default_00168,0.5842964053153992,0.3685208261013031,0.04718274995684624
train/0001/ex02_happy_00312,0.1869836151599884,0.7045785784721375,0.10843782126903534
train/0001/ex02_laughing_00071,0.12560459971427917,0.7942026257514954,0.08019272238016129
train/0001/ex02_confused_00311,0.010005061514675617,0.2102869749069214,0.7797079682350159
train/0001/ex02_enunciated_00251,0.01153810415416956,0.942663848400116,0.04579807072877884
train/0001/ex02_default_essentials_00030,0.6566516757011414,0.3228301703929901,0.020518196746706963
train/0001/ex02_default_00054,0.6240410208702087,0.34925082325935364,0.026708196848630905
train/0001/ex02_sad_00191,0.8909582495689392,0.10325776040554047,0.005784034263342619
train/0001/ex02_whisper_00163,0.03454364091157913,0.9304764270782471,0.034980010241270065
train/0001/ex02_sad_00044,0.028036147356033325,0.408588171005249,0.5633756518363953
train/0001/ex02_enunciated_00089,0.03429824486374855,0.7192011475563049,0.246500626206398
train/0001/ex02_default_00181,0.19705137610435486,0.7746001482009888,0.0283485297113657
train/0001/ex02_sad_00293,0.003123615402728319,0.02766129933297634,0.9692150950431824
train/0001/ex02_happy_00010,0.08536644279956818,0.8612385988235474,0.05339499190449715
train/0001/ex02_confused_00013,0.5804564356803894,0.3910844922065735,0.028459051623940468
train/0001/ex02_enunciated_00153,0.27262046933174133,0.6058039665222168,0.12157554924488068
train/0001/ex02_default_emphasis_00060,0.6676812767982483,0.2950133681297302,0.037305351346731186
train/0001/ex02_enunciated_00086,0.016757851466536522,0.1786259263753891,0.8046161532402039
train/0001/ex02_default_00283,0.03237755224108696,0.8022417426109314,0.16538061201572418
train/0001/ex02_sad_00301,0.3051969110965729,0.6720612049102783,0.02274191938340664
train/0001/ex02_confused_00181,0.19705137610435486,0.7746001482009888,0.0283485297113657
train/0001/ex02_default_emphasis_00027,0.0010408504167571664,0.09981009364128113,0.8991490006446838
train/0001/ex02_happy_00182,0.01275235041975975,0.666507363319397,0.32074034214019775
train/0001/ex02_happy_00057,0.057206686586141586,0.8902364373207092,0.05255681648850441
train/0001/ex02_laughing_00334,0.0020368124824017286,0.27254828810691833,0.7254149317741394
train/0001/ex02_confused_00054,0.6653682589530945,0.3139093816280365,0.020722374320030212
train/0001/ex02_enunciated_00114,0.3452009856700897,0.5967873334884644,0.058011751621961594
train/0001/ex02_default_00311,0.010005061514675617,0.2102869749069214,0.7797079682350159
train/0001/ex02_enunciated_00219,0.22551995515823364,0.5397462844848633,0.23473374545574188
train/0001/ex02_laughing_00039,0.029765430837869644,0.909686267375946,0.060548342764377594
train/0001/ex02_confused_00283,0.03237755224108696,0.8022417426109314,0.16538061201572418
train/0001/ex02_happy_00280,0.924194872379303,0.06472714990377426,0.011077916249632835
train/0001/ex02_sad_00003,0.152921661734581,0.8193328976631165,0.02774546481668949
train/0001/ex02_default_emphasis_00028,0.0010408504167571664,0.09981009364128113,0.8991490006446838
train/0001/ex02_happy_00058,0.23622821271419525,0.6360023617744446,0.12776945531368256
train/0001/ex02_laughing_00036,0.0033111833035945892,0.5301128625869751,0.46657595038414
train/0001/ex02_enunciated_00216,0.1381250023841858,0.8281793594360352,0.033695563673973083
train/0001/ex02_default_00013,0.5804564356803894,0.3910844922065735,0.028459051623940468
train/0001/ex02_whisper_00315,0.30901896953582764,0.5892375111579895,0.10174350440502167
train/0001/ex02_happy_00269,0.010362646542489529,0.1745462268590927,0.8150911331176758
train/0001/ex02_default_00222,0.08944165706634521,0.8528750538825989,0.05768318846821785
train/0001/ex02_laughing_00207,0.012439550831913948,0.913028359413147,0.07453206181526184
train/0001/ex02_happy_00164,0.30561378598213196,0.6411770582199097,0.053209129720926285
train/0001/ex02_confused_00167,0.03422541916370392,0.9121272563934326,0.05364735797047615
train/0001/ex02_whisper_00018,0.009725718759000301,0.6573544144630432,0.3329198360443115
train/0001/ex02_enunciated_00027,0.03584600239992142,0.8175678849220276,0.146586075425148
train/0001/ex02_default_emphasis_00114,0.44374197721481323,0.5323166847229004,0.023941323161125183
train/0001/ex02_sad_00232,0.04372882470488548,0.9212042093276978,0.03506705164909363
train/0001/ex02_default_00120,0.013102240860462189,0.14612028002738953,0.8407775163650513
train/0001/ex02_laughing_00105,0.4597599506378174,0.42371663451194763,0.11652342230081558
train/0001/ex02_happy_00266,0.0015209476696327329,0.025662222877144814,0.9728168249130249
train/0001/ex02_confused_00265,0.2064540833234787,0.7661718130111694,0.027374105527997017
train/0001/ex02_enunciated_00325,0.4724472165107727,0.5009860396385193,0.026566747575998306
train/0001/ex02_enunciated_00028,0.0848187655210495,0.8767452239990234,0.03843601793050766
train/0001/ex02_whisper_00017,0.4533483684062958,0.45687103271484375,0.08978059887886047
train/0001/ex02_confused_00168,0.5842964053153992,0.3685208261013031,0.04718274995684624
train/0001/ex02_laughing_00208,0.1543956995010376,0.7330600023269653,0.11254426091909409
train/0001/ex02_sad_00130,0.34296220541000366,0.6336873769760132,0.023350488394498825
train/0001/ex02_confused_00130,0.34296220541000366,0.6336873769760132,0.023350488394498825
train/0001/ex02_default_emphasis_00096,0.18347808718681335,0.7843606472015381,0.032161250710487366
train/0001/ex02_laughing_00250,0.0011318756733089685,0.02013908512890339,0.9787290096282959
train/0001/ex02_happy_00133,0.07716292142868042,0.8652209043502808,0.057616110891103745
train/0001/ex02_enunciated_00070,0.008483685553073883,0.9251386523246765,0.06637758016586304
train/0001/ex02_default_00275,0.24538180232048035,0.7171393036842346,0.03747885301709175
train/0001/ex02_default_00178,0.008121410384774208,0.08962874859571457,0.902249813079834
train/0001/ex02_sad_00265,0.2064540833234787,0.7661718130111694,0.027374105527997017
train/0001/ex02_laughing_00088,0.12346767634153366,0.6769538521766663,0.1995784193277359
train/0001/ex02_default_emphasis_00143,0.3183474838733673,0.6232360005378723,0.05841650441288948
train/0001/ex02_sad_00168,0.5842964053153992,0.3685208261013031,0.04718274995684624
train/0001/ex02_default_emphasis_00099,0.04696650430560112,0.8856437802314758,0.06738971918821335
train/0001/ex02_confused_00232,0.04372882470488548,0.9212042093276978,0.03506705164909363
train/0001/ex02_laughing_00152,0.012009537778794765,0.9276031851768494,0.06038720905780792
train/0001/ex02_happy_00231,0.0011580600403249264,0.01219386886805296,0.9866480231285095
train/0001/ex02_default_00177,0.09630649536848068,0.8272473216056824,0.07644619792699814
train/0001/ex02_laughing_00087,0.023003602400422096,0.9172548055648804,0.05974157899618149
train/0001/ex02_whisper_00298,0.20408354699611664,0.7152943015098572,0.08062220364809036
train/0001/ex02_sad_00167,0.03422541916370392,0.9121272563934326,0.05364735797047615
train/0001/ex02_default_00293,0.003123615402728319,0.02766129933297634,0.9692150950431824
train/0001/ex02_default_emphasis_00070,0.20795504748821259,0.7530232071876526,0.039021700620651245
train/0001/ex02_enunciated_00096,0.27826493978500366,0.6756488084793091,0.046086229383945465
train/0001/ex02_whisper_00271,0.0025666379369795322,0.09167883545160294,0.9057545065879822
train/0001/ex02_sad_00283,0.03237755224108696,0.8022417426109314,0.16538061201572418
train/0001/ex02_confused_00003,0.152921661734581,0.8193328976631165,0.02774546481668949
train/0001/ex02_enunciated_00143,0.011974658817052841,0.7554829716682434,0.23254242539405823
train/0001/ex02_enunciated_00099,0.21112871170043945,0.6503031849861145,0.13856810331344604
train/0001/ex02_sad_00054,0.6653682589530945,0.3139093816280365,0.020722374320030212
train/0001/ex02_default_00191,0.8900734186172485,0.10356858372688293,0.006358034908771515
train/0001/ex02_default_essentials_00020,0.03927052766084671,0.40309637784957886,0.557633101940155
train/0001/ex02_default_00044,0.028036147356033325,0.408588171005249,0.5633756518363953
train/0001/ex02_confused_00301,0.3051969110965729,0.6720612049102783,0.02274191938340664
train/0001/ex02_happy_00302,0.17224052548408508,0.7974119782447815,0.03034759685397148
train/0001/ex02_laughing_00061,0.11090276390314102,0.581883430480957,0.3072138726711273
train/0001/ex02_enunciated_00241,0.058345574885606766,0.3288707733154297,0.6127836108207703
train/0001/ex02_whisper_00173,0.07951793819665909,0.6429231762886047,0.2775588929653168
train/0001/ex02_sad_00181,0.19705137610435486,0.7746001482009888,0.0283485297113657
train/0001/ex02_laughing_00094,0.8588181734085083,0.12482252717018127,0.016359254717826843
train/0001/ex02_sad_00279,0.07521391659975052,0.7445290684700012,0.18025702238082886
train/0001/ex02_sad_00174,0.8634710907936096,0.12656588852405548,0.009962945245206356
train/0001/ex02_default_00269,0.010362646542489529,0.1745462268590927,0.8150911331176758
train/0001/ex02_confused_00221,0.003325458848848939,0.8628365397453308,0.13383792340755463
train/0001/ex02_laughing_00141,0.0052887434139847755,0.1998211294412613,0.7948901653289795
train/0001/ex02_happy_00222,0.08944165706634521,0.8528750538825989,0.05768318846821785
train/0001/ex02_default_00164,0.30561378598213196,0.6411770582199097,0.053209129720926285
train/0001/ex02_sad_00276,0.033624835312366486,0.781676709651947,0.1846984624862671
train/0001/ex02_default_emphasis_00150,0.24921879172325134,0.6735577583312988,0.07722344249486923
train/0001/ex02_default_emphasis_00085,0.004378804471343756,0.09322618693113327,0.9023950099945068
train/0001/ex02_confused_00123,0.3501397967338562,0.6392654776573181,0.010594679974019527
train/0001/ex02_laughing_00243,0.001777620636858046,0.01274339109659195,0.9854789972305298
train/0001/ex02_happy_00120,0.013102240860462189,0.14612028002738953,0.8407775163650513
train/0001/ex02_enunciated_00063,0.06178424879908562,0.8986589908599854,0.03955678269267082
train/0001/ex02_default_00266,0.0015209476696327329,0.025662222877144814,0.9728168249130249
train/0001/ex02_default_essentials_00033,0.8274328112602234,0.16330650448799133,0.009260733611881733
train/0001/ex02_default_00057,0.057206686586141586,0.8902364373207092,0.05255681648850441
train/0001/ex02_confused_00312,0.1869836151599884,0.7045785784721375,0.10843782126903534
train/0001/ex02_happy_00311,0.010005061514675617,0.2102869749069214,0.7797079682350159
train/0001/ex02_laughing_00072,0.14725449681282043,0.785982072353363,0.06676342338323593
train/0001/ex02_enunciated_00252,0.8451275825500488,0.14421607553958893,0.010656366124749184
train/0001/ex02_sad_00192,0.12436534464359283,0.7930682301521301,0.08256646245718002
train/0001/ex02_sad_00047,0.12185808271169662,0.8017335534095764,0.07640828937292099
train/0001/ex02_default_00182,0.01275235041975975,0.666507363319397,0.32074034214019775
train/0001/ex02_default_00058,0.23622821271419525,0.6360023617744446,0.12776945531368256
train/0001/ex02_sad_00290,0.03211359307169914,0.7040898203849792,0.26379653811454773
train/0001/ex02_confused_00010,0.08536644279956818,0.8612385988235474,0.05339499190449715
train/0001/ex02_happy_00013,0.5804564356803894,0.3910844922065735,0.028459051623940468
train/0001/ex02_enunciated_00150,0.09605090320110321,0.8011907935142517,0.1027582511305809
train/0001/ex02_sad_00048,0.9301458597183228,0.06503742933273315,0.004816732369363308
train/0001/ex02_default_00280,0.924194872379303,0.06472714990377426,0.011077916249632835
train/0001/ex02_default_emphasis_00063,0.3399331569671631,0.5942109823226929,0.06585580110549927
train/0001/ex02_enunciated_00085,0.012915730476379395,0.6756482720375061,0.3114359974861145
train/0001/ex02_enunciated_00108,0.04614220932126045,0.8538112640380859,0.10004650056362152
train/0001/ex02_confused_00048,0.9301458597183228,0.06503742933273315,0.004816732369363308
train/0001/ex02_laughing_00328,0.07672388106584549,0.6183024048805237,0.3049737513065338
train/0001/ex02_laughing_00025,0.36632779240608215,0.5158205032348633,0.11785174161195755
train/0001/ex02_confused_00345,0.06616958230733871,0.9123812913894653,0.021449057385325432
train/0001/ex02_enunciated_00205,0.21143825352191925,0.6350860595703125,0.15347567200660706
train/0001/ex02_confused_00290,0.03211359307169914,0.7040898203849792,0.26379653811454773
train/0001/ex02_happy_00293,0.003123615402728319,0.02766129933297634,0.9692150950431824
train/0001/ex02_sad_00010,0.08536644279956818,0.8612385988235474,0.05339499190449715
train/0001/ex02_happy_00044,0.028036147356033325,0.408588171005249,0.5633756518363953
train/0001/ex02_laughing_00327,0.7786666750907898,0.21208897233009338,0.009244373068213463
train/0001/ex02_confused_00047,0.12185808271169662,0.8017335534095764,0.07640828937292099
train/0001/ex02_whisper_00138,0.2509743869304657,0.7245776653289795,0.02444796822965145
train/0001/ex02_enunciated_00107,0.0035693999379873276,0.2141706794500351,0.7822599411010742
train/0001/ex02_default_00302,0.17224052548408508,0.7974119782447815,0.03034759685397148
train/0001/ex02_sad_00312,0.1869836151599884,0.7045785784721375,0.10843782126903534
train/0001/ex02_default_emphasis_00034,0.04862986132502556,0.8513560891151428,0.10001406818628311
train/0001/ex02_confused_00192,0.12103544920682907,0.8003243803977966,0.0786401629447937
train/0001/ex02_happy_00191,0.8909582495689392,0.10325776040554047,0.005784034263342619
train/0001/ex02_default_emphasis_00108,0.03212960809469223,0.5491734743118286,0.41869688034057617
train/0001/ex02_sad_00123,0.3501397967338562,0.6392654776573181,0.010594679974019527
train/0001/ex02_default_00133,0.07716292142868042,0.8652209043502808,0.057616110891103745
train/0001/ex02_laughing_00116,0.006205678451806307,0.921735405921936,0.07205889374017715
train/0001/ex02_happy_00275,0.24538180232048035,0.7171393036842346,0.03747885301709175
train/0001/ex02_confused_00276,0.033624835312366486,0.781676709651947,0.1846984624862671
train/0001/ex02_whisper_00309,0.03645262494683266,0.9187203645706177,0.04482699930667877
train/0001/ex02_enunciated_00336,0.16664640605449677,0.5923565626144409,0.24099703133106232
train/0001/ex02_happy_00178,0.008121410384774208,0.08962874859571457,0.902249813079834
train/0001/ex02_default_emphasis_00107,0.03212960809469223,0.5491734743118286,0.41869688034057617
train/0001/ex02_sad_00221,0.003325458848848939,0.8628365397453308,0.13383792340755463
train/0001/ex02_enunciated_00339,0.5580000281333923,0.3885765075683594,0.053423453122377396
train/0001/ex02_confused_00279,0.07521391659975052,0.7445290684700012,0.18025702238082886
train/0001/ex02_laughing_00119,0.3231073021888733,0.5261924266815186,0.15070033073425293
train/0001/ex02_default_00231,0.0011580600403249264,0.01219386886805296,0.9866480231285095
train/0001/ex02_laughing_00214,0.010611229576170444,0.688244104385376,0.30114465951919556
train/0001/ex02_happy_00177,0.09630649536848068,0.8272473216056824,0.07644619792699814
train/0001/ex02_confused_00174,0.8550758361816406,0.13494890928268433,0.009975249879062176
train/0001/ex02_enunciated_00034,0.0031370683573186398,0.08809465169906616,0.9087682366371155
train/0001/ex02_default_00276,0.033624835312366486,0.781676709651947,0.1846984624862671
train/0001/ex02_laughing_00253,0.0009185457020066679,0.019807161763310432,0.979274332523346
train/0001/ex02_happy_00130,0.34296220541000366,0.6336873769760132,0.023350488394498825
train/0001/ex02_confused_00133,0.07716292142868042,0.8652209043502808,0.057616110891103745
train/0001/ex02_default_emphasis_00095,0.1383926421403885,0.7648618817329407,0.09674546867609024
train/0001/ex02_enunciated_00073,0.2326788306236267,0.7262385487556458,0.041082557290792465
train/0001/ex02_sad_00266,0.0015209476696327329,0.025662222877144814,0.9728168249130249
train/0001/ex02_default_emphasis_00140,0.04032879322767258,0.7273697853088379,0.23230142891407013
train/0001/ex02_whisper_00199,0.8889483213424683,0.10663647204637527,0.0044152080081403255
train/0001/ex02_default_00279,0.07521391659975052,0.7445290684700012,0.18025702238082886
train/0001/ex02_default_00174,0.8634710907936096,0.12656588852405548,0.009962945245206356
train/0001/ex02_laughing_00151,0.0017812493024393916,0.010340004228055477,0.9878787398338318
train/0001/ex02_happy_00232,0.04372882470488548,0.9212042093276978,0.03506705164909363
train/0001/ex02_confused_00231,0.0011580600403249264,0.01219386886805296,0.9866480231285095
train/0001/ex02_sad_00269,0.010362646542489529,0.1745462268590927,0.8150911331176758
train/0001/ex02_laughing_00084,0.02217992953956127,0.6901029944419861,0.2877170145511627
train/0001/ex02_sad_00164,0.30561378598213196,0.6411770582199097,0.053209129720926285
train/0001/ex02_default_emphasis_00073,0.04033110663294792,0.43853190541267395,0.521136999130249
train/0001/ex02_enunciated_00095,0.1518692672252655,0.8250207304954529,0.023110028356313705
train/0001/ex02_sad_00058,0.23622821271419525,0.6360023617744446,0.12776945531368256
train/0001/ex02_default_00290,0.03211359307169914,0.7040898203849792,0.26379653811454773
train/0001/ex02_default_00048,0.9301458597183228,0.06503742933273315,0.004816732369363308
train/0001/ex02_sad_00280,0.924194872379303,0.06472714990377426,0.011077916249632835
train/0001/ex02_happy_00003,0.152921661734581,0.8193328976631165,0.02774546481668949
train/0001/ex02_enunciated_00140,0.3287352919578552,0.640457034111023,0.030807770788669586
train/0001/ex02_sad_00057,0.057206686586141586,0.8902364373207092,0.05255681648850441
train/0001/ex02_default_00192,0.14869281649589539,0.7819083333015442,0.06939885020256042
train/0001/ex02_happy_00301,0.372003972530365,0.6068005561828613,0.02119547501206398
train/0001/ex02_laughing_00062,0.16252215206623077,0.5683107376098633,0.26916709542274475
train/0001/ex02_confused_00302,0.17224052548408508,0.7974119782447815,0.03034759685397148
train/0001/ex02_enunciated_00242,0.12379711121320724,0.708332359790802,0.16787053644657135
train/0001/ex02_default_essentials_00023,0.16793540120124817,0.6087225079536438,0.22334209084510803
train/0001/ex02_default_00047,0.12185808271169662,0.8017335534095764,0.07640828937292099
train/0001/ex02_sad_00182,0.01275235041975975,0.666507363319397,0.32074034214019775
train/0001/ex02_sad_00302,0.17224052548408508,0.7974119782447815,0.03034759685397148
train/0001/ex02_happy_00181,0.19705137610435486,0.7746001482009888,0.0283485297113657
train/0001/ex02_confused_00182,0.01275235041975975,0.666507363319397,0.32074034214019775
train/0001/ex02_default_emphasis_00024,0.1903514564037323,0.7280415892601013,0.0816069170832634
train/0001/ex02_default_00312,0.1869836151599884,0.7045785784721375,0.10843782126903534
train/0001/ex02_confused_00057,0.057206686586141586,0.8902364373207092,0.05255681648850441
train/0001/ex02_happy_00054,0.6653682589530945,0.3139093816280365,0.020722374320030212
train/0001/ex02_laughing_00337,0.006979483179748058,0.6544414758682251,0.3385790288448334
train/0001/ex02_enunciated_00117,0.06590179353952408,0.8896844983100891,0.04441371560096741
train/0001/ex02_whisper_00128,0.83079594373703,0.15898679196834564,0.010217346251010895
train/0001/ex02_happy_00283,0.03237755224108696,0.8022417426109314,0.16538061201572418
train/0001/ex02_confused_00280,0.924194872379303,0.06472714990377426,0.011077916249632835
train/0001/ex02_whisper_00127,0.7405396103858948,0.2427251935005188,0.016735168173909187
train/0001/ex02_enunciated_00118,0.4395815432071686,0.535704493522644,0.02471400983631611
train/0001/ex02_laughing_00338,0.029657678678631783,0.7547040581703186,0.21563827991485596
train/0001/ex02_confused_00058,0.23622821271419525,0.6360023617744446,0.12776945531368256
train/0001/ex02_default_00010,0.11004817485809326,0.8443858623504639,0.04556594043970108
train/0001/ex02_laughing_00035,0.011557536199688911,0.16022437810897827,0.8282181024551392
train/0001/ex02_enunciated_00215,0.8656043410301208,0.12567229568958282,0.00872331764549017
train/0001/ex02_whisper_00316,0.7034976482391357,0.2795005440711975,0.017001790925860405
train/0001/ex02_enunciated_00329,0.19963854551315308,0.49461376667022705,0.3057476282119751
train/0001/ex02_laughing_00109,0.026821600273251534,0.7749505639076233,0.19822783768177032
train/0001/ex02_confused_00269,0.010362646542489529,0.1745462268590927,0.8150911331176758
train/0001/ex02_confused_00164,0.30561378598213196,0.6411770582199097,0.053209129720926285
train/0001/ex02_laughing_00204,0.425971657037735,0.5416465997695923,0.03238179162144661
train/0001/ex02_happy_00167,0.03366372361779213,0.9129212498664856,0.053414925932884216
train/0001/ex02_enunciated_00024,0.007023411802947521,0.44776779413223267,0.5452088117599487
train/0001/ex02_default_00221,0.003325458848848939,0.8628365397453308,0.13383792340755463
train/0001/ex02_default_emphasis_00117,0.44374197721481323,0.5323166847229004,0.023941323161125183
train/0001/ex02_sad_00231,0.0011580600403249264,0.01219386886805296,0.9866480231285095
train/0001/ex02_confused_00266,0.0015209476696327329,0.025662222877144814,0.9728168249130249
train/0001/ex02_laughing_00106,0.10230401903390884,0.8637069463729858,0.033989068120718
train/0001/ex02_happy_00265,0.2064540833234787,0.7661718130111694,0.027374105527997017
train/0001/ex02_enunciated_00326,0.2377225160598755,0.7326018810272217,0.029675526544451714
train/0001/ex02_default_00123,0.3501397967338562,0.6392654776573181,0.010594679974019527
train/0001/ex02_happy_00168,0.5842964053153992,0.3685208261013031,0.04718274995684624
train/0001/ex02_sad_00133,0.07716292142868042,0.8652209043502808,0.057616110891103745
train/0001/ex02_default_emphasis_00118,0.024792896583676338,0.8462274074554443,0.12897971272468567
train/0001/ex02_enunciated_00170,0.14152488112449646,0.8097599744796753,0.04871508851647377
train/0001/ex02_confused_00030,0.16231688857078552,0.7639966011047363,0.07368643581867218
train/0001/ex02_laughing_00350,0.37616491317749023,0.6034194231033325,0.02041568234562874
train/0001/ex02_happy_00033,0.0015044023748487234,0.03668614476919174,0.9618094563484192
train/0001/ex02_default_00078,0.005672409199178219,0.6291465163230896,0.365181028842926
train/0001/ex02_laughing_00188,0.0018289819126948714,0.12193508446216583,0.8762359619140625
train/0001/ex02_sad_00068,0.022185517475008965,0.9045368432998657,0.07327758520841599
train/0001/ex02_laughing_00285,0.3464612364768982,0.6230775713920593,0.030461160466074944
train/0001/ex02_default_emphasis_00043,0.008491653017699718,0.1316906213760376,0.8598177433013916
train/0001/ex02_default_00077,0.07543641328811646,0.8612791895866394,0.06328436732292175
train/0001/ex02_default_essentials_00013,0.0018829663749784231,0.02551122196018696,0.9726057648658752
train/0001/ex02_enunciated_00272,0.3263716399669647,0.6226916909217834,0.050936661660671234
train/0001/ex02_confused_00332,0.28446438908576965,0.6428090929985046,0.07272647321224213
train/0001/ex02_laughing_00052,0.022434968501329422,0.6875061392784119,0.2900589108467102
train/0001/ex02_happy_00331,0.047647155821323395,0.7598296999931335,0.19252318143844604
train/0001/ex02_laughing_00187,0.008860272355377674,0.15796861052513123,0.8331710696220398
train/0001/ex02_sad_00067,0.14561323821544647,0.820855438709259,0.033531371504068375
train/0001/ex02_enunciated_00196,0.0852571427822113,0.8821988105773926,0.03254405036568642
train/0001/ex02_sad_00256,0.029252151027321815,0.9219889640808105,0.04875890910625458
train/0001/ex02_enunciated_00043,0.001582160941325128,0.02616335265338421,0.9722545146942139
train/0001/ex02_confused_00103,0.03611838072538376,0.9272733330726624,0.03660830855369568
train/0001/ex02_happy_00100,0.4461536407470703,0.5394561290740967,0.014390235766768456
train/0001/ex02_laughing_00263,0.14539656043052673,0.8022553324699402,0.052348051220178604
train/0001/ex02_default_00246,0.06710432469844818,0.890652596950531,0.04224305972456932
train/0001/ex02_sad_00154,0.037870172411203384,0.8647077083587646,0.09742214530706406
train/0001/ex02_enunciated_00199,0.8889483213424683,0.10663647204637527,0.0044152080081403255
train/0001/ex02_enunciated_00294,0.0717332735657692,0.8851513862609863,0.04311544820666313
train/0001/ex02_default_00091,0.37465858459472656,0.6071444153785706,0.01819702237844467
train/0001/ex02_sad_00259,0.30416226387023926,0.6727670431137085,0.023070652037858963
train/0001/ex02_enunciated_00341,0.0828423872590065,0.8222112655639648,0.09494634717702866
train/0001/ex02_confused_00201,0.561154842376709,0.4201190173625946,0.018726058304309845
train/0001/ex02_happy_00202,0.11086974292993546,0.8727330565452576,0.01639716699719429
train/0001/ex02_laughing_00161,0.0067141433246433735,0.14186149835586548,0.8514243364334106
train/0001/ex02_default_00144,0.2314564734697342,0.7393503189086914,0.02919323369860649
train/0001/ex02_sad_00081,0.4327239990234375,0.544623613357544,0.022652391344308853
train/0001/ex02_default_00249,0.37181681394577026,0.5548508763313293,0.07333233207464218
train/0001/ex02_sad_00201,0.561154842376709,0.4201190173625946,0.018726058304309845
train/0001/ex02_confused_00081,0.4327239990234375,0.544623613357544,0.022652391344308853
train/0001/ex02_default_emphasis_00127,0.4406413435935974,0.5293212532997131,0.03003736585378647
train/0001/ex02_happy_00082,0.004586553201079369,0.2868656814098358,0.7085477709770203
train/0001/ex02_default_00211,0.30232325196266174,0.5501759052276611,0.1475008875131607
train/0001/ex02_enunciated_00014,0.15363790094852448,0.6893875598907471,0.15697452425956726
train/0001/ex02_happy_00157,0.2823227047920227,0.6518104076385498,0.06586693227291107
train/0001/ex02_laughing_00234,0.03465292602777481,0.39467206597328186,0.5706749558448792
train/0001/ex02_confused_00154,0.037870172411203384,0.8647077083587646,0.09742214530706406
train/0001/ex02_confused_00259,0.30416226387023926,0.6727670431137085,0.023070652037858963
train/0001/ex02_laughing_00139,0.8078486919403076,0.17497937381267548,0.017171941697597504
train/0001/ex02_enunciated_00319,0.7760627269744873,0.19754578173160553,0.02639143355190754
train/0001/ex02_whisper_00326,0.2377225160598755,0.7326018810272217,0.029675526544451714
train/0001/ex02_default_emphasis_00128,0.4406413435935974,0.5293212532997131,0.03003736585378647
train/0001/ex02_sad_00103,0.03611838072538376,0.9272733330726624,0.03660830855369568
train/0001/ex02_happy_00158,0.0077320667915046215,0.16203223168849945,0.8302356600761414
train/0001/ex02_default_00113,0.0016251940978690982,0.02126004733145237,0.977114737033844
train/0001/ex02_enunciated_00316,0.7034976482391357,0.2795005440711975,0.017001790925860405
train/0001/ex02_happy_00255,0.03155986964702606,0.5332602262496948,0.4351799190044403
train/0001/ex02_laughing_00136,0.6260532736778259,0.3484460413455963,0.02550067938864231
train/0001/ex02_confused_00256,0.029252151027321815,0.9219889640808105,0.04875890910625458
train/0001/ex02_enunciated_00127,0.7405396103858948,0.2427251935005188,0.016735168173909187
train/0001/ex02_laughing_00307,0.5116080641746521,0.4645235538482666,0.023868421092629433
train/0001/ex02_happy_00064,0.013383769430220127,0.36330974102020264,0.6233064532279968
train/0001/ex02_confused_00067,0.17903493344783783,0.787692666053772,0.03327232599258423
train/0001/ex02_default_00322,0.2970743179321289,0.670404851436615,0.03252082318067551
train/0001/ex02_default_emphasis_00014,0.07250376045703888,0.8747134804725647,0.05278271436691284
train/0001/ex02_sad_00332,0.28446438908576965,0.6428090929985046,0.07272647321224213
train/0001/ex02_enunciated_00225,0.45831072330474854,0.40662312507629395,0.13506615161895752
train/0001/ex02_laughing_00005,0.17033767700195312,0.7737871408462524,0.05587512254714966
train/0001/ex02_default_00020,0.1748080849647522,0.7000768780708313,0.12511509656906128
train/0001/ex02_confused_00068,0.022185517475008965,0.9045368432998657,0.07327758520841599
train/0001/ex02_laughing_00308,0.10019627958536148,0.8132956027984619,0.08650811016559601
train/0001/ex02_enunciated_00128,0.83079594373703,0.15898679196834564,0.010217346251010895
train/0001/ex02_whisper_00117,0.09526010602712631,0.8707876801490784,0.03395223990082741
train/0001/ex02_sad_00030,0.16231688857078552,0.7639966011047363,0.07368643581867218
train/0001/ex02_laughing_00197,0.016059285029768944,0.0466921404004097,0.9372485876083374
train/0001/ex02_sad_00077,0.07543641328811646,0.8612791895866394,0.06328436732292175
train/0001/ex02_enunciated_00262,0.001771323848515749,0.044296782463788986,0.9539318680763245
train/0001/ex02_laughing_00042,0.015667757019400597,0.6261875629425049,0.3581446409225464
train/0001/ex02_happy_00321,0.09904597699642181,0.8382087349891663,0.06274529546499252
train/0001/ex02_confused_00322,0.2970743179321289,0.670404851436615,0.03252082318067551
train/0001/ex02_default_00067,0.17903493344783783,0.787692666053772,0.03327232599258423
train/0001/ex02_default_essentials_00003,0.05254159867763519,0.47337719798088074,0.47408124804496765
train/0001/ex02_laughing_00198,0.018603326752781868,0.5312939286231995,0.4501028060913086
train/0001/ex02_default_emphasis_00053,0.07782091945409775,0.8258698582649231,0.09630922228097916
train/0001/ex02_laughing_00295,0.009398755617439747,0.3584354817867279,0.6321657299995422
train/0001/ex02_sad_00078,0.005672409199178219,0.6291465163230896,0.365181028842926
train/0001/ex02_enunciated_00160,0.22976699471473694,0.7111707925796509,0.05906221270561218
train/0001/ex02_laughing_00340,0.2514195740222931,0.6347768306732178,0.11380361765623093
train/0001/ex02_happy_00023,0.707678496837616,0.2684641182422638,0.023857349529862404
train/0001/ex02_confused_00020,0.1748080849647522,0.7000768780708313,0.12511509656906128
train/0001/ex02_default_00068,0.022185517475008965,0.9045368432998657,0.07327758520841599
train/0001/ex02_default_00154,0.037870172411203384,0.8647077083587646,0.09742214530706406
train/0001/ex02_enunciated_00351,0.58347487449646,0.38957855105400085,0.026946621015667915
train/0001/ex02_happy_00212,0.1783505231142044,0.7865291833877563,0.03512023016810417
train/0001/ex02_laughing_00171,0.015362662263214588,0.9361919164657593,0.048445411026477814
train/0001/ex02_confused_00211,0.30232325196266174,0.5501759052276611,0.1475008875131607
train/0001/ex02_sad_00091,0.37465858459472656,0.6071444153785706,0.01819702237844467
train/0001/ex02_default_00259,0.30416226387023926,0.6727670431137085,0.023070652037858963
train/0001/ex02_enunciated_00189,0.03936302289366722,0.8633301854133606,0.09730671346187592
train/0001/ex02_sad_00144,0.2314564734697342,0.7393503189086914,0.02919323369860649
train/0001/ex02_default_00081,0.4327239990234375,0.544623613357544,0.022652391344308853
train/0001/ex02_sad_00249,0.37181681394577026,0.5548508763313293,0.07333233207464218
train/0001/ex02_enunciated_00284,0.1520291119813919,0.8235791921615601,0.024391699582338333
train/0001/ex02_default_00256,0.028053348883986473,0.9240726828575134,0.04787392169237137
train/0001/ex02_enunciated_00053,0.06533370167016983,0.5402063727378845,0.39445987343788147
train/0001/ex02_happy_00110,0.3716636896133423,0.5733109712600708,0.05502529442310333
train/0001/ex02_laughing_00273,0.0473785474896431,0.776556670665741,0.17606477439403534
train/0001/ex02_confused_00113,0.0016251940978690982,0.02126004733145237,0.977114737033844
train/0001/ex02_enunciated_00186,0.011997133493423462,0.9110555052757263,0.076947420835495
train/0001/ex02_sad_00246,0.06710432469844818,0.890652596950531,0.04224305972456932
train/0001/ex02_happy_00148,0.06585743278265,0.751284122467041,0.1828584372997284
train/0001/ex02_enunciated_00306,0.01804089918732643,0.10295050591230392,0.8790085315704346
train/0001/ex02_confused_00246,0.06710432469844818,0.890652596950531,0.04224305972456932
train/0001/ex02_happy_00245,0.20141297578811646,0.7168954610824585,0.08169151097536087
train/0001/ex02_laughing_00126,0.5392218828201294,0.44153109192848206,0.019247019663453102
train/0001/ex02_default_00103,0.03611838072538376,0.9272733330726624,0.03660830855369568
train/0001/ex02_sad_00113,0.0016251940978690982,0.02126004733145237,0.977114737033844
train/0001/ex02_default_emphasis_00138,0.04032879322767258,0.7273697853088379,0.23230142891407013
train/0001/ex02_enunciated_00004,0.06051434949040413,0.9036704301834106,0.03581520542502403
train/0001/ex02_confused_00144,0.2314564734697342,0.7393503189086914,0.02919323369860649
train/0001/ex02_happy_00147,0.15633372962474823,0.7758052349090576,0.06786097586154938
train/0001/ex02_laughing_00224,0.12465756386518478,0.8521955013275146,0.02314687706530094
train/0001/ex02_default_00201,0.561154842376709,0.4201190173625946,0.018726058304309845
train/0001/ex02_laughing_00129,0.6381059885025024,0.34094542264938354,0.02094860188663006
train/0001/ex02_confused_00249,0.37181681394577026,0.5548508763313293,0.07333233207464218
train/0001/ex02_enunciated_00309,0.03645262494683266,0.9187203645706177,0.04482699930667877
train/0001/ex02_sad_00211,0.30232325196266174,0.5501759052276611,0.1475008875131607
train/0001/ex02_happy_00092,0.004649490118026733,0.11148517578840256,0.8838653564453125
train/0001/ex02_default_emphasis_00137,0.26725077629089355,0.6727451682090759,0.06000404804944992
train/0001/ex02_confused_00091,0.37465858459472656,0.6071444153785706,0.01819702237844467
train/0001/ex02_sad_00020,0.1748080849647522,0.7000768780708313,0.12511509656906128
train/0001/ex02_default_00030,0.16231688857078552,0.7639966011047363,0.07368643581867218
train/0001/ex02_enunciated_00235,0.15102244913578033,0.8035215735435486,0.045455895364284515
train/0001/ex02_laughing_00015,0.08871295303106308,0.8622542023658752,0.049032848328351974
train/0001/ex02_laughing_00318,0.18251356482505798,0.7827397584915161,0.034746669232845306
train/0001/ex02_confused_00078,0.005672409199178219,0.6291465163230896,0.365181028842926
train/0001/ex02_enunciated_00138,0.2509743869304657,0.7245776653289795,0.02444796822965145
train/0001/ex02_default_emphasis_00004,0.4308694005012512,0.5452672839164734,0.02386332117021084
train/0001/ex02_sad_00322,0.2970743179321289,0.670404851436615,0.03252082318067551
train/0001/ex02_default_00332,0.28446438908576965,0.6428090929985046,0.07272647321224213
train/0001/ex02_enunciated_00137,0.0010134342592209578,0.03542720526456833,0.9635593295097351
train/0001/ex02_whisper_00108,0.04614220932126045,0.8538112640380859,0.10004650056362152
train/0001/ex02_confused_00077,0.07543641328811646,0.8612791895866394,0.06328436732292175
train/0001/ex02_laughing_00317,0.006824675016105175,0.5299610495567322,0.46321427822113037
train/0001/ex02_happy_00074,0.04117512330412865,0.8973085880279541,0.06151629239320755
train/0001/ex02_confused_00236,0.05354355275630951,0.8823181390762329,0.06413830816745758
train/0001/ex02_happy_00235,0.15102244913578033,0.8035215735435486,0.045455895364284515
train/0001/ex02_laughing_00156,0.05073130875825882,0.9232428669929504,0.02602577768266201
train/0001/ex02_default_00173,0.07951793819665909,0.6429231762886047,0.2775588929653168
train/0001/ex02_happy_00138,0.2509743869304657,0.7245776653289795,0.02444796822965145
train/0001/ex02_sad_00163,0.03454364091157913,0.9304764270782471,0.034980010241270065
train/0001/ex02_whisper_00191,0.8900734186172485,0.10356858372688293,0.006358034908771515
train/0001/ex02_default_emphasis_00148,0.023954208940267563,0.4725545644760132,0.503491222858429
train/0001/ex02_laughing_00083,0.11195378005504608,0.8389238119125366,0.04912235215306282
train/0001/ex02_laughing_00159,0.9333366751670837,0.06367306411266327,0.0029902851674705744
train/0001/ex02_confused_00239,0.007713205646723509,0.40063074231147766,0.5916560888290405
train/0001/ex02_confused_00134,0.07036440819501877,0.9076131582260132,0.02202245034277439
train/0001/ex02_default_emphasis_00092,0.1383926421403885,0.7648618817329407,0.09674546867609024
train/0001/ex02_happy_00137,0.0010134342592209578,0.03542720526456833,0.9635593295097351
train/0001/ex02_laughing_00254,0.11003421247005463,0.8355334401130676,0.05443236976861954
train/0001/ex02_enunciated_00074,0.04117512330412865,0.8973085880279541,0.06151629239320755
train/0001/ex02_default_00271,0.0025666379369795322,0.09167883545160294,0.9057545065879822
train/0001/ex02_default_emphasis_00147,0.023954208940267563,0.4725545644760132,0.503491222858429
train/0001/ex02_sad_00261,0.044988445937633514,0.9007417559623718,0.05426984280347824
train/0001/ex02_default_00195,0.6031715869903564,0.3755928874015808,0.02123548835515976
train/0001/ex02_default_00298,0.20408354699611664,0.7152943015098572,0.08062220364809036
train/0001/ex02_sad_00050,0.033514417707920074,0.8277928233146667,0.13869281113147736
train/0001/ex02_whisper_00177,0.09630649536848068,0.8272473216056824,0.07644619792699814
train/0001/ex02_enunciated_00148,0.06585743278265,0.751284122467041,0.1828584372997284
train/0001/ex02_confused_00008,0.020721588283777237,0.885253369808197,0.09402495622634888
train/0001/ex02_sad_00185,0.022589292377233505,0.4751790463924408,0.5022316575050354
train/0001/ex02_default_essentials_00024,0.007132745813578367,0.13990214467048645,0.8529651165008545
train/0001/ex02_sad_00288,0.9395084381103516,0.057670705020427704,0.0028208375442773104
train/0001/ex02_default_00040,0.7037476897239685,0.2790418267250061,0.01721048355102539
train/0001/ex02_confused_00305,0.8808574676513672,0.11379848420619965,0.00534413754940033
train/0001/ex02_laughing_00065,0.037962861359119415,0.546745777130127,0.4152913987636566
train/0001/ex02_happy_00306,0.01804089918732643,0.10295050591230392,0.8790085315704346
train/0001/ex02_enunciated_00245,0.20141297578811646,0.7168954610824585,0.08169151097536087
train/0001/ex02_default_00297,0.05701341852545738,0.6758081316947937,0.2671784460544586
train/0001/ex02_default_emphasis_00074,0.04033110663294792,0.43853190541267395,0.521136999130249
train/0001/ex02_enunciated_00092,0.004649490118026733,0.11148517578840256,0.8838653564453125
train/0001/ex02_confused_00007,0.24445554614067078,0.7012264132499695,0.05431801825761795
train/0001/ex02_happy_00004,0.06051434949040413,0.9036704301834106,0.03581520542502403
train/0001/ex02_enunciated_00147,0.15633372962474823,0.7758052349090576,0.06786097586154938
train/0001/ex02_happy_00309,0.03645262494683266,0.9187203645706177,0.04482699930667877
train/0001/ex02_sad_00287,0.022768104448914528,0.6890683770179749,0.28816354274749756
train/0001/ex02_sad_00007,0.24445554614067078,0.7012264132499695,0.05431801825761795
train/0001/ex02_happy_00189,0.03936302289366722,0.8633301854133606,0.09730671346187592
train/0001/ex02_confused_00287,0.022768104448914528,0.6890683770179749,0.28816354274749756
train/0001/ex02_happy_00284,0.1520291119813919,0.8235791921615601,0.024391699582338333
train/0001/ex02_laughing_00032,0.9729316830635071,0.024703986942768097,0.002364308340474963
train/0001/ex02_confused_00352,0.004833118058741093,0.4394358992576599,0.5557309985160828
train/0001/ex02_enunciated_00212,0.1783505231142044,0.7865291833877563,0.03512023016810417
train/0001/ex02_default_00017,0.4533483684062958,0.45687103271484375,0.08978059887886047
train/0001/ex02_whisper_00120,0.013102240860462189,0.14612028002738953,0.8407775163650513
train/0001/ex02_confused_00185,0.022589292377233505,0.4751790463924408,0.5022316575050354
train/0001/ex02_default_emphasis_00023,0.1903514564037323,0.7280415892601013,0.0816069170832634
train/0001/ex02_happy_00186,0.011997133493423462,0.9110555052757263,0.076947420835495
train/0001/ex02_sad_00008,0.020721588283777237,0.885253369808197,0.09402495622634888
train/0001/ex02_sad_00305,0.8808574676513672,0.11379848420619965,0.00534413754940033
train/0001/ex02_confused_00288,0.9395084381103516,0.057670705020427704,0.0028208375442773104
train/0001/ex02_default_00018,0.009725718759000301,0.6573544144630432,0.3329198360443115
train/0001/ex02_laughing_00330,0.02749423123896122,0.6960636377334595,0.27644211053848267
train/0001/ex02_happy_00053,0.06533370167016983,0.5402063727378845,0.39445987343788147
train/0001/ex02_confused_00050,0.033514417707920074,0.8277928233146667,0.13869281113147736
train/0001/ex02_enunciated_00110,0.3716636896133423,0.5733109712600708,0.05502529442310333
train/0001/ex02_default_00315,0.30901896953582764,0.5892375111579895,0.10174350440502167
train/0001/ex02_default_00229,0.010637718252837658,0.8872750401496887,0.10208723694086075
train/0001/ex02_default_00124,0.153069868683815,0.698124885559082,0.14880523085594177
train/0001/ex02_happy_00262,0.001771323848515749,0.044296782463788986,0.9539318680763245
train/0001/ex02_laughing_00101,0.5635420083999634,0.4226645231246948,0.013793407939374447
train/0001/ex02_confused_00261,0.044988445937633514,0.9007417559623718,0.05426984280347824
train/0001/ex02_enunciated_00321,0.09904597699642181,0.8382087349891663,0.06274529546499252
train/0001/ex02_sad_00239,0.007713205646723509,0.40063074231147766,0.5916560888290405
train/0001/ex02_sad_00134,0.07036440819501877,0.9076131582260132,0.02202245034277439
train/0001/ex02_default_00226,0.09699002653360367,0.8560563325881958,0.04695369675755501
train/0001/ex02_happy_00160,0.22976699471473694,0.7111707925796509,0.05906221270561218
train/0001/ex02_laughing_00203,0.0040563177317380905,0.0597110316157341,0.9362326264381409
train/0001/ex02_confused_00163,0.03454364091157913,0.9304764270782471,0.034980010241270065
train/0001/ex02_enunciated_00023,0.707678496837616,0.2684641182422638,0.023857349529862404
train/0001/ex02_sad_00236,0.05354355275630951,0.8823181390762329,0.06413830816745758
train/0001/ex02_default_emphasis_00110,0.03212960809469223,0.5491734743118286,0.41869688034057617
train/0001/ex02_default_emphasis_00157,0.009107666090130806,0.44075194001197815,0.550140380859375
train/0001/ex02_whisper_00283,0.03237755224108696,0.8022417426109314,0.16538061201572418
train/0001/ex02_sad_00271,0.0025666379369795322,0.09167883545160294,0.9057545065879822
train/0001/ex02_confused_00229,0.010637718252837658,0.8872750401496887,0.10208723694086075
train/0001/ex02_laughing_00149,0.6595245599746704,0.31692391633987427,0.023551544174551964
train/0001/ex02_default_00261,0.044988445937633514,0.9007417559623718,0.05426984280347824
train/0001/ex02_happy_00127,0.7405396103858948,0.2427251935005188,0.016735168173909187
train/0001/ex02_laughing_00244,0.15888166427612305,0.8042498826980591,0.03686848282814026
train/0001/ex02_default_emphasis_00082,0.004378804471343756,0.09322618693113327,0.9023950099945068
train/0001/ex02_confused_00124,0.153069868683815,0.698124885559082,0.14880523085594177
train/0001/ex02_enunciated_00064,0.013383769430220127,0.36330974102020264,0.6233064532279968
train/0001/ex02_whisper_00181,0.19705137610435486,0.7746001482009888,0.0283485297113657
train/0001/ex02_default_emphasis_00158,0.009107666090130806,0.44075194001197815,0.550140380859375
train/0001/ex02_sad_00173,0.07951793819665909,0.6429231762886047,0.2775588929653168
train/0001/ex02_laughing_00093,0.04246418923139572,0.8849308490753174,0.07260499149560928
train/0001/ex02_default_00163,0.03454364091157913,0.9304764270782471,0.034980010241270065
train/0001/ex02_happy_00225,0.45831072330474854,0.40662312507629395,0.13506615161895752
train/0001/ex02_laughing_00146,0.1944209188222885,0.7706537842750549,0.03492529317736626
train/0001/ex02_confused_00226,0.09699002653360367,0.8560563325881958,0.04695369675755501
train/0001/ex02_happy_00128,0.83079594373703,0.15898679196834564,0.010217346251010895
train/0001/ex02_happy_00014,0.15363790094852448,0.6893875598907471,0.15697452425956726
train/0001/ex02_confused_00017,0.4533483684062958,0.45687103271484375,0.08978059887886047
train/0001/ex02_enunciated_00157,0.2823227047920227,0.6518104076385498,0.06586693227291107
train/0001/ex02_sad_00297,0.05701341852545738,0.6758081316947937,0.2671784460544586
train/0001/ex02_happy_00319,0.7760627269744873,0.19754578173160553,0.02639143355190754
train/0001/ex02_sad_00342,0.1432904750108719,0.7138612270355225,0.14284832775592804
train/0001/ex02_default_emphasis_00064,0.3399331569671631,0.5942109823226929,0.06585580110549927
train/0001/ex02_enunciated_00082,0.004586553201079369,0.2868656814098358,0.7085477709770203
train/0001/ex02_default_00287,0.022768104448914528,0.6890683770179749,0.28816354274749756
train/0001/ex02_sad_00195,0.6031715869903564,0.3755928874015808,0.02123548835515976
train/0001/ex02_enunciated_00158,0.0077320667915046215,0.16203223168849945,0.8302356600761414
train/0001/ex02_whisper_00167,0.03422541916370392,0.9121272563934326,0.05364735797047615
train/0001/ex02_confused_00018,0.009725718759000301,0.6573544144630432,0.3329198360443115
train/0001/ex02_laughing_00075,0.07002338767051697,0.8422669172286987,0.0877097025513649
train/0001/ex02_happy_00316,0.7034976482391357,0.2795005440711975,0.017001790925860405
train/0001/ex02_confused_00315,0.30901896953582764,0.5892375111579895,0.10174350440502167
train/0001/ex02_enunciated_00255,0.03155986964702606,0.5332602262496948,0.4351799190044403
train/0001/ex02_sad_00298,0.20408354699611664,0.7152943015098572,0.08062220364809036
train/0001/ex02_default_00050,0.033514417707920074,0.8277928233146667,0.13869281113147736
train/0001/ex02_default_00185,0.022589292377233505,0.4751790463924408,0.5022316575050354
train/0001/ex02_default_00288,0.9395084381103516,0.057670705020427704,0.0028208375442773104
train/0001/ex02_sad_00040,0.7037476897239685,0.2790418267250061,0.01721048355102539
train/0001/ex02_default_00008,0.020721588283777237,0.885253369808197,0.09402495622634888
train/0001/ex02_default_00305,0.8808574676513672,0.11379848420619965,0.00534413754940033
train/0001/ex02_confused_00040,0.7037476897239685,0.2790418267250061,0.01721048355102539
train/0001/ex02_laughing_00320,0.32450389862060547,0.6550578474998474,0.020438240841031075
train/0001/ex02_happy_00043,0.001582160941325128,0.02616335265338421,0.9722545146942139
train/0001/ex02_enunciated_00100,0.4461536407470703,0.5394561290740967,0.014390235766768456
train/0001/ex02_sad_00018,0.009725718759000301,0.6573544144630432,0.3329198360443115
train/0001/ex02_happy_00196,0.0852571427822113,0.8821988105773926,0.03254405036568642
train/0001/ex02_default_emphasis_00033,0.10971716791391373,0.8120302557945251,0.07825254648923874
train/0001/ex02_confused_00195,0.6031715869903564,0.3755928874015808,0.02123548835515976
train/0001/ex02_confused_00298,0.20408354699611664,0.7152943015098572,0.08062220364809036
train/0001/ex02_sad_00315,0.30901896953582764,0.5892375111579895,0.10174350440502167
train/0001/ex02_default_00007,0.24445554614067078,0.7012264132499695,0.05431801825761795
train/0001/ex02_confused_00342,0.1432904750108719,0.7138612270355225,0.14284832775592804
train/0001/ex02_laughing_00022,0.013608727604150772,0.7621715068817139,0.22421979904174805
train/0001/ex02_happy_00341,0.0828423872590065,0.8222112655639648,0.09494634717702866
train/0001/ex02_enunciated_00202,0.11086974292993546,0.8727330565452576,0.01639716699719429
train/0001/ex02_happy_00199,0.8889483213424683,0.10663647204637527,0.0044152080081403255
train/0001/ex02_sad_00017,0.4533483684062958,0.45687103271484375,0.08978059887886047
train/0001/ex02_happy_00294,0.0717332735657692,0.8851513862609863,0.04311544820666313
train/0001/ex02_confused_00297,0.05701341852545738,0.6758081316947937,0.2671784460544586
train/0001/ex02_sad_00226,0.09699002653360367,0.8560563325881958,0.04695369675755501
train/0001/ex02_default_emphasis_00100,0.04696650430560112,0.8856437802314758,0.06738971918821335
train/0001/ex02_confused_00173,0.07951793819665909,0.6429231762886047,0.2775588929653168
train/0001/ex02_happy_00170,0.14152488112449646,0.8097599744796753,0.04871508851647377
train/0001/ex02_laughing_00213,0.130188450217247,0.8356004357337952,0.034211114048957825
train/0001/ex02_enunciated_00033,0.0015044023748487234,0.03668614476919174,0.9618094563484192
train/0001/ex02_default_00236,0.05354355275630951,0.8823181390762329,0.06413830816745758
train/0001/ex02_sad_00229,0.010637718252837658,0.8872750401496887,0.10208723694086075
train/0001/ex02_sad_00124,0.153069868683815,0.698124885559082,0.14880523085594177
train/0001/ex02_default_00239,0.007713205646723509,0.40063074231147766,0.5916560888290405
train/0001/ex02_whisper_00003,0.152921661734581,0.8193328976631165,0.02774546481668949
train/0001/ex02_confused_00271,0.0022364326287060976,0.07989443838596344,0.9178691506385803
train/0001/ex02_happy_00272,0.3263716399669647,0.6226916909217834,0.050936661660671234
train/0001/ex02_laughing_00111,0.5804339647293091,0.3966679275035858,0.0228981114923954
train/0001/ex02_enunciated_00331,0.047647155821323395,0.7598296999931335,0.19252318143844604
train/0001/ex02_default_00134,0.07036440819501877,0.9076131582260132,0.02202245034277439
train/0001/ex02_laughing_00292,0.01891838200390339,0.6251826882362366,0.3558989465236664
train/0001/ex02_default_emphasis_00054,0.07782091945409775,0.8258698582649231,0.09630922228097916
train/0001/ex02_happy_00329,0.19963854551315308,0.49461376667022705,0.3057476282119751
train/0001/ex02_enunciated_00167,0.03422541916370392,0.9121272563934326,0.05364735797047615
train/0001/ex02_confused_00027,0.03584600239992142,0.8175678849220276,0.146586075425148
train/0001/ex02_happy_00024,0.007023411802947521,0.44776779413223267,0.5452088117599487
train/0001/ex02_laughing_00347,0.13317912817001343,0.8183161020278931,0.04850483685731888
train/0001/ex02_sad_00070,0.008483685553073883,0.9251386523246765,0.06637758016586304
train/0001/ex02_laughing_00190,0.5198432207107544,0.46527376770973206,0.014882983639836311
train/0001/ex02_default_00060,0.4246140718460083,0.5387611389160156,0.036624740809202194
train/0001/ex02_default_essentials_00004,0.0728394091129303,0.5325207710266113,0.3946398198604584
train/0001/ex02_enunciated_00265,0.2064540833234787,0.7661718130111694,0.027374105527997017
train/0001/ex02_confused_00325,0.4724472165107727,0.5009860396385193,0.026566747575998306
train/0001/ex02_happy_00326,0.2377225160598755,0.7326018810272217,0.029675526544451714
train/0001/ex02_laughing_00045,0.0052356962114572525,0.6701499223709106,0.32461437582969666
train/0001/ex02_laughing_00348,0.9226739406585693,0.07117462158203125,0.006151469890028238
train/0001/ex02_confused_00028,0.0848187655210495,0.8767452239990234,0.03843601793050766
train/0001/ex02_enunciated_00168,0.5842964053153992,0.3685208261013031,0.04718274995684624
train/0001/ex02_enunciated_00054,0.6653682589530945,0.3139093816280365,0.020722374320030212
train/0001/ex02_confused_00114,0.3452009856700897,0.5967873334884644,0.058011751621961594
train/0001/ex02_laughing_00274,0.10863646864891052,0.8382725715637207,0.05309092253446579
train/0001/ex02_happy_00117,0.07920881360769272,0.8766546845436096,0.044136468321084976
train/0001/ex02_default_00251,0.01153810415416956,0.942663848400116,0.04579807072877884
train/0001/ex02_sad_00099,0.21112871170043945,0.6503031849861145,0.13856810331344604
train/0001/ex02_laughing_00179,0.13441908359527588,0.8198786973953247,0.045702192932367325
train/0001/ex02_confused_00219,0.22551995515823364,0.5397462844848633,0.23473374545574188
train/0001/ex02_sad_00241,0.058345574885606766,0.3288707733154297,0.6127836108207703
train/0001/ex02_default_00089,0.03429824486374855,0.7192011475563049,0.246500626206398
train/0001/ex02_enunciated_00181,0.19705137610435486,0.7746001482009888,0.0283485297113657
train/0001/ex02_sad_00096,0.27826493978500366,0.6756488084793091,0.046086229383945465
train/0001/ex02_happy_00118,0.4395815432071686,0.535704493522644,0.02471400983631611
train/0001/ex02_confused_00216,0.1381250023841858,0.8281793594360352,0.033695563673973083
train/0001/ex02_laughing_00176,0.02156309224665165,0.899318277835846,0.07911857217550278
train/0001/ex02_happy_00215,0.8656043410301208,0.12567229568958282,0.00872331764549017
train/0001/ex02_default_00153,0.27262046933174133,0.6058039665222168,0.12157554924488068
train/0001/ex02_enunciated_00283,0.03237755224108696,0.8022417426109314,0.16538061201572418
train/0001/ex02_default_00086,0.016757851466536522,0.1786259263753891,0.8046161532402039
train/0001/ex02_sad_00143,0.011974658817052841,0.7554829716682434,0.23254242539405823
train/0001/ex02_default_00206,0.07771839946508408,0.8598184585571289,0.062463223934173584
train/0001/ex02_enunciated_00003,0.152921661734581,0.8193328976631165,0.02774546481668949
train/0001/ex02_laughing_00223,0.9346290826797485,0.06146141141653061,0.003909449093043804
train/0001/ex02_happy_00140,0.3287352919578552,0.640457034111023,0.030807770788669586
train/0001/ex02_confused_00143,0.011974658817052841,0.7554829716682434,0.23254242539405823
train/0001/ex02_default_emphasis_00130,0.4406413435935974,0.5293212532997131,0.03003736585378647
train/0001/ex02_confused_00096,0.27826493978500366,0.6756488084793091,0.046086229383945465
train/0001/ex02_happy_00095,0.1518692672252655,0.8250207304954529,0.023110028356313705
train/0001/ex02_sad_00216,0.1381250023841858,0.8281793594360352,0.033695563673973083
train/0001/ex02_default_00104,0.026983467862010002,0.8926637172698975,0.08035288751125336
train/0001/ex02_enunciated_00301,0.3051969110965729,0.6720612049102783,0.02274191938340664
train/0001/ex02_laughing_00121,0.0059216078370809555,0.7684251070022583,0.225653275847435
train/0001/ex02_happy_00242,0.12379711121320724,0.708332359790802,0.16787053644657135
train/0001/ex02_confused_00241,0.058345574885606766,0.3288707733154297,0.6127836108207703
train/0001/ex02_default_00209,0.05054839327931404,0.7925739288330078,0.15687766671180725
train/0001/ex02_confused_00099,0.21112871170043945,0.6503031849861145,0.13856810331344604
train/0001/ex02_sad_00114,0.3452009856700897,0.5967873334884644,0.058011751621961594
train/0001/ex02_sad_00219,0.22551995515823364,0.5397462844848633,0.23473374545574188
train/0001/ex02_sad_00325,0.4724472165107727,0.5009860396385193,0.026566747575998306
train/0001/ex02_default_emphasis_00003,0.4308694005012512,0.5452672839164734,0.02386332117021084
train/0001/ex02_sad_00028,0.0848187655210495,0.8767452239990234,0.03843601793050766
train/0001/ex02_enunciated_00130,0.34296220541000366,0.6336873769760132,0.023350488394498825
train/0001/ex02_happy_00073,0.2326788306236267,0.7262385487556458,0.041082557290792465
train/0001/ex02_laughing_00310,0.0018291139276698232,0.03886742144823074,0.9593034386634827
train/0001/ex02_confused_00070,0.008483685553073883,0.9251386523246765,0.06637758016586304
train/0001/ex02_default_00335,0.1485525369644165,0.7707697749137878,0.08067774027585983
train/0001/ex02_default_00038,0.12549647688865662,0.8382888436317444,0.03621466085314751
train/0001/ex02_whisper_00202,0.11086974292993546,0.8727330565452576,0.01639716699719429
train/0001/ex02_sad_00027,0.03584600239992142,0.8175678849220276,0.146586075425148
train/0001/ex02_whisper_00100,0.4461536407470703,0.5394561290740967,0.014390235766768456
train/0001/ex02_enunciated_00232,0.04372882470488548,0.9212042093276978,0.03506705164909363
train/0001/ex02_laughing_00012,0.5189372897148132,0.36631327867507935,0.11474945396184921
train/0001/ex02_default_00037,0.34914323687553406,0.6213275194168091,0.029529191553592682
train/0001/ex02_enunciated_00275,0.24538180232048035,0.7171393036842346,0.03747885301709175
train/0001/ex02_happy_00336,0.16664640605449677,0.5923565626144409,0.24099703133106232
train/0001/ex02_laughing_00055,0.0018770804163068533,0.007589046377688646,0.9905339479446411
train/0001/ex02_confused_00335,0.1485525369644165,0.7707697749137878,0.08067774027585983
train/0001/ex02_default_00070,0.008483685553073883,0.9251386523246765,0.06637758016586304
train/0001/ex02_default_essentials_00014,0.12473248690366745,0.6141887903213501,0.26107874512672424
train/0001/ex02_confused_00038,0.12549647688865662,0.8382888436317444,0.03621466085314751
train/0001/ex02_enunciated_00178,0.007625045254826546,0.088608518242836,0.903766393661499
train/0001/ex02_sad_00060,0.4246140718460083,0.5387611389160156,0.036624740809202194
train/0001/ex02_laughing_00180,0.159621000289917,0.5941064357757568,0.2462725192308426
train/0001/ex02_happy_00339,0.5580000281333923,0.3885765075683594,0.053423453122377396
train/0001/ex02_whisper_00148,0.06585743278265,0.751284122467041,0.1828584372997284
train/0001/ex02_enunciated_00177,0.09630649536848068,0.8272473216056824,0.07644619792699814
train/0001/ex02_happy_00034,0.0031370683573186398,0.08809465169906616,0.9087682366371155
train/0001/ex02_confused_00037,0.34914323687553406,0.6213275194168091,0.029529191553592682
train/0001/ex02_default_emphasis_00044,0.008491653017699718,0.1316906213760376,0.8598177433013916
train/0001/ex02_laughing_00282,0.13554777204990387,0.8360321521759033,0.028419993817806244
train/0001/ex02_default_00096,0.27826493978500366,0.6756488084793091,0.046086229383945465
train/0001/ex02_enunciated_00293,0.003123615402728319,0.02766129933297634,0.9692150950431824
train/0001/ex02_sad_00153,0.27262046933174133,0.6058039665222168,0.12157554924488068
train/0001/ex02_happy_00108,0.04614220932126045,0.8538112640380859,0.10004650056362152
train/0001/ex02_sad_00086,0.016757851466536522,0.1786259263753891,0.8046161532402039
train/0001/ex02_default_00143,0.011974658817052841,0.7554829716682434,0.23254242539405823
train/0001/ex02_enunciated_00346,0.09867558628320694,0.653037428855896,0.24828694760799408
train/0001/ex02_laughing_00166,0.8122276067733765,0.17892780900001526,0.00884462334215641
train/0001/ex02_happy_00205,0.21143825352191925,0.6350860595703125,0.15347567200660706
train/0001/ex02_confused_00206,0.07771839946508408,0.8598184585571289,0.062463223934173584
train/0001/ex02_sad_00251,0.007159397937357426,0.915222704410553,0.07761790603399277
train/0001/ex02_default_00099,0.21112871170043945,0.6503031849861145,0.13856810331344604
train/0001/ex02_enunciated_00191,0.8909582495689392,0.10325776040554047,0.005784034263342619
train/0001/ex02_default_00241,0.058345574885606766,0.3288707733154297,0.6127836108207703
train/0001/ex02_sad_00089,0.03429824486374855,0.7192011475563049,0.246500626206398
train/0001/ex02_enunciated_00044,0.028036147356033325,0.408588171005249,0.5633756518363953
train/0001/ex02_laughing_00264,0.11550601571798325,0.6903501152992249,0.1941438764333725
train/0001/ex02_happy_00107,0.0035693999379873276,0.2141706794500351,0.7822599411010742
train/0001/ex02_confused_00104,0.026983467862010002,0.8926637172698975,0.08035288751125336
train/0001/ex02_confused_00209,0.07972276210784912,0.8278282284736633,0.09244906157255173
train/0001/ex02_laughing_00169,0.052496153861284256,0.8967788815498352,0.050725001841783524
train/0001/ex02_enunciated_00349,0.7332802414894104,0.23570379614830017,0.031015878543257713
train/0001/ex02_sad_00104,0.026983467862010002,0.8926637172698975,0.08035288751125336
train/0001/ex02_confused_00089,0.03429824486374855,0.7192011475563049,0.246500626206398
train/0001/ex02_sad_00209,0.07972276210784912,0.8278282284736633,0.09244906157255173
train/0001/ex02_enunciated_00311,0.010005061514675617,0.2102869749069214,0.7797079682350159
train/0001/ex02_confused_00251,0.01153810415416956,0.942663848400116,0.04579807072877884
train/0001/ex02_laughing_00131,0.09347997605800629,0.8212127685546875,0.08530721813440323
train/0001/ex02_happy_00252,0.8451275825500488,0.14421607553958893,0.010656366124749184
train/0001/ex02_default_00114,0.3452009856700897,0.5967873334884644,0.058011751621961594
train/0001/ex02_default_00219,0.22551995515823364,0.5397462844848633,0.23473374545574188
train/0001/ex02_happy_00085,0.012915730476379395,0.6756482720375061,0.3114359974861145
train/0001/ex02_confused_00086,0.016757851466536522,0.1786259263753891,0.8046161532402039
train/0001/ex02_default_emphasis_00120,0.012201355770230293,0.8300930857658386,0.15770560503005981
train/0001/ex02_sad_00206,0.07771839946508408,0.8598184585571289,0.062463223934173584
train/0001/ex02_enunciated_00013,0.40472304821014404,0.5481594204902649,0.04711758717894554
train/0001/ex02_confused_00153,0.27262046933174133,0.6058039665222168,0.12157554924488068
train/0001/ex02_laughing_00233,0.1453416794538498,0.8231920003890991,0.03146640956401825
train/0001/ex02_happy_00150,0.09605090320110321,0.8011907935142517,0.1027582511305809
train/0001/ex02_default_00216,0.1381250023841858,0.8281793594360352,0.033695563673973083
train/0001/ex02_whisper_00110,0.3512412905693054,0.5922888517379761,0.05646990239620209
train/0001/ex02_default_00027,0.03584600239992142,0.8175678849220276,0.146586075425148
train/0001/ex02_enunciated_00222,0.08944165706634521,0.8528750538825989,0.05768318846821785
train/0001/ex02_laughing_00002,0.003237419296056032,0.8119036555290222,0.18485890328884125
train/0001/ex02_sad_00037,0.34914323687553406,0.6213275194168091,0.029529191553592682
train/0001/ex02_default_00325,0.4724472165107727,0.5009860396385193,0.026566747575998306
train/0001/ex02_enunciated_00120,0.013102240860462189,0.14612028002738953,0.8407775163650513
train/0001/ex02_confused_00060,0.4246140718460083,0.5387611389160156,0.036624740809202194
train/0001/ex02_happy_00063,0.06178424879908562,0.8986589908599854,0.03955678269267082
train/0001/ex02_laughing_00300,0.2573682367801666,0.6989231705665588,0.04370861500501633
train/0001/ex02_default_00028,0.0848187655210495,0.8767452239990234,0.03843601793050766
train/0001/ex02_sad_00335,0.1485525369644165,0.7707697749137878,0.08067774027585983
train/0001/ex02_sad_00038,0.12549647688865662,0.8382888436317444,0.03621466085314751
train/0001/ex02_default_emphasis_00013,0.24124275147914886,0.7324213981628418,0.026335880160331726
train/0001/ex02_sad_00080,0.07196446508169174,0.7531659007072449,0.1748696118593216
train/0001/ex02_default_00248,0.5692610740661621,0.4082568287849426,0.022482099011540413
train/0001/ex02_default_00145,0.0015357345109805465,0.013683389872312546,0.9847809076309204
train/0001/ex02_enunciated_00340,0.2514195740222931,0.6347768306732178,0.11380361765623093
train/0001/ex02_confused_00200,0.08881431072950363,0.6176020503044128,0.2935836613178253
train/0001/ex02_laughing_00160,0.22976699471473694,0.7111707925796509,0.05906221270561218
train/0001/ex02_happy_00203,0.0040563177317380905,0.0597110316157341,0.9362326264381409
train/0001/ex02_default_00090,0.19032885134220123,0.6835709810256958,0.12610021233558655
train/0001/ex02_sad_00258,0.018747245892882347,0.6826402544975281,0.29861247539520264
train/0001/ex02_enunciated_00295,0.009398755617439747,0.3584354817867279,0.6321657299995422
train/0001/ex02_enunciated_00198,0.018603326752781868,0.5312939286231995,0.4501028060913086
train/0001/ex02_sad_00155,0.04196382313966751,0.9158188700675964,0.04221733659505844
train/0001/ex02_default_00247,0.858469545841217,0.13465815782546997,0.006872263271361589
train/0001/ex02_enunciated_00042,0.015667757019400597,0.6261875629425049,0.3581446409225464
train/0001/ex02_confused_00102,0.865205705165863,0.12596607208251953,0.008828165009617805
train/0001/ex02_laughing_00262,0.001771323848515749,0.044296782463788986,0.9539318680763245
train/0001/ex02_happy_00101,0.5635420083999634,0.4226645231246948,0.013793407939374447
train/0001/ex02_sad_00257,0.17942753434181213,0.7848970293998718,0.03567538037896156
train/0001/ex02_enunciated_00197,0.016059285029768944,0.0466921404004097,0.9372485876083374
train/0001/ex02_sad_00066,0.5089542269706726,0.4613834619522095,0.029662303626537323
train/0001/ex02_laughing_00186,0.011997133493423462,0.9110555052757263,0.076947420835495
train/0001/ex02_enunciated_00273,0.0473785474896431,0.776556670665741,0.17606477439403534
train/0001/ex02_confused_00333,0.038076672703027725,0.9223710894584656,0.03955215960741043
train/0001/ex02_happy_00330,0.02749423123896122,0.6960636377334595,0.27644211053848267
train/0001/ex02_laughing_00053,0.06533370167016983,0.5402063727378845,0.39445987343788147
train/0001/ex02_default_00076,0.17224863171577454,0.7959566116333008,0.03179479017853737
train/0001/ex02_default_essentials_00012,0.0015254748286679387,0.024471862241625786,0.9740027189254761
train/0001/ex02_laughing_00284,0.1520291119813919,0.8235791921615601,0.024391699582338333
train/0001/ex02_default_emphasis_00042,0.041460685431957245,0.43488577008247375,0.523653507232666
train/0001/ex02_sad_00069,0.06513330340385437,0.8921661376953125,0.04270058497786522
train/0001/ex02_laughing_00189,0.03936302289366722,0.8633301854133606,0.09730671346187592
train/0001/ex02_default_00079,0.013951759785413742,0.814670205116272,0.1713780164718628
train/0001/ex02_enunciated_00171,0.015362662263214588,0.9361919164657593,0.048445411026477814
train/0001/ex02_confused_00031,0.4332762360572815,0.546027421951294,0.02069634199142456
train/0001/ex02_happy_00032,0.9729316830635071,0.024703986942768097,0.002364308340474963
train/0001/ex02_laughing_00351,0.58347487449646,0.38957855105400085,0.026946621015667915
train/0001/ex02_sad_00031,0.4332762360572815,0.546027421951294,0.02069634199142456
train/0001/ex02_confused_00069,0.06513330340385437,0.8921661376953125,0.04270058497786522
train/0001/ex02_laughing_00309,0.03645262494683266,0.9187203645706177,0.04482699930667877
train/0001/ex02_enunciated_00129,0.6381059885025024,0.34094542264938354,0.02094860188663006
train/0001/ex02_whisper_00116,0.006205678451806307,0.921735405921936,0.07205889374017715
train/0001/ex02_default_00021,0.4880591332912445,0.3932075798511505,0.118733249604702
train/0001/ex02_enunciated_00224,0.12465756386518478,0.8521955013275146,0.02314687706530094
train/0001/ex02_laughing_00004,0.06051434949040413,0.9036704301834106,0.03581520542502403
train/0001/ex02_sad_00333,0.038076672703027725,0.9223710894584656,0.03955215960741043
train/0001/ex02_default_emphasis_00015,0.07250376045703888,0.8747134804725647,0.05278271436691284
train/0001/ex02_default_00323,0.0019963174127042294,0.3521174192428589,0.645886242389679
train/0001/ex02_whisper_00119,0.3231073021888733,0.5261924266815186,0.15070033073425293
train/0001/ex02_enunciated_00126,0.5392218828201294,0.44153109192848206,0.019247019663453102
train/0001/ex02_happy_00065,0.037962861359119415,0.546745777130127,0.4152913987636566
train/0001/ex02_laughing_00306,0.01804089918732643,0.10295050591230392,0.8790085315704346
train/0001/ex02_confused_00066,0.5089542269706726,0.4613834619522095,0.029662303626537323
train/0001/ex02_enunciated_00317,0.006251398008316755,0.5241884589195251,0.4695601761341095
train/0001/ex02_laughing_00137,0.0010134342592209578,0.03542720526456833,0.9635593295097351
train/0001/ex02_happy_00254,0.11003421247005463,0.8355334401130676,0.05443236976861954
train/0001/ex02_confused_00257,0.17942753434181213,0.7848970293998718,0.03567538037896156
train/0001/ex02_default_00112,0.016017848625779152,0.5341801643371582,0.4498019814491272
train/0001/ex02_happy_00159,0.8687263131141663,0.12659978866577148,0.004673884715884924
train/0001/ex02_sad_00102,0.865205705165863,0.12596607208251953,0.008828165009617805
train/0001/ex02_default_emphasis_00129,0.4406413435935974,0.5293212532997131,0.03003736585378647
train/0001/ex02_confused_00258,0.018747245892882347,0.6826402544975281,0.29861247539520264
train/0001/ex02_laughing_00138,0.2509743869304657,0.7245776653289795,0.02444796822965145
train/0001/ex02_enunciated_00318,0.18251356482505798,0.7827397584915161,0.034746669232845306
train/0001/ex02_enunciated_00015,0.08871295303106308,0.8622542023658752,0.049032848328351974
train/0001/ex02_laughing_00235,0.15102244913578033,0.8035215735435486,0.045455895364284515
train/0001/ex02_happy_00156,0.05073130875825882,0.9232428669929504,0.02602577768266201
train/0001/ex02_confused_00155,0.04196382313966751,0.9158188700675964,0.04221733659505844
train/0001/ex02_default_00210,0.0665447935461998,0.6353296041488647,0.29812559485435486
train/0001/ex02_default_emphasis_00126,0.007307213265448809,0.5539253354072571,0.4387674629688263
train/0001/ex02_confused_00080,0.07196446508169174,0.7531659007072449,0.1748696118593216
train/0001/ex02_happy_00083,0.11195378005504608,0.8389238119125366,0.04912235215306282
train/0001/ex02_sad_00200,0.08881431072950363,0.6176020503044128,0.2935836613178253
train/0001/ex02_sad_00247,0.8706706762313843,0.12265327572822571,0.006675962824374437
train/0001/ex02_enunciated_00187,0.008860272355377674,0.15796861052513123,0.8331710696220398
train/0001/ex02_enunciated_00052,0.018000304698944092,0.5869207978248596,0.3950788974761963
train/0001/ex02_laughing_00272,0.3263716399669647,0.6226916909217834,0.050936661660671234
train/0001/ex02_happy_00111,0.5804339647293091,0.3966679275035858,0.0228981114923954
train/0001/ex02_confused_00112,0.016017848625779152,0.5341801643371582,0.4498019814491272
train/0001/ex02_default_00257,0.17942753434181213,0.7848970293998718,0.03567538037896156
train/0001/ex02_enunciated_00285,0.3464612364768982,0.6230775713920593,0.030461160466074944
train/0001/ex02_default_00080,0.07196446508169174,0.7531659007072449,0.1748696118593216
train/0001/ex02_sad_00248,0.5158234238624573,0.45690208673477173,0.027274489402770996
train/0001/ex02_sad_00145,0.0015357345109805465,0.013683389872312546,0.9847809076309204
train/0001/ex02_enunciated_00188,0.0018289819126948714,0.12193508446216583,0.8762359619140625
train/0001/ex02_sad_00090,0.19032885134220123,0.6835709810256958,0.12610021233558655
train/0001/ex02_default_00258,0.018747245892882347,0.6826402544975281,0.29861247539520264
train/0001/ex02_enunciated_00350,0.37616491317749023,0.6034194231033325,0.02041568234562874
train/0001/ex02_laughing_00170,0.14152488112449646,0.8097599744796753,0.04871508851647377
train/0001/ex02_happy_00213,0.130188450217247,0.8356004357337952,0.034211114048957825
train/0001/ex02_confused_00210,0.0665447935461998,0.6353296041488647,0.29812559485435486
train/0001/ex02_default_00155,0.04196382313966751,0.9158188700675964,0.04221733659505844
train/0001/ex02_default_00069,0.06513330340385437,0.8921661376953125,0.04270058497786522
train/0001/ex02_enunciated_00161,0.0067141433246433735,0.14186149835586548,0.8514243364334106
train/0001/ex02_happy_00022,0.013608727604150772,0.7621715068817139,0.22421979904174805
train/0001/ex02_laughing_00341,0.0828423872590065,0.8222112655639648,0.09494634717702866
train/0001/ex02_confused_00021,0.4880591332912445,0.3932075798511505,0.118733249604702
train/0001/ex02_sad_00079,0.013951759785413742,0.814670205116272,0.1713780164718628
train/0001/ex02_default_emphasis_00052,0.07782091945409775,0.8258698582649231,0.09630922228097916
train/0001/ex02_laughing_00294,0.0717332735657692,0.8851513862609863,0.04311544820666313
train/0001/ex02_laughing_00199,0.8889483213424683,0.10663647204637527,0.0044152080081403255
train/0001/ex02_default_00066,0.5089542269706726,0.4613834619522095,0.029662303626537323
train/0001/ex02_default_essentials_00002,0.18572475016117096,0.6430091261863708,0.1712661236524582
train/0001/ex02_enunciated_00263,0.14539656043052673,0.8022553324699402,0.052348051220178604
train/0001/ex02_happy_00320,0.32450389862060547,0.6550578474998474,0.020438240841031075
train/0001/ex02_laughing_00043,0.001582160941325128,0.02616335265338421,0.9722545146942139
train/0001/ex02_confused_00323,0.0019963174127042294,0.3521174192428589,0.645886242389679
train/0001/ex02_sad_00076,0.17224863171577454,0.7959566116333008,0.03179479017853737
train/0001/ex02_laughing_00196,0.0852571427822113,0.8821988105773926,0.03254405036568642
train/0001/ex02_enunciated_00136,0.6260532736778259,0.3484460413455963,0.02550067938864231
train/0001/ex02_whisper_00109,0.026821600273251534,0.7749505639076233,0.19822783768177032
train/0001/ex02_confused_00076,0.17224863171577454,0.7959566116333008,0.03179479017853737
train/0001/ex02_happy_00075,0.07002338767051697,0.8422669172286987,0.0877097025513649
train/0001/ex02_laughing_00316,0.7034976482391357,0.2795005440711975,0.017001790925860405
train/0001/ex02_default_00333,0.038076672703027725,0.9223710894584656,0.03955215960741043
train/0001/ex02_sad_00323,0.0019963174127042294,0.3521174192428589,0.645886242389679
train/0001/ex02_default_emphasis_00005,0.4308694005012512,0.5452672839164734,0.02386332117021084
train/0001/ex02_laughing_00319,0.7760627269744873,0.19754578173160553,0.02639143355190754
train/0001/ex02_confused_00079,0.013951759785413742,0.814670205116272,0.1713780164718628
train/0001/ex02_enunciated_00139,0.8078486919403076,0.17497937381267548,0.017171941697597504
train/0001/ex02_enunciated_00234,0.03465292602777481,0.39467206597328186,0.5706749558448792
train/0001/ex02_laughing_00014,0.15363790094852448,0.6893875598907471,0.15697452425956726
train/0001/ex02_default_00031,0.4332762360572815,0.546027421951294,0.02069634199142456
train/0001/ex02_sad_00021,0.4880591332912445,0.3932075798511505,0.118733249604702
train/0001/ex02_happy_00093,0.04246418923139572,0.8849308490753174,0.07260499149560928
train/0001/ex02_confused_00090,0.19032885134220123,0.6835709810256958,0.12610021233558655
train/0001/ex02_default_emphasis_00136,0.26725077629089355,0.6727451682090759,0.06000404804944992
train/0001/ex02_sad_00210,0.0665447935461998,0.6353296041488647,0.29812559485435486
train/0001/ex02_laughing_00128,0.83079594373703,0.15898679196834564,0.010217346251010895
train/0001/ex02_confused_00248,0.5184466242790222,0.4555572271347046,0.025996137410402298
train/0001/ex02_enunciated_00308,0.10019627958536148,0.8132956027984619,0.08650811016559601
train/0001/ex02_default_00200,0.08881431072950363,0.6176020503044128,0.2935836613178253
train/0001/ex02_enunciated_00005,0.17033767700195312,0.7737871408462524,0.05587512254714966
train/0001/ex02_confused_00145,0.0015357345109805465,0.013683389872312546,0.9847809076309204
train/0001/ex02_laughing_00225,0.45831072330474854,0.40662312507629395,0.13506615161895752
train/0001/ex02_happy_00146,0.1944209188222885,0.7706537842750549,0.03492529317736626
train/0001/ex02_default_emphasis_00139,0.04032879322767258,0.7273697853088379,0.23230142891407013
train/0001/ex02_sad_00112,0.016017848625779152,0.5341801643371582,0.4498019814491272
train/0001/ex02_default_00102,0.865205705165863,0.12596607208251953,0.008828165009617805
train/0001/ex02_enunciated_00307,0.5116080641746521,0.4645235538482666,0.023868421092629433
train/0001/ex02_confused_00247,0.858469545841217,0.13465815782546997,0.006872263271361589
train/0001/ex02_laughing_00127,0.7405396103858948,0.2427251935005188,0.016735168173909187
train/0001/ex02_happy_00244,0.15888166427612305,0.8042498826980591,0.03686848282814026
train/0001/ex02_happy_00149,0.6595245599746704,0.31692391633987427,0.023551544174551964
train/0001/ex02_default_emphasis_00062,0.3399331569671631,0.5942109823226929,0.06585580110549927
train/0001/ex02_enunciated_00084,0.02217992953956127,0.6901029944419861,0.2877170145511627
train/0001/ex02_sad_00049,0.47817760705947876,0.5040975213050842,0.01772487536072731
train/0001/ex02_default_00281,0.0420914851129055,0.6832646727561951,0.27464383840560913
train/0001/ex02_confused_00011,0.053184252232313156,0.7993424534797668,0.1474733054637909
train/0001/ex02_happy_00012,0.5189372897148132,0.36631327867507935,0.11474945396184921
train/0001/ex02_enunciated_00151,0.0017812493024393916,0.010340004228055477,0.9878787398338318
train/0001/ex02_default_00059,0.1507956087589264,0.8138753175735474,0.03532903268933296
train/0001/ex02_sad_00291,0.08190718293190002,0.6555474996566772,0.26254531741142273
train/0001/ex02_default_00183,0.0017552711069583893,0.05537712201476097,0.9428675770759583
train/0001/ex02_sad_00046,0.024594487622380257,0.850300133228302,0.12510541081428528
train/0001/ex02_sad_00193,0.0017845351248979568,0.02148221805691719,0.9767332673072815
train/0001/ex02_confused_00313,0.11373380571603775,0.8273743391036987,0.058891840279102325
train/0001/ex02_laughing_00073,0.2326788306236267,0.7262385487556458,0.041082557290792465
train/0001/ex02_happy_00310,0.0018291139276698232,0.03886742144823074,0.9593034386634827
train/0001/ex02_enunciated_00253,0.0009185457020066679,0.019807161763310432,0.979274332523346
train/0001/ex02_default_essentials_00032,0.3003878891468048,0.6250432133674622,0.07456892728805542
train/0001/ex02_default_00056,0.16112975776195526,0.8143020868301392,0.024568140506744385
train/0001/ex02_default_00267,0.06118832901120186,0.9018845558166504,0.03692709654569626
train/0001/ex02_confused_00122,0.2443266361951828,0.7209495306015015,0.03472393378615379
train/0001/ex02_default_emphasis_00084,0.004378804471343756,0.09322618693113327,0.9023950099945068
train/0001/ex02_happy_00121,0.0059216078370809555,0.7684251070022583,0.225653275847435
train/0001/ex02_laughing_00242,0.12379711121320724,0.708332359790802,0.16787053644657135
train/0001/ex02_enunciated_00062,0.16252215206623077,0.5683107376098633,0.26916709542274475
train/0001/ex02_default_emphasis_00151,0.24921879172325134,0.6735577583312988,0.07722344249486923
train/0001/ex02_whisper_00188,0.0018289819126948714,0.12193508446216583,0.8762359619140625
train/0001/ex02_sad_00277,0.6483612060546875,0.33820781111717224,0.013431047089397907
train/0001/ex02_default_00165,0.007737431675195694,0.5413820743560791,0.4508804976940155
train/0001/ex02_confused_00220,0.14563995599746704,0.7655287981033325,0.08883122354745865
train/0001/ex02_happy_00223,0.9346290826797485,0.06146141141653061,0.003909449093043804
train/0001/ex02_laughing_00140,0.3287352919578552,0.640457034111023,0.030807770788669586
train/0001/ex02_default_00268,0.9588661789894104,0.038570843636989594,0.002563005080446601
train/0001/ex02_sad_00175,0.34530869126319885,0.6249122023582458,0.02977917343378067
train/0001/ex02_sad_00278,0.2575361728668213,0.7136768698692322,0.028787007555365562
train/0001/ex02_laughing_00095,0.1518692672252655,0.8250207304954529,0.023110028356313705
train/0001/ex02_happy_00176,0.013815714046359062,0.9129623174667358,0.07322206348180771
train/0001/ex02_laughing_00215,0.8656043410301208,0.12567229568958282,0.00872331764549017
train/0001/ex02_confused_00175,0.34530869126319885,0.6249122023582458,0.02977917343378067
train/0001/ex02_enunciated_00035,0.011557536199688911,0.16022437810897827,0.8282181024551392
train/0001/ex02_default_00230,0.5711504817008972,0.40201622247695923,0.026833277195692062
train/0001/ex02_enunciated_00338,0.029657678678631783,0.7547040581703186,0.21563827991485596
train/0001/ex02_confused_00278,0.2575361728668213,0.7136768698692322,0.028787007555365562
train/0001/ex02_laughing_00118,0.4395815432071686,0.535704493522644,0.02471400983631611
train/0001/ex02_sad_00220,0.14563995599746704,0.7655287981033325,0.08883122354745865
train/0001/ex02_default_emphasis_00106,0.3701518476009369,0.6073269844055176,0.022521162405610085
train/0001/ex02_whisper_00005,0.17033767700195312,0.7737871408462524,0.05587512254714966
train/0001/ex02_happy_00179,0.13441908359527588,0.8198786973953247,0.045702192932367325
train/0001/ex02_happy_00274,0.10863646864891052,0.8382725715637207,0.05309092253446579
train/0001/ex02_laughing_00117,0.06590179353952408,0.8896844983100891,0.04441371560096741
train/0001/ex02_confused_00277,0.6483612060546875,0.33820781111717224,0.013431047089397907
train/0001/ex02_enunciated_00337,0.006979483179748058,0.6544414758682251,0.3385790288448334
train/0001/ex02_default_00132,0.02442552149295807,0.8763226270675659,0.09925179183483124
train/0001/ex02_sad_00122,0.26246702671051025,0.7035454511642456,0.033987514674663544
train/0001/ex02_default_emphasis_00109,0.03212960809469223,0.5491734743118286,0.41869688034057617
train/0001/ex02_confused_00193,0.0017845351248979568,0.02148221805691719,0.9767332673072815
train/0001/ex02_default_emphasis_00035,0.04862986132502556,0.8513560891151428,0.10001406818628311
train/0001/ex02_happy_00190,0.5198432207107544,0.46527376770973206,0.014882983639836311
train/0001/ex02_sad_00313,0.11373380571603775,0.8273743391036987,0.058891840279102325
train/0001/ex02_default_00303,0.9225702881813049,0.07181555777788162,0.005614053923636675
train/0001/ex02_laughing_00326,0.2377225160598755,0.7326018810272217,0.029675526544451714
train/0001/ex02_happy_00045,0.0052356962114572525,0.6701499223709106,0.32461437582969666
train/0001/ex02_confused_00046,0.024594487622380257,0.850300133228302,0.12510541081428528
train/0001/ex02_enunciated_00106,0.10230401903390884,0.8637069463729858,0.033989068120718
train/0001/ex02_sad_00011,0.053184252232313156,0.7993424534797668,0.1474733054637909
train/0001/ex02_confused_00291,0.08190718293190002,0.6555474996566772,0.26254531741142273
train/0001/ex02_happy_00292,0.01891838200390339,0.6251826882362366,0.3558989465236664
train/0001/ex02_default_00001,0.0175890251994133,0.9249237775802612,0.05748721957206726
train/0001/ex02_laughing_00024,0.007023411802947521,0.44776779413223267,0.5452088117599487
train/0001/ex02_confused_00344,0.05346986651420593,0.8994195461273193,0.04711055010557175
train/0001/ex02_enunciated_00204,0.425971657037735,0.5416465997695923,0.03238179162144661
train/0001/ex02_enunciated_00109,0.026821600273251534,0.7749505639076233,0.19822783768177032
train/0001/ex02_confused_00049,0.47817760705947876,0.5040975213050842,0.01772487536072731
train/0001/ex02_laughing_00329,0.19963854551315308,0.49461376667022705,0.3057476282119751
train/0001/ex02_whisper_00171,0.015362662263214588,0.9361919164657593,0.048445411026477814
train/0001/ex02_sad_00183,0.0017552711069583893,0.05537712201476097,0.9428675770759583
train/0001/ex02_default_essentials_00022,0.0020207411143928766,0.013434567488729954,0.9845446348190308
train/0001/ex02_default_00046,0.024594487622380257,0.850300133228302,0.12510541081428528
train/0001/ex02_laughing_00063,0.06178424879908562,0.8986589908599854,0.03955678269267082
train/0001/ex02_happy_00300,0.2573682367801666,0.6989231705665588,0.04370861500501633
train/0001/ex02_confused_00303,0.9225702881813049,0.07181555777788162,0.005614053923636675
train/0001/ex02_enunciated_00243,0.001777620636858046,0.01274339109659195,0.9854789972305298
train/0001/ex02_default_00193,0.0017845351248979568,0.02148221805691719,0.9767332673072815
train/0001/ex02_sad_00056,0.16112975776195526,0.8143020868301392,0.024568140506744385
train/0001/ex02_happy_00002,0.003237419296056032,0.8119036555290222,0.18485890328884125
train/0001/ex02_confused_00001,0.0175890251994133,0.9249237775802612,0.05748721957206726
train/0001/ex02_enunciated_00141,0.0052887434139847755,0.1998211294412613,0.7948901653289795
train/0001/ex02_default_00049,0.47817760705947876,0.5040975213050842,0.01772487536072731
train/0001/ex02_sad_00281,0.0420914851129055,0.6832646727561951,0.27464383840560913
train/0001/ex02_sad_00059,0.1507956087589264,0.8138753175735474,0.03532903268933296
train/0001/ex02_default_00291,0.08190718293190002,0.6555474996566772,0.26254531741142273
train/0001/ex02_default_emphasis_00072,0.20795504748821259,0.7530232071876526,0.039021700620651245
train/0001/ex02_enunciated_00094,0.8588181734085083,0.12482252717018127,0.016359254717826843
train/0001/ex02_sad_00165,0.008549665100872517,0.5689886808395386,0.4224616587162018
train/0001/ex02_whisper_00197,0.016059285029768944,0.0466921404004097,0.9372485876083374
train/0001/ex02_laughing_00085,0.012915730476379395,0.6756482720375061,0.3114359974861145
train/0001/ex02_sad_00268,0.9588661789894104,0.038570843636989594,0.002563005080446601
train/0001/ex02_happy_00233,0.1453416794538498,0.8231920003890991,0.03146640956401825
train/0001/ex02_laughing_00150,0.09605090320110321,0.8011907935142517,0.1027582511305809
train/0001/ex02_confused_00230,0.5711504817008972,0.40201622247695923,0.026833277195692062
train/0001/ex02_default_00175,0.21277308464050293,0.7385766506195068,0.048650290817022324
train/0001/ex02_default_00278,0.2575361728668213,0.7136768698692322,0.028787007555365562
train/0001/ex02_default_emphasis_00141,0.3183474838733673,0.6232360005378723,0.05841650441288948
train/0001/ex02_sad_00267,0.06118832901120186,0.9018845558166504,0.03692709654569626
train/0001/ex02_happy_00131,0.10085365921258926,0.8225803971290588,0.07656604796648026
train/0001/ex02_laughing_00252,0.8451275825500488,0.14421607553958893,0.010656366124749184
train/0001/ex02_default_emphasis_00094,0.1383926421403885,0.7648618817329407,0.09674546867609024
train/0001/ex02_confused_00132,0.02442552149295807,0.8763226270675659,0.09925179183483124
train/0001/ex02_enunciated_00072,0.14725449681282043,0.785982072353363,0.06676342338323593
train/0001/ex02_default_00277,0.6483612060546875,0.33820781111717224,0.013431047089397907
train/0001/ex02_default_emphasis_00119,0.024792896583676338,0.8462274074554443,0.12897971272468567
train/0001/ex02_sad_00132,0.02442552149295807,0.8763226270675659,0.09925179183483124
train/0001/ex02_happy_00169,0.052496153861284256,0.8967788815498352,0.050725001841783524
train/0001/ex02_default_00122,0.2443266361951828,0.7209495306015015,0.03472393378615379
train/0001/ex02_confused_00267,0.06118832901120186,0.9018845558166504,0.03692709654569626
train/0001/ex02_happy_00264,0.11550601571798325,0.6903501152992249,0.1941438764333725
train/0001/ex02_laughing_00107,0.0035693999379873276,0.2141706794500351,0.7822599411010742
train/0001/ex02_enunciated_00327,0.7786666750907898,0.21208897233009338,0.009244373068213463
train/0001/ex02_sad_00230,0.5874650478363037,0.3866250514984131,0.025909867137670517
train/0001/ex02_default_emphasis_00116,0.44374197721481323,0.5323166847229004,0.023941323161125183
train/0001/ex02_default_00220,0.14563995599746704,0.7655287981033325,0.08883122354745865
train/0001/ex02_confused_00165,0.007737431675195694,0.5413820743560791,0.4508804976940155
train/0001/ex02_happy_00166,0.8122276067733765,0.17892780900001526,0.00884462334215641
train/0001/ex02_laughing_00205,0.21143825352191925,0.6350860595703125,0.15347567200660706
train/0001/ex02_enunciated_00025,0.36632779240608215,0.5158205032348633,0.11785174161195755
train/0001/ex02_enunciated_00328,0.07672388106584549,0.6183024048805237,0.3049737513065338
train/0001/ex02_laughing_00108,0.04614220932126045,0.8538112640380859,0.10004650056362152
train/0001/ex02_confused_00268,0.9544970989227295,0.04292876645922661,0.002574168611317873
train/0001/ex02_laughing_00034,0.0031370683573186398,0.08809465169906616,0.9087682366371155
train/0001/ex02_enunciated_00214,0.009878858923912048,0.6865866184234619,0.3035345673561096
train/0001/ex02_default_00011,0.053184252232313156,0.7993424534797668,0.1474733054637909
train/0001/ex02_enunciated_00119,0.3231073021888733,0.5261924266815186,0.15070033073425293
train/0001/ex02_laughing_00339,0.5580000281333923,0.3885765075683594,0.053423453122377396
train/0001/ex02_confused_00059,0.1507956087589264,0.8138753175735474,0.03532903268933296
train/0001/ex02_sad_00001,0.0175890251994133,0.9249237775802612,0.05748721957206726
train/0001/ex02_happy_00282,0.13554777204990387,0.8360321521759033,0.028419993817806244
train/0001/ex02_confused_00281,0.0420914851129055,0.6832646727561951,0.27464383840560913
train/0001/ex02_confused_00056,0.16112975776195526,0.8143020868301392,0.024568140506744385
train/0001/ex02_laughing_00336,0.16664640605449677,0.5923565626144409,0.24099703133106232
train/0001/ex02_happy_00055,0.0018770804163068533,0.007589046377688646,0.9905339479446411
train/0001/ex02_enunciated_00116,0.006205678451806307,0.921735405921936,0.07205889374017715
train/0001/ex02_whisper_00129,0.6381059885025024,0.34094542264938354,0.02094860188663006
train/0001/ex02_default_00313,0.11373380571603775,0.8273743391036987,0.058891840279102325
train/0001/ex02_happy_00180,0.159621000289917,0.5941064357757568,0.2462725192308426
train/0001/ex02_default_emphasis_00025,0.0010408504167571664,0.09981009364128113,0.8991490006446838
train/0001/ex02_confused_00183,0.0017552711069583893,0.05537712201476097,0.9428675770759583
train/0001/ex02_sad_00303,0.9225702881813049,0.07181555777788162,0.005614053923636675
train/0001/ex02_sad_00142,0.5840347409248352,0.39768022298812866,0.018285054713487625
train/0001/ex02_default_00087,0.023003602400422096,0.9172548055648804,0.05974157899618149
train/0001/ex02_enunciated_00282,0.13554777204990387,0.8360321521759033,0.028419993817806244
train/0001/ex02_default_00152,0.012009537778794765,0.9276031851768494,0.06038720905780792
train/0001/ex02_confused_00217,0.8002359867095947,0.18118759989738464,0.018576331436634064
train/0001/ex02_happy_00214,0.010611229576170444,0.688244104385376,0.30114465951919556
train/0001/ex02_laughing_00177,0.09630649536848068,0.8272473216056824,0.07644619792699814
train/0001/ex02_happy_00119,0.3231073021888733,0.5261924266815186,0.15070033073425293
train/0001/ex02_sad_00097,0.09553937613964081,0.8503142595291138,0.05414631590247154
train/0001/ex02_enunciated_00180,0.159621000289917,0.5941064357757568,0.2462725192308426
train/0001/ex02_sad_00240,0.03834046795964241,0.894947350025177,0.06671220809221268
train/0001/ex02_default_00088,0.12346767634153366,0.6769538521766663,0.1995784193277359
train/0001/ex02_laughing_00178,0.008121410384774208,0.08962874859571457,0.902249813079834
train/0001/ex02_confused_00218,0.11984019726514816,0.8271512389183044,0.053008582442998886
train/0001/ex02_default_00250,0.0011318756733089685,0.02013908512890339,0.9787290096282959
train/0001/ex02_sad_00098,0.0019740527495741844,0.016044192016124725,0.9819818139076233
train/0001/ex02_enunciated_00055,0.0018770804163068533,0.007589046377688646,0.9905339479446411
train/0001/ex02_confused_00115,0.1113908588886261,0.7737213969230652,0.11488769948482513
train/0001/ex02_happy_00116,0.006205678451806307,0.921735405921936,0.07205889374017715
train/0001/ex02_laughing_00275,0.24538180232048035,0.7171393036842346,0.03747885301709175
train/0001/ex02_laughing_00349,0.7332802414894104,0.23570379614830017,0.031015878543257713
train/0001/ex02_confused_00029,0.1896430253982544,0.748387336730957,0.0619695745408535
train/0001/ex02_whisper_00156,0.03890925645828247,0.9331424236297607,0.02794828452169895
train/0001/ex02_enunciated_00169,0.052496153861284256,0.8967788815498352,0.050725001841783524
train/0001/ex02_enunciated_00264,0.11550601571798325,0.6903501152992249,0.1941438764333725
train/0001/ex02_confused_00324,0.2891145646572113,0.6794304251670837,0.031454991549253464
train/0001/ex02_laughing_00044,0.028036147356033325,0.408588171005249,0.5633756518363953
train/0001/ex02_happy_00327,0.707855224609375,0.28001874685287476,0.012126095592975616
train/0001/ex02_default_00061,0.11090276390314102,0.581883430480957,0.3072138726711273
train/0001/ex02_default_essentials_00005,0.01447839755564928,0.32649457454681396,0.659027099609375
train/0001/ex02_laughing_00191,0.8909582495689392,0.10325776040554047,0.005784034263342619
train/0001/ex02_sad_00071,0.12560459971427917,0.7942026257514954,0.08019272238016129
train/0001/ex02_enunciated_00166,0.8122276067733765,0.17892780900001526,0.00884462334215641
train/0001/ex02_confused_00026,0.019739214330911636,0.23238666355609894,0.7478741407394409
train/0001/ex02_laughing_00346,0.09867558628320694,0.653037428855896,0.24828694760799408
train/0001/ex02_happy_00025,0.32956352829933167,0.5370153784751892,0.13342110812664032
train/0001/ex02_happy_00328,0.07672388106584549,0.6183024048805237,0.3049737513065338
train/0001/ex02_laughing_00293,0.003123615402728319,0.02766129933297634,0.9692150950431824
train/0001/ex02_default_emphasis_00055,0.07782091945409775,0.8258698582649231,0.09630922228097916
train/0001/ex02_default_00036,0.0034334759693592787,0.5703780651092529,0.42618846893310547
train/0001/ex02_enunciated_00233,0.1453416794538498,0.8231920003890991,0.03146640956401825
train/0001/ex02_laughing_00013,0.5804564356803894,0.3910844922065735,0.028459051623940468
train/0001/ex02_sad_00026,0.019739214330911636,0.23238666355609894,0.7478741407394409
train/0001/ex02_default_00039,0.029765430837869644,0.909686267375946,0.060548342764377594
train/0001/ex02_default_00334,0.0020368124824017286,0.27254828810691833,0.7254149317741394
train/0001/ex02_enunciated_00131,0.09347997605800629,0.8212127685546875,0.08530721813440323
train/0001/ex02_laughing_00311,0.010005061514675617,0.2102869749069214,0.7797079682350159
train/0001/ex02_happy_00072,0.14725449681282043,0.785982072353363,0.06676342338323593
train/0001/ex02_confused_00071,0.12560459971427917,0.7942026257514954,0.08019272238016129
train/0001/ex02_sad_00029,0.1896430253982544,0.748387336730957,0.0619695745408535
train/0001/ex02_default_emphasis_00002,0.4308694005012512,0.5452672839164734,0.02386332117021084
train/0001/ex02_sad_00324,0.2891145646572113,0.6794304251670837,0.031454991549253464
train/0001/ex02_sad_00218,0.11984019726514816,0.8271512389183044,0.053008582442998886
train/0001/ex02_sad_00115,0.1113908588886261,0.7737213969230652,0.11488769948482513
train/0001/ex02_confused_00098,0.0019740527495741844,0.016044192016124725,0.9819818139076233
train/0001/ex02_default_00208,0.1543956995010376,0.7330600023269653,0.11254426091909409
train/0001/ex02_enunciated_00300,0.2573682367801666,0.6989231705665588,0.04370861500501633
train/0001/ex02_happy_00243,0.001777620636858046,0.01274339109659195,0.9854789972305298
train/0001/ex02_laughing_00120,0.013102240860462189,0.14612028002738953,0.8407775163650513
train/0001/ex02_confused_00240,0.03834046795964241,0.894947350025177,0.06671220809221268
train/0001/ex02_default_00105,0.4597599506378174,0.42371663451194763,0.11652342230081558
train/0001/ex02_sad_00217,0.8002359867095947,0.18118759989738464,0.018576331436634064
train/0001/ex02_confused_00097,0.09553937613964081,0.8503142595291138,0.05414631590247154
train/0001/ex02_default_emphasis_00131,0.8374509215354919,0.15544825792312622,0.007100761402398348
train/0001/ex02_happy_00094,0.8588181734085083,0.12482252717018127,0.016359254717826843
train/0001/ex02_enunciated_00002,0.003237419296056032,0.8119036555290222,0.18485890328884125
train/0001/ex02_happy_00141,0.0052887434139847755,0.1998211294412613,0.7948901653289795
train/0001/ex02_laughing_00222,0.08944165706634521,0.8528750538825989,0.05768318846821785
train/0001/ex02_confused_00142,0.5840347409248352,0.39768022298812866,0.018285054713487625
train/0001/ex02_default_00207,0.012439550831913948,0.913028359413147,0.07453206181526184
train/0001/ex02_confused_00208,0.1543956995010376,0.7330600023269653,0.11254426091909409
train/0001/ex02_laughing_00168,0.5768290758132935,0.37499821186065674,0.04817270115017891
train/0001/ex02_enunciated_00348,0.9226739406585693,0.07117462158203125,0.006151469890028238
train/0001/ex02_enunciated_00045,0.0052356962114572525,0.6701499223709106,0.32461437582969666
train/0001/ex02_happy_00106,0.10230401903390884,0.8637069463729858,0.033989068120718
train/0001/ex02_laughing_00265,0.2064540833234787,0.7661718130111694,0.027374105527997017
train/0001/ex02_confused_00105,0.4597599506378174,0.42371663451194763,0.11652342230081558
train/0001/ex02_default_00240,0.03834046795964241,0.894947350025177,0.06671220809221268
train/0001/ex02_sad_00088,0.061153020709753036,0.7578950524330139,0.18095196783542633
train/0001/ex02_enunciated_00190,0.5198432207107544,0.46527376770973206,0.014882983639836311
train/0001/ex02_sad_00250,0.0011318756733089685,0.02013908512890339,0.9787290096282959
train/0001/ex02_default_00098,0.0019740527495741844,0.016044192016124725,0.9819818139076233
train/0001/ex02_enunciated_00347,0.13317912817001343,0.8183161020278931,0.04850483685731888
train/0001/ex02_happy_00204,0.40849679708480835,0.5569753646850586,0.03452787175774574
train/0001/ex02_laughing_00167,0.03422541916370392,0.9121272563934326,0.05364735797047615
train/0001/ex02_confused_00207,0.012439550831913948,0.913028359413147,0.07453206181526184
train/0001/ex02_default_00142,0.5840347409248352,0.39768022298812866,0.018285054713487625
train/0001/ex02_sad_00087,0.023003602400422096,0.9172548055648804,0.05974157899618149
train/0001/ex02_happy_00109,0.026821600273251534,0.7749505639076233,0.19822783768177032
train/0001/ex02_sad_00152,0.012009537778794765,0.9276031851768494,0.06038720905780792
train/0001/ex02_enunciated_00292,0.01891838200390339,0.6251826882362366,0.3558989465236664
train/0001/ex02_default_00097,0.09553937613964081,0.8503142595291138,0.05414631590247154
train/0001/ex02_default_emphasis_00045,0.008491653017699718,0.1316906213760376,0.8598177433013916
train/0001/ex02_laughing_00283,0.03237755224108696,0.8022417426109314,0.16538061201572418
train/0001/ex02_whisper_00149,0.6595245599746704,0.31692391633987427,0.023551544174551964
train/0001/ex02_enunciated_00176,0.02156309224665165,0.899318277835846,0.07911857217550278
train/0001/ex02_happy_00035,0.020453181117773056,0.4036269783973694,0.5759198665618896
train/0001/ex02_confused_00036,0.0034334759693592787,0.5703780651092529,0.42618846893310547
train/0001/ex02_happy_00338,0.029657678678631783,0.7547040581703186,0.21563827991485596
train/0001/ex02_laughing_00181,0.19705137610435486,0.7746001482009888,0.0283485297113657
train/0001/ex02_sad_00061,0.11090276390314102,0.581883430480957,0.3072138726711273
train/0001/ex02_confused_00039,0.029765430837869644,0.909686267375946,0.060548342764377594
train/0001/ex02_enunciated_00179,0.13441908359527588,0.8198786973953247,0.045702192932367325
train/0001/ex02_whisper_00146,0.1944209188222885,0.7706537842750549,0.03492529317736626
train/0001/ex02_default_00071,0.12560459971427917,0.7942026257514954,0.08019272238016129
train/0001/ex02_default_essentials_00015,0.3037797212600708,0.5197840332984924,0.17643624544143677
train/0001/ex02_enunciated_00274,0.10863646864891052,0.8382725715637207,0.05309092253446579
train/0001/ex02_laughing_00054,0.6653682589530945,0.3139093816280365,0.020722374320030212
train/0001/ex02_happy_00337,0.006979483179748058,0.6544414758682251,0.3385790288448334
train/0001/ex02_confused_00334,0.0020368124824017286,0.27254828810691833,0.7254149317741394
train/0001/ex02_default_emphasis_00012,0.24124275147914886,0.7324213981628418,0.026335880160331726
train/0001/ex02_sad_00039,0.029765430837869644,0.909686267375946,0.060548342764377594
train/0001/ex02_sad_00334,0.0020368124824017286,0.27254828810691833,0.7254149317741394
train/0001/ex02_default_00029,0.1896430253982544,0.748387336730957,0.0619695745408535
train/0001/ex02_whisper_00213,0.130188450217247,0.8356004357337952,0.034211114048957825
train/0001/ex02_enunciated_00121,0.0059216078370809555,0.7684251070022583,0.225653275847435
train/0001/ex02_confused_00061,0.11090276390314102,0.581883430480957,0.3072138726711273
train/0001/ex02_laughing_00301,0.3051969110965729,0.6720612049102783,0.02274191938340664
train/0001/ex02_happy_00062,0.16252215206623077,0.5683107376098633,0.26916709542274475
train/0001/ex02_default_00324,0.2891145646572113,0.6794304251670837,0.031454991549253464
train/0001/ex02_sad_00036,0.0037543473299592733,0.5582471489906311,0.43799853324890137
train/0001/ex02_enunciated_00223,0.9346290826797485,0.06146141141653061,0.003909449093043804
train/0001/ex02_laughing_00003,0.152921661734581,0.8193328976631165,0.02774546481668949
train/0001/ex02_default_00026,0.019739214330911636,0.23238666355609894,0.7478741407394409
train/0001/ex02_default_00217,0.017480257898569107,0.4144318699836731,0.5680878758430481
train/0001/ex02_enunciated_00012,0.5189372897148132,0.36631327867507935,0.11474945396184921
train/0001/ex02_confused_00152,0.010597382672131062,0.9235668182373047,0.06583575159311295
train/0001/ex02_happy_00151,0.0017812493024393916,0.010340004228055477,0.9878787398338318
train/0001/ex02_laughing_00232,0.04372882470488548,0.9212042093276978,0.03506705164909363
train/0001/ex02_sad_00207,0.012439550831913948,0.913028359413147,0.07453206181526184
train/0001/ex02_happy_00084,0.02217992953956127,0.6901029944419861,0.2877170145511627
train/0001/ex02_default_emphasis_00121,0.012201355770230293,0.8300930857658386,0.15770560503005981
train/0001/ex02_confused_00087,0.023003602400422096,0.9172548055648804,0.05974157899618149
train/0001/ex02_whisper_00022,0.013608727604150772,0.7621715068817139,0.22421979904174805
train/0001/ex02_default_00218,0.11984019726514816,0.8271512389183044,0.053008582442998886
train/0001/ex02_default_00115,0.1113908588886261,0.7737213969230652,0.11488769948482513
train/0001/ex02_enunciated_00310,0.0018291139276698232,0.03886742144823074,0.9593034386634827
train/0001/ex02_confused_00250,0.0011318756733089685,0.02013908512890339,0.9787290096282959
train/0001/ex02_happy_00253,0.0009185457020066679,0.019807161763310432,0.979274332523346
train/0001/ex02_laughing_00130,0.34296220541000366,0.6336873769760132,0.023350488394498825
train/0001/ex02_sad_00208,0.1543956995010376,0.7330600023269653,0.11254426091909409
train/0001/ex02_confused_00088,0.061153020709753036,0.7578950524330139,0.18095196783542633
train/0001/ex02_sad_00105,0.4597599506378174,0.42371663451194763,0.11652342230081558
train/0001/ex02_sad_00286,0.43626636266708374,0.5456806421279907,0.01805303618311882
train/0001/ex02_happy_00308,0.10019627958536148,0.8132956027984619,0.08650811016559601
train/0001/ex02_confused_00006,0.4597949683666229,0.49837765097618103,0.041827406734228134
train/0001/ex02_happy_00005,0.17033767700195312,0.7737871408462524,0.05587512254714966
train/0001/ex02_enunciated_00146,0.1944209188222885,0.7706537842750549,0.03492529317736626
train/0001/ex02_default_emphasis_00075,0.04033110663294792,0.43853190541267395,0.521136999130249
train/0001/ex02_enunciated_00093,0.04246418923139572,0.8849308490753174,0.07260499149560928
train/0001/ex02_default_00296,0.03529301658272743,0.7136014699935913,0.25110548734664917
train/0001/ex02_confused_00304,0.11502022296190262,0.6876197457313538,0.19735999405384064
train/0001/ex02_happy_00307,0.4624651372432709,0.5029703974723816,0.03456447646021843
train/0001/ex02_laughing_00064,0.013383769430220127,0.36330974102020264,0.6233064532279968
train/0001/ex02_enunciated_00244,0.15888166427612305,0.8042498826980591,0.03686848282814026
train/0001/ex02_default_essentials_00025,0.0023395109456032515,0.018462635576725006,0.9791978597640991
train/0001/ex02_sad_00289,0.2201753556728363,0.6889268755912781,0.09089776873588562
train/0001/ex02_default_00041,0.016405485570430756,0.7703282237052917,0.2132662981748581
train/0001/ex02_sad_00184,0.13795886933803558,0.8410518169403076,0.020989250391721725
train/0001/ex02_enunciated_00149,0.6595245599746704,0.31692391633987427,0.023551544174551964
train/0001/ex02_confused_00009,0.11498632282018661,0.8568081855773926,0.02820553444325924
train/0001/ex02_default_00299,0.03625519946217537,0.7512585520744324,0.21248625218868256
train/0001/ex02_sad_00051,0.20316170156002045,0.7140898108482361,0.08274845778942108
train/0001/ex02_default_00194,0.8213545083999634,0.17280016839504242,0.005845286883413792
train/0001/ex02_whisper_00292,0.01891838200390339,0.6251826882362366,0.3558989465236664
train/0001/ex02_sad_00260,0.017844924703240395,0.9064688682556152,0.07568621635437012
train/0001/ex02_default_emphasis_00146,0.023954208940267563,0.4725545644760132,0.503491222858429
train/0001/ex02_default_00270,0.5870163440704346,0.32319873571395874,0.0897848978638649
train/0001/ex02_default_emphasis_00093,0.1383926421403885,0.7648618817329407,0.09674546867609024
train/0001/ex02_confused_00135,0.026490621268749237,0.8394830822944641,0.13402624428272247
train/0001/ex02_laughing_00255,0.03155986964702606,0.5332602262496948,0.4351799190044403
train/0001/ex02_happy_00136,0.6260532736778259,0.3484460413455963,0.02550067938864231
train/0001/ex02_enunciated_00075,0.07002338767051697,0.8422669172286987,0.0877097025513649
train/0001/ex02_laughing_00158,0.0077320667915046215,0.16203223168849945,0.8302356600761414
train/0001/ex02_confused_00238,0.1012767031788826,0.7155736088752747,0.18314968049526215
train/0001/ex02_laughing_00082,0.004586553201079369,0.2868656814098358,0.7085477709770203
train/0001/ex02_whisper_00190,0.5198432207107544,0.46527376770973206,0.014882983639836311
train/0001/ex02_default_emphasis_00149,0.023954208940267563,0.4725545644760132,0.503491222858429
train/0001/ex02_sad_00162,0.17390497028827667,0.7765493988990784,0.049545545130968094
train/0001/ex02_happy_00139,0.7986568212509155,0.1821020543575287,0.019241126254200935
train/0001/ex02_default_00172,0.13567137718200684,0.7751638293266296,0.08916479349136353
train/0001/ex02_confused_00237,0.0059013464488089085,0.9199484586715698,0.07415013015270233
train/0001/ex02_laughing_00157,0.2823227047920227,0.6518104076385498,0.06586693227291107
train/0001/ex02_happy_00234,0.03465292602777481,0.39467206597328186,0.5706749558448792
train/0001/ex02_default_emphasis_00111,0.08392035961151123,0.8331006765365601,0.08297895640134811
train/0001/ex02_sad_00237,0.006247915793210268,0.9276045560836792,0.06614750623703003
train/0001/ex02_laughing_00202,0.11086974292993546,0.8727330565452576,0.01639716699719429
train/0001/ex02_happy_00161,0.0067141433246433735,0.14186149835586548,0.8514243364334106
train/0001/ex02_confused_00162,0.17390497028827667,0.7765493988990784,0.049545545130968094
train/0001/ex02_enunciated_00022,0.013608727604150772,0.7621715068817139,0.22421979904174805
train/0001/ex02_default_00227,0.09113377332687378,0.6495211720466614,0.25934502482414246
train/0001/ex02_sad_00135,0.026490621268749237,0.8394830822944641,0.13402624428272247
train/0001/ex02_sad_00238,0.1012767031788826,0.7155736088752747,0.18314968049526215
train/0001/ex02_laughing_00100,0.4461536407470703,0.5394561290740967,0.014390235766768456
train/0001/ex02_happy_00263,0.14539656043052673,0.8022553324699402,0.052348051220178604
train/0001/ex02_confused_00260,0.017844924703240395,0.9064688682556152,0.07568621635437012
train/0001/ex02_enunciated_00320,0.32450389862060547,0.6550578474998474,0.020438240841031075
train/0001/ex02_default_00125,0.026716159656643867,0.875836968421936,0.09744679182767868
train/0001/ex02_default_00228,0.006575831212103367,0.8167552947998047,0.17666880786418915
train/0001/ex02_default_00314,0.08167684078216553,0.8541935682296753,0.06412966549396515
train/0001/ex02_happy_00052,0.018000304698944092,0.5869207978248596,0.3950788974761963
train/0001/ex02_laughing_00331,0.047647155821323395,0.7598296999931335,0.19252318143844604
train/0001/ex02_confused_00051,0.20316170156002045,0.7140898108482361,0.08274845778942108
train/0001/ex02_enunciated_00111,0.5804339647293091,0.3966679275035858,0.0228981114923954
train/0001/ex02_default_00019,0.002938962308689952,0.038471028208732605,0.958590030670166
train/0001/ex02_confused_00289,0.2201753556728363,0.6889268755912781,0.09089776873588562
train/0001/ex02_sad_00304,0.11502022296190262,0.6876197457313538,0.19735999405384064
train/0001/ex02_sad_00009,0.11498632282018661,0.8568081855773926,0.02820553444325924
train/0001/ex02_default_emphasis_00022,0.1903514564037323,0.7280415892601013,0.0816069170832634
train/0001/ex02_confused_00184,0.13795886933803558,0.8410518169403076,0.020989250391721725
train/0001/ex02_happy_00187,0.008860272355377674,0.15796861052513123,0.8331710696220398
train/0001/ex02_default_00016,0.007168489508330822,0.4763779640197754,0.5164535045623779
train/0001/ex02_laughing_00033,0.0015044023748487234,0.03668614476919174,0.9618094563484192
train/0001/ex02_enunciated_00213,0.130188450217247,0.8356004357337952,0.034211114048957825
train/0001/ex02_confused_00286,0.43626636266708374,0.5456806421279907,0.01805303618311882
train/0001/ex02_happy_00285,0.3464612364768982,0.6230775713920593,0.030461160466074944
train/0001/ex02_happy_00188,0.0018289819126948714,0.12193508446216583,0.8762359619140625
train/0001/ex02_sad_00006,0.4597949683666229,0.49837765097618103,0.041827406734228134
train/0001/ex02_default_00289,0.2201753556728363,0.6889268755912781,0.09089776873588562
train/0001/ex02_sad_00041,0.016405485570430756,0.7703282237052917,0.2132662981748581
train/0001/ex02_default_00184,0.13795886933803558,0.8410518169403076,0.020989250391721725
train/0001/ex02_sad_00299,0.03625519946217537,0.7512585520744324,0.21248625218868256
train/0001/ex02_default_00051,0.20316170156002045,0.7140898108482361,0.08274845778942108
train/0001/ex02_happy_00317,0.006569951307028532,0.506168007850647,0.4872620403766632
train/0001/ex02_laughing_00074,0.04117512330412865,0.8973085880279541,0.06151629239320755
train/0001/ex02_confused_00314,0.08167684078216553,0.8541935682296753,0.06412966549396515
train/0001/ex02_enunciated_00254,0.11003421247005463,0.8355334401130676,0.05443236976861954
train/0001/ex02_enunciated_00159,0.9333366751670837,0.06367306411266327,0.0029902851674705744
train/0001/ex02_whisper_00166,0.8122276067733765,0.17892780900001526,0.00884462334215641
train/0001/ex02_confused_00019,0.017383147031068802,0.14013950526714325,0.8424773812294006
train/0001/ex02_sad_00194,0.8213545083999634,0.17280016839504242,0.005845286883413792
train/0001/ex02_default_00286,0.4407883286476135,0.5399042367935181,0.019307445734739304
train/0001/ex02_default_emphasis_00065,0.3399331569671631,0.5942109823226929,0.06585580110549927
train/0001/ex02_enunciated_00083,0.11195378005504608,0.8389238119125366,0.04912235215306282
train/0001/ex02_happy_00318,0.18251356482505798,0.7827397584915161,0.034746669232845306
train/0001/ex02_sad_00296,0.03529301658272743,0.7136014699935913,0.25110548734664917
train/0001/ex02_happy_00015,0.08871295303106308,0.8622542023658752,0.049032848328351974
train/0001/ex02_confused_00016,0.007168489508330822,0.4763779640197754,0.5164535045623779
train/0001/ex02_whisper_00169,0.052496153861284256,0.8967788815498352,0.050725001841783524
train/0001/ex02_enunciated_00156,0.05073130875825882,0.9232428669929504,0.02602577768266201
train/0001/ex02_whisper_00055,0.0018770804163068533,0.007589046377688646,0.9905339479446411
train/0001/ex02_happy_00129,0.6381059885025024,0.34094542264938354,0.02094860188663006
train/0001/ex02_laughing_00147,0.15633372962474823,0.7758052349090576,0.06786097586154938
train/0001/ex02_happy_00224,0.12465756386518478,0.8521955013275146,0.02314687706530094
train/0001/ex02_confused_00227,0.09113377332687378,0.6495211720466614,0.25934502482414246
train/0001/ex02_default_00162,0.17390497028827667,0.7765493988990784,0.049545545130968094
train/0001/ex02_laughing_00092,0.004649490118026733,0.11148517578840256,0.8838653564453125
train/0001/ex02_sad_00172,0.1331103891134262,0.7742996215820312,0.09258994460105896
train/0001/ex02_default_emphasis_00159,0.009107666090130806,0.44075194001197815,0.550140380859375
train/0001/ex02_laughing_00245,0.20141297578811646,0.7168954610824585,0.08169151097536087
train/0001/ex02_happy_00126,0.5392218828201294,0.44153109192848206,0.019247019663453102
train/0001/ex02_confused_00125,0.026716159656643867,0.875836968421936,0.09744679182767868
train/0001/ex02_default_emphasis_00083,0.004378804471343756,0.09322618693113327,0.9023950099945068
train/0001/ex02_enunciated_00065,0.037962861359119415,0.546745777130127,0.4152913987636566
train/0001/ex02_default_00260,0.022184185683727264,0.9122399091720581,0.06557593494653702
train/0001/ex02_confused_00228,0.006575831212103367,0.8167552947998047,0.17666880786418915
train/0001/ex02_laughing_00148,0.06585743278265,0.751284122467041,0.1828584372997284
train/0001/ex02_sad_00270,0.5870163440704346,0.32319873571395874,0.0897848978638649
train/0001/ex02_default_emphasis_00156,0.010200130753219128,0.5354486107826233,0.4543512463569641
train/0001/ex02_default_00135,0.026490621268749237,0.8394830822944641,0.13402624428272247
train/0001/ex02_confused_00270,0.5870163440704346,0.32319873571395874,0.0897848978638649
train/0001/ex02_laughing_00110,0.3716636896133423,0.5733109712600708,0.05502529442310333
train/0001/ex02_happy_00273,0.0473785474896431,0.776556670665741,0.17606477439403534
train/0001/ex02_enunciated_00330,0.02749423123896122,0.6960636377334595,0.27644211053848267
train/0001/ex02_default_00238,0.1689370572566986,0.6928541660308838,0.13820880651474
train/0001/ex02_sad_00125,0.026716159656643867,0.875836968421936,0.09744679182767868
train/0001/ex02_sad_00228,0.006575831212103367,0.8167552947998047,0.17666880786418915
train/0001/ex02_default_00237,0.0059013464488089085,0.9199484586715698,0.07415013015270233
train/0001/ex02_confused_00172,0.1331103891134262,0.7742996215820312,0.09258994460105896
train/0001/ex02_laughing_00212,0.1783505231142044,0.7865291833877563,0.03512023016810417
train/0001/ex02_happy_00171,0.015362662263214588,0.9361919164657593,0.048445411026477814
train/0001/ex02_enunciated_00032,0.9729316830635071,0.024703986942768097,0.002364308340474963
train/0001/ex02_default_emphasis_00101,0.04696650430560112,0.8856437802314758,0.06738971918821335
train/0001/ex02_sad_00227,0.09113377332687378,0.6495211720466614,0.25934502482414246
train/0001/ex02_happy_00295,0.009398755617439747,0.3584354817867279,0.6321657299995422
train/0001/ex02_confused_00296,0.03529301658272743,0.7136014699935913,0.25110548734664917
train/0001/ex02_sad_00016,0.007168489508330822,0.4763779640197754,0.5164535045623779
train/0001/ex02_happy_00198,0.018603326752781868,0.5312939286231995,0.4501028060913086
train/0001/ex02_confused_00343,0.7144839763641357,0.2617238163948059,0.02379220351576805
train/0001/ex02_happy_00340,0.2514195740222931,0.6347768306732178,0.11380361765623093
train/0001/ex02_laughing_00023,0.707678496837616,0.2684641182422638,0.023857349529862404
train/0001/ex02_enunciated_00203,0.0040563177317380905,0.0597110316157341,0.9362326264381409
train/0001/ex02_default_00006,0.4597949683666229,0.49837765097618103,0.041827406734228134
train/0001/ex02_sad_00314,0.08167684078216553,0.8541935682296753,0.06412966549396515
train/0001/ex02_confused_00299,0.03625519946217537,0.7512585520744324,0.21248625218868256
train/0001/ex02_happy_00197,0.016059285029768944,0.0466921404004097,0.9372485876083374
train/0001/ex02_confused_00194,0.8213545083999634,0.17280016839504242,0.005845286883413792
train/0001/ex02_default_emphasis_00032,0.10971716791391373,0.8120302557945251,0.07825254648923874
train/0001/ex02_sad_00019,0.002938962308689952,0.038471028208732605,0.958590030670166
train/0001/ex02_confused_00041,0.016405485570430756,0.7703282237052917,0.2132662981748581
train/0001/ex02_happy_00042,0.01783495396375656,0.6283414959907532,0.35382354259490967
train/0001/ex02_laughing_00321,0.09904597699642181,0.8382087349891663,0.06274529546499252
train/0001/ex02_enunciated_00101,0.5635420083999634,0.4226645231246948,0.013793407939374447
train/0001/ex02_default_00304,0.11502022296190262,0.6876197457313538,0.19735999405384064
train/0001/ex02_default_00009,0.11498632282018661,0.8568081855773926,0.02820553444325924
train/0003/ex04_default_emphasis_00017,0.8580225706100464,0.12813888490200043,0.01383853331208229
train/0003/ex04_enunciated_00238,0.544342577457428,0.41930562257766724,0.036351751536130905
train/0003/ex04_confused_00162,0.5358061790466309,0.40789228677749634,0.05630156397819519
train/0003/ex04_laughing_00202,0.09216972440481186,0.8495599031448364,0.05827029421925545
train/0003/ex04_enunciated_00135,0.002444483106955886,0.05114184319972992,0.9464136958122253
train/0003/ex04_default_00312,0.7584249377250671,0.2336840182542801,0.007891139946877956
train/0003/ex04_sad_00332,0.02209264412522316,0.7488364577293396,0.22907096147537231
train/0003/ex04_happy_00171,0.724019467830658,0.25489702820777893,0.02108348347246647
train/0003/ex04_whisper_00128,0.04968534782528877,0.9094530940055847,0.04086162522435188
train/0003/ex04_default_emphasis_00018,0.8580225706100464,0.12813888490200043,0.01383853331208229
train/0003/ex04_confused_00260,0.36882123351097107,0.5984349846839905,0.03274371847510338
train/0003/ex04_laughing_00100,0.005467873066663742,0.1006719246506691,0.8938602209091187
train/0003/ex04_enunciated_00237,0.03838042542338371,0.7673677802085876,0.19425183534622192
train/0003/ex04_default_00010,0.09323395043611526,0.5615657567977905,0.3452002704143524
train/0003/ex04_sad_00030,0.13681122660636902,0.8208624124526978,0.04232630506157875
train/0003/ex04_happy_00273,0.044485144317150116,0.8648229837417603,0.09069188684225082
train/0003/ex04_whisper_00127,0.037955883890390396,0.8638104796409607,0.09823362529277802
train/0003/ex04_sad_00201,0.1004210114479065,0.81336909532547,0.08620990812778473
train/0003/ex04_happy_00042,0.005051002372056246,0.2128387987613678,0.7821101546287537
train/0003/ex04_confused_00051,0.30885159969329834,0.6596714854240417,0.03147689625620842
train/0003/ex04_enunciated_00006,0.0011346017709001899,0.01187016349285841,0.986995279788971
train/0003/ex04_laughing_00331,0.0832367092370987,0.8628941178321838,0.053869131952524185
train/0003/ex04_default_00221,0.030964359641075134,0.3370252847671509,0.6320103406906128
train/0003/ex04_whisper_00316,0.7926974892616272,0.19944751262664795,0.007854986935853958
train/0003/ex04_confused_00289,0.030718348920345306,0.7270965576171875,0.2421851009130478
train/0003/ex04_default_emphasis_00124,0.0024754840414971113,0.09581308811903,0.9017114639282227
train/0003/ex04_happy_00197,0.02178374119102955,0.8359898328781128,0.14222638309001923
train/0003/ex04_confused_00184,0.14641505479812622,0.8176026344299316,0.03598230332136154
train/0003/ex04_enunciated_00009,0.44919171929359436,0.5231291651725769,0.02767915278673172
train/0003/ex04_whisper_00014,0.8628790974617004,0.12904483079910278,0.008076097816228867
train/0003/ex04_sad_00103,0.041359636932611465,0.7415788173675537,0.21706156432628632
train/0003/ex04_whisper_00319,0.03196100518107414,0.315820574760437,0.6522184610366821
train/0003/ex04_enunciated_00304,0.6198261976242065,0.3335382342338562,0.04663558304309845
train/0003/ex04_laughing_00033,0.66195148229599,0.3301898241043091,0.007858701050281525
train/0003/ex04_default_00123,0.09132487326860428,0.868096113204956,0.04057897999882698
train/0003/ex04_happy_00295,0.16587591171264648,0.7694637179374695,0.06466033309698105
train/0003/ex04_confused_00286,0.05438198521733284,0.5729678273200989,0.3726502060890198
train/0003/ex04_happy_00198,0.1559411734342575,0.8237736225128174,0.02028518356382847
train/0003/ex04_whisper_00341,0.13893337547779083,0.7568060755729675,0.10426053404808044
train/0003/ex04_happy_00318,0.16826660931110382,0.7565212249755859,0.07521211355924606
train/0003/ex04_enunciated_00051,0.30885159969329834,0.6596714854240417,0.03147689625620842
train/0003/ex04_confused_00006,0.0011346017709001899,0.01187016349285841,0.986995279788971
train/0003/ex04_default_00276,0.14405813813209534,0.7725238800048828,0.08341795206069946
train/0003/ex04_sad_00256,0.06031056120991707,0.7364012002944946,0.20328830182552338
train/0003/ex04_happy_00015,0.024103060364723206,0.8436758518218994,0.13222113251686096
train/0003/ex04_enunciated_00184,0.14641505479812622,0.8176026344299316,0.03598230332136154
train/0003/ex04_whisper_00199,0.03370512276887894,0.8261131048202515,0.14018180966377258
train/0003/ex04_whisper_00294,0.6915170550346375,0.2849845588207245,0.023498419672250748
train/0003/ex04_enunciated_00289,0.030718348920345306,0.7270965576171875,0.2421851009130478
train/0003/ex04_laughing_00064,0.47716063261032104,0.4861370623111725,0.036702319979667664
train/0003/ex04_enunciated_00353,0.31592419743537903,0.6481947898864746,0.03588099032640457
train/0003/ex04_confused_00304,0.6198261976242065,0.3335382342338562,0.04663558304309845
train/0003/ex04_default_00174,0.22776682674884796,0.7496422529220581,0.022590897977352142
train/0003/ex04_sad_00154,0.6201874017715454,0.36861467361450195,0.011197999119758606
train/0003/ex04_happy_00317,0.0582769401371479,0.81465083360672,0.1270722895860672
train/0003/ex04_sad_00259,0.0617872029542923,0.8842462301254272,0.05396655946969986
train/0003/ex04_default_00279,0.8452543616294861,0.1486886739730835,0.0060569122433662415
train/0003/ex04_confused_00009,0.44919171929359436,0.5231291651725769,0.02767915278673172
train/0003/ex04_whisper_00196,0.000921517435926944,0.02137042209506035,0.9777080416679382
train/0003/ex04_enunciated_00286,0.05438198521733284,0.5729678273200989,0.3726502060890198
train/0003/ex04_sad_00081,0.11615660041570663,0.6962370872497559,0.18760626018047333
train/0003/ex04_default_emphasis_00040,0.09560417383909225,0.8291036486625671,0.07529215514659882
train/0003/ex04_default_00290,0.012324356473982334,0.3485158681869507,0.6391597986221313
train/0003/ex04_happy_00126,0.018403304740786552,0.9172393679618835,0.06435736268758774
train/0003/ex04_enunciated_00162,0.5358061790466309,0.40789228677749634,0.05630156397819519
train/0003/ex04_laughing_00255,0.12927496433258057,0.7528218626976013,0.11790317296981812
train/0003/ex04_confused_00135,0.002444483106955886,0.05114184319972992,0.9464136958122253
train/0003/ex04_default_00048,0.856029748916626,0.13476835191249847,0.009201831184327602
train/0003/ex04_confused_00238,0.544342577457428,0.41930562257766724,0.036351751536130905
train/0003/ex04_laughing_00158,0.013184754177927971,0.907751739025116,0.0790635347366333
train/0003/ex04_whisper_00272,0.015025993809103966,0.40146327018737793,0.5835107564926147
train/0003/ex04_sad_00068,0.14204195141792297,0.7985842227935791,0.05937384441494942
train/0003/ex04_laughing_00082,0.043730396777391434,0.8019228577613831,0.15434671938419342
train/0003/ex04_default_00192,0.15022189915180206,0.5204275846481323,0.3293505609035492
train/0003/ex04_happy_00129,0.3843013346195221,0.578095555305481,0.03760308399796486
train/0003/ex04_sad_00067,0.08387909084558487,0.8747654557228088,0.04135540872812271
train/0003/ex04_happy_00224,0.1465069204568863,0.798162579536438,0.05533052235841751
train/0003/ex04_enunciated_00260,0.36882123351097107,0.5984349846839905,0.03274371847510338
train/0003/ex04_laughing_00157,0.12218698859214783,0.8077616691589355,0.07005142420530319
train/0003/ex04_confused_00237,0.03838042542338371,0.7673677802085876,0.19425183534622192
train/0003/ex04_default_00047,0.014414501376450062,0.8985946774482727,0.08699075132608414
train/0003/ex04_sad_00020,0.01098577305674553,0.4800642430782318,0.5089499950408936
train/0003/ex04_happy_00263,0.09820402413606644,0.8198626041412354,0.08193337917327881
train/0003/ex04_enunciated_00227,0.1261105090379715,0.8247715830802917,0.04911794885993004
train/0003/ex04_laughing_00110,0.001976852072402835,0.04557609558105469,0.9524470567703247
train/0003/ex04_confused_00270,0.0016224599676206708,0.04197422415018082,0.956403374671936
train/0003/ex04_default_emphasis_00008,0.008493321016430855,0.823441207408905,0.16806542873382568
train/0003/ex04_default_essentials_00026,0.0018986620707437396,0.012442469596862793,0.9856589436531067
train/0003/ex04_enunciated_00228,0.25525668263435364,0.6988219022750854,0.045921359211206436
train/0003/ex04_sad_00322,0.006015473045408726,0.3641349673271179,0.6298495531082153
train/0003/ex04_happy_00161,0.36827927827835083,0.6093670725822449,0.02235359139740467
train/0003/ex04_whisper_00138,0.12395910173654556,0.557368814945221,0.3186720907688141
train/0003/ex04_enunciated_00125,0.9225695729255676,0.07211678475141525,0.00531367864459753
train/0003/ex04_laughing_00212,0.1277129054069519,0.8393198847770691,0.03296726569533348
train/0003/ex04_confused_00172,0.29439041018486023,0.6482276320457458,0.05738196149468422
train/0003/ex04_default_00302,0.4411677420139313,0.4981193542480469,0.06071285158395767
train/0003/ex04_default_essentials_00029,0.9084070920944214,0.08384046703577042,0.007752460427582264
train/0003/ex04_default_emphasis_00007,0.008493321016430855,0.823441207408905,0.16806542873382568
train/0003/ex04_confused_00296,0.013923329301178455,0.9336095452308655,0.05246713012456894
train/0003/ex04_happy_00285,0.2965223789215088,0.6392133235931396,0.06426423043012619
train/0003/ex04_happy_00188,0.35197755694389343,0.6251049637794495,0.022917406633496284
train/0003/ex04_enunciated_00019,0.07465898245573044,0.8903071880340576,0.035033781081438065
train/0003/ex04_laughing_00023,0.03372572734951973,0.6336492300033569,0.33262506127357483
train/0003/ex04_enunciated_00314,0.22945281863212585,0.6050547957420349,0.16549241542816162
train/0003/ex04_confused_00343,0.012935840524733067,0.5752660632133484,0.4117981195449829
train/0003/ex04_default_00133,0.023356197401881218,0.4756670892238617,0.5009767413139343
train/0003/ex04_sad_00113,0.14315293729305267,0.8211254477500916,0.03572159260511398
train/0003/ex04_default_emphasis_00134,0.03344906494021416,0.9033305048942566,0.06322052329778671
train/0003/ex04_confused_00299,0.38242417573928833,0.5609163045883179,0.05665954574942589
train/0003/ex04_confused_00194,0.4977511465549469,0.47588875889778137,0.026360077783465385
train/0003/ex04_happy_00187,0.6420948505401611,0.3454500734806061,0.01245511882007122
train/0003/ex04_laughing_00321,0.002571041462942958,0.05239035561680794,0.9450386166572571
train/0003/ex04_enunciated_00016,0.6344301700592041,0.33667394518852234,0.02889583259820938
train/0003/ex04_confused_00041,0.7740965485572815,0.20487353205680847,0.021029938012361526
train/0003/ex04_default_00231,0.6899164915084839,0.3014715909957886,0.008611883036792278
train/0003/ex04_sad_00211,0.38622453808784485,0.6015468239784241,0.012228628620505333
train/0003/ex04_happy_00052,0.021567219868302345,0.7859722375869751,0.19246050715446472
train/0003/ex04_whisper_00186,0.9771202802658081,0.02052951045334339,0.002350290771573782
train/0003/ex04_sad_00091,0.007882850244641304,0.8918460011482239,0.10027118772268295
train/0003/ex04_enunciated_00296,0.013923329301178455,0.9336095452308655,0.05246713012456894
train/0003/ex04_sad_00144,0.006781920790672302,0.3717239499092102,0.6214941143989563
train/0003/ex04_happy_00307,0.04955407977104187,0.9127148389816284,0.03773103654384613
train/0003/ex04_confused_00314,0.22945281863212585,0.6050547957420349,0.16549241542816162
train/0003/ex04_enunciated_00343,0.012935840524733067,0.5752660632133484,0.4117981195449829
train/0003/ex04_laughing_00074,0.021745828911662102,0.9268300533294678,0.05142413452267647
train/0003/ex04_default_00164,0.6268927454948425,0.32851940393447876,0.04458785802125931
train/0003/ex04_default_00269,0.09876333922147751,0.5704860687255859,0.33075055480003357
train/0003/ex04_confused_00019,0.07465898245573044,0.8903071880340576,0.035033781081438065
train/0003/ex04_sad_00249,0.008953524753451347,0.9057641625404358,0.08528228849172592
train/0003/ex04_whisper_00189,0.04320894554257393,0.9170235991477966,0.039767537266016006
train/0003/ex04_enunciated_00194,0.4977511465549469,0.47588875889778137,0.026360077783465385
train/0003/ex04_enunciated_00299,0.38242417573928833,0.5609163045883179,0.05665954574942589
train/0003/ex04_whisper_00284,0.91998690366745,0.07546403259038925,0.004549091216176748
train/0003/ex04_happy_00308,0.9331094026565552,0.05673205479979515,0.010158606804907322
train/0003/ex04_sad_00246,0.04011426120996475,0.7950729727745056,0.16481275856494904
train/0003/ex04_happy_00005,0.12992414832115173,0.815021812915802,0.055054038763046265
train/0003/ex04_confused_00016,0.6344301700592041,0.33667394518852234,0.02889583259820938
train/0003/ex04_enunciated_00041,0.7740965485572815,0.20487353205680847,0.021029938012361526
train/0003/ex04_default_00266,0.01378759928047657,0.8765435814857483,0.1096687838435173
train/0003/ex04_happy_00139,0.0022621648386120796,0.3747527003288269,0.6229851245880127
train/0003/ex04_whisper_00160,0.30373966693878174,0.6678659319877625,0.02839445136487484
train/0003/ex04_confused_00227,0.1261105090379715,0.8247715830802917,0.04911794885993004
train/0003/ex04_laughing_00147,0.7100135087966919,0.2759675681591034,0.014018991962075233
train/0003/ex04_enunciated_00270,0.001484279753640294,0.034151848405599594,0.9643638730049133
train/0003/ex04_default_00057,0.07930672913789749,0.7349177598953247,0.185775488615036
train/0003/ex04_sad_00077,0.0051042926497757435,0.12537413835525513,0.8695214986801147
train/0003/ex04_happy_00234,0.008155154064297676,0.805194616317749,0.18665018677711487
train/0003/ex04_laughing_00092,0.876048743724823,0.10851573944091797,0.015435537323355675
train/0003/ex04_default_00182,0.04298175871372223,0.8596278429031372,0.09739034622907639
train/0003/ex04_confused_00125,0.9225695729255676,0.07211678475141525,0.00531367864459753
train/0003/ex04_laughing_00245,0.2710333466529846,0.6756445169448853,0.05332215502858162
train/0003/ex04_enunciated_00172,0.29439041018486023,0.6482276320457458,0.05738196149468422
train/0003/ex04_happy_00136,0.0018775851931422949,0.2825930714607239,0.7155293822288513
train/0003/ex04_sad_00078,0.828524112701416,0.1521943211555481,0.019281571730971336
train/0003/ex04_default_00058,0.8119995594024658,0.178325816988945,0.009674668312072754
train/0003/ex04_laughing_00148,0.01751345954835415,0.7991001605987549,0.18338638544082642
train/0003/ex04_confused_00228,0.25525668263435364,0.6988219022750854,0.045921359211206436
train/0003/ex04_default_emphasis_00050,0.05800209194421768,0.8221331238746643,0.11986488103866577
train/0003/ex04_default_00280,0.332645982503891,0.645860493183136,0.021493589505553246
train/0003/ex04_sad_00123,0.09132487326860428,0.868096113204956,0.04057897999882698
train/0003/ex04_default_00103,0.041359636932611465,0.7415788173675537,0.21706156432628632
train/0003/ex04_laughing_00013,0.6596854329109192,0.3259507417678833,0.014363900758326054
train/0003/ex04_enunciated_00324,0.05303008481860161,0.8039851188659668,0.14298486709594727
train/0003/ex04_enunciated_00029,0.09291601181030273,0.8716375827789307,0.03544646501541138
train/0003/ex04_happy_00062,0.05152297019958496,0.784602701663971,0.1638742834329605
train/0003/ex04_sad_00221,0.030964359641075134,0.3370252847671509,0.6320103406906128
train/0003/ex04_default_00201,0.1004210114479065,0.81336909532547,0.08620990812778473
train/0003/ex04_confused_00071,0.06861868500709534,0.8106361627578735,0.1207452192902565
train/0003/ex04_laughing_00311,0.00657688407227397,0.4179449677467346,0.5754781365394592
train/0003/ex04_enunciated_00026,0.06643866747617722,0.846760630607605,0.08680073916912079
train/0003/ex04_default_emphasis_00104,0.35151273012161255,0.5686486959457397,0.07983849197626114
train/0003/ex04_default_essentials_00016,0.015199028886854649,0.1931196004152298,0.7916813492774963
train/0003/ex04_default_emphasis_00038,0.6705901622772217,0.321799099445343,0.00761076994240284
train/0003/ex04_confused_00098,0.4040265679359436,0.5063496232032776,0.08962377905845642
train/0003/ex04_whisper_00107,0.007462817709892988,0.4073732793331146,0.5851638913154602
train/0003/ex04_default_00030,0.13681122660636902,0.8208624124526978,0.04232630506157875
train/0003/ex04_confused_00240,0.40716323256492615,0.5058318376541138,0.08700497448444366
train/0003/ex04_enunciated_00217,0.03830711916089058,0.4809865951538086,0.48070624470710754
train/0003/ex04_laughing_00120,0.6729670166969299,0.2926933765411377,0.03433958441019058
train/0003/ex04_happy_00253,0.010168618522584438,0.6283354759216309,0.36149588227272034
train/0003/ex04_sad_00010,0.09323395043611526,0.5615657567977905,0.3452002704143524
train/0003/ex04_default_emphasis_00037,0.6705901622772217,0.321799099445343,0.00761076994240284
train/0003/ex04_default_essentials_00019,0.027561556547880173,0.2530791163444519,0.7193593382835388
train/0003/ex04_confused_00097,0.013970330357551575,0.5159702301025391,0.4700593948364258
train/0003/ex04_happy_00084,0.05696454644203186,0.7858577370643616,0.15717770159244537
train/0003/ex04_default_00332,0.02209264412522316,0.7488364577293396,0.22907096147537231
train/0003/ex04_confused_00142,0.32507064938545227,0.6307258605957031,0.044203441590070724
train/0003/ex04_enunciated_00115,0.0021500096190720797,0.02268248423933983,0.975167453289032
train/0003/ex04_laughing_00222,0.5892974734306335,0.38522061705589294,0.02548198029398918
train/0003/ex04_happy_00151,0.00401779031381011,0.21780000627040863,0.7781822085380554
train/0003/ex04_sad_00312,0.7584249377250671,0.2336840182542801,0.007891139946877956
train/0003/ex04_whisper_00205,0.18267060816287994,0.7407583594322205,0.07657100260257721
train/0003/ex04_enunciated_00218,0.0064600990153849125,0.8189200758934021,0.17461983859539032
train/0003/ex04_enunciated_00098,0.4040265679359436,0.5063496232032776,0.08962377905845642
train/0003/ex04_whisper_00085,0.02336258813738823,0.9082343578338623,0.06840305030345917
train/0003/ex04_sad_00192,0.15022189915180206,0.5204275846481323,0.3293505609035492
train/0003/ex04_happy_00204,0.7889066934585571,0.1928626447916031,0.018230674788355827
train/0003/ex04_sad_00047,0.014414501376450062,0.8985946774482727,0.08699075132608414
train/0003/ex04_default_00067,0.08387909084558487,0.8747654557228088,0.04135540872812271
train/0003/ex04_laughing_00177,0.8827719688415527,0.10373473912477493,0.01349330972880125
train/0003/ex04_enunciated_00240,0.40716323256492615,0.5058318376541138,0.08700497448444366
train/0003/ex04_confused_00217,0.03830711916089058,0.4809865951538086,0.48070624470710754
train/0003/ex04_happy_00109,0.04846835136413574,0.8929008841514587,0.05863070487976074
train/0003/ex04_sad_00290,0.012324356473982334,0.3485158681869507,0.6391597986221313
train/0003/ex04_enunciated_00097,0.013970330357551575,0.5159702301025391,0.4700593948364258
train/0003/ex04_default_emphasis_00060,0.9279215931892395,0.06875260919332504,0.003325778990983963
train/0003/ex04_confused_00218,0.0064600990153849125,0.8189200758934021,0.17461983859539032
train/0003/ex04_laughing_00178,0.116774782538414,0.8198496103286743,0.06337562203407288
train/0003/ex04_default_00068,0.14204195141792297,0.7985842227935791,0.05937384441494942
train/0003/ex04_sad_00048,0.856029748916626,0.13476835191249847,0.009201831184327602
train/0003/ex04_happy_00106,0.0385107696056366,0.9326097369194031,0.02887953445315361
train/0003/ex04_laughing_00275,0.06284470111131668,0.8457807898521423,0.091374471783638
train/0003/ex04_enunciated_00142,0.32507064938545227,0.6307258605957031,0.044203441590070724
train/0003/ex04_confused_00115,0.0021500096190720797,0.02268248423933983,0.975167453289032
train/0003/ex04_sad_00279,0.8452543616294861,0.1486886739730835,0.0060569122433662415
train/0003/ex04_confused_00029,0.09291601181030273,0.8716375827789307,0.03544646501541138
train/0003/ex04_laughing_00349,0.04326887056231499,0.9193443655967712,0.03738680109381676
train/0003/ex04_default_00259,0.0617872029542923,0.8842462301254272,0.05396655946969986
train/0003/ex04_default_00154,0.6201874017715454,0.36861467361450195,0.011197999119758606
train/0003/ex04_laughing_00044,0.0016427269438281655,0.01079690270125866,0.9875603318214417
train/0003/ex04_confused_00324,0.05303008481860161,0.8039851188659668,0.14298486709594727
train/0003/ex04_happy_00337,0.8289257884025574,0.13533248007297516,0.035741765052080154
train/0003/ex04_sad_00174,0.22776682674884796,0.7496422529220581,0.022590897977352142
train/0003/ex04_default_emphasis_00089,0.01459727343171835,0.9535868167877197,0.031815893948078156
train/0003/ex04_default_00081,0.11615660041570663,0.6962370872497559,0.18760626018047333
train/0003/ex04_laughing_00191,0.033524006605148315,0.9233071208000183,0.043168805539608
train/0003/ex04_default_00256,0.06031056120991707,0.7364012002944946,0.20328830182552338
train/0003/ex04_enunciated_00071,0.06861868500709534,0.8106361627578735,0.1207452192902565
train/0003/ex04_laughing_00346,0.46854180097579956,0.5120278596878052,0.019430290907621384
train/0003/ex04_confused_00026,0.06643866747617722,0.846760630607605,0.08680073916912079
train/0003/ex04_happy_00035,0.08943048864603043,0.8562573194503784,0.05431225150823593
train/0003/ex04_sad_00276,0.14405813813209534,0.7725238800048828,0.08341795206069946
train/0003/ex04_default_emphasis_00086,0.2559524476528168,0.7082046866416931,0.03584286943078041
train/0003/ex04_happy_00338,0.033572934567928314,0.9318212270736694,0.03460582718253136
train/0003/ex04_default_emphasis_00153,0.007464770693331957,0.09034046530723572,0.9021947979927063
train/0003/ex04_laughing_00293,0.07926309108734131,0.8285350799560547,0.0922018364071846
train/0003/ex04_default_emphasis_00114,0.15728437900543213,0.8056592345237732,0.03705640137195587
train/0003/ex04_default_00211,0.38622453808784485,0.6015468239784241,0.012228628620505333
train/0003/ex04_enunciated_00036,0.14851312339305878,0.8093553185462952,0.04213152825832367
train/0003/ex04_laughing_00301,0.10178479552268982,0.853824257850647,0.04439091309905052
train/0003/ex04_confused_00061,0.1138388067483902,0.7109292149543762,0.1752319484949112
train/0003/ex04_happy_00072,0.023519517853856087,0.8858368992805481,0.0906435176730156
train/0003/ex04_sad_00231,0.6899164915084839,0.3014715909957886,0.008611883036792278
train/0003/ex04_default_00113,0.14315293729305267,0.8211254477500916,0.03572159260511398
train/0003/ex04_enunciated_00334,0.02911459095776081,0.9269471764564514,0.04393818601965904
train/0003/ex04_laughing_00003,0.008949189446866512,0.7124815583229065,0.2785693109035492
train/0003/ex04_sad_00133,0.023356197401881218,0.4756670892238617,0.5009767413139343
train/0003/ex04_enunciated_00039,0.016609692946076393,0.2780497968196869,0.7053405046463013
train/0003/ex04_happy_00141,0.4635236859321594,0.5051554441452026,0.03132087364792824
train/0003/ex04_sad_00302,0.4411677420139313,0.4981193542480469,0.06071285158395767
train/0003/ex04_default_00322,0.006015473045408726,0.3641349673271179,0.6298495531082153
train/0003/ex04_laughing_00232,0.02341957576572895,0.6297124028205872,0.3468680679798126
train/0003/ex04_enunciated_00105,0.7568850517272949,0.19534362852573395,0.04777134209871292
train/0003/ex04_confused_00152,0.4562220871448517,0.516080915927887,0.02769698016345501
train/0003/ex04_enunciated_00208,0.002699850592762232,0.26524582505226135,0.7320543527603149
train/0003/ex04_whisper_00215,0.15857113897800446,0.7526998519897461,0.08872900903224945
train/0003/ex04_default_emphasis_00027,0.028229419142007828,0.45365089178085327,0.5181196331977844
train/0003/ex04_default_essentials_00009,0.09325532615184784,0.7345337271690369,0.17221097648143768
train/0003/ex04_happy_00094,0.0016581346280872822,0.019755367189645767,0.9785864949226379
train/0003/ex04_confused_00087,0.006996219512075186,0.17801767587661743,0.8149861097335815
train/0003/ex04_whisper_00117,0.09914398938417435,0.7099291682243347,0.19092684984207153
train/0003/ex04_happy_00243,0.08132077008485794,0.8855100274085999,0.03316924348473549
train/0003/ex04_default_00020,0.01098577305674553,0.4800642430782318,0.5089499950408936
train/0003/ex04_laughing_00130,0.0034121812786906958,0.050873685628175735,0.9457141160964966
train/0003/ex04_enunciated_00207,0.9459168314933777,0.05161349102854729,0.002469701925292611
train/0003/ex04_confused_00250,0.7214011549949646,0.2701044976711273,0.008494339883327484
train/0003/ex04_default_essentials_00006,0.16634678840637207,0.5456085205078125,0.2880447208881378
train/0003/ex04_default_emphasis_00028,0.012335995212197304,0.31149157881736755,0.6761724948883057
train/0003/ex04_confused_00088,0.05416465178132057,0.8935506343841553,0.05228473246097565
train/0003/ex04_sad_00058,0.8119995594024658,0.178325816988945,0.009674668312072754
train/0003/ex04_laughing_00168,0.507774293422699,0.4742577075958252,0.017968036234378815
train/0003/ex04_confused_00208,0.002699850592762232,0.26524582505226135,0.7320543527603149
train/0003/ex04_default_00078,0.828524112701416,0.1521943211555481,0.019281571730971336
train/0003/ex04_confused_00105,0.7568850517272949,0.19534362852573395,0.04777134209871292
train/0003/ex04_enunciated_00152,0.4562220871448517,0.516080915927887,0.02769698016345501
train/0003/ex04_laughing_00265,0.9730800986289978,0.02374844439327717,0.0031714835204184055
train/0003/ex04_happy_00116,0.9725732803344727,0.02488081157207489,0.002545907162129879
train/0003/ex04_enunciated_00087,0.006996219512075186,0.17801767587661743,0.8149861097335815
train/0003/ex04_sad_00280,0.3428940773010254,0.6370020508766174,0.020103858783841133
train/0003/ex04_default_emphasis_00070,0.05229508504271507,0.7630323171615601,0.1846725195646286
train/0003/ex04_default_00077,0.0051042926497757435,0.12537413835525513,0.8695214986801147
train/0003/ex04_confused_00207,0.9459168314933777,0.05161349102854729,0.002469701925292611
train/0003/ex04_enunciated_00250,0.7214011549949646,0.2701044976711273,0.008494339883327484
train/0003/ex04_laughing_00167,0.037140872329473495,0.2339704930782318,0.7288886308670044
train/0003/ex04_happy_00214,0.027559448033571243,0.7038306593894958,0.268609881401062
train/0003/ex04_sad_00057,0.07930672913789749,0.7349177598953247,0.185775488615036
train/0003/ex04_happy_00119,0.02945416234433651,0.4783187508583069,0.49222704768180847
train/0003/ex04_whisper_00095,0.5700675845146179,0.4034683108329773,0.026464061811566353
train/0003/ex04_enunciated_00088,0.05416465178132057,0.8935506343841553,0.05228473246097565
train/0003/ex04_sad_00182,0.04298175871372223,0.8596278429031372,0.09739034622907639
train/0003/ex04_default_emphasis_00143,0.03622022643685341,0.9179589152336121,0.04582090303301811
train/0003/ex04_laughing_00283,0.09250346571207047,0.8738288283348083,0.03366769105195999
train/0003/ex04_happy_00025,0.28151100873947144,0.6650167107582092,0.05347228795289993
train/0003/ex04_sad_00266,0.01378759928047657,0.8765435814857483,0.1096687838435173
train/0003/ex04_default_00246,0.04011426120996475,0.7950729727745056,0.16481275856494904
train/0003/ex04_confused_00036,0.14851312339305878,0.8093553185462952,0.04213152825832367
train/0003/ex04_enunciated_00061,0.1138388067483902,0.7109292149543762,0.1752319484949112
train/0003/ex04_default_emphasis_00096,0.2837144434452057,0.7013052105903625,0.014980411157011986
train/0003/ex04_happy_00328,0.1077440157532692,0.7787061929702759,0.11354971677064896
train/0003/ex04_default_00091,0.007882850244641304,0.8918460011482239,0.10027118772268295
train/0003/ex04_laughing_00181,0.886479377746582,0.10973536223173141,0.0037851822562515736
train/0003/ex04_confused_00039,0.016609692946076393,0.2780497968196869,0.7053405046463013
train/0003/ex04_default_00249,0.008953524753451347,0.9057641625404358,0.08528228849172592
train/0003/ex04_sad_00269,0.09876333922147751,0.5704860687255859,0.33075055480003357
train/0003/ex04_happy_00327,0.2877616882324219,0.558164119720459,0.15407416224479675
train/0003/ex04_default_emphasis_00099,0.013000204227864742,0.16297337412834167,0.8240264058113098
train/0003/ex04_sad_00164,0.6268927454948425,0.32851940393447876,0.04458785802125931
train/0003/ex04_default_00144,0.006781920790672302,0.3717239499092102,0.6214941143989563
train/0003/ex04_confused_00334,0.02911459095776081,0.9269471764564514,0.04393818601965904
train/0003/ex04_laughing_00054,0.012909132987260818,0.8884416818618774,0.09864918142557144
train/0003/ex04_confused_00175,0.07710422575473785,0.8819355964660645,0.04096018522977829
train/0003/ex04_laughing_00215,0.15857113897800446,0.7526998519897461,0.08872900903224945
train/0003/ex04_enunciated_00122,0.050387460738420486,0.7553094029426575,0.19430308043956757
train/0003/ex04_default_00305,0.21832260489463806,0.7481784224510193,0.03349897637963295
train/0003/ex04_sad_00325,0.010444192215800285,0.684708833694458,0.30484700202941895
train/0003/ex04_happy_00166,0.006714183837175369,0.7587838768959045,0.234501913189888
train/0003/ex04_whisper_00232,0.02341957576572895,0.6297124028205872,0.3468680679798126
train/0003/ex04_sad_00028,0.26005321741104126,0.7171898484230042,0.02275698445737362
train/0003/ex04_default_00008,0.0029742857441306114,0.66461181640625,0.3324139416217804
train/0003/ex04_laughing_00118,0.2059476375579834,0.7385600805282593,0.055492330342531204
train/0003/ex04_confused_00278,0.031967680901288986,0.8927398920059204,0.07529239356517792
train/0003/ex04_happy_00169,0.4656239151954651,0.48453038930892944,0.04984566941857338
train/0003/ex04_confused_00277,0.7039759755134583,0.26216578483581543,0.033858247101306915
train/0003/ex04_laughing_00117,0.09914398938417435,0.7099291682243347,0.19092684984207153
train/0003/ex04_enunciated_00220,0.3492962419986725,0.6296434998512268,0.021060265600681305
train/0003/ex04_default_00007,0.042823996394872665,0.9071200489997864,0.05005588382482529
train/0003/ex04_sad_00027,0.30563122034072876,0.6664106249809265,0.027958115562796593
train/0003/ex04_happy_00264,0.3146311342716217,0.6258305907249451,0.05953829735517502
train/0003/ex04_default_essentials_00021,0.0018486626213416457,0.015377032570540905,0.9827743172645569
train/0003/ex04_happy_00180,0.026086274534463882,0.2839333713054657,0.6899803280830383
train/0003/ex04_confused_00193,0.22959627211093903,0.7487746477127075,0.02162904106080532
train/0003/ex04_default_emphasis_00133,0.4641457796096802,0.5099166631698608,0.025937620550394058
train/0003/ex04_sad_00216,0.08284436911344528,0.8683949112892151,0.048760704696178436
train/0003/ex04_happy_00055,0.31719011068344116,0.6309605836868286,0.051849283277988434
train/0003/ex04_confused_00046,0.05007164552807808,0.8315820693969727,0.11834634840488434
train/0003/ex04_enunciated_00011,0.017696253955364227,0.31339672207832336,0.6689069867134094
train/0003/ex04_laughing_00326,0.8193914294242859,0.16088423132896423,0.019724303856492043
train/0003/ex04_default_00236,0.2213088423013687,0.754149854183197,0.024541225284337997
train/0003/ex04_happy_00282,0.09035713970661163,0.8681707382202148,0.041472092270851135
train/0003/ex04_confused_00291,0.36130771040916443,0.5925492644309998,0.04614304006099701
train/0003/ex04_sad_00114,0.18457841873168945,0.7180143594741821,0.09740718454122543
train/0003/ex04_confused_00344,0.009468961507081985,0.6534010171890259,0.33713001012802124
train/0003/ex04_enunciated_00313,0.7257473468780518,0.26326489448547363,0.010987789370119572
train/0003/ex04_laughing_00024,0.007354806177318096,0.0788048803806305,0.9138402938842773
train/0003/ex04_default_00134,0.3622432351112366,0.6096720099449158,0.028084736317396164
train/0003/ex04_default_00239,0.03895622119307518,0.717305600643158,0.24373815953731537
train/0003/ex04_laughing_00329,0.010454002767801285,0.4525100886821747,0.5370358824729919
train/0003/ex04_confused_00049,0.09251049160957336,0.8067229986190796,0.10076648741960526
train/0003/ex04_sad_00219,0.38184717297554016,0.5986698865890503,0.01948290877044201
train/0003/ex04_whisper_00283,0.09250346571207047,0.8738288283348083,0.03366769105195999
train/0003/ex04_sad_00099,0.08150358498096466,0.8874434232711792,0.03105298988521099
train/0003/ex04_enunciated_00193,0.22959627211093903,0.7487746477127075,0.02162904106080532
train/0003/ex04_enunciated_00046,0.05007164552807808,0.8315820693969727,0.11834634840488434
train/0003/ex04_confused_00011,0.017696253955364227,0.31339672207832336,0.6689069867134094
train/0003/ex04_default_00261,0.13335862755775452,0.8452837467193604,0.021357599645853043
train/0003/ex04_sad_00241,0.03754454478621483,0.8800086975097656,0.08244677633047104
train/0003/ex04_happy_00002,0.0304960198700428,0.8927050232887268,0.07679901272058487
train/0003/ex04_enunciated_00291,0.36130771040916443,0.5925492644309998,0.04614304006099701
train/0003/ex04_sad_00096,0.19313998520374298,0.6840864419937134,0.12277362495660782
train/0003/ex04_whisper_00181,0.886479377746582,0.10973536223173141,0.0037851822562515736
train/0003/ex04_enunciated_00049,0.09251049160957336,0.8067229986190796,0.10076648741960526
train/0003/ex04_laughing_00073,0.08768541365861893,0.844704806804657,0.06760970503091812
train/0003/ex04_enunciated_00344,0.009468961507081985,0.6534010171890259,0.33713001012802124
train/0003/ex04_confused_00313,0.7257473468780518,0.26326489448547363,0.010987789370119572
train/0003/ex04_default_00163,0.9178314805030823,0.07629168033599854,0.0058768996968865395
train/0003/ex04_sad_00143,0.8692799210548401,0.12563343346118927,0.005086587741971016
train/0003/ex04_happy_00300,0.33397844433784485,0.6428958773612976,0.023125723004341125
train/0003/ex04_enunciated_00278,0.031967680901288986,0.8927398920059204,0.07529239356517792
train/0003/ex04_whisper_00168,0.507774293422699,0.4742577075958252,0.017968036234378815
train/0003/ex04_happy_00131,0.07926646620035172,0.6241089105606079,0.2966245710849762
train/0003/ex04_enunciated_00175,0.07710422575473785,0.8819355964660645,0.04096018522977829
train/0003/ex04_laughing_00242,0.0822066068649292,0.6110084056854248,0.3067849576473236
train/0003/ex04_confused_00122,0.050387460738420486,0.7553094029426575,0.19430308043956757
train/0003/ex04_default_00287,0.07025328278541565,0.7633187174797058,0.16642802953720093
train/0003/ex04_default_emphasis_00057,0.05149722471833229,0.4095481038093567,0.5389546751976013
train/0003/ex04_sad_00070,0.7175363302230835,0.27136000990867615,0.011103767901659012
train/0003/ex04_happy_00233,0.013078786432743073,0.9005823135375977,0.08633891493082047
train/0003/ex04_enunciated_00277,0.7039759755134583,0.26216578483581543,0.033858247101306915
train/0003/ex04_laughing_00140,0.002374665578827262,0.8604082465171814,0.13721710443496704
train/0003/ex04_confused_00220,0.3492962419986725,0.6296434998512268,0.021060265600681305
train/0003/ex04_default_00050,0.6753621697425842,0.3140496611595154,0.010588174685835838
train/0003/ex04_default_00288,0.0024695114698261023,0.025299036875367165,0.972231388092041
train/0003/ex04_default_emphasis_00058,0.9279215931892395,0.06875260919332504,0.003325778990983963
train/0003/ex04_laughing_00095,0.5700675845146179,0.4034683108329773,0.026464061811566353
train/0003/ex04_default_00185,0.007011694833636284,0.7282246947288513,0.26476356387138367
train/0003/ex04_default_essentials_00031,0.48265528678894043,0.4847494661808014,0.03259526938199997
train/0003/ex04_whisper_00120,0.6729670166969299,0.2926933765411377,0.03433958441019058
train/0003/ex04_happy_00179,0.3561755418777466,0.5901849269866943,0.05363954231142998
train/0003/ex04_sad_00037,0.5396590828895569,0.4099612832069397,0.05037955567240715
train/0003/ex04_happy_00274,0.028980687260627747,0.6948824524879456,0.2761368453502655
train/0003/ex04_enunciated_00230,0.1532827615737915,0.8151580691337585,0.03155922889709473
train/0003/ex04_laughing_00107,0.007462817709892988,0.4073732793331146,0.5851638913154602
train/0003/ex04_confused_00267,0.5690313577651978,0.40819495916366577,0.022773705422878265
train/0003/ex04_default_00017,0.45366260409355164,0.5298787355422974,0.016458742320537567
train/0003/ex04_default_emphasis_00010,0.9504309296607971,0.04569769650697708,0.003871357999742031
train/0003/ex04_sad_00335,0.1475062072277069,0.8309781551361084,0.021515721455216408
train/0003/ex04_happy_00176,0.014170164242386818,0.5072837471961975,0.4785461127758026
train/0003/ex04_enunciated_00132,0.09656959772109985,0.8529902696609497,0.05044009909033775
train/0003/ex04_laughing_00205,0.18267060816287994,0.7407583594322205,0.07657100260257721
train/0003/ex04_confused_00165,0.029679175466299057,0.5078198313713074,0.46250101923942566
train/0003/ex04_default_00018,0.8011456727981567,0.1879594326019287,0.010894893668591976
train/0003/ex04_confused_00268,0.044557973742485046,0.9286613464355469,0.026780614629387856
train/0003/ex04_laughing_00108,0.7548654079437256,0.18264898657798767,0.06248556822538376
train/0003/ex04_sad_00038,0.005141787696629763,0.6322275996208191,0.36263057589530945
train/0003/ex04_laughing_00034,0.12097295373678207,0.8414878249168396,0.03753921017050743
train/0003/ex04_enunciated_00303,0.7671858668327332,0.22270941734313965,0.010104751214385033
train/0003/ex04_default_00124,0.004878765903413296,0.03093268908560276,0.9641885161399841
train/0003/ex04_sad_00104,0.21753175556659698,0.7561742663383484,0.02629394829273224
train/0003/ex04_sad_00209,0.027612464502453804,0.9384375810623169,0.033949993550777435
train/0003/ex04_default_00229,0.03819472715258598,0.9151985049247742,0.04660668596625328
train/0003/ex04_confused_00059,0.009525327011942863,0.1598033905029297,0.8306713104248047
train/0003/ex04_laughing_00339,0.3087116777896881,0.6777420043945312,0.013546355068683624
train/0003/ex04_confused_00281,0.14601445198059082,0.8106668591499329,0.0433187261223793
train/0003/ex04_happy_00292,0.039425481110811234,0.9144542813301086,0.04612024873495102
train/0003/ex04_laughing_00336,0.1726950705051422,0.8083140254020691,0.01899091713130474
train/0003/ex04_enunciated_00001,0.043199967592954636,0.8448004126548767,0.11199962347745895
train/0003/ex04_confused_00056,0.12770162522792816,0.7861095666885376,0.08618885278701782
train/0003/ex04_default_00226,0.003555919276550412,0.015293444506824017,0.9811505675315857
train/0003/ex04_sad_00206,0.0026171833742409945,0.025412702932953835,0.9719702005386353
train/0003/ex04_happy_00045,0.11433684080839157,0.8445820808410645,0.04108112305402756
train/0003/ex04_confused_00183,0.04603957012295723,0.8929912447929382,0.060969140380620956
train/0003/ex04_happy_00190,0.21590116620063782,0.658179759979248,0.12591904401779175
train/0003/ex04_default_emphasis_00123,0.0024754840414971113,0.09581308811903,0.9017114639282227
train/0003/ex04_enunciated_00059,0.009525327011942863,0.1598033905029297,0.8306713104248047
train/0003/ex04_sad_00153,0.0038379791658371687,0.11067885160446167,0.8854831457138062
train/0003/ex04_happy_00310,0.2603094279766083,0.7110303044319153,0.02866031415760517
train/0003/ex04_confused_00303,0.7671858668327332,0.22270941734313965,0.010104751214385033
train/0003/ex04_enunciated_00354,0.08864617347717285,0.8816739916801453,0.029679855331778526
train/0003/ex04_laughing_00063,0.10116180032491684,0.4983019232749939,0.4005362093448639
train/0003/ex04_default_00173,0.01781625673174858,0.8686603903770447,0.11352336406707764
train/0003/ex04_sad_00086,0.013523267582058907,0.37776970863342285,0.6087070107460022
train/0003/ex04_enunciated_00281,0.14601445198059082,0.8106668591499329,0.0433187261223793
train/0003/ex04_sad_00251,0.006916587240993977,0.5399777889251709,0.453105628490448
train/0003/ex04_happy_00012,0.017791304737329483,0.8831082582473755,0.0991005003452301
train/0003/ex04_confused_00001,0.043199967592954636,0.8448004126548767,0.11199962347745895
train/0003/ex04_enunciated_00056,0.12770162522792816,0.7861095666885376,0.08618885278701782
train/0003/ex04_default_00271,0.10891778022050858,0.6616687178611755,0.22941350936889648
train/0003/ex04_sad_00089,0.16244995594024658,0.7366800308227539,0.10086996853351593
train/0003/ex04_enunciated_00183,0.04603957012295723,0.8929912447929382,0.060969140380620956
train/0003/ex04_default_00298,0.0014613934326916933,0.07430056482553482,0.9242380261421204
train/0003/ex04_laughing_00085,0.02336258813738823,0.9082343578338623,0.06840305030345917
train/0003/ex04_default_00195,0.11354173719882965,0.8582594990730286,0.02819877490401268
train/0003/ex04_default_emphasis_00048,0.05800209194421768,0.8221331238746643,0.11986488103866577
train/0003/ex04_confused_00230,0.1532827615737915,0.8151580691337585,0.03155922889709473
train/0003/ex04_laughing_00150,0.0023810125421732664,0.016671502962708473,0.9809474945068359
train/0003/ex04_enunciated_00267,0.5690313577651978,0.40819495916366577,0.022773705422878265
train/0003/ex04_default_00040,0.09171445667743683,0.2463098168373108,0.6619757413864136
train/0003/ex04_sad_00060,0.013967745006084442,0.9353269338607788,0.05070523917675018
train/0003/ex04_happy_00223,0.5725637674331665,0.411123126745224,0.01631305366754532
train/0003/ex04_default_00297,0.1038193553686142,0.8477845788002014,0.048396036028862
train/0003/ex04_default_emphasis_00047,0.05800209194421768,0.8221331238746643,0.11986488103866577
train/0003/ex04_whisper_00275,0.06284470111131668,0.8457807898521423,0.091374471783638
train/0003/ex04_enunciated_00268,0.044557973742485046,0.9286613464355469,0.026780614629387856
train/0003/ex04_confused_00132,0.09656959772109985,0.8529902696609497,0.05044009909033775
train/0003/ex04_laughing_00252,0.13814496994018555,0.8330031037330627,0.028851913288235664
train/0003/ex04_enunciated_00165,0.029679175466299057,0.5078198313713074,0.46250101923942566
train/0003/ex04_whisper_00178,0.116774782538414,0.8198496103286743,0.06337562203407288
train/0003/ex04_happy_00121,0.023696087300777435,0.3886578381061554,0.5876460671424866
train/0003/ex04_laughing_00309,0.07831670343875885,0.8909674286842346,0.0307158250361681
train/0003/ex04_confused_00069,0.007543826475739479,0.22783541679382324,0.7646207809448242
train/0003/ex04_default_00219,0.38184717297554016,0.5986698865890503,0.01948290877044201
train/0003/ex04_sad_00239,0.03895622119307518,0.717305600643158,0.24373815953731537
train/0003/ex04_sad_00134,0.3622432351112366,0.6096720099449158,0.028084736317396164
train/0003/ex04_default_00114,0.18457841873168945,0.7180143594741821,0.09740718454122543
train/0003/ex04_laughing_00004,0.38337185978889465,0.565264105796814,0.05136410892009735
train/0003/ex04_enunciated_00333,0.012798734940588474,0.7444044351577759,0.2427968978881836
train/0003/ex04_default_emphasis_00113,0.07781330496072769,0.8834050893783569,0.03878162428736687
train/0003/ex04_happy_00075,0.15437164902687073,0.814453661441803,0.031174663454294205
train/0003/ex04_sad_00236,0.2213088423013687,0.754149854183197,0.024541225284337997
train/0003/ex04_default_00216,0.08284436911344528,0.8683949112892151,0.048760704696178436
train/0003/ex04_confused_00066,0.11342262476682663,0.8184576630592346,0.06811974197626114
train/0003/ex04_laughing_00306,0.17085973918437958,0.7056326270103455,0.12350766360759735
train/0003/ex04_enunciated_00031,0.1113734021782875,0.819031298160553,0.06959529221057892
train/0003/ex04_default_00027,0.30563122034072876,0.6664106249809265,0.027958115562796593
train/0003/ex04_confused_00257,0.05781671777367592,0.8870095610618591,0.05517371743917465
train/0003/ex04_enunciated_00200,0.4413793087005615,0.5508670806884766,0.007753589190542698
train/0003/ex04_laughing_00137,0.36148393154144287,0.6047530174255371,0.0337630957365036
train/0003/ex04_happy_00244,0.48845046758651733,0.49106648564338684,0.02048305794596672
train/0003/ex04_sad_00007,0.042823996394872665,0.9071200489997864,0.05005588382482529
train/0003/ex04_happy_00149,0.0011792564764618874,0.024418653920292854,0.9744020700454712
train/0003/ex04_default_essentials_00001,0.03474421054124832,0.3914816081523895,0.5737742185592651
train/0003/ex04_sad_00008,0.0029742857441306114,0.66461181640625,0.3324139416217804
train/0003/ex04_laughing_00138,0.12395910173654556,0.557368814945221,0.3186720907688141
train/0003/ex04_confused_00258,0.04892897978425026,0.9114591479301453,0.03961184620857239
train/0003/ex04_default_00028,0.26005321741104126,0.7171898484230042,0.02275698445737362
train/0003/ex04_default_00325,0.010444192215800285,0.684708833694458,0.30484700202941895
train/0003/ex04_confused_00155,0.19632332026958466,0.7781845927238464,0.025492070242762566
train/0003/ex04_enunciated_00102,0.06081882119178772,0.7809039950370789,0.15827728807926178
train/0003/ex04_laughing_00235,0.054230161011219025,0.8934287428855896,0.052341118454933167
train/0003/ex04_happy_00146,0.26043328642845154,0.7075967192649841,0.03197005018591881
train/0003/ex04_sad_00305,0.21832260489463806,0.7481784224510193,0.03349897637963295
train/0003/ex04_confused_00080,0.0020587898325175047,0.07147376984357834,0.9264674782752991
train/0003/ex04_happy_00093,0.03004470095038414,0.3099520802497864,0.6600032448768616
train/0003/ex04_default_emphasis_00020,0.041615258902311325,0.880925178527832,0.07745958864688873
train/0003/ex04_happy_00213,0.0743962749838829,0.5491045117378235,0.37649914622306824
train/0003/ex04_sad_00050,0.6753621697425842,0.3140496611595154,0.010588174685835838
train/0003/ex04_default_00070,0.7175363302230835,0.27136000990867615,0.011103767901659012
train/0003/ex04_laughing_00160,0.30373966693878174,0.6678659319877625,0.02839445136487484
train/0003/ex04_enunciated_00257,0.05781671777367592,0.8870095610618591,0.05517371743917465
train/0003/ex04_confused_00200,0.4413793087005615,0.5508670806884766,0.007753589190542698
train/0003/ex04_default_emphasis_00078,0.1469549536705017,0.8170435428619385,0.03600159287452698
train/0003/ex04_sad_00185,0.007011694833636284,0.7282246947288513,0.26476356387138367
train/0003/ex04_sad_00288,0.0024695114698261023,0.025299036875367165,0.972231388092041
train/0003/ex04_happy_00111,0.001467317808419466,0.007041603792458773,0.9914910197257996
train/0003/ex04_whisper_00148,0.01751345954835415,0.7991001605987549,0.18338638544082642
train/0003/ex04_laughing_00262,0.010022459551692009,0.50547856092453,0.4844989776611328
train/0003/ex04_enunciated_00155,0.19632332026958466,0.7781845927238464,0.025492070242762566
train/0003/ex04_confused_00102,0.06081882119178772,0.7809039950370789,0.15827728807926178
train/0003/ex04_enunciated_00258,0.04892897978425026,0.9114591479301453,0.03961184620857239
train/0003/ex04_default_emphasis_00077,0.1469549536705017,0.8170435428619385,0.03600159287452698
train/0003/ex04_sad_00287,0.07025328278541565,0.7633187174797058,0.16642802953720093
train/0003/ex04_enunciated_00080,0.0020587898325175047,0.07147376984357834,0.9264674782752991
train/0003/ex04_default_00096,0.19313998520374298,0.6840864419937134,0.12277362495660782
train/0003/ex04_laughing_00186,0.9771202802658081,0.02052951045334339,0.002350290771573782
train/0003/ex04_default_00143,0.8692799210548401,0.12563343346118927,0.005086587741971016
train/0003/ex04_laughing_00053,0.8543135523796082,0.13674192130565643,0.00894449558109045
train/0003/ex04_confused_00333,0.012798734940588474,0.7444044351577759,0.2427968978881836
train/0003/ex04_happy_00320,0.9588629007339478,0.03826389089226723,0.0028731434140354395
train/0003/ex04_sad_00163,0.9178314805030823,0.07629168033599854,0.0058768996968865395
train/0003/ex04_whisper_00074,0.021745828911662102,0.9268300533294678,0.05142413452267647
train/0003/ex04_enunciated_00069,0.007543826475739479,0.22783541679382324,0.7646207809448242
train/0003/ex04_laughing_00284,0.91998690366745,0.07546403259038925,0.004549091216176748
train/0003/ex04_default_emphasis_00144,0.03622022643685341,0.9179589152336121,0.04582090303301811
train/0003/ex04_laughing_00189,0.04320894554257393,0.9170235991477966,0.039767537266016006
train/0003/ex04_default_00099,0.08150358498096466,0.8874434232711792,0.03105298988521099
train/0003/ex04_default_emphasis_00091,0.01459727343171835,0.9535868167877197,0.031815893948078156
train/0003/ex04_default_00241,0.03754454478621483,0.8800086975097656,0.08244677633047104
train/0003/ex04_enunciated_00066,0.11342262476682663,0.8184576630592346,0.06811974197626114
train/0003/ex04_confused_00031,0.1113734021782875,0.819031298160553,0.06959529221057892
train/0003/ex04_happy_00022,0.007492362521588802,0.15557943284511566,0.8369282484054565
train/0003/ex04_sad_00261,0.13335862755775452,0.8452837467193604,0.021357599645853043
train/0003/ex04_default_00206,0.0026171833742409945,0.025412702932953835,0.9719702005386353
train/0003/ex04_enunciated_00021,0.8481706380844116,0.13277418911457062,0.01905512809753418
train/0003/ex04_laughing_00316,0.7926974892616272,0.19944751262664795,0.007854986935853958
train/0003/ex04_confused_00076,0.2067316621541977,0.6889771223068237,0.1042911484837532
train/0003/ex04_happy_00065,0.7344093322753906,0.2576617896556854,0.007928788661956787
train/0003/ex04_sad_00226,0.003555919276550412,0.015293444506824017,0.9811505675315857
train/0003/ex04_whisper_00331,0.0832367092370987,0.8628941178321838,0.053869131952524185
train/0003/ex04_default_emphasis_00103,0.013000204227864742,0.16297337412834167,0.8240264058113098
train/0003/ex04_sad_00229,0.03819472715258598,0.9151985049247742,0.04660668596625328
train/0003/ex04_confused_00079,0.1443416029214859,0.7667055130004883,0.08895283192396164
train/0003/ex04_laughing_00319,0.03196100518107414,0.315820574760437,0.6522184610366821
train/0003/ex04_default_00209,0.027612464502453804,0.9384375810623169,0.033949993550777435
train/0003/ex04_default_00104,0.21753175556659698,0.7561742663383484,0.02629394829273224
train/0003/ex04_enunciated_00323,0.0021908991038799286,0.01794043555855751,0.9798687100410461
train/0003/ex04_laughing_00014,0.8628790974617004,0.12904483079910278,0.008076097816228867
train/0003/ex04_sad_00124,0.004878765903413296,0.03093268908560276,0.9641885161399841
train/0003/ex04_happy_00083,0.011483324691653252,0.3001748323440552,0.6883417963981628
train/0003/ex04_confused_00090,0.16364948451519012,0.8071622252464294,0.0291882436722517
train/0003/ex04_default_emphasis_00030,0.012335995212197304,0.31149157881736755,0.6761724948883057
train/0003/ex04_confused_00248,0.14485958218574524,0.751268208026886,0.10387224704027176
train/0003/ex04_laughing_00128,0.04968534782528877,0.9094530940055847,0.04086162522435188
train/0003/ex04_default_00038,0.005141787696629763,0.6322275996208191,0.36263057589530945
train/0003/ex04_sad_00018,0.8011456727981567,0.1879594326019287,0.010894893668591976
train/0003/ex04_whisper_00202,0.09216972440481186,0.8495599031448364,0.05827029421925545
train/0003/ex04_happy_00156,0.07274042069911957,0.7859660983085632,0.14129352569580078
train/0003/ex04_default_00335,0.1475062072277069,0.8309781551361084,0.021515721455216408
train/0003/ex04_laughing_00225,0.03763336315751076,0.8587090969085693,0.103657566010952
train/0003/ex04_enunciated_00112,0.0024462623987346888,0.06472369283437729,0.9328299760818481
train/0003/ex04_confused_00145,0.3063289225101471,0.6463176608085632,0.047353412955999374
train/0003/ex04_default_essentials_00011,0.11747673898935318,0.584351658821106,0.29817160964012146
train/0003/ex04_happy_00254,0.06454216688871384,0.8981831073760986,0.03727471083402634
train/0003/ex04_sad_00017,0.45366260409355164,0.5298787355422974,0.016458742320537567
train/0003/ex04_default_00037,0.5396590828895569,0.4099612832069397,0.05037955567240715
train/0003/ex04_laughing_00127,0.037955883890390396,0.8638104796409607,0.09823362529277802
train/0003/ex04_enunciated_00210,0.17816095054149628,0.7948521971702576,0.02698681689798832
train/0003/ex04_confused_00247,0.5602111220359802,0.29617366194725037,0.14361520111560822
train/0003/ex04_happy_00159,0.343354195356369,0.6335029006004333,0.023142850026488304
train/0003/ex04_whisper_00100,0.005467873066663742,0.1006719246506691,0.8938602209091187
train/0003/ex04_default_emphasis_00067,0.3899742662906647,0.5828811526298523,0.02714460715651512
train/0003/ex04_enunciated_00090,0.16364948451519012,0.8071622252464294,0.0291882436722517
train/0003/ex04_sad_00297,0.1038193553686142,0.8477845788002014,0.048396036028862
train/0003/ex04_confused_00112,0.0024462623987346888,0.06472369283437729,0.9328299760818481
train/0003/ex04_enunciated_00145,0.3063289225101471,0.6463176608085632,0.047353412955999374
train/0003/ex04_laughing_00272,0.015025993809103966,0.40146327018737793,0.5835107564926147
train/0003/ex04_happy_00101,0.11597622185945511,0.8491138219833374,0.03490994870662689
train/0003/ex04_whisper_00158,0.013184754177927971,0.907751739025116,0.0790635347366333
train/0003/ex04_sad_00342,0.09885329753160477,0.8385658860206604,0.06258078664541245
train/0003/ex04_whisper_00255,0.12927496433258057,0.7528218626976013,0.11790317296981812
train/0003/ex04_enunciated_00248,0.14485958218574524,0.751268208026886,0.10387224704027176
train/0003/ex04_sad_00195,0.11354173719882965,0.8582594990730286,0.02819877490401268
train/0003/ex04_default_emphasis_00068,0.3899742662906647,0.5828811526298523,0.02714460715651512
train/0003/ex04_sad_00298,0.0014613934326916933,0.07430056482553482,0.9242380261421204
train/0003/ex04_whisper_00082,0.043730396777391434,0.8019228577613831,0.15434671938419342
train/0003/ex04_default_00060,0.013967745006084442,0.9353269338607788,0.05070523917675018
train/0003/ex04_confused_00210,0.17816095054149628,0.7948521971702576,0.02698681689798832
train/0003/ex04_enunciated_00247,0.5602111220359802,0.29617366194725037,0.14361520111560822
train/0003/ex04_laughing_00170,0.17320068180561066,0.8005013465881348,0.02629803866147995
train/0003/ex04_happy_00203,0.027001798152923584,0.7502588033676147,0.2227393239736557
train/0003/ex04_sad_00040,0.11207842081785202,0.26494094729423523,0.6229806542396545
train/0003/ex04_default_emphasis_00081,0.04543887451291084,0.8833175301551819,0.071243517100811
train/0003/ex04_happy_00032,0.15115603804588318,0.7603718638420105,0.08847212046384811
train/0003/ex04_sad_00271,0.10891778022050858,0.6616687178611755,0.22941350936889648
train/0003/ex04_default_00251,0.006916587240993977,0.5399777889251709,0.453105628490448
train/0003/ex04_confused_00021,0.8481706380844116,0.13277418911457062,0.01905512809753418
train/0003/ex04_laughing_00341,0.13893337547779083,0.7568060755729675,0.10426053404808044
train/0003/ex04_enunciated_00076,0.2067316621541977,0.6889771223068237,0.1042911484837532
train/0003/ex04_laughing_00294,0.6915170550346375,0.2849845588207245,0.023498419672250748
train/0003/ex04_laughing_00199,0.03370512276887894,0.8261131048202515,0.14018180966377258
train/0003/ex04_default_00089,0.16244995594024658,0.7366800308227539,0.10086996853351593
train/0003/ex04_default_emphasis_00154,0.007464770693331957,0.09034046530723572,0.9021947979927063
train/0003/ex04_happy_00330,0.7074655890464783,0.2752496302127838,0.01728472299873829
train/0003/ex04_sad_00173,0.01781625673174858,0.8686603903770447,0.11352336406707764
train/0003/ex04_default_00153,0.0038379791658371687,0.11067885160446167,0.8854831457138062
train/0003/ex04_confused_00323,0.0021908991038799286,0.01794043555855751,0.9798687100410461
train/0003/ex04_laughing_00043,0.9033030867576599,0.08739117532968521,0.009305772371590137
train/0003/ex04_enunciated_00079,0.1443416029214859,0.7667055130004883,0.08895283192396164
train/0003/ex04_whisper_00064,0.47716063261032104,0.4861370623111725,0.036702319979667664
train/0003/ex04_default_00086,0.013523267582058907,0.37776970863342285,0.6087070107460022
train/0003/ex04_laughing_00196,0.000921517435926944,0.02137042209506035,0.9777080416679382
train/0003/ex04_enunciated_00219,0.38184717297554016,0.5986698865890503,0.01948290877044201
train/0003/ex04_whisper_00204,0.7889066934585571,0.1928626447916031,0.018230674788355827
train/0003/ex04_happy_00150,0.0023810125421732664,0.016671502962708473,0.9809474945068359
train/0003/ex04_sad_00313,0.7257473468780518,0.26326489448547363,0.010987789370119572
train/0003/ex04_default_00333,0.012798734940588474,0.7444044351577759,0.2427968978881836
train/0003/ex04_confused_00143,0.8692799210548401,0.12563343346118927,0.005086587741971016
train/0003/ex04_laughing_00223,0.5725637674331665,0.411123126745224,0.01631305366754532
train/0003/ex04_enunciated_00114,0.18457841873168945,0.7180143594741821,0.09740718454122543
train/0003/ex04_happy_00085,0.02336258813738823,0.9082343578338623,0.06840305030345917
train/0003/ex04_confused_00096,0.19313998520374298,0.6840864419937134,0.12277362495660782
train/0003/ex04_default_emphasis_00036,0.6705901622772217,0.321799099445343,0.00761076994240284
train/0003/ex04_default_essentials_00018,0.019318217411637306,0.30373623967170715,0.6769455671310425
train/0003/ex04_happy_00252,0.13814496994018555,0.8330031037330627,0.028851913288235664
train/0003/ex04_sad_00011,0.017696253955364227,0.31339672207832336,0.6689069867134094
train/0003/ex04_default_00031,0.1113734021782875,0.819031298160553,0.06959529221057892
train/0003/ex04_confused_00241,0.03754454478621483,0.8800086975097656,0.08244677633047104
train/0003/ex04_laughing_00121,0.023696087300777435,0.3886578381061554,0.5876460671424866
train/0003/ex04_enunciated_00216,0.08284436911344528,0.8683949112892151,0.048760704696178436
train/0003/ex04_whisper_00106,0.0385107696056366,0.9326097369194031,0.02887953445315361
train/0003/ex04_confused_00099,0.08150358498096466,0.8874434232711792,0.03105298988521099
train/0003/ex04_default_essentials_00017,0.2475205361843109,0.55415278673172,0.19832667708396912
train/0003/ex04_default_emphasis_00039,0.6705901622772217,0.321799099445343,0.00761076994240284
train/0003/ex04_default_emphasis_00105,0.35151273012161255,0.5686486959457397,0.07983849197626114
train/0003/ex04_default_00200,0.4413793087005615,0.5508670806884766,0.007753589190542698
train/0003/ex04_confused_00070,0.7175363302230835,0.27136000990867615,0.011103767901659012
train/0003/ex04_enunciated_00027,0.30563122034072876,0.6664106249809265,0.027958115562796593
train/0003/ex04_laughing_00310,0.2603094279766083,0.7110303044319153,0.02866031415760517
train/0003/ex04_happy_00063,0.10116180032491684,0.4983019232749939,0.4005362093448639
train/0003/ex04_sad_00220,0.3492962419986725,0.6296434998512268,0.021060265600681305
train/0003/ex04_enunciated_00028,0.26005321741104126,0.7171898484230042,0.02275698445737362
train/0003/ex04_default_00102,0.06081882119178772,0.7809039950370789,0.15827728807926178
train/0003/ex04_enunciated_00325,0.010444192215800285,0.684708833694458,0.30484700202941895
train/0003/ex04_laughing_00012,0.017791304737329483,0.8831082582473755,0.0991005003452301
train/0003/ex04_sad_00122,0.050387460738420486,0.7553094029426575,0.19430308043956757
train/0003/ex04_laughing_00292,0.039425481110811234,0.9144542813301086,0.04612024873495102
train/0003/ex04_default_emphasis_00152,0.007464770693331957,0.09034046530723572,0.9021947979927063
train/0003/ex04_default_emphasis_00087,0.2559524476528168,0.7082046866416931,0.03584286943078041
train/0003/ex04_happy_00339,0.3087116777896881,0.6777420043945312,0.013546355068683624
train/0003/ex04_happy_00034,0.12097295373678207,0.8414878249168396,0.03753921017050743
train/0003/ex04_sad_00277,0.7039759755134583,0.26216578483581543,0.033858247101306915
train/0003/ex04_default_00257,0.05781671777367592,0.8870095610618591,0.05517371743917465
train/0003/ex04_laughing_00347,0.2737356126308441,0.6666443347930908,0.059620048850774765
train/0003/ex04_enunciated_00070,0.7175363302230835,0.27136000990867615,0.011103767901659012
train/0003/ex04_confused_00027,0.30563122034072876,0.6664106249809265,0.027958115562796593
train/0003/ex04_default_00080,0.0020587898325175047,0.07147376984357834,0.9264674782752991
train/0003/ex04_laughing_00190,0.21590116620063782,0.658179759979248,0.12591904401779175
train/0003/ex04_happy_00336,0.1726950705051422,0.8083140254020691,0.01899091713130474
train/0003/ex04_sad_00175,0.07710422575473785,0.8819355964660645,0.04096018522977829
train/0003/ex04_default_emphasis_00088,0.01459727343171835,0.9535868167877197,0.031815893948078156
train/0003/ex04_default_00155,0.19632332026958466,0.7781845927238464,0.025492070242762566
train/0003/ex04_laughing_00045,0.11433684080839157,0.8445820808410645,0.04108112305402756
train/0003/ex04_confused_00325,0.010444192215800285,0.684708833694458,0.30484700202941895
train/0003/ex04_confused_00028,0.26005321741104126,0.7171898484230042,0.02275698445737362
train/0003/ex04_laughing_00348,0.002546885283663869,0.3783252239227295,0.6191278696060181
train/0003/ex04_default_00258,0.04892897978425026,0.9114591479301453,0.03961184620857239
train/0003/ex04_sad_00278,0.031967680901288986,0.8927398920059204,0.07529239356517792
train/0003/ex04_whisper_00062,0.05152297019958496,0.784602701663971,0.1638742834329605
train/0003/ex04_enunciated_00143,0.8692799210548401,0.12563343346118927,0.005086587741971016
train/0003/ex04_laughing_00274,0.028980687260627747,0.6948824524879456,0.2761368453502655
train/0003/ex04_confused_00114,0.18457841873168945,0.7180143594741821,0.09740718454122543
train/0003/ex04_happy_00107,0.007462817709892988,0.4073732793331146,0.5851638913154602
train/0003/ex04_sad_00344,0.009468961507081985,0.6534010171890259,0.33713001012802124
train/0003/ex04_sad_00049,0.09251049160957336,0.8067229986190796,0.10076648741960526
train/0003/ex04_confused_00219,0.38184717297554016,0.5986698865890503,0.01948290877044201
train/0003/ex04_laughing_00179,0.3561755418777466,0.5901849269866943,0.05363954231142998
train/0003/ex04_default_00069,0.007543826475739479,0.22783541679382324,0.7646207809448242
train/0003/ex04_default_emphasis_00061,0.9279215931892395,0.06875260919332504,0.003325778990983963
train/0003/ex04_enunciated_00096,0.19313998520374298,0.6840864419937134,0.12277362495660782
train/0003/ex04_sad_00291,0.36130771040916443,0.5925492644309998,0.04614304006099701
train/0003/ex04_happy_00108,0.7548654079437256,0.18264898657798767,0.06248556822538376
train/0003/ex04_default_00066,0.11342262476682663,0.8184576630592346,0.06811974197626114
train/0003/ex04_enunciated_00241,0.03754454478621483,0.8800086975097656,0.08244677633047104
train/0003/ex04_laughing_00176,0.014170164242386818,0.5072837471961975,0.4785461127758026
train/0003/ex04_confused_00216,0.08284436911344528,0.8683949112892151,0.048760704696178436
train/0003/ex04_happy_00205,0.18267060816287994,0.7407583594322205,0.07657100260257721
train/0003/ex04_sad_00046,0.05007164552807808,0.8315820693969727,0.11834634840488434
train/0003/ex04_sad_00193,0.22959627211093903,0.7487746477127075,0.02162904106080532
train/0003/ex04_whisper_00084,0.05696454644203186,0.7858577370643616,0.15717770159244537
train/0003/ex04_enunciated_00099,0.08150358498096466,0.8874434232711792,0.03105298988521099
train/0003/ex04_confused_00089,0.16244995594024658,0.7366800308227539,0.10086996853351593
train/0003/ex04_default_essentials_00007,0.029526421800255775,0.4795122444629669,0.49096131324768066
train/0003/ex04_default_emphasis_00029,0.012335995212197304,0.31149157881736755,0.6761724948883057
train/0003/ex04_default_00021,0.8481706380844116,0.13277418911457062,0.01905512809753418
train/0003/ex04_enunciated_00206,0.0026171833742409945,0.025412702932953835,0.9719702005386353
train/0003/ex04_laughing_00131,0.07926646620035172,0.6241089105606079,0.2966245710849762
train/0003/ex04_confused_00251,0.006916587240993977,0.5399777889251709,0.453105628490448
train/0003/ex04_happy_00242,0.0822066068649292,0.6110084056854248,0.3067849576473236
train/0003/ex04_sad_00001,0.043199967592954636,0.8448004126548767,0.11199962347745895
train/0003/ex04_whisper_00116,0.9725732803344727,0.02488081157207489,0.002545907162129879
train/0003/ex04_confused_00086,0.013523267582058907,0.37776970863342285,0.6087070107460022
train/0003/ex04_happy_00095,0.5700675845146179,0.4034683108329773,0.026464061811566353
train/0003/ex04_default_emphasis_00026,0.028229419142007828,0.45365089178085327,0.5181196331977844
train/0003/ex04_default_essentials_00008,0.0778249055147171,0.7575403451919556,0.16463471949100494
train/0003/ex04_enunciated_00209,0.027612464502453804,0.9384375810623169,0.033949993550777435
train/0003/ex04_default_00323,0.0021908991038799286,0.01794043555855751,0.9798687100410461
train/0003/ex04_enunciated_00104,0.21753175556659698,0.7561742663383484,0.02629394829273224
train/0003/ex04_laughing_00233,0.013078786432743073,0.9005823135375977,0.08633891493082047
train/0003/ex04_confused_00153,0.0038379791658371687,0.11067885160446167,0.8854831457138062
train/0003/ex04_happy_00140,0.002374665578827262,0.8604082465171814,0.13721710443496704
train/0003/ex04_whisper_00119,0.02945416234433651,0.4783187508583069,0.49222704768180847
train/0003/ex04_sad_00303,0.7671858668327332,0.22270941734313965,0.010104751214385033
train/0003/ex04_enunciated_00038,0.005141787696629763,0.6322275996208191,0.36263057589530945
train/0003/ex04_whisper_00025,0.28151100873947144,0.6650167107582092,0.05347228795289993
train/0003/ex04_whisper_00328,0.1077440157532692,0.7787061929702759,0.11354971677064896
train/0003/ex04_sad_00132,0.09656959772109985,0.8529902696609497,0.05044009909033775
train/0003/ex04_default_00112,0.0024462623987346888,0.06472369283437729,0.9328299760818481
train/0003/ex04_laughing_00002,0.0304960198700428,0.8927050232887268,0.07679901272058487
train/0003/ex04_enunciated_00335,0.1475062072277069,0.8309781551361084,0.021515721455216408
train/0003/ex04_happy_00073,0.08768541365861893,0.844704806804657,0.06760970503091812
train/0003/ex04_sad_00230,0.1532827615737915,0.8151580691337585,0.03155922889709473
train/0003/ex04_default_00210,0.17816095054149628,0.7948521971702576,0.02698681689798832
train/0003/ex04_laughing_00300,0.33397844433784485,0.6428958773612976,0.023125723004341125
train/0003/ex04_enunciated_00037,0.5396590828895569,0.4099612832069397,0.05037955567240715
train/0003/ex04_confused_00060,0.013967745006084442,0.9353269338607788,0.05070523917675018
train/0003/ex04_default_emphasis_00115,0.15728437900543213,0.8056592345237732,0.03705640137195587
train/0003/ex04_default_00145,0.3063289225101471,0.6463176608085632,0.047353412955999374
train/0003/ex04_confused_00335,0.1475062072277069,0.8309781551361084,0.021515721455216408
train/0003/ex04_laughing_00055,0.31719011068344116,0.6309605836868286,0.051849283277988434
train/0003/ex04_happy_00326,0.8193914294242859,0.16088423132896423,0.019724303856492043
train/0003/ex04_default_emphasis_00098,0.2837144434452057,0.7013052105903625,0.014980411157011986
train/0003/ex04_sad_00165,0.029679175466299057,0.5078198313713074,0.46250101923942566
train/0003/ex04_sad_00268,0.044557973742485046,0.9286613464355469,0.026780614629387856
train/0003/ex04_confused_00038,0.005141787696629763,0.6322275996208191,0.36263057589530945
train/0003/ex04_default_00248,0.14485958218574524,0.751268208026886,0.10387224704027176
train/0003/ex04_default_00090,0.16364948451519012,0.8071622252464294,0.0291882436722517
train/0003/ex04_laughing_00180,0.026086274534463882,0.2839333713054657,0.6899803280830383
train/0003/ex04_default_emphasis_00097,0.2837144434452057,0.7013052105903625,0.014980411157011986
train/0003/ex04_happy_00329,0.010454002767801285,0.4525100886821747,0.5370358824729919
train/0003/ex04_default_00247,0.5602111220359802,0.29617366194725037,0.14361520111560822
train/0003/ex04_confused_00037,0.5396590828895569,0.4099612832069397,0.05037955567240715
train/0003/ex04_enunciated_00060,0.013967745006084442,0.9353269338607788,0.05070523917675018
train/0003/ex04_happy_00024,0.007354806177318096,0.0788048803806305,0.9138402938842773
train/0003/ex04_sad_00267,0.5690313577651978,0.40819495916366577,0.022773705422878265
train/0003/ex04_laughing_00282,0.09035713970661163,0.8681707382202148,0.041472092270851135
train/0003/ex04_default_emphasis_00142,0.03622022643685341,0.9179589152336121,0.04582090303301811
train/0003/ex04_sad_00183,0.04603957012295723,0.8929912447929382,0.060969140380620956
train/0003/ex04_enunciated_00089,0.16244995594024658,0.7366800308227539,0.10086996853351593
train/0003/ex04_happy_00118,0.2059476375579834,0.7385600805282593,0.055492330342531204
train/0003/ex04_happy_00215,0.15857113897800446,0.7526998519897461,0.08872900903224945
train/0003/ex04_sad_00056,0.12770162522792816,0.7861095666885376,0.08618885278701782
train/0003/ex04_default_00076,0.2067316621541977,0.6889771223068237,0.1042911484837532
train/0003/ex04_confused_00206,0.0026171833742409945,0.025412702932953835,0.9719702005386353
train/0003/ex04_laughing_00166,0.006714183837175369,0.7587838768959045,0.234501913189888
train/0003/ex04_enunciated_00251,0.006916587240993977,0.5399777889251709,0.453105628490448
train/0003/ex04_default_emphasis_00071,0.05229508504271507,0.7630323171615601,0.1846725195646286
train/0003/ex04_sad_00281,0.14601445198059082,0.8106668591499329,0.0433187261223793
train/0003/ex04_enunciated_00086,0.013523267582058907,0.37776970863342285,0.6087070107460022
train/0003/ex04_happy_00117,0.09914398938417435,0.7099291682243347,0.19092684984207153
train/0003/ex04_confused_00104,0.21753175556659698,0.7561742663383484,0.02629394829273224
train/0003/ex04_laughing_00264,0.3146311342716217,0.6258305907249451,0.05953829735517502
train/0003/ex04_enunciated_00153,0.0038379791658371687,0.11067885160446167,0.8854831457138062
train/0003/ex04_laughing_00169,0.4656239151954651,0.48453038930892944,0.04984566941857338
train/0003/ex04_confused_00209,0.027612464502453804,0.9384375810623169,0.033949993550777435
train/0003/ex04_default_00079,0.1443416029214859,0.7667055130004883,0.08895283192396164
train/0003/ex04_sad_00059,0.009525327011942863,0.1598033905029297,0.8306713104248047
train/0003/ex04_whisper_00243,0.08132077008485794,0.8855100274085999,0.03316924348473549
train/0003/ex04_happy_00199,0.03370512276887894,0.8261131048202515,0.14018180966377258
train/0003/ex04_confused_00287,0.07025328278541565,0.7633187174797058,0.16642802953720093
train/0003/ex04_happy_00294,0.6915170550346375,0.2849845588207245,0.023498419672250748
train/0003/ex04_laughing_00032,0.15115603804588318,0.7603718638420105,0.08847212046384811
train/0003/ex04_enunciated_00305,0.21832260489463806,0.7481784224510193,0.03349897637963295
train/0003/ex04_default_00122,0.050387460738420486,0.7553094029426575,0.19430308043956757
train/0003/ex04_sad_00102,0.06081882119178772,0.7809039950370789,0.15827728807926178
train/0003/ex04_whisper_00318,0.16826660931110382,0.7565212249755859,0.07521211355924606
train/0003/ex04_enunciated_00008,0.0029742857441306114,0.66461181640625,0.3324139416217804
train/0003/ex04_confused_00185,0.007011694833636284,0.7282246947288513,0.26476356387138367
train/0003/ex04_happy_00196,0.000921517435926944,0.02137042209506035,0.9777080416679382
train/0003/ex04_default_emphasis_00125,0.0024754840414971113,0.09581308811903,0.9017114639282227
train/0003/ex04_confused_00288,0.0024695114698261023,0.025299036875367165,0.972231388092041
train/0003/ex04_confused_00050,0.6844960451126099,0.30567219853401184,0.009831690229475498
train/0003/ex04_laughing_00330,0.7074655890464783,0.2752496302127838,0.01728472299873829
train/0003/ex04_enunciated_00007,0.042823996394872665,0.9071200489997864,0.05005588382482529
train/0003/ex04_default_00220,0.3492962419986725,0.6296434998512268,0.021060265600681305
train/0003/ex04_sad_00200,0.4413793087005615,0.5508670806884766,0.007753589190542698
train/0003/ex04_happy_00043,0.9033030867576599,0.08739117532968521,0.009305772371590137
train/0003/ex04_whisper_00126,0.018403304740786552,0.9172393679618835,0.06435736268758774
train/0003/ex04_sad_00031,0.1113734021782875,0.819031298160553,0.06959529221057892
train/0003/ex04_happy_00272,0.015025993809103966,0.40146327018737793,0.5835107564926147
train/0003/ex04_confused_00261,0.13335862755775452,0.8452837467193604,0.021357599645853043
train/0003/ex04_enunciated_00236,0.2213088423013687,0.754149854183197,0.024541225284337997
train/0003/ex04_laughing_00101,0.11597622185945511,0.8491138219833374,0.03490994870662689
train/0003/ex04_default_00011,0.017696253955364227,0.31339672207832336,0.6689069867134094
train/0003/ex04_default_emphasis_00019,0.8580225706100464,0.12813888490200043,0.01383853331208229
train/0003/ex04_sad_00333,0.012798734940588474,0.7444044351577759,0.2427968978881836
train/0003/ex04_happy_00170,0.17320068180561066,0.8005013465881348,0.02629803866147995
train/0003/ex04_confused_00163,0.9178314805030823,0.07629168033599854,0.0058768996968865395
train/0003/ex04_enunciated_00134,0.3622432351112366,0.6096720099449158,0.028084736317396164
train/0003/ex04_laughing_00203,0.027001798152923584,0.7502588033676147,0.2227393239736557
train/0003/ex04_default_00313,0.7257473468780518,0.26326489448547363,0.010987789370119572
train/0003/ex04_enunciated_00239,0.03895622119307518,0.717305600643158,0.24373815953731537
train/0003/ex04_default_emphasis_00016,0.7477726936340332,0.2396606206893921,0.012566706165671349
train/0003/ex04_laughing_00156,0.07274042069911957,0.7859660983085632,0.14129352569580078
train/0003/ex04_enunciated_00261,0.13335862755775452,0.8452837467193604,0.021357599645853043
train/0003/ex04_confused_00236,0.2213088423013687,0.754149854183197,0.024541225284337997
train/0003/ex04_default_00046,0.05007164552807808,0.8315820693969727,0.11834634840488434
train/0003/ex04_sad_00066,0.11342262476682663,0.8184576630592346,0.06811974197626114
train/0003/ex04_happy_00225,0.03763336315751076,0.8587090969085693,0.103657566010952
train/0003/ex04_whisper_00171,0.724019467830658,0.25489702820777893,0.02108348347246647
train/0003/ex04_happy_00128,0.04968534782528877,0.9094530940055847,0.04086162522435188
train/0003/ex04_laughing_00083,0.011483324691653252,0.3001748323440552,0.6883417963981628
train/0003/ex04_default_00193,0.22959627211093903,0.7487746477127075,0.02162904106080532
train/0003/ex04_whisper_00273,0.044485144317150116,0.8648229837417603,0.09069188684225082
train/0003/ex04_sad_00069,0.007543826475739479,0.22783541679382324,0.7646207809448242
train/0003/ex04_default_00049,0.09251049160957336,0.8067229986190796,0.10076648741960526
train/0003/ex04_confused_00239,0.03895622119307518,0.717305600643158,0.24373815953731537
train/0003/ex04_laughing_00159,0.343354195356369,0.6335029006004333,0.023142850026488304
train/0003/ex04_laughing_00254,0.06454216688871384,0.8981831073760986,0.03727471083402634
train/0003/ex04_enunciated_00163,0.9178314805030823,0.07629168033599854,0.0058768996968865395
train/0003/ex04_confused_00134,0.3622432351112366,0.6096720099449158,0.028084736317396164
train/0003/ex04_happy_00127,0.037955883890390396,0.8638104796409607,0.09823362529277802
train/0003/ex04_default_00291,0.36130771040916443,0.5925492644309998,0.04614304006099701
train/0003/ex04_default_emphasis_00041,0.09560417383909225,0.8291036486625671,0.07529215514659882
train/0003/ex04_sad_00080,0.0020587898325175047,0.07147376984357834,0.9264674782752991
train/0003/ex04_enunciated_00287,0.07025328278541565,0.7633187174797058,0.16642802953720093
train/0003/ex04_default_00278,0.031967680901288986,0.8927398920059204,0.07529239356517792
train/0003/ex04_confused_00008,0.0029742857441306114,0.66461181640625,0.3324139416217804
train/0003/ex04_sad_00258,0.04892897978425026,0.9114591479301453,0.03961184620857239
train/0003/ex04_sad_00155,0.19632332026958466,0.7781845927238464,0.025492070242762566
train/0003/ex04_happy_00316,0.7926974892616272,0.19944751262664795,0.007854986935853958
train/0003/ex04_enunciated_00352,0.01272429060190916,0.21439440548419952,0.7728813290596008
train/0003/ex04_laughing_00065,0.7344093322753906,0.2576617896556854,0.007928788661956787
train/0003/ex04_confused_00305,0.21832260489463806,0.7481784224510193,0.03349897637963295
train/0003/ex04_default_00175,0.07710422575473785,0.8819355964660645,0.04096018522977829
train/0003/ex04_enunciated_00288,0.0024695114698261023,0.025299036875367165,0.972231388092041
train/0003/ex04_enunciated_00185,0.007011694833636284,0.7282246947288513,0.26476356387138367
train/0003/ex04_sad_00257,0.05781671777367592,0.8870095610618591,0.05517371743917465
train/0003/ex04_happy_00014,0.8628790974617004,0.12904483079910278,0.008076097816228867
train/0003/ex04_enunciated_00050,0.6753621697425842,0.3140496611595154,0.010588174685835838
train/0003/ex04_confused_00007,0.042823996394872665,0.9071200489997864,0.05005588382482529
train/0003/ex04_default_00277,0.7039759755134583,0.26216578483581543,0.033858247101306915
train/0003/ex04_happy_00319,0.03196100518107414,0.315820574760437,0.6522184610366821
train/0003/ex04_whisper_00307,0.04955407977104187,0.9127148389816284,0.03773103654384613
train/0003/ex04_sad_00210,0.17816095054149628,0.7948521971702576,0.02698681689798832
train/0003/ex04_happy_00053,0.8543135523796082,0.13674192130565643,0.00894449558109045
train/0003/ex04_enunciated_00017,0.45366260409355164,0.5298787355422974,0.016458742320537567
train/0003/ex04_laughing_00320,0.9588629007339478,0.03826389089226723,0.0028731434140354395
train/0003/ex04_confused_00040,0.11207842081785202,0.26494094729423523,0.6229806542396545
train/0003/ex04_default_00230,0.1532827615737915,0.8151580691337585,0.03155922889709473
train/0003/ex04_happy_00186,0.9771202802658081,0.02052951045334339,0.002350290771573782
train/0003/ex04_confused_00195,0.11354173719882965,0.8582594990730286,0.02819877490401268
train/0003/ex04_confused_00298,0.0014613934326916933,0.07430056482553482,0.9242380261421204
train/0003/ex04_default_emphasis_00135,0.03344906494021416,0.9033305048942566,0.06322052329778671
train/0003/ex04_sad_00112,0.0024462623987346888,0.06472369283437729,0.9328299760818481
train/0003/ex04_laughing_00022,0.007492362521588802,0.15557943284511566,0.8369282484054565
train/0003/ex04_confused_00342,0.09885329753160477,0.8385658860206604,0.06258078664541245
train/0003/ex04_default_00132,0.09656959772109985,0.8529902696609497,0.05044009909033775
train/0003/ex04_enunciated_00018,0.8011456727981567,0.1879594326019287,0.010894893668591976
train/0003/ex04_whisper_00005,0.12992414832115173,0.815021812915802,0.055054038763046265
train/0003/ex04_happy_00189,0.04320894554257393,0.9170235991477966,0.039767537266016006
train/0003/ex04_happy_00284,0.91998690366745,0.07546403259038925,0.004549091216176748
train/0003/ex04_confused_00297,0.1038193553686142,0.8477845788002014,0.048396036028862
train/0003/ex04_default_essentials_00028,0.7368941903114319,0.24266716837882996,0.020438607782125473
train/0003/ex04_default_emphasis_00006,0.008493321016430855,0.823441207408905,0.16806542873382568
train/0003/ex04_laughing_00213,0.0743962749838829,0.5491045117378235,0.37649914622306824
train/0003/ex04_enunciated_00124,0.004878765903413296,0.03093268908560276,0.9641885161399841
train/0003/ex04_confused_00173,0.01781625673174858,0.8686603903770447,0.11352336406707764
train/0003/ex04_default_00303,0.7671858668327332,0.22270941734313965,0.010104751214385033
train/0003/ex04_sad_00323,0.0021908991038799286,0.01794043555855751,0.9798687100410461
train/0003/ex04_whisper_00139,0.0022621648386120796,0.3747527003288269,0.6229851245880127
train/0003/ex04_happy_00160,0.30373966693878174,0.6678659319877625,0.02839445136487484
train/0003/ex04_whisper_00234,0.008155154064297676,0.805194616317749,0.18665018677711487
train/0003/ex04_enunciated_00229,0.03819472715258598,0.9151985049247742,0.04660668596625328
train/0003/ex04_default_emphasis_00009,0.008493321016430855,0.823441207408905,0.16806542873382568
train/0003/ex04_default_essentials_00027,0.1317422091960907,0.6852664351463318,0.1829913705587387
train/0003/ex04_laughing_00111,0.001467317808419466,0.007041603792458773,0.9914910197257996
train/0003/ex04_enunciated_00226,0.003555919276550412,0.015293444506824017,0.9811505675315857
train/0003/ex04_confused_00271,0.10891778022050858,0.6616687178611755,0.22941350936889648
train/0003/ex04_default_00001,0.043199967592954636,0.8448004126548767,0.11199962347745895
train/0003/ex04_sad_00021,0.8481706380844116,0.13277418911457062,0.01905512809753418
train/0003/ex04_happy_00262,0.010022459551692009,0.50547856092453,0.4844989776611328
train/0003/ex04_default_00281,0.14601445198059082,0.8106668591499329,0.0433187261223793
train/0003/ex04_default_emphasis_00051,0.1617005318403244,0.7561058402061462,0.08219361305236816
train/0003/ex04_default_00059,0.009525327011942863,0.1598033905029297,0.8306713104248047
train/0003/ex04_laughing_00149,0.0011792564764618874,0.024418653920292854,0.9744020700454712
train/0003/ex04_confused_00229,0.03819472715258598,0.9151985049247742,0.04660668596625328
train/0003/ex04_sad_00079,0.1443416029214859,0.7667055130004883,0.08895283192396164
train/0003/ex04_happy_00137,0.36148393154144287,0.6047530174255371,0.0337630957365036
train/0003/ex04_confused_00124,0.004878765903413296,0.03093268908560276,0.9641885161399841
train/0003/ex04_enunciated_00173,0.01781625673174858,0.8686603903770447,0.11352336406707764
train/0003/ex04_laughing_00244,0.48845046758651733,0.49106648564338684,0.02048305794596672
train/0003/ex04_laughing_00093,0.03004470095038414,0.3099520802497864,0.6600032448768616
train/0003/ex04_default_00183,0.04603957012295723,0.8929912447929382,0.060969140380620956
train/0003/ex04_sad_00076,0.2067316621541977,0.6889771223068237,0.1042911484837532
train/0003/ex04_happy_00235,0.054230161011219025,0.8934287428855896,0.052341118454933167
train/0003/ex04_confused_00226,0.003555919276550412,0.015293444506824017,0.9811505675315857
train/0003/ex04_enunciated_00271,0.10891778022050858,0.6616687178611755,0.22941350936889648
train/0003/ex04_laughing_00146,0.26043328642845154,0.7075967192649841,0.03197005018591881
train/0003/ex04_default_00056,0.12770162522792816,0.7861095666885376,0.08618885278701782
train/0003/ex04_whisper_00161,0.36827927827835083,0.6093670725822449,0.02235359139740467
train/0003/ex04_happy_00138,0.12395910173654556,0.557368814945221,0.3186720907688141
train/0003/ex04_confused_00017,0.45366260409355164,0.5298787355422974,0.016458742320537567
train/0003/ex04_enunciated_00040,0.11207842081785202,0.26494094729423523,0.6229806542396545
train/0003/ex04_default_00267,0.5690313577651978,0.40819495916366577,0.022773705422878265
train/0003/ex04_sad_00247,0.5602111220359802,0.29617366194725037,0.14361520111560822
train/0003/ex04_happy_00004,0.38337185978889465,0.565264105796814,0.05136410892009735
train/0003/ex04_happy_00309,0.07831670343875885,0.8909674286842346,0.0307158250361681
train/0003/ex04_whisper_00285,0.2965223789215088,0.6392133235931396,0.06426423043012619
train/0003/ex04_enunciated_00298,0.0014613934326916933,0.07430056482553482,0.9242380261421204
train/0003/ex04_enunciated_00195,0.11354173719882965,0.8582594990730286,0.02819877490401268
train/0003/ex04_sad_00248,0.14485958218574524,0.751268208026886,0.10387224704027176
train/0003/ex04_default_00268,0.044557973742485046,0.9286613464355469,0.026780614629387856
train/0003/ex04_confused_00018,0.8011456727981567,0.1879594326019287,0.010894893668591976
train/0003/ex04_laughing_00075,0.15437164902687073,0.814453661441803,0.031174663454294205
train/0003/ex04_enunciated_00342,0.09885329753160477,0.8385658860206604,0.06258078664541245
train/0003/ex04_default_00165,0.029679175466299057,0.5078198313713074,0.46250101923942566
train/0003/ex04_sad_00145,0.3063289225101471,0.6463176608085632,0.047353412955999374
train/0003/ex04_happy_00306,0.17085973918437958,0.7056326270103455,0.12350766360759735
train/0003/ex04_enunciated_00297,0.1038193553686142,0.8477845788002014,0.048396036028862
train/0003/ex04_sad_00090,0.16364948451519012,0.8071622252464294,0.0291882436722517
train/0003/ex04_default_emphasis_00021,0.041615258902311325,0.880925178527832,0.07745958864688873
train/0003/ex04_happy_00092,0.876048743724823,0.10851573944091797,0.015435537323355675
train/0003/ex04_confused_00081,0.11615660041570663,0.6962370872497559,0.18760626018047333
train/0003/ex04_happy_00147,0.7100135087966919,0.2759675681591034,0.014018991962075233
train/0003/ex04_sad_00304,0.6198261976242065,0.3335382342338562,0.04663558304309845
train/0003/ex04_default_00324,0.05303008481860161,0.8039851188659668,0.14298486709594727
train/0003/ex04_confused_00154,0.6201874017715454,0.36861467361450195,0.011197999119758606
train/0003/ex04_laughing_00234,0.008155154064297676,0.805194616317749,0.18665018677711487
train/0003/ex04_enunciated_00103,0.041359636932611465,0.7415788173675537,0.21706156432628632
train/0003/ex04_laughing_00139,0.0022621648386120796,0.3747527003288269,0.6229851245880127
train/0003/ex04_confused_00259,0.0617872029542923,0.8842462301254272,0.05396655946969986
train/0003/ex04_default_00029,0.09291601181030273,0.8716375827789307,0.03544646501541138
train/0003/ex04_sad_00009,0.44919171929359436,0.5231291651725769,0.02767915278673172
train/0003/ex04_whisper_00111,0.001467317808419466,0.007041603792458773,0.9914910197257996
train/0003/ex04_happy_00148,0.01751345954835415,0.7991001605987549,0.18338638544082642
train/0003/ex04_happy_00245,0.2710333466529846,0.6756445169448853,0.05332215502858162
train/0003/ex04_sad_00006,0.0011346017709001899,0.01187016349285841,0.986995279788971
train/0003/ex04_default_00026,0.06643866747617722,0.846760630607605,0.08680073916912079
train/0003/ex04_confused_00256,0.06031056120991707,0.7364012002944946,0.20328830182552338
train/0003/ex04_laughing_00136,0.0018775851931422949,0.2825930714607239,0.7155293822288513
train/0003/ex04_enunciated_00201,0.1004210114479065,0.81336909532547,0.08620990812778473
train/0003/ex04_default_00217,0.03830711916089058,0.4809865951538086,0.48070624470710754
train/0003/ex04_confused_00067,0.08387909084558487,0.8747654557228088,0.04135540872812271
train/0003/ex04_enunciated_00030,0.13681122660636902,0.8208624124526978,0.04232630506157875
train/0003/ex04_laughing_00307,0.04955407977104187,0.9127148389816284,0.03773103654384613
train/0003/ex04_happy_00074,0.021745828911662102,0.9268300533294678,0.05142413452267647
train/0003/ex04_sad_00237,0.03838042542338371,0.7673677802085876,0.19425183534622192
train/0003/ex04_default_emphasis_00112,0.07781330496072769,0.8834050893783569,0.03878162428736687
train/0003/ex04_default_00115,0.0021500096190720797,0.02268248423933983,0.975167453289032
train/0003/ex04_enunciated_00332,0.02209264412522316,0.7488364577293396,0.22907096147537231
train/0003/ex04_laughing_00005,0.12992414832115173,0.815021812915802,0.055054038763046265
train/0003/ex04_sad_00135,0.002444483106955886,0.05114184319972992,0.9464136958122253
train/0003/ex04_sad_00238,0.544342577457428,0.41930562257766724,0.036351751536130905
train/0003/ex04_laughing_00308,0.9331094026565552,0.05673205479979515,0.010158606804907322
train/0003/ex04_confused_00068,0.14204195141792297,0.7985842227935791,0.05937384441494942
train/0003/ex04_default_00218,0.0064600990153849125,0.8189200758934021,0.17461983859539032
train/0003/ex04_happy_00023,0.03372572734951973,0.6336492300033569,0.33262506127357483
train/0003/ex04_sad_00260,0.36882123351097107,0.5984349846839905,0.03274371847510338
train/0003/ex04_default_00240,0.40716323256492615,0.5058318376541138,0.08700497448444366
train/0003/ex04_laughing_00350,0.7828866243362427,0.20024161040782928,0.016871778294444084
train/0003/ex04_enunciated_00067,0.08387909084558487,0.8747654557228088,0.04135540872812271
train/0003/ex04_confused_00030,0.13681122660636902,0.8208624124526978,0.04232630506157875
train/0003/ex04_default_emphasis_00090,0.01459727343171835,0.9535868167877197,0.031815893948078156
train/0003/ex04_laughing_00188,0.35197755694389343,0.6251049637794495,0.022917406633496284
train/0003/ex04_default_00098,0.4040265679359436,0.5063496232032776,0.08962377905845642
train/0003/ex04_default_emphasis_00145,0.023467175662517548,0.7454887628555298,0.23104406893253326
train/0003/ex04_laughing_00285,0.2965223789215088,0.6392133235931396,0.06426423043012619
train/0003/ex04_enunciated_00068,0.14204195141792297,0.7985842227935791,0.05937384441494942
train/0003/ex04_happy_00321,0.002571041462942958,0.05239035561680794,0.9450386166572571
train/0003/ex04_sad_00162,0.5358061790466309,0.40789228677749634,0.05630156397819519
train/0003/ex04_default_00142,0.32507064938545227,0.6307258605957031,0.044203441590070724
train/0003/ex04_laughing_00052,0.021567219868302345,0.7859722375869751,0.19246050715446472
train/0003/ex04_confused_00332,0.02209264412522316,0.7488364577293396,0.22907096147537231
train/0003/ex04_default_00097,0.013970330357551575,0.5159702301025391,0.4700593948364258
train/0003/ex04_laughing_00187,0.6420948505401611,0.3454500734806061,0.01245511882007122
train/0003/ex04_enunciated_00081,0.11615660041570663,0.6962370872497559,0.18760626018047333
train/0003/ex04_sad_00286,0.05438198521733284,0.5729678273200989,0.3726502060890198
train/0003/ex04_default_emphasis_00076,0.39218276739120483,0.5809847116470337,0.026832541450858116
train/0003/ex04_enunciated_00259,0.0617872029542923,0.8842462301254272,0.05396655946969986
train/0003/ex04_enunciated_00154,0.6201874017715454,0.36861467361450195,0.011197999119758606
train/0003/ex04_laughing_00263,0.09820402413606644,0.8198626041412354,0.08193337917327881
train/0003/ex04_confused_00103,0.041359636932611465,0.7415788173675537,0.21706156432628632
train/0003/ex04_whisper_00149,0.0011792564764618874,0.024418653920292854,0.9744020700454712
train/0003/ex04_happy_00110,0.001976852072402835,0.04557609558105469,0.9524470567703247
train/0003/ex04_sad_00289,0.030718348920345306,0.7270965576171875,0.2421851009130478
train/0003/ex04_default_emphasis_00079,0.1469549536705017,0.8170435428619385,0.03600159287452698
train/0003/ex04_sad_00184,0.14641505479812622,0.8176026344299316,0.03598230332136154
train/0003/ex04_default_00071,0.06861868500709534,0.8106361627578735,0.1207452192902565
train/0003/ex04_enunciated_00256,0.06031056120991707,0.7364012002944946,0.20328830182552338
train/0003/ex04_laughing_00161,0.36827927827835083,0.6093670725822449,0.02235359139740467
train/0003/ex04_confused_00201,0.1004210114479065,0.81336909532547,0.08620990812778473
train/0003/ex04_happy_00212,0.1277129054069519,0.8393198847770691,0.03296726569533348
train/0003/ex04_sad_00051,0.30885159969329834,0.6596714854240417,0.03147689625620842
train/0003/ex04_happy_00158,0.013184754177927971,0.907751739025116,0.0790635347366333
train/0003/ex04_default_00036,0.14851312339305878,0.8093553185462952,0.04213152825832367
train/0003/ex04_enunciated_00211,0.38622453808784485,0.6015468239784241,0.012228628620505333
train/0003/ex04_laughing_00126,0.018403304740786552,0.9172393679618835,0.06435736268758774
train/0003/ex04_confused_00246,0.04011426120996475,0.7950729727745056,0.16481275856494904
train/0003/ex04_happy_00255,0.12927496433258057,0.7528218626976013,0.11790317296981812
train/0003/ex04_sad_00016,0.6344301700592041,0.33667394518852234,0.02889583259820938
train/0003/ex04_default_essentials_00010,0.03396165743470192,0.8739311099052429,0.09210725128650665
train/0003/ex04_default_00334,0.02911459095776081,0.9269471764564514,0.04393818601965904
train/0003/ex04_enunciated_00113,0.14315293729305267,0.8211254477500916,0.03572159260511398
train/0003/ex04_laughing_00224,0.1465069204568863,0.798162579536438,0.05533052235841751
train/0003/ex04_confused_00144,0.006781920790672302,0.3717239499092102,0.6214941143989563
train/0003/ex04_happy_00157,0.12218698859214783,0.8077616691589355,0.07005142420530319
train/0003/ex04_sad_00314,0.22945281863212585,0.6050547957420349,0.16549241542816162
train/0003/ex04_sad_00019,0.07465898245573044,0.8903071880340576,0.035033781081438065
train/0003/ex04_whisper_00203,0.027001798152923584,0.7502588033676147,0.2227393239736557
train/0003/ex04_confused_00249,0.008953524753451347,0.9057641625404358,0.08528228849172592
train/0003/ex04_laughing_00129,0.3843013346195221,0.578095555305481,0.03760308399796486
train/0003/ex04_default_00039,0.016609692946076393,0.2780497968196869,0.7053405046463013
train/0003/ex04_default_emphasis_00031,0.012335995212197304,0.31149157881736755,0.6761724948883057
train/0003/ex04_confused_00091,0.007882850244641304,0.8918460011482239,0.10027118772268295
train/0003/ex04_happy_00082,0.043730396777391434,0.8019228577613831,0.15434671938419342
train/0003/ex04_sad_00125,0.9225695729255676,0.07211678475141525,0.00531367864459753
train/0003/ex04_default_00105,0.7568850517272949,0.19534362852573395,0.04777134209871292
train/0003/ex04_laughing_00015,0.024103060364723206,0.8436758518218994,0.13222113251686096
train/0003/ex04_enunciated_00322,0.006015473045408726,0.3641349673271179,0.6298495531082153
train/0003/ex04_confused_00078,0.828524112701416,0.1521943211555481,0.019281571730971336
train/0003/ex04_laughing_00318,0.16826660931110382,0.7565212249755859,0.07521211355924606
train/0003/ex04_default_00208,0.002699850592762232,0.26524582505226135,0.7320543527603149
train/0003/ex04_sad_00228,0.25525668263435364,0.6988219022750854,0.045921359211206436
train/0003/ex04_default_emphasis_00102,0.013000204227864742,0.16297337412834167,0.8240264058113098
train/0003/ex04_whisper_00330,0.7074655890464783,0.2752496302127838,0.01728472299873829
train/0003/ex04_happy_00064,0.47716063261032104,0.4861370623111725,0.036702319979667664
train/0003/ex04_sad_00227,0.1261105090379715,0.8247715830802917,0.04911794885993004
train/0003/ex04_default_00207,0.9459168314933777,0.05161349102854729,0.002469701925292611
train/0003/ex04_laughing_00317,0.0582769401371479,0.81465083360672,0.1270722895860672
train/0003/ex04_enunciated_00020,0.01098577305674553,0.4800642430782318,0.5089499950408936
train/0003/ex04_confused_00077,0.0051042926497757435,0.12537413835525513,0.8695214986801147
train/0003/ex04_default_00087,0.006996219512075186,0.17801767587661743,0.8149861097335815
train/0003/ex04_laughing_00197,0.02178374119102955,0.8359898328781128,0.14222638309001923
train/0003/ex04_enunciated_00078,0.828524112701416,0.1521943211555481,0.019281571730971336
train/0003/ex04_default_00152,0.4562220871448517,0.516080915927887,0.02769698016345501
train/0003/ex04_confused_00322,0.006015473045408726,0.3641349673271179,0.6298495531082153
train/0003/ex04_laughing_00042,0.005051002372056246,0.2128387987613678,0.7821101546287537
train/0003/ex04_happy_00331,0.0832367092370987,0.8628941178321838,0.053869131952524185
train/0003/ex04_sad_00172,0.29439041018486023,0.6482276320457458,0.05738196149468422
train/0003/ex04_default_emphasis_00155,0.007464770693331957,0.09034046530723572,0.9021947979927063
train/0003/ex04_laughing_00198,0.1559411734342575,0.8237736225128174,0.02028518356382847
train/0003/ex04_default_00088,0.05416465178132057,0.8935506343841553,0.05228473246097565
train/0003/ex04_laughing_00295,0.16587591171264648,0.7694637179374695,0.06466033309698105
train/0003/ex04_default_00250,0.7214011549949646,0.2701044976711273,0.008494339883327484
train/0003/ex04_confused_00020,0.01098577305674553,0.4800642430782318,0.5089499950408936
train/0003/ex04_enunciated_00077,0.0051042926497757435,0.12537413835525513,0.8695214986801147
train/0003/ex04_laughing_00340,0.014996616169810295,0.7406988739967346,0.24430446326732635
train/0003/ex04_happy_00033,0.66195148229599,0.3301898241043091,0.007858701050281525
train/0003/ex04_sad_00270,0.001484279753640294,0.034151848405599594,0.9643638730049133
train/0003/ex04_default_emphasis_00080,0.1469549536705017,0.8170435428619385,0.03600159287452698
train/0003/ex04_happy_00202,0.09216972440481186,0.8495599031448364,0.05827029421925545
train/0003/ex04_sad_00041,0.7740965485572815,0.20487353205680847,0.021029938012361526
train/0003/ex04_default_00061,0.1138388067483902,0.7109292149543762,0.1752319484949112
train/0003/ex04_confused_00211,0.38622453808784485,0.6015468239784241,0.012228628620505333
train/0003/ex04_laughing_00171,0.724019467830658,0.25489702820777893,0.02108348347246647
train/0003/ex04_enunciated_00246,0.04011426120996475,0.7950729727745056,0.16481275856494904
train/0003/ex04_whisper_00156,0.07274042069911957,0.7859660983085632,0.14129352569580078
train/0003/ex04_sad_00299,0.38242417573928833,0.5609163045883179,0.05665954574942589
train/0003/ex04_sad_00194,0.4977511465549469,0.47588875889778137,0.026360077783465385
train/0003/ex04_default_emphasis_00069,0.05229508504271507,0.7630323171615601,0.1846725195646286
train/0003/ex04_enunciated_00249,0.008953524753451347,0.9057641625404358,0.08528228849172592
train/0003/ex04_whisper_00159,0.343354195356369,0.6335029006004333,0.023142850026488304
train/0003/ex04_happy_00100,0.005467873066663742,0.1006719246506691,0.8938602209091187
train/0003/ex04_sad_00343,0.012935840524733067,0.5752660632133484,0.4117981195449829
train/0003/ex04_confused_00113,0.14315293729305267,0.8211254477500916,0.03572159260511398
train/0003/ex04_laughing_00273,0.044485144317150116,0.8648229837417603,0.09069188684225082
train/0003/ex04_enunciated_00144,0.006781920790672302,0.3717239499092102,0.6214941143989563
train/0003/ex04_sad_00296,0.013923329301178455,0.9336095452308655,0.05246713012456894
train/0003/ex04_enunciated_00091,0.007882850244641304,0.8918460011482239,0.10027118772268295
train/0003/ex04_default_emphasis_00066,0.3899742662906647,0.5828811526298523,0.02714460715651512
train/0003/ex04_sad_00218,0.0064600990153849125,0.8189200758934021,0.17461983859539032
train/0003/ex04_default_00238,0.544342577457428,0.41930562257766724,0.036351751536130905
train/0003/ex04_laughing_00328,0.1077440157532692,0.7787061929702759,0.11354971677064896
train/0003/ex04_confused_00048,0.856029748916626,0.13476835191249847,0.009201831184327602
train/0003/ex04_confused_00345,0.5896404981613159,0.3931865394115448,0.017172973603010178
train/0003/ex04_laughing_00025,0.28151100873947144,0.6650167107582092,0.05347228795289993
train/0003/ex04_enunciated_00312,0.7584249377250671,0.2336840182542801,0.007891139946877956
train/0003/ex04_default_00135,0.002444483106955886,0.05114184319972992,0.9464136958122253
train/0003/ex04_sad_00115,0.0021500096190720797,0.02268248423933983,0.975167453289032
train/0003/ex04_confused_00290,0.012324356473982334,0.3485158681869507,0.6391597986221313
train/0003/ex04_happy_00283,0.09250346571207047,0.8738288283348083,0.03366769105195999
train/0003/ex04_confused_00047,0.014414501376450062,0.8985946774482727,0.08699075132608414
train/0003/ex04_laughing_00327,0.2877616882324219,0.558164119720459,0.15407416224479675
train/0003/ex04_enunciated_00010,0.09323395043611526,0.5615657567977905,0.3452002704143524
train/0003/ex04_default_00237,0.03838042542338371,0.7673677802085876,0.19425183534622192
train/0003/ex04_sad_00217,0.03830711916089058,0.4809865951538086,0.48070624470710754
train/0003/ex04_happy_00054,0.012909132987260818,0.8884416818618774,0.09864918142557144
train/0003/ex04_default_emphasis_00132,0.4641457796096802,0.5099166631698608,0.025937620550394058
train/0003/ex04_confused_00192,0.15022189915180206,0.5204275846481323,0.3293505609035492
train/0003/ex04_happy_00181,0.886479377746582,0.10973536223173141,0.0037851822562515736
train/0003/ex04_default_essentials_00020,0.03927052766084671,0.40309637784957886,0.557633101940155
train/0003/ex04_sad_00026,0.06643866747617722,0.846760630607605,0.08680073916912079
train/0003/ex04_happy_00265,0.9730800986289978,0.02374844439327717,0.0031714835204184055
train/0003/ex04_confused_00276,0.14405813813209534,0.7725238800048828,0.08341795206069946
train/0003/ex04_enunciated_00221,0.030964359641075134,0.3370252847671509,0.6320103406906128
train/0003/ex04_laughing_00116,0.9725732803344727,0.02488081157207489,0.002545907162129879
train/0003/ex04_default_00006,0.0011346017709001899,0.01187016349285841,0.986995279788971
train/0003/ex04_happy_00168,0.507774293422699,0.4742577075958252,0.017968036234378815
train/0003/ex04_default_emphasis_00001,0.11966719478368759,0.85170578956604,0.02862708643078804
train/0003/ex04_default_00009,0.44919171929359436,0.5231291651725769,0.02767915278673172
train/0003/ex04_laughing_00119,0.02945416234433651,0.4783187508583069,0.49222704768180847
train/0003/ex04_confused_00279,0.8452543616294861,0.1486886739730835,0.0060569122433662415
train/0003/ex04_sad_00029,0.09291601181030273,0.8716375827789307,0.03544646501541138
train/0003/ex04_sad_00324,0.05303008481860161,0.8039851188659668,0.14298486709594727
train/0003/ex04_happy_00167,0.037140872329473495,0.2339704930782318,0.7288886308670044
train/0003/ex04_confused_00174,0.22776682674884796,0.7496422529220581,0.022590897977352142
train/0003/ex04_enunciated_00123,0.09132487326860428,0.868096113204956,0.04057897999882698
train/0003/ex04_laughing_00214,0.027559448033571243,0.7038306593894958,0.268609881401062
train/0003/ex04_default_00304,0.6198261976242065,0.3335382342338562,0.04663558304309845
train/0003/ex04_laughing_00094,0.0016581346280872822,0.019755367189645767,0.9785864949226379
train/0003/ex04_default_00184,0.14641505479812622,0.8176026344299316,0.03598230332136154
train/0003/ex04_default_emphasis_00059,0.9279215931892395,0.06875260919332504,0.003325778990983963
train/0003/ex04_default_00289,0.030718348920345306,0.7270965576171875,0.2421851009130478
train/0003/ex04_whisper_00166,0.006714183837175369,0.7587838768959045,0.234501913189888
train/0003/ex04_laughing_00141,0.4635236859321594,0.5051554441452026,0.03132087364792824
train/0003/ex04_enunciated_00276,0.14405813813209534,0.7725238800048828,0.08341795206069946
train/0003/ex04_confused_00221,0.030964359641075134,0.3370252847671509,0.6320103406906128
train/0003/ex04_default_00051,0.30885159969329834,0.6596714854240417,0.03147689625620842
train/0003/ex04_sad_00071,0.06861868500709534,0.8106361627578735,0.1207452192902565
train/0003/ex04_happy_00232,0.02341957576572895,0.6297124028205872,0.3468680679798126
train/0003/ex04_default_emphasis_00056,0.05149722471833229,0.4095481038093567,0.5389546751976013
train/0003/ex04_default_00286,0.05438198521733284,0.5729678273200989,0.3726502060890198
train/0003/ex04_laughing_00243,0.08129359781742096,0.8818157911300659,0.03689064085483551
train/0003/ex04_enunciated_00174,0.22776682674884796,0.7496422529220581,0.022590897977352142
train/0003/ex04_confused_00123,0.1196133941411972,0.8498907685279846,0.030495868995785713
train/0003/ex04_happy_00130,0.0034121812786906958,0.050873685628175735,0.9457141160964966
train/0003/ex04_whisper_00264,0.3146311342716217,0.6258305907249451,0.05953829735517502
train/0003/ex04_enunciated_00279,0.8452543616294861,0.1486886739730835,0.0060569122433662415
train/0003/ex04_sad_00142,0.32507064938545227,0.6307258605957031,0.044203441590070724
train/0003/ex04_happy_00301,0.10178479552268982,0.853824257850647,0.04439091309905052
train/0003/ex04_enunciated_00345,0.5896404981613159,0.3931865394115448,0.017172973603010178
train/0003/ex04_laughing_00072,0.023519517853856087,0.8858368992805481,0.0906435176730156
train/0003/ex04_confused_00312,0.7584249377250671,0.2336840182542801,0.007891139946877956
train/0003/ex04_default_00162,0.5358061790466309,0.40789228677749634,0.05630156397819519
train/0003/ex04_enunciated_00048,0.856029748916626,0.13476835191249847,0.009201831184327602
train/0003/ex04_sad_00097,0.013970330357551575,0.5159702301025391,0.4700593948364258
train/0003/ex04_enunciated_00290,0.012324356473982334,0.3485158681869507,0.6391597986221313
train/0003/ex04_sad_00240,0.40716323256492615,0.5058318376541138,0.08700497448444366
train/0003/ex04_happy_00003,0.008949189446866512,0.7124815583229065,0.2785693109035492
train/0003/ex04_enunciated_00047,0.014414501376450062,0.8985946774482727,0.08699075132608414
train/0003/ex04_confused_00010,0.09323395043611526,0.5615657567977905,0.3452002704143524
train/0003/ex04_default_00260,0.36882123351097107,0.5984349846839905,0.03274371847510338
train/0003/ex04_enunciated_00192,0.15022189915180206,0.5204275846481323,0.3293505609035492
train/0003/ex04_sad_00098,0.4040265679359436,0.5063496232032776,0.08962377905845642
train/0003/ex04_default_emphasis_00122,0.0024754840414971113,0.09581308811903,0.9017114639282227
train/0003/ex04_happy_00191,0.033524006605148315,0.9233071208000183,0.043168805539608
train/0003/ex04_confused_00182,0.04298175871372223,0.8596278429031372,0.09739034622907639
train/0003/ex04_sad_00207,0.9459168314933777,0.05161349102854729,0.002469701925292611
train/0003/ex04_happy_00044,0.0016427269438281655,0.01079690270125866,0.9875603318214417
train/0003/ex04_laughing_00337,0.8289257884025574,0.13533248007297516,0.035741765052080154
train/0003/ex04_confused_00057,0.07930672913789749,0.7349177598953247,0.185775488615036
train/0003/ex04_default_00227,0.1261105090379715,0.8247715830802917,0.04911794885993004
train/0003/ex04_whisper_00310,0.2603094279766083,0.7110303044319153,0.02866031415760517
train/0003/ex04_happy_00293,0.07926309108734131,0.8285350799560547,0.0922018364071846
train/0003/ex04_confused_00280,0.3428940773010254,0.6370020508766174,0.020103858783841133
train/0003/ex04_default_00228,0.25525668263435364,0.6988219022750854,0.045921359211206436
train/0003/ex04_confused_00058,0.8119995594024658,0.178325816988945,0.009674668312072754
train/0003/ex04_laughing_00338,0.033572934567928314,0.9318212270736694,0.03460582718253136
train/0003/ex04_sad_00208,0.002699850592762232,0.26524582505226135,0.7320543527603149
train/0003/ex04_sad_00105,0.7568850517272949,0.19534362852573395,0.04777134209871292
train/0003/ex04_enunciated_00302,0.4411677420139313,0.4981193542480469,0.06071285158395767
train/0003/ex04_laughing_00035,0.08943048864603043,0.8562573194503784,0.05431225150823593
train/0003/ex04_default_00125,0.9225695729255676,0.07211678475141525,0.00531367864459753
train/0003/ex04_sad_00039,0.016609692946076393,0.2780497968196869,0.7053405046463013
train/0003/ex04_default_00019,0.07465898245573044,0.8903071880340576,0.035033781081438065
train/0003/ex04_confused_00269,0.09876333922147751,0.5704860687255859,0.33075055480003357
train/0003/ex04_laughing_00109,0.04846835136413574,0.8929008841514587,0.05863070487976074
train/0003/ex04_laughing_00204,0.7889066934585571,0.1928626447916031,0.018230674788355827
train/0003/ex04_enunciated_00133,0.023356197401881218,0.4756670892238617,0.5009767413139343
train/0003/ex04_confused_00164,0.6268927454948425,0.32851940393447876,0.04458785802125931
train/0003/ex04_default_00314,0.2799023687839508,0.5948994755744934,0.12519820034503937
train/0003/ex04_sad_00334,0.02911459095776081,0.9269471764564514,0.04393818601965904
train/0003/ex04_happy_00177,0.8827719688415527,0.10373473912477493,0.01349330972880125
train/0003/ex04_default_emphasis_00011,0.9504309296607971,0.04569769650697708,0.003871357999742031
train/0003/ex04_laughing_00106,0.03555690497159958,0.934725284576416,0.02971784584224224
train/0003/ex04_enunciated_00231,0.6899164915084839,0.3014715909957886,0.008611883036792278
train/0003/ex04_confused_00266,0.01378759928047657,0.8765435814857483,0.1096687838435173
train/0003/ex04_default_00016,0.6344301700592041,0.33667394518852234,0.02889583259820938
train/0003/ex04_sad_00036,0.14851312339305878,0.8093553185462952,0.04213152825832367
train/0003/ex04_happy_00275,0.06284470111131668,0.8457807898521423,0.091374471783638
train/0003/ex04_happy_00178,0.116774782538414,0.8198496103286743,0.06337562203407288
train/0003/ex04_default_essentials_00030,0.6566516757011414,0.3228301703929901,0.020518196746706963
train/0003/ex04_happy_00120,0.6729670166969299,0.2926933765411377,0.03433958441019058
train/0003/ex04_confused_00133,0.023356197401881218,0.4756670892238617,0.5009767413139343
train/0003/ex04_enunciated_00164,0.6268927454948425,0.32851940393447876,0.04458785802125931
train/0003/ex04_laughing_00253,0.010168618522584438,0.6283354759216309,0.36149588227272034
train/0003/ex04_enunciated_00269,0.09876333922147751,0.5704860687255859,0.33075055480003357
train/0003/ex04_whisper_00274,0.028980687260627747,0.6948824524879456,0.2761368453502655
train/0003/ex04_default_emphasis_00046,0.0022235633805394173,0.712007999420166,0.28576838970184326
train/0003/ex04_default_00296,0.011786564253270626,0.9320446848869324,0.056168701499700546
train/0003/ex04_sad_00061,0.1138388067483902,0.7109292149543762,0.1752319484949112
train/0003/ex04_happy_00222,0.5892974734306335,0.38522061705589294,0.02548198029398918
train/0003/ex04_confused_00231,0.6899164915084839,0.3014715909957886,0.008611883036792278
train/0003/ex04_enunciated_00266,0.01378759928047657,0.8765435814857483,0.1096687838435173
train/0003/ex04_laughing_00151,0.00401779031381011,0.21780000627040863,0.7781822085380554
train/0003/ex04_default_00041,0.7740965485572815,0.20487353205680847,0.021029938012361526
train/0003/ex04_default_emphasis_00049,0.05800209194421768,0.8221331238746643,0.11986488103866577
train/0003/ex04_laughing_00084,0.05696454644203186,0.7858577370643616,0.15717770159244537
train/0003/ex04_default_00194,0.4977511465549469,0.47588875889778137,0.026360077783465385
train/0003/ex04_default_00299,0.38242417573928833,0.5609163045883179,0.05665954574942589
train/0003/ex04_enunciated_00182,0.04298175871372223,0.8596278429031372,0.09739034622907639
train/0003/ex04_sad_00088,0.05416465178132057,0.8935506343841553,0.05228473246097565
train/0003/ex04_enunciated_00057,0.07930672913789749,0.7349177598953247,0.185775488615036
train/0003/ex04_default_00270,0.001484279753640294,0.034151848405599594,0.9643638730049133
train/0003/ex04_sad_00250,0.7214011549949646,0.2701044976711273,0.008494339883327484
train/0003/ex04_happy_00013,0.6596854329109192,0.3259507417678833,0.014363900758326054
train/0003/ex04_enunciated_00280,0.3428940773010254,0.6370020508766174,0.020103858783841133
train/0003/ex04_sad_00087,0.006996219512075186,0.17801767587661743,0.8149861097335815
train/0003/ex04_confused_00302,0.4411677420139313,0.4981193542480469,0.06071285158395767
train/0003/ex04_laughing_00062,0.05152297019958496,0.784602701663971,0.1638742834329605
train/0003/ex04_enunciated_00355,0.1129159927368164,0.836073637008667,0.05101033300161362
train/0003/ex04_default_00172,0.29439041018486023,0.6482276320457458,0.05738196149468422
train/0003/ex04_sad_00152,0.4562220871448517,0.516080915927887,0.02769698016345501
train/0003/ex04_happy_00311,0.00657688407227397,0.4179449677467346,0.5754781365394592
train/0003/ex04_enunciated_00058,0.8119995594024658,0.178325816988945,0.009674668312072754
train/0003/ex04_laughing_00097,0.013970330357551575,0.5159702301025391,0.4700593948364258
train/0003/ex04_default_00187,0.6420948505401611,0.3454500734806061,0.01245511882007122
train/0003/ex04_enunciated_00178,0.116774782538414,0.8198496103286743,0.06337562203407288
train/0003/ex04_whisper_00165,0.029679175466299057,0.5078198313713074,0.46250101923942566
train/0003/ex04_sad_00072,0.023519517853856087,0.8858368992805481,0.0906435176730156
train/0003/ex04_happy_00231,0.6899164915084839,0.3014715909957886,0.008611883036792278
train/0003/ex04_confused_00222,0.5892974734306335,0.38522061705589294,0.02548198029398918
train/0003/ex04_laughing_00142,0.32507064938545227,0.6307258605957031,0.044203441590070724
train/0003/ex04_enunciated_00275,0.06284470111131668,0.8457807898521423,0.091374471783638
train/0003/ex04_default_00052,0.021567219868302345,0.7859722375869751,0.19246050715446472
train/0003/ex04_default_00188,0.35197755694389343,0.6251049637794495,0.022917406633496284
train/0003/ex04_laughing_00098,0.4040265679359436,0.5063496232032776,0.08962377905845642
train/0003/ex04_default_emphasis_00055,0.05149722471833229,0.4095481038093567,0.5389546751976013
train/0003/ex04_default_00285,0.2965223789215088,0.6392133235931396,0.06426423043012619
train/0003/ex04_happy_00133,0.023356197401881218,0.4756670892238617,0.5009767413139343
train/0003/ex04_confused_00120,0.6729670166969299,0.2926933765411377,0.03433958441019058
train/0003/ex04_laughing_00240,0.40716323256492615,0.5058318376541138,0.08700497448444366
train/0003/ex04_enunciated_00177,0.8827719688415527,0.10373473912477493,0.01349330972880125
train/0003/ex04_confused_00311,0.00657688407227397,0.4179449677467346,0.5754781365394592
train/0003/ex04_enunciated_00346,0.46854180097579956,0.5120278596878052,0.019430290907621384
train/0003/ex04_laughing_00071,0.06861868500709534,0.8106361627578735,0.1207452192902565
train/0003/ex04_default_00161,0.36827927827835083,0.6093670725822449,0.02235359139740467
train/0003/ex04_sad_00141,0.4635236859321594,0.5051554441452026,0.03132087364792824
train/0003/ex04_happy_00302,0.4411677420139313,0.4981193542480469,0.06071285158395767
train/0003/ex04_whisper_00056,0.12770162522792816,0.7861095666885376,0.08618885278701782
train/0003/ex04_whisper_00183,0.04603957012295723,0.8929912447929382,0.060969140380620956
train/0003/ex04_enunciated_00293,0.07926309108734131,0.8285350799560547,0.0922018364071846
train/0003/ex04_sad_00094,0.0016581346280872822,0.019755367189645767,0.9785864949226379
train/0003/ex04_enunciated_00349,0.04326887056231499,0.9193443655967712,0.03738680109381676
train/0003/ex04_confused_00013,0.6596854329109192,0.3259507417678833,0.014363900758326054
train/0003/ex04_enunciated_00044,0.0016427269438281655,0.01079690270125866,0.9875603318214417
train/0003/ex04_default_00263,0.09820402413606644,0.8198626041412354,0.08193337917327881
train/0003/ex04_sad_00243,0.08132077008485794,0.8855100274085999,0.03316924348473549
train/0003/ex04_enunciated_00191,0.033524006605148315,0.9233071208000183,0.043168805539608
train/0003/ex04_happy_00058,0.8119995594024658,0.178325816988945,0.009674668312072754
train/0003/ex04_sad_00116,0.9725732803344727,0.02488081157207489,0.002545907162129879
train/0003/ex04_laughing_00026,0.06643866747617722,0.846760630607605,0.08680073916912079
train/0003/ex04_enunciated_00311,0.00657688407227397,0.4179449677467346,0.5754781365394592
train/0003/ex04_confused_00346,0.46854180097579956,0.5120278596878052,0.019430290907621384
train/0003/ex04_default_00136,0.0018775851931422949,0.2825930714607239,0.7155293822288513
train/0003/ex04_happy_00280,0.3428940773010254,0.6370020508766174,0.020103858783841133
train/0003/ex04_confused_00293,0.07926309108734131,0.8285350799560547,0.0922018364071846
train/0003/ex04_sad_00214,0.027559448033571243,0.7038306593894958,0.268609881401062
train/0003/ex04_happy_00057,0.07930672913789749,0.7349177598953247,0.185775488615036
train/0003/ex04_laughing_00324,0.05303008481860161,0.8039851188659668,0.14298486709594727
train/0003/ex04_enunciated_00013,0.6596854329109192,0.3259507417678833,0.014363900758326054
train/0003/ex04_confused_00044,0.0016427269438281655,0.01079690270125866,0.9875603318214417
train/0003/ex04_default_00234,0.008155154064297676,0.805194616317749,0.18665018677711487
train/0003/ex04_default_00139,0.0022621648386120796,0.3747527003288269,0.6229851245880127
train/0003/ex04_confused_00349,0.04326887056231499,0.9193443655967712,0.03738680109381676
train/0003/ex04_laughing_00029,0.09291601181030273,0.8716375827789307,0.03544646501541138
train/0003/ex04_sad_00119,0.02945416234433651,0.4783187508583069,0.49222704768180847
train/0003/ex04_default_emphasis_00131,0.4641457796096802,0.5099166631698608,0.025937620550394058
train/0003/ex04_happy_00182,0.04298175871372223,0.8596278429031372,0.09739034622907639
train/0003/ex04_confused_00191,0.033524006605148315,0.9233071208000183,0.043168805539608
train/0003/ex04_default_essentials_00023,0.16793540120124817,0.6087225079536438,0.22334209084510803
train/0003/ex04_enunciated_00222,0.5892974734306335,0.38522061705589294,0.02548198029398918
train/0003/ex04_laughing_00115,0.0021500096190720797,0.02268248423933983,0.975167453289032
train/0003/ex04_confused_00275,0.06284470111131668,0.8457807898521423,0.091374471783638
train/0003/ex04_default_00005,0.12992414832115173,0.815021812915802,0.055054038763046265
train/0003/ex04_sad_00025,0.28151100873947144,0.6650167107582092,0.05347228795289993
train/0003/ex04_happy_00266,0.01378759928047657,0.8765435814857483,0.1096687838435173
train/0003/ex04_whisper_00132,0.09656959772109985,0.8529902696609497,0.05044009909033775
train/0003/ex04_sad_00328,0.1077440157532692,0.7787061929702759,0.11354971677064896
train/0003/ex04_default_00308,0.9331094026565552,0.05673205479979515,0.010158606804907322
train/0003/ex04_confused_00178,0.116774782538414,0.8198496103286743,0.06337562203407288
train/0003/ex04_laughing_00218,0.0064600990153849125,0.8189200758934021,0.17461983859539032
train/0003/ex04_default_emphasis_00002,0.11966719478368759,0.85170578956604,0.02862708643078804
train/0003/ex04_happy_00269,0.09876333922147751,0.5704860687255859,0.33075055480003357
train/0003/ex04_enunciated_00120,0.6729670166969299,0.2926933765411377,0.03433958441019058
train/0003/ex04_laughing_00217,0.03830711916089058,0.4809865951538086,0.48070624470710754
train/0003/ex04_confused_00177,0.8827719688415527,0.10373473912477493,0.01349330972880125
train/0003/ex04_default_00307,0.04955407977104187,0.9127148389816284,0.03773103654384613
train/0003/ex04_sad_00327,0.2877616882324219,0.558164119720459,0.15407416224479675
train/0003/ex04_happy_00164,0.6268927454948425,0.32851940393447876,0.04458785802125931
train/0003/ex04_enunciated_00167,0.037140872329473495,0.2339704930782318,0.7288886308670044
train/0003/ex04_laughing_00250,0.7214011549949646,0.2701044976711273,0.008494339883327484
train/0003/ex04_confused_00130,0.0034121812786906958,0.050873685628175735,0.9457141160964966
train/0003/ex04_happy_00123,0.09132487326860428,0.868096113204956,0.04057897999882698
train/0003/ex04_default_emphasis_00045,0.0022235633805394173,0.712007999420166,0.28576838970184326
train/0003/ex04_default_00198,0.1559411734342575,0.8237736225128174,0.02028518356382847
train/0003/ex04_laughing_00088,0.05416465178132057,0.8935506343841553,0.05228473246097565
train/0003/ex04_default_00295,0.16587591171264648,0.7694637179374695,0.06466033309698105
train/0003/ex04_enunciated_00168,0.507774293422699,0.4742577075958252,0.017968036234378815
train/0003/ex04_enunciated_00265,0.9730800986289978,0.02374844439327717,0.0031714835204184055
train/0003/ex04_laughing_00152,0.4562220871448517,0.516080915927887,0.02769698016345501
train/0003/ex04_confused_00232,0.02341957576572895,0.6297124028205872,0.3468680679798126
train/0003/ex04_default_00042,0.005051002372056246,0.2128387987613678,0.7821101546287537
train/0003/ex04_sad_00062,0.05152297019958496,0.784602701663971,0.1638742834329605
train/0003/ex04_happy_00221,0.030964359641075134,0.3370252847671509,0.6320103406906128
train/0003/ex04_laughing_00087,0.006996219512075186,0.17801767587661743,0.8149861097335815
train/0003/ex04_default_00197,0.02178374119102955,0.8359898328781128,0.14222638309001923
train/0003/ex04_enunciated_00181,0.886479377746582,0.10973536223173141,0.0037851822562515736
train/0003/ex04_sad_00253,0.010168618522584438,0.6283354759216309,0.36149588227272034
train/0003/ex04_whisper_00049,0.09251049160957336,0.8067229986190796,0.10076648741960526
train/0003/ex04_happy_00010,0.09323395043611526,0.5615657567977905,0.3452002704143524
train/0003/ex04_enunciated_00054,0.012909132987260818,0.8884416818618774,0.09864918142557144
train/0003/ex04_confused_00003,0.008949189446866512,0.7124815583229065,0.2785693109035492
train/0003/ex04_default_00273,0.044485144317150116,0.8648229837417603,0.09069188684225082
train/0003/ex04_sad_00084,0.05696454644203186,0.7858577370643616,0.15717770159244537
train/0003/ex04_enunciated_00283,0.09250346571207047,0.8738288283348083,0.03366769105195999
train/0003/ex04_sad_00151,0.00401779031381011,0.21780000627040863,0.7781822085380554
train/0003/ex04_happy_00312,0.7584249377250671,0.2336840182542801,0.007891139946877956
train/0003/ex04_laughing_00061,0.1138388067483902,0.7109292149543762,0.1752319484949112
train/0003/ex04_enunciated_00356,0.5179780721664429,0.42669302225112915,0.05532892420887947
train/0003/ex04_confused_00301,0.10178479552268982,0.853824257850647,0.04439091309905052
train/0003/ex04_default_00171,0.724019467830658,0.25489702820777893,0.02108348347246647
train/0003/ex04_default_emphasis_00121,0.0024754840414971113,0.09581308811903,0.9017114639282227
train/0003/ex04_confused_00181,0.886479377746582,0.10973536223173141,0.0037851822562515736
train/0003/ex04_happy_00192,0.15022189915180206,0.5204275846481323,0.3293505609035492
train/0003/ex04_confused_00054,0.012909132987260818,0.8884416818618774,0.09864918142557144
train/0003/ex04_enunciated_00003,0.008949189446866512,0.7124815583229065,0.2785693109035492
train/0003/ex04_laughing_00334,0.02911459095776081,0.9269471764564514,0.04393818601965904
train/0003/ex04_default_00224,0.1465069204568863,0.798162579536438,0.05533052235841751
train/0003/ex04_sad_00204,0.7889066934585571,0.1928626447916031,0.018230674788355827
train/0003/ex04_happy_00047,0.014414501376450062,0.8985946774482727,0.08699075132608414
train/0003/ex04_sad_00109,0.04846835136413574,0.8929008841514587,0.05863070487976074
train/0003/ex04_default_00129,0.3843013346195221,0.578095555305481,0.03760308399796486
train/0003/ex04_laughing_00039,0.016609692946076393,0.2780497968196869,0.7053405046463013
train/0003/ex04_confused_00283,0.09250346571207047,0.8738288283348083,0.03366769105195999
train/0003/ex04_happy_00290,0.012324356473982334,0.3485158681869507,0.6391597986221313
train/0003/ex04_happy_00048,0.856029748916626,0.13476835191249847,0.009201831184327602
train/0003/ex04_enunciated_00301,0.10178479552268982,0.853824257850647,0.04439091309905052
train/0003/ex04_laughing_00036,0.14851312339305878,0.8093553185462952,0.04213152825832367
train/0003/ex04_default_00126,0.018403304740786552,0.9172393679618835,0.06435736268758774
train/0003/ex04_sad_00106,0.0385107696056366,0.9326097369194031,0.02887953445315361
train/0003/ex04_happy_00279,0.8452543616294861,0.1486886739730835,0.0060569122433662415
train/0003/ex04_sad_00337,0.8289257884025574,0.13533248007297516,0.035741765052080154
train/0003/ex04_happy_00174,0.22776682674884796,0.7496422529220581,0.022590897977352142
train/0003/ex04_confused_00167,0.037140872329473495,0.2339704930782318,0.7288886308670044
train/0003/ex04_laughing_00207,0.9459168314933777,0.05161349102854729,0.002469701925292611
train/0003/ex04_enunciated_00130,0.0034121812786906958,0.050873685628175735,0.9457141160964966
train/0003/ex04_default_00317,0.058902084827423096,0.8508358001708984,0.0902620404958725
train/0003/ex04_default_emphasis_00012,0.9504309296607971,0.04569769650697708,0.003871357999742031
train/0003/ex04_sad_00035,0.08943048864603043,0.8562573194503784,0.05431225150823593
train/0003/ex04_happy_00276,0.14405813813209534,0.7725238800048828,0.08341795206069946
train/0003/ex04_confused_00265,0.9730800986289978,0.02374844439327717,0.0031714835204184055
train/0003/ex04_laughing_00105,0.7568850517272949,0.19534362852573395,0.04777134209871292
train/0003/ex04_enunciated_00232,0.02341957576572895,0.6297124028205872,0.3468680679798126
train/0003/ex04_default_00015,0.024103060364723206,0.8436758518218994,0.13222113251686096
train/0003/ex04_default_00318,0.16826660931110382,0.7565212249755859,0.07521211355924606
train/0003/ex04_laughing_00208,0.002699850592762232,0.26524582505226135,0.7320543527603149
train/0003/ex04_confused_00168,0.507774293422699,0.4742577075958252,0.017968036234378815
train/0003/ex04_whisper_00122,0.050387460738420486,0.7553094029426575,0.19430308043956757
train/0003/ex04_sad_00338,0.033572934567928314,0.9318212270736694,0.03460582718253136
train/0003/ex04_default_essentials_00033,0.8274328112602234,0.16330650448799133,0.009260733611881733
train/0003/ex04_default_00243,0.08132077008485794,0.8855100274085999,0.03316924348473549
train/0003/ex04_confused_00033,0.66195148229599,0.3301898241043091,0.007858701050281525
train/0003/ex04_enunciated_00064,0.47716063261032104,0.4861370623111725,0.036702319979667664
train/0003/ex04_happy_00020,0.01098577305674553,0.4800642430782318,0.5089499950408936
train/0003/ex04_sad_00263,0.09820402413606644,0.8198626041412354,0.08193337917327881
train/0003/ex04_default_emphasis_00093,0.6494039297103882,0.30290451645851135,0.04769148305058479
train/0003/ex04_default_emphasis_00146,0.023467175662517548,0.7454887628555298,0.23104406893253326
train/0003/ex04_laughing_00286,0.05438198521733284,0.5729678273200989,0.3726502060890198
train/0003/ex04_default_00141,0.4635236859321594,0.5051554441452026,0.03132087364792824
train/0003/ex04_confused_00331,0.0832367092370987,0.8628941178321838,0.053869131952524185
train/0003/ex04_laughing_00051,0.30885159969329834,0.6596714854240417,0.03147689625620842
train/0003/ex04_happy_00322,0.006015473045408726,0.3641349673271179,0.6298495531082153
train/0003/ex04_sad_00161,0.36827927827835083,0.6093670725822449,0.02235359139740467
train/0003/ex04_default_00094,0.0016581346280872822,0.019755367189645767,0.9785864949226379
train/0003/ex04_laughing_00184,0.1473870575428009,0.8075524568557739,0.045060429722070694
train/0003/ex04_default_emphasis_00149,0.06093945726752281,0.8297946453094482,0.10926584899425507
train/0003/ex04_laughing_00289,0.030718348920345306,0.7270965576171875,0.2421851009130478
train/0003/ex04_sad_00285,0.2965223789215088,0.6392133235931396,0.06426423043012619
train/0003/ex04_enunciated_00082,0.043730396777391434,0.8019228577613831,0.15434671938419342
train/0003/ex04_default_emphasis_00075,0.39218276739120483,0.5809847116470337,0.026832541450858116
train/0003/ex04_sad_00188,0.35197755694389343,0.6251049637794495,0.022917406633496284
train/0003/ex04_happy_00113,0.14315293729305267,0.8211254477500916,0.03572159260511398
train/0003/ex04_confused_00100,0.005467873066663742,0.1006719246506691,0.8938602209091187
train/0003/ex04_enunciated_00157,0.12218698859214783,0.8077616691589355,0.07005142420530319
train/0003/ex04_laughing_00260,0.36882123351097107,0.5984349846839905,0.03274371847510338
train/0003/ex04_sad_00187,0.6420948505401611,0.3454500734806061,0.01245511882007122
train/0003/ex04_happy_00211,0.38622453808784485,0.6015468239784241,0.012228628620505333
train/0003/ex04_sad_00052,0.021567219868302345,0.7859722375869751,0.19246050715446472
train/0003/ex04_default_00072,0.023519517853856087,0.8858368992805481,0.0906435176730156
train/0003/ex04_confused_00202,0.09216972440481186,0.8495599031448364,0.05827029421925545
train/0003/ex04_enunciated_00255,0.12927496433258057,0.7528218626976013,0.11790317296981812
train/0003/ex04_laughing_00162,0.5358061790466309,0.40789228677749634,0.05630156397819519
train/0003/ex04_enunciated_00158,0.013184754177927971,0.907751739025116,0.0790635347366333
train/0003/ex04_whisper_00145,0.3063289225101471,0.6463176608085632,0.047353412955999374
train/0003/ex04_default_emphasis_00022,0.041615258902311325,0.880925178527832,0.07745958864688873
train/0003/ex04_confused_00082,0.043730396777391434,0.8019228577613831,0.15434671938419342
train/0003/ex04_happy_00091,0.007882850244641304,0.8918460011482239,0.10027118772268295
train/0003/ex04_default_00327,0.2877616882324219,0.558164119720459,0.15407416224479675
train/0003/ex04_laughing_00237,0.03838042542338371,0.7673677802085876,0.19425183534622192
train/0003/ex04_enunciated_00100,0.005467873066663742,0.1006719246506691,0.8938602209091187
train/0003/ex04_confused_00157,0.12218698859214783,0.8077616691589355,0.07005142420530319
train/0003/ex04_happy_00144,0.006781920790672302,0.3717239499092102,0.6214941143989563
train/0003/ex04_sad_00307,0.04955407977104187,0.9127148389816284,0.03773103654384613
train/0003/ex04_happy_00249,0.008953524753451347,0.9057641625404358,0.08528228849172592
train/0003/ex04_default_essentials_00003,0.05254159867763519,0.47337719798088074,0.47408124804496765
train/0003/ex04_sad_00308,0.9331094026565552,0.05673205479979515,0.010158606804907322
train/0003/ex04_confused_00158,0.013184754177927971,0.907751739025116,0.0790635347366333
train/0003/ex04_laughing_00238,0.544342577457428,0.41930562257766724,0.036351751536130905
train/0003/ex04_default_00328,0.1077440157532692,0.7787061929702759,0.11354971677064896
train/0003/ex04_default_00025,0.28151100873947144,0.6650167107582092,0.05347228795289993
train/0003/ex04_laughing_00135,0.002444483106955886,0.05114184319972992,0.9464136958122253
train/0003/ex04_enunciated_00202,0.09216972440481186,0.8495599031448364,0.05827029421925545
train/0003/ex04_confused_00255,0.12927496433258057,0.7528218626976013,0.11790317296981812
train/0003/ex04_happy_00246,0.04011426120996475,0.7950729727745056,0.16481275856494904
train/0003/ex04_sad_00005,0.12992414832115173,0.815021812915802,0.055054038763046265
train/0003/ex04_laughing_00009,0.44919171929359436,0.5231291651725769,0.02767915278673172
train/0003/ex04_default_00119,0.02945416234433651,0.4783187508583069,0.49222704768180847
train/0003/ex04_sad_00139,0.0022621648386120796,0.3747527003288269,0.6229851245880127
train/0003/ex04_happy_00077,0.0051042926497757435,0.12537413835525513,0.8695214986801147
train/0003/ex04_sad_00234,0.008155154064297676,0.805194616317749,0.18665018677711487
train/0003/ex04_default_00214,0.027559448033571243,0.7038306593894958,0.268609881401062
train/0003/ex04_enunciated_00033,0.66195148229599,0.3301898241043091,0.007858701050281525
train/0003/ex04_laughing_00304,0.6198261976242065,0.3335382342338562,0.04663558304309845
train/0003/ex04_confused_00064,0.4627397358417511,0.494567334651947,0.04269292950630188
train/0003/ex04_default_emphasis_00111,0.07781330496072769,0.8834050893783569,0.03878162428736687
train/0003/ex04_sad_00136,0.0018775851931422949,0.2825930714607239,0.7155293822288513
train/0003/ex04_default_00116,0.9725732803344727,0.02488081157207489,0.002545907162129879
train/0003/ex04_enunciated_00331,0.0832367092370987,0.8628941178321838,0.053869131952524185
train/0003/ex04_laughing_00006,0.0011346017709001899,0.01187016349285841,0.986995279788971
train/0003/ex04_happy_00078,0.828524112701416,0.1521943211555481,0.019281571730971336
train/0003/ex04_default_emphasis_00159,0.14612746238708496,0.8101789355278015,0.0436936654150486
train/0003/ex04_default_00084,0.05696454644203186,0.7858577370643616,0.15717770159244537
train/0003/ex04_laughing_00194,0.4977511465549469,0.47588875889778137,0.026360077783465385
train/0003/ex04_laughing_00299,0.38242417573928833,0.5609163045883179,0.05665954574942589
train/0003/ex04_happy_00332,0.02209264412522316,0.7488364577293396,0.22907096147537231
train/0003/ex04_sad_00171,0.724019467830658,0.25489702820777893,0.02108348347246647
train/0003/ex04_default_00151,0.00401779031381011,0.21780000627040863,0.7781822085380554
train/0003/ex04_laughing_00041,0.7740965485572815,0.20487353205680847,0.021029938012361526
train/0003/ex04_confused_00321,0.002571041462942958,0.05239035561680794,0.9450386166572571
train/0003/ex04_default_emphasis_00156,0.007464770693331957,0.09034046530723572,0.9021947979927063
train/0003/ex04_laughing_00296,0.013923329301178455,0.9336095452308655,0.05246713012456894
train/0003/ex04_happy_00030,0.13681122660636902,0.8208624124526978,0.04232630506157875
train/0003/ex04_sad_00273,0.044485144317150116,0.8648229837417603,0.09069188684225082
train/0003/ex04_default_00253,0.010168618522584438,0.6283354759216309,0.36149588227272034
train/0003/ex04_enunciated_00074,0.021745828911662102,0.9268300533294678,0.05142413452267647
train/0003/ex04_laughing_00343,0.012935840524733067,0.5752660632133484,0.4117981195449829
train/0003/ex04_confused_00023,0.03372572734951973,0.6336492300033569,0.33262506127357483
train/0003/ex04_default_emphasis_00083,0.04543887451291084,0.8833175301551819,0.071243517100811
train/0003/ex04_default_00062,0.05152297019958496,0.784602701663971,0.1638742834329605
train/0003/ex04_laughing_00172,0.29439041018486023,0.6482276320457458,0.05738196149468422
train/0003/ex04_enunciated_00245,0.2710333466529846,0.6756445169448853,0.05332215502858162
train/0003/ex04_confused_00212,0.1277129054069519,0.8393198847770691,0.03296726569533348
train/0003/ex04_whisper_00258,0.04892897978425026,0.9114591479301453,0.03961184620857239
train/0003/ex04_happy_00201,0.1004210114479065,0.81336909532547,0.08620990812778473
train/0003/ex04_sad_00042,0.005051002372056246,0.2128387987613678,0.7821101546287537
train/0003/ex04_whisper_00155,0.19632332026958466,0.7781845927238464,0.025492070242762566
train/0003/ex04_enunciated_00148,0.01751345954835415,0.7991001605987549,0.18338638544082642
train/0003/ex04_sad_00197,0.02178374119102955,0.8359898328781128,0.14222638309001923
train/0003/ex04_laughing_00270,0.001484279753640294,0.034151848405599594,0.9643638730049133
train/0003/ex04_enunciated_00147,0.7100135087966919,0.2759675681591034,0.014018991962075233
train/0003/ex04_confused_00110,0.001976852072402835,0.04557609558105469,0.9524470567703247
train/0003/ex04_happy_00103,0.041359636932611465,0.7415788173675537,0.21706156432628632
train/0003/ex04_sad_00340,0.014996616169810295,0.7406988739967346,0.24430446326732635
train/0003/ex04_enunciated_00092,0.876048743724823,0.10851573944091797,0.015435537323355675
train/0003/ex04_sad_00295,0.16587591171264648,0.7694637179374695,0.06466033309698105
train/0003/ex04_sad_00198,0.1559411734342575,0.8237736225128174,0.02028518356382847
train/0003/ex04_default_emphasis_00065,0.3899742662906647,0.5828811526298523,0.02714460715651512
train/0003/ex04_laughing_00228,0.25525668263435364,0.6988219022750854,0.045921359211206436
train/0003/ex04_confused_00148,0.01751345954835415,0.7991001605987549,0.18338638544082642
train/0003/ex04_default_00338,0.033572934567928314,0.9318212270736694,0.03460582718253136
train/0003/ex04_sad_00318,0.16826660931110382,0.7565212249755859,0.07521211355924606
train/0003/ex04_whisper_00102,0.06081882119178772,0.7809039950370789,0.15827728807926178
train/0003/ex04_happy_00256,0.06031056120991707,0.7364012002944946,0.20328830182552338
train/0003/ex04_sad_00015,0.024103060364723206,0.8436758518218994,0.13222113251686096
train/0003/ex04_default_00035,0.08943048864603043,0.8562573194503784,0.05431225150823593
train/0003/ex04_confused_00245,0.2710333466529846,0.6756445169448853,0.05332215502858162
train/0003/ex04_enunciated_00212,0.1277129054069519,0.8393198847770691,0.03296726569533348
train/0003/ex04_laughing_00125,0.9225695729255676,0.07211678475141525,0.00531367864459753
train/0003/ex04_default_essentials_00013,0.0018829663749784231,0.02551122196018696,0.9726057648658752
train/0003/ex04_happy_00154,0.6201874017715454,0.36861467361450195,0.011197999119758606
train/0003/ex04_sad_00317,0.0582769401371479,0.81465083360672,0.1270722895860672
train/0003/ex04_default_00337,0.8289257884025574,0.13533248007297516,0.035741765052080154
train/0003/ex04_confused_00147,0.7100135087966919,0.2759675681591034,0.014018991962075233
train/0003/ex04_enunciated_00110,0.001976852072402835,0.04557609558105469,0.9524470567703247
train/0003/ex04_laughing_00227,0.1261105090379715,0.8247715830802917,0.04911794885993004
train/0003/ex04_happy_00259,0.0617872029542923,0.8842462301254272,0.05396655946969986
train/0003/ex04_default_emphasis_00032,0.012335995212197304,0.31149157881736755,0.6761724948883057
train/0003/ex04_happy_00081,0.11615660041570663,0.6962370872497559,0.18760626018047333
train/0003/ex04_confused_00092,0.876048743724823,0.10851573944091797,0.015435537323355675
train/0003/ex04_default_00106,0.0385107696056366,0.9326097369194031,0.02887953445315361
train/0003/ex04_laughing_00016,0.6344301700592041,0.33667394518852234,0.02889583259820938
train/0003/ex04_enunciated_00321,0.002571041462942958,0.05239035561680794,0.9450386166572571
train/0003/ex04_sad_00126,0.018403304740786552,0.9172393679618835,0.06435736268758774
train/0003/ex04_happy_00068,0.14204195141792297,0.7985842227935791,0.05937384441494942
train/0003/ex04_default_emphasis_00101,0.013000204227864742,0.16297337412834167,0.8240264058113098
train/0003/ex04_sad_00129,0.3843013346195221,0.578095555305481,0.03760308399796486
train/0003/ex04_laughing_00019,0.07465898245573044,0.8903071880340576,0.035033781081438065
train/0003/ex04_default_00109,0.04846835136413574,0.8929008841514587,0.05863070487976074
train/0003/ex04_default_00204,0.7889066934585571,0.1928626447916031,0.018230674788355827
train/0003/ex04_confused_00074,0.021745828911662102,0.9268300533294678,0.05142413452267647
train/0003/ex04_laughing_00314,0.22945281863212585,0.6050547957420349,0.16549241542816162
train/0003/ex04_enunciated_00023,0.03372572734951973,0.6336492300033569,0.33262506127357483
train/0003/ex04_happy_00067,0.08387909084558487,0.8747654557228088,0.04135540872812271
train/0003/ex04_sad_00224,0.1465069204568863,0.798162579536438,0.05533052235841751
train/0003/ex04_sad_00065,0.7344093322753906,0.2576617896556854,0.007928788661956787
train/0003/ex04_happy_00226,0.003555919276550412,0.015293444506824017,0.9811505675315857
train/0003/ex04_confused_00235,0.054230161011219025,0.8934287428855896,0.052341118454933167
train/0003/ex04_laughing_00155,0.19632332026958466,0.7781845927238464,0.025492070242762566
train/0003/ex04_enunciated_00262,0.010022459551692009,0.50547856092453,0.4844989776611328
train/0003/ex04_default_00045,0.11433684080839157,0.8445820808410645,0.04108112305402756
train/0003/ex04_laughing_00258,0.04892897978425026,0.9114591479301453,0.03961184620857239
train/0003/ex04_confused_00138,0.12395910173654556,0.557368814945221,0.3186720907688141
train/0003/ex04_whisper_00172,0.29439041018486023,0.6482276320457458,0.05738196149468422
train/0003/ex04_laughing_00080,0.0020587898325175047,0.07147376984357834,0.9264674782752991
train/0003/ex04_default_00190,0.21590116620063782,0.658179759979248,0.12591904401779175
train/0003/ex04_whisper_00270,0.001484279753640294,0.034151848405599594,0.9643638730049133
train/0003/ex04_happy_00229,0.03819472715258598,0.9151985049247742,0.04660668596625328
train/0003/ex04_happy_00124,0.004878765903413296,0.03093268908560276,0.9641885161399841
train/0003/ex04_confused_00137,0.36148393154144287,0.6047530174255371,0.0337630957365036
train/0003/ex04_laughing_00257,0.05781671777367592,0.8870095610618591,0.05517371743917465
train/0003/ex04_enunciated_00160,0.30373966693878174,0.6678659319877625,0.02839445136487484
train/0003/ex04_default_00292,0.039425481110811234,0.9144542813301086,0.04612024873495102
train/0003/ex04_default_emphasis_00042,0.09560417383909225,0.8291036486625671,0.07529215514659882
train/0003/ex04_enunciated_00284,0.91998690366745,0.07546403259038925,0.004549091216176748
train/0003/ex04_sad_00083,0.011483324691653252,0.3001748323440552,0.6883417963981628
train/0003/ex04_enunciated_00189,0.04320894554257393,0.9170235991477966,0.039767537266016006
train/0003/ex04_happy_00018,0.8011456727981567,0.1879594326019287,0.010894893668591976
train/0003/ex04_whisper_00041,0.7740965485572815,0.20487353205680847,0.021029938012361526
train/0003/ex04_confused_00306,0.17085973918437958,0.7056326270103455,0.12350766360759735
train/0003/ex04_enunciated_00351,0.44705045223236084,0.520476222038269,0.03247331455349922
train/0003/ex04_laughing_00066,0.11342262476682663,0.8184576630592346,0.06811974197626114
train/0003/ex04_default_00176,0.014170164242386818,0.5072837471961975,0.4785461127758026
train/0003/ex04_sad_00156,0.07274042069911957,0.7859660983085632,0.14129352569580078
train/0003/ex04_enunciated_00186,0.9771202802658081,0.02052951045334339,0.002350290771573782
train/0003/ex04_confused_00004,0.38337185978889465,0.565264105796814,0.05136410892009735
train/0003/ex04_enunciated_00053,0.8543135523796082,0.13674192130565643,0.00894449558109045
train/0003/ex04_default_00274,0.028980687260627747,0.6948824524879456,0.2761368453502655
train/0003/ex04_sad_00254,0.06454216688871384,0.8981831073760986,0.03727471083402634
train/0003/ex04_happy_00017,0.45366260409355164,0.5298787355422974,0.016458742320537567
train/0003/ex04_whisper_00343,0.012935840524733067,0.5752660632133484,0.4117981195449829
train/0003/ex04_sad_00159,0.343354195356369,0.6335029006004333,0.023142850026488304
train/0003/ex04_default_00179,0.3561755418777466,0.5901849269866943,0.05363954231142998
train/0003/ex04_laughing_00069,0.007543826475739479,0.22783541679382324,0.7646207809448242
train/0003/ex04_confused_00309,0.07831670343875885,0.8909674286842346,0.0307158250361681
train/0003/ex04_confused_00189,0.04320894554257393,0.9170235991477966,0.039767537266016006
train/0003/ex04_default_emphasis_00129,0.3470696210861206,0.6267797946929932,0.026150589808821678
train/0003/ex04_happy_00297,0.1038193553686142,0.8477845788002014,0.048396036028862
train/0003/ex04_confused_00284,0.91998690366745,0.07546403259038925,0.004549091216176748
train/0003/ex04_sad_00101,0.11597622185945511,0.8491138219833374,0.03490994870662689
train/0003/ex04_laughing_00031,0.1113734021782875,0.819031298160553,0.06959529221057892
train/0003/ex04_enunciated_00306,0.17085973918437958,0.7056326270103455,0.12350766360759735
train/0003/ex04_default_00121,0.023696087300777435,0.3886578381061554,0.5876460671424866
train/0003/ex04_happy_00195,0.11354173719882965,0.8582594990730286,0.02819877490401268
train/0003/ex04_confused_00186,0.9771202802658081,0.02052951045334339,0.002350290771573782
train/0003/ex04_happy_00298,0.0014613934326916933,0.07430056482553482,0.9242380261421204
train/0003/ex04_default_emphasis_00126,0.3470696210861206,0.6267797946929932,0.026150589808821678
train/0003/ex04_enunciated_00309,0.07831670343875885,0.8909674286842346,0.0307158250361681
train/0003/ex04_sad_00203,0.027001798152923584,0.7502588033676147,0.2227393239736557
train/0003/ex04_happy_00040,0.11207842081785202,0.26494094729423523,0.6229806542396545
train/0003/ex04_whisper_00019,0.07465898245573044,0.8903071880340576,0.035033781081438065
train/0003/ex04_laughing_00333,0.012798734940588474,0.7444044351577759,0.2427968978881836
train/0003/ex04_enunciated_00004,0.38337185978889465,0.565264105796814,0.05136410892009735
train/0003/ex04_confused_00053,0.8543135523796082,0.13674192130565643,0.00894449558109045
train/0003/ex04_default_00223,0.5725637674331665,0.411123126745224,0.01631305366754532
train/0003/ex04_enunciated_00138,0.12395910173654556,0.557368814945221,0.3186720907688141
train/0003/ex04_enunciated_00235,0.054230161011219025,0.8934287428855896,0.052341118454933167
train/0003/ex04_laughing_00102,0.06081882119178772,0.7809039950370789,0.15827728807926178
train/0003/ex04_confused_00262,0.010022459551692009,0.50547856092453,0.4844989776611328
train/0003/ex04_default_00012,0.017791304737329483,0.8831082582473755,0.0991005003452301
train/0003/ex04_sad_00032,0.15115603804588318,0.7603718638420105,0.08847212046384811
train/0003/ex04_whisper_00228,0.25525668263435364,0.6988219022750854,0.045921359211206436
train/0003/ex04_happy_00271,0.10891778022050858,0.6616687178611755,0.22941350936889648
train/0003/ex04_enunciated_00137,0.36148393154144287,0.6047530174255371,0.0337630957365036
train/0003/ex04_laughing_00200,0.4413793087005615,0.5508670806884766,0.007753589190542698
train/0003/ex04_confused_00160,0.30373966693878174,0.6678659319877625,0.02839445136487484
train/0003/ex04_default_00310,0.2603094279766083,0.7110303044319153,0.02866031415760517
train/0003/ex04_sad_00330,0.7074655890464783,0.2752496302127838,0.01728472299873829
train/0003/ex04_happy_00173,0.01781625673174858,0.8686603903770447,0.11352336406707764
train/0003/ex04_whisper_00227,0.1261105090379715,0.8247715830802917,0.04911794885993004
train/0003/ex04_default_emphasis_00015,0.7477726936340332,0.2396606206893921,0.012566706165671349
train/0003/ex04_default_00282,0.09035713970661163,0.8681707382202148,0.041472092270851135
train/0003/ex04_default_emphasis_00052,0.1617005318403244,0.7561058402061462,0.08219361305236816
train/0003/ex04_whisper_00260,0.36882123351097107,0.5984349846839905,0.03274371847510338
train/0003/ex04_happy_00239,0.03895622119307518,0.717305600643158,0.24373815953731537
train/0003/ex04_enunciated_00170,0.17320068180561066,0.8005013465881348,0.02629803866147995
train/0003/ex04_laughing_00247,0.5602111220359802,0.29617366194725037,0.14361520111560822
train/0003/ex04_confused_00127,0.037955883890390396,0.8638104796409607,0.09823362529277802
train/0003/ex04_happy_00134,0.3622432351112366,0.6096720099449158,0.028084736317396164
train/0003/ex04_laughing_00090,0.16364948451519012,0.8071622252464294,0.0291882436722517
train/0003/ex04_default_00180,0.026086274534463882,0.2839333713054657,0.6899803280830383
train/0003/ex04_enunciated_00272,0.015025993809103966,0.40146327018737793,0.5835107564926147
train/0003/ex04_laughing_00145,0.3063289225101471,0.6463176608085632,0.047353412955999374
train/0003/ex04_confused_00225,0.03763336315751076,0.8587090969085693,0.103657566010952
train/0003/ex04_default_00055,0.31719011068344116,0.6309605836868286,0.051849283277988434
train/0003/ex04_sad_00075,0.15437164902687073,0.814453661441803,0.031174663454294205
train/0003/ex04_happy_00236,0.2213088423013687,0.754149854183197,0.024541225284337997
train/0003/ex04_confused_00128,0.04968534782528877,0.9094530940055847,0.04086162522435188
train/0003/ex04_laughing_00248,0.14485958218574524,0.751268208026886,0.10387224704027176
train/0003/ex04_sad_00244,0.48845046758651733,0.49106648564338684,0.02048305794596672
train/0003/ex04_happy_00007,0.042823996394872665,0.9071200489997864,0.05005588382482529
train/0003/ex04_enunciated_00043,0.9033030867576599,0.08739117532968521,0.009305772371590137
train/0003/ex04_confused_00014,0.8628790974617004,0.12904483079910278,0.008076097816228867
train/0003/ex04_default_00264,0.3146311342716217,0.6258305907249451,0.05953829735517502
train/0003/ex04_default_00169,0.4656239151954651,0.48453038930892944,0.04984566941857338
train/0003/ex04_confused_00319,0.03196100518107414,0.315820574760437,0.6522184610366821
train/0003/ex04_laughing_00079,0.1443416029214859,0.7667055130004883,0.08895283192396164
train/0003/ex04_sad_00149,0.0011792564764618874,0.024418653920292854,0.9744020700454712
train/0003/ex04_whisper_00286,0.05438198521733284,0.5729678273200989,0.3726502060890198
train/0003/ex04_default_emphasis_00161,0.0065553574822843075,0.40700846910476685,0.5864361524581909
train/0003/ex04_enunciated_00196,0.000921517435926944,0.02137042209506035,0.9777080416679382
train/0003/ex04_happy_00008,0.0029742857441306114,0.66461181640625,0.3324139416217804
train/0003/ex04_sad_00146,0.26043328642845154,0.7075967192649841,0.03197005018591881
train/0003/ex04_happy_00305,0.21832260489463806,0.7481784224510193,0.03349897637963295
train/0003/ex04_laughing_00076,0.2067316621541977,0.6889771223068237,0.1042911484837532
train/0003/ex04_enunciated_00341,0.13893337547779083,0.7568060755729675,0.10426053404808044
train/0003/ex04_confused_00316,0.7926974892616272,0.19944751262664795,0.007854986935853958
train/0003/ex04_default_00166,0.006714183837175369,0.7587838768959045,0.234501913189888
train/0003/ex04_sad_00093,0.028056159615516663,0.3171185255050659,0.6548252701759338
train/0003/ex04_enunciated_00294,0.6915170550346375,0.2849845588207245,0.023498419672250748
train/0003/ex04_enunciated_00199,0.03370512276887894,0.8261131048202515,0.14018180966377258
train/0003/ex04_whisper_00304,0.6198261976242065,0.3335382342338562,0.04663558304309845
train/0003/ex04_enunciated_00319,0.03196100518107414,0.315820574760437,0.6522184610366821
train/0003/ex04_confused_00043,0.9033030867576599,0.08739117532968521,0.009305772371590137
train/0003/ex04_enunciated_00014,0.8628790974617004,0.12904483079910278,0.008076097816228867
train/0003/ex04_laughing_00323,0.0021908991038799286,0.01794043555855751,0.9798687100410461
train/0003/ex04_default_00233,0.013078786432743073,0.9005823135375977,0.08633891493082047
train/0003/ex04_sad_00213,0.0743962749838829,0.5491045117378235,0.37649914622306824
train/0003/ex04_happy_00050,0.6753621697425842,0.3140496611595154,0.010588174685835838
train/0003/ex04_confused_00196,0.000921517435926944,0.02137042209506035,0.9777080416679382
train/0003/ex04_happy_00185,0.007011694833636284,0.7282246947288513,0.26476356387138367
train/0003/ex04_happy_00288,0.0024695114698261023,0.025299036875367165,0.972231388092041
train/0003/ex04_default_emphasis_00136,0.03344906494021416,0.9033305048942566,0.06322052329778671
train/0003/ex04_confused_00341,0.13893337547779083,0.7568060755729675,0.10426053404808044
train/0003/ex04_enunciated_00316,0.7926974892616272,0.19944751262664795,0.007854986935853958
train/0003/ex04_laughing_00021,0.8481706380844116,0.13277418911457062,0.01905512809753418
train/0003/ex04_default_00131,0.07926646620035172,0.6241089105606079,0.2966245710849762
train/0003/ex04_sad_00111,0.001467317808419466,0.007041603792458773,0.9914910197257996
train/0003/ex04_confused_00199,0.03370512276887894,0.8261131048202515,0.14018180966377258
train/0003/ex04_confused_00294,0.6915170550346375,0.2849845588207245,0.023498419672250748
train/0003/ex04_default_emphasis_00139,0.006086945999413729,0.40682777762413025,0.5870853066444397
train/0003/ex04_happy_00287,0.07025328278541565,0.7633187174797058,0.16642802953720093
train/0003/ex04_default_emphasis_00005,0.11966719478368759,0.85170578956604,0.02862708643078804
train/0003/ex04_sad_00320,0.9588629007339478,0.03826389089226723,0.0028731434140354395
train/0003/ex04_happy_00163,0.9178314805030823,0.07629168033599854,0.0058768996968865395
train/0003/ex04_confused_00170,0.17320068180561066,0.8005013465881348,0.02629803866147995
train/0003/ex04_laughing_00210,0.17816095054149628,0.7948521971702576,0.02698681689798832
train/0003/ex04_enunciated_00127,0.037955883890390396,0.8638104796409607,0.09823362529277802
train/0003/ex04_default_00300,0.33397844433784485,0.6428958773612976,0.023125723004341125
train/0003/ex04_whisper_00237,0.03838042542338371,0.7673677802085876,0.19425183534622192
train/0003/ex04_default_essentials_00024,0.007132745813578367,0.13990214467048645,0.8529651165008545
train/0003/ex04_enunciated_00128,0.04968534782528877,0.9094530940055847,0.04086162522435188
train/0003/ex04_sad_00022,0.007492362521588802,0.15557943284511566,0.8369282484054565
train/0003/ex04_whisper_00238,0.544342577457428,0.41930562257766724,0.036351751536130905
train/0003/ex04_happy_00261,0.13335862755775452,0.8452837467193604,0.021357599645853043
train/0003/ex04_confused_00272,0.015025993809103966,0.40146327018737793,0.5835107564926147
train/0003/ex04_laughing_00112,0.0024462623987346888,0.06472369283437729,0.9328299760818481
train/0003/ex04_enunciated_00225,0.03763336315751076,0.8587090969085693,0.103657566010952
train/0003/ex04_default_00002,0.0304960198700428,0.8927050232887268,0.07679901272058487
train/0003/ex04_laughing_00291,0.36130771040916443,0.5925492644309998,0.04614304006099701
train/0003/ex04_default_emphasis_00151,0.007464770693331957,0.09034046530723572,0.9021947979927063
train/0003/ex04_sad_00179,0.3561755418777466,0.5901849269866943,0.05363954231142998
train/0003/ex04_default_emphasis_00084,0.2559524476528168,0.7082046866416931,0.03584286943078041
train/0003/ex04_laughing_00049,0.09251049160957336,0.8067229986190796,0.10076648741960526
train/0003/ex04_confused_00329,0.010454002767801285,0.4525100886821747,0.5370358824729919
train/0003/ex04_default_00159,0.343354195356369,0.6335029006004333,0.023142850026488304
train/0003/ex04_default_00254,0.06454216688871384,0.8981831073760986,0.03727471083402634
train/0003/ex04_confused_00024,0.007354806177318096,0.0788048803806305,0.9138402938842773
train/0003/ex04_laughing_00344,0.009468961507081985,0.6534010171890259,0.33713001012802124
train/0003/ex04_enunciated_00073,0.08768541365861893,0.844704806804657,0.06760970503091812
train/0003/ex04_happy_00037,0.5396590828895569,0.4099612832069397,0.05037955567240715
train/0003/ex04_sad_00274,0.028980687260627747,0.6948824524879456,0.2761368453502655
train/0003/ex04_default_00083,0.011483324691653252,0.3001748323440552,0.6883417963981628
train/0003/ex04_laughing_00193,0.22959627211093903,0.7487746477127075,0.02162904106080532
train/0003/ex04_default_00156,0.07274042069911957,0.7859660983085632,0.14129352569580078
train/0003/ex04_confused_00326,0.8193914294242859,0.16088423132896423,0.019724303856492043
train/0003/ex04_laughing_00046,0.05007164552807808,0.8315820693969727,0.11834634840488434
train/0003/ex04_happy_00335,0.1475062072277069,0.8309781551361084,0.021515721455216408
train/0003/ex04_sad_00176,0.014170164242386818,0.5072837471961975,0.4785461127758026
train/0003/ex04_happy_00038,0.005141787696629763,0.6322275996208191,0.36263057589530945
train/0003/ex04_happy_00104,0.21753175556659698,0.7561742663383484,0.02629394829273224
train/0003/ex04_confused_00117,0.09914398938417435,0.7099291682243347,0.19092684984207153
train/0003/ex04_enunciated_00140,0.002374665578827262,0.8604082465171814,0.13721710443496704
train/0003/ex04_laughing_00277,0.7039759755134583,0.26216578483581543,0.033858247101306915
train/0003/ex04_happy_00209,0.027612464502453804,0.9384375810623169,0.033949993550777435
train/0003/ex04_default_emphasis_00062,0.9279215931892395,0.06875260919332504,0.003325778990983963
train/0003/ex04_whisper_00088,0.05416465178132057,0.8935506343841553,0.05228473246097565
train/0003/ex04_sad_00292,0.039425481110811234,0.9144542813301086,0.04612024873495102
train/0003/ex04_enunciated_00095,0.5700675845146179,0.4034683108329773,0.026464061811566353
train/0003/ex04_laughing_00278,0.031967680901288986,0.8927398920059204,0.07529239356517792
train/0003/ex04_confused_00118,0.2059476375579834,0.7385600805282593,0.055492330342531204
train/0003/ex04_whisper_00152,0.4562220871448517,0.516080915927887,0.02769698016345501
train/0003/ex04_happy_00206,0.0026171833742409945,0.025412702932953835,0.9719702005386353
train/0003/ex04_sad_00045,0.11433684080839157,0.8445820808410645,0.04108112305402756
train/0003/ex04_default_00065,0.7344093322753906,0.2576617896556854,0.007928788661956787
train/0003/ex04_confused_00215,0.15857113897800446,0.7526998519897461,0.08872900903224945
train/0003/ex04_enunciated_00242,0.0822066068649292,0.6110084056854248,0.3067849576473236
train/0003/ex04_laughing_00175,0.07710422575473785,0.8819355964660645,0.04096018522977829
train/0003/ex04_sad_00190,0.21590116620063782,0.658179759979248,0.12591904401779175
train/0003/ex04_default_00330,0.7074655890464783,0.2752496302127838,0.01728472299873829
train/0003/ex04_laughing_00220,0.3492962419986725,0.6296434998512268,0.021060265600681305
train/0003/ex04_enunciated_00117,0.09914398938417435,0.7099291682243347,0.19092684984207153
train/0003/ex04_confused_00140,0.002374665578827262,0.8604082465171814,0.13721710443496704
train/0003/ex04_happy_00153,0.0038379791658371687,0.11067885160446167,0.8854831457138062
train/0003/ex04_sad_00310,0.2603094279766083,0.7110303044319153,0.02866031415760517
train/0003/ex04_confused_00095,0.5700675845146179,0.4034683108329773,0.026464061811566353
train/0003/ex04_happy_00086,0.013523267582058907,0.37776970863342285,0.6087070107460022
train/0003/ex04_default_emphasis_00035,0.6705901622772217,0.321799099445343,0.00761076994240284
train/0003/ex04_default_00032,0.15115603804588318,0.7603718638420105,0.08847212046384811
train/0003/ex04_laughing_00122,0.04734658822417259,0.7377674579620361,0.21488596498966217
train/0003/ex04_enunciated_00215,0.15857113897800446,0.7526998519897461,0.08872900903224945
train/0003/ex04_confused_00242,0.0822066068649292,0.6110084056854248,0.3067849576473236
train/0003/ex04_happy_00251,0.006916587240993977,0.5399777889251709,0.453105628490448
train/0003/ex04_sad_00012,0.017791304737329483,0.8831082582473755,0.0991005003452301
train/0003/ex04_enunciated_00118,0.2059476375579834,0.7385600805282593,0.055492330342531204
train/0003/ex04_happy_00089,0.16244995594024658,0.7366800308227539,0.10086996853351593
train/0003/ex04_default_emphasis_00106,0.35151273012161255,0.5686486959457397,0.07983849197626114
train/0003/ex04_happy_00060,0.013967745006084442,0.9353269338607788,0.05070523917675018
train/0003/ex04_sad_00223,0.5725637674331665,0.411123126745224,0.01631305366754532
train/0003/ex04_default_00203,0.027001798152923584,0.7502588033676147,0.2227393239736557
train/0003/ex04_enunciated_00024,0.007354806177318096,0.0788048803806305,0.9138402938842773
train/0003/ex04_laughing_00313,0.7257473468780518,0.26326489448547363,0.010987789370119572
train/0003/ex04_confused_00073,0.08768541365861893,0.844704806804657,0.06760970503091812
train/0003/ex04_enunciated_00329,0.010454002767801285,0.4525100886821747,0.5370358824729919
train/0003/ex04_default_emphasis_00109,0.006727274507284164,0.8173850178718567,0.17588774859905243
train/0003/ex04_sad_00121,0.023696087300777435,0.3886578381061554,0.5876460671424866
train/0003/ex04_default_00101,0.11597622185945511,0.8491138219833374,0.03490994870662689
train/0003/ex04_enunciated_00326,0.8193914294242859,0.16088423132896423,0.019724303856492043
train/0003/ex04_laughing_00011,0.017696253955364227,0.31339672207832336,0.6689069867134094
train/0003/ex04_happy_00325,0.010444192215800285,0.684708833694458,0.30484700202941895
train/0003/ex04_sad_00166,0.006714183837175369,0.7587838768959045,0.234501913189888
train/0003/ex04_default_00146,0.26043328642845154,0.7075967192649841,0.03197005018591881
train/0003/ex04_laughing_00056,0.12770162522792816,0.7861095666885376,0.08618885278701782
train/0003/ex04_confused_00336,0.1726950705051422,0.8083140254020691,0.01899091713130474
train/0003/ex04_happy_00028,0.26005321741104126,0.7171898484230042,0.02275698445737362
train/0003/ex04_default_00093,0.028056159615516663,0.3171185255050659,0.6548252701759338
train/0003/ex04_laughing_00183,0.04603957012295723,0.8929912447929382,0.060969140380620956
train/0003/ex04_confused_00339,0.3087116777896881,0.6777420043945312,0.013546355068683624
train/0003/ex04_laughing_00059,0.009525327011942863,0.1598033905029297,0.8306713104248047
train/0003/ex04_default_00149,0.0011630496010184288,0.024670731276273727,0.9741662740707397
train/0003/ex04_default_emphasis_00094,0.6494039297103882,0.30290451645851135,0.04769148305058479
train/0003/ex04_sad_00169,0.4656239151954651,0.48453038930892944,0.04984566941857338
train/0003/ex04_happy_00027,0.30563122034072876,0.6664106249809265,0.027958115562796593
train/0003/ex04_sad_00264,0.3146311342716217,0.6258305907249451,0.05953829735517502
train/0003/ex04_default_00244,0.48845046758651733,0.49106648564338684,0.02048305794596672
train/0003/ex04_enunciated_00063,0.10116180032491684,0.4983019232749939,0.4005362093448639
train/0003/ex04_confused_00034,0.12097295373678207,0.8414878249168396,0.03753921017050743
train/0003/ex04_laughing_00281,0.14601445198059082,0.8106668591499329,0.0433187261223793
train/0003/ex04_default_emphasis_00141,0.03622022643685341,0.9179589152336121,0.04582090303301811
train/0003/ex04_sad_00180,0.026086274534463882,0.2839333713054657,0.6899803280830383
train/0003/ex04_confused_00108,0.7548654079437256,0.18264898657798767,0.06248556822538376
train/0003/ex04_laughing_00268,0.044557973742485046,0.9286613464355469,0.026780614629387856
train/0003/ex04_default_00075,0.15437164902687073,0.814453661441803,0.031174663454294205
train/0003/ex04_laughing_00165,0.029679175466299057,0.5078198313713074,0.46250101923942566
train/0003/ex04_enunciated_00252,0.13814496994018555,0.8330031037330627,0.028851913288235664
train/0003/ex04_confused_00205,0.18267060816287994,0.7407583594322205,0.07657100260257721
train/0003/ex04_happy_00216,0.08284436911344528,0.8683949112892151,0.048760704696178436
train/0003/ex04_sad_00055,0.31719011068344116,0.6309605836868286,0.051849283277988434
train/0003/ex04_default_emphasis_00072,0.05229508504271507,0.7630323171615601,0.1846725195646286
train/0003/ex04_enunciated_00085,0.02336258813738823,0.9082343578338623,0.06840305030345917
train/0003/ex04_whisper_00098,0.4040265679359436,0.5063496232032776,0.08962377905845642
train/0003/ex04_sad_00282,0.09035713970661163,0.8681707382202148,0.041472092270851135
train/0003/ex04_laughing_00267,0.5690313577651978,0.40819495916366577,0.022773705422878265
train/0003/ex04_enunciated_00150,0.0023810125421732664,0.016671502962708473,0.9809474945068359
train/0003/ex04_confused_00107,0.008692343719303608,0.4355364441871643,0.5557712316513062
train/0003/ex04_happy_00114,0.18457841873168945,0.7180143594741821,0.09740718454122543
train/0003/ex04_happy_00219,0.38184717297554016,0.5986698865890503,0.01948290877044201
train/0003/ex04_happy_00099,0.08150358498096466,0.8874434232711792,0.03105298988521099
train/0003/ex04_default_essentials_00004,0.0728394091129303,0.5325207710266113,0.3946398198604584
train/0003/ex04_happy_00241,0.03754454478621483,0.8800086975097656,0.08244677633047104
train/0003/ex04_whisper_00218,0.0064600990153849125,0.8189200758934021,0.17461983859539032
train/0003/ex04_sad_00002,0.0304960198700428,0.8927050232887268,0.07679901272058487
train/0003/ex04_default_00022,0.007492362521588802,0.15557943284511566,0.8369282484054565
train/0003/ex04_confused_00252,0.13814496994018555,0.8330031037330627,0.028851913288235664
train/0003/ex04_enunciated_00205,0.18267060816287994,0.7407583594322205,0.07657100260257721
train/0003/ex04_laughing_00132,0.09656959772109985,0.8529902696609497,0.05044009909033775
train/0003/ex04_enunciated_00108,0.7548654079437256,0.18264898657798767,0.06248556822538376
train/0003/ex04_happy_00096,0.19313998520374298,0.6840864419937134,0.12277362495660782
train/0003/ex04_confused_00085,0.02336258813738823,0.9082343578338623,0.06840305030345917
train/0003/ex04_default_emphasis_00025,0.028229419142007828,0.45365089178085327,0.5181196331977844
train/0003/ex04_whisper_00217,0.03830711916089058,0.4809865951538086,0.48070624470710754
train/0003/ex04_happy_00143,0.8692799210548401,0.12563343346118927,0.005086587741971016
train/0003/ex04_sad_00300,0.33397844433784485,0.6428958773612976,0.023125723004341125
train/0003/ex04_default_00320,0.9588629007339478,0.03826389089226723,0.0028731434140354395
train/0003/ex04_confused_00150,0.0023810125421732664,0.016671502962708473,0.9809474945068359
train/0003/ex04_enunciated_00107,0.007462817709892988,0.4073732793331146,0.5851638913154602
train/0003/ex04_laughing_00230,0.1532827615737915,0.8151580691337585,0.03155922889709473
train/0003/ex04_whisper_00026,0.06643866747617722,0.846760630607605,0.08680073916912079
train/0003/ex04_default_00111,0.001467317808419466,0.007041603792458773,0.9914910197257996
train/0003/ex04_laughing_00001,0.043199967592954636,0.8448004126548767,0.11199962347745895
train/0003/ex04_enunciated_00336,0.1726950705051422,0.8083140254020691,0.01899091713130474
train/0003/ex04_sad_00131,0.07926646620035172,0.6241089105606079,0.2966245710849762
train/0003/ex04_default_emphasis_00119,0.003973306156694889,0.7385948896408081,0.2574317157268524
train/0003/ex04_default_00213,0.0743962749838829,0.5491045117378235,0.37649914622306824
train/0003/ex04_confused_00063,0.10116180032491684,0.4983019232749939,0.4005362093448639
train/0003/ex04_laughing_00303,0.7671858668327332,0.22270941734313965,0.010104751214385033
train/0003/ex04_enunciated_00034,0.12097295373678207,0.8414878249168396,0.03753921017050743
train/0003/ex04_whisper_00029,0.09291601181030273,0.8716375827789307,0.03544646501541138
train/0003/ex04_happy_00070,0.7175363302230835,0.27136000990867615,0.011103767901659012
train/0003/ex04_sad_00233,0.013078786432743073,0.9005823135375977,0.08633891493082047
train/0003/ex04_whisper_00324,0.05303008481860161,0.8039851188659668,0.14298486709594727
train/0003/ex04_enunciated_00339,0.3087116777896881,0.6777420043945312,0.013546355068683624
train/0003/ex04_default_emphasis_00116,0.15728437900543213,0.8056592345237732,0.03705640137195587
train/0003/ex04_enunciated_00159,0.343354195356369,0.6335029006004333,0.023142850026488304
train/0003/ex04_default_00073,0.08768541365861893,0.844704806804657,0.06760970503091812
train/0003/ex04_confused_00203,0.027001798152923584,0.7502588033676147,0.2227393239736557
train/0003/ex04_laughing_00163,0.9178314805030823,0.07629168033599854,0.0058768996968865395
train/0003/ex04_enunciated_00254,0.06454216688871384,0.8981831073760986,0.03727471083402634
train/0003/ex04_happy_00210,0.17816095054149628,0.7948521971702576,0.02698681689798832
train/0003/ex04_sad_00053,0.8543135523796082,0.13674192130565643,0.00894449558109045
train/0003/ex04_sad_00186,0.9775788187980652,0.019919635728001595,0.002501588547602296
train/0003/ex04_confused_00101,0.11597622185945511,0.8491138219833374,0.03490994870662689
train/0003/ex04_laughing_00261,0.13335862755775452,0.8452837467193604,0.021357599645853043
train/0003/ex04_enunciated_00156,0.07274042069911957,0.7859660983085632,0.14129352569580078
train/0003/ex04_happy_00112,0.0024462623987346888,0.06472369283437729,0.9328299760818481
train/0003/ex04_default_emphasis_00074,0.39218276739120483,0.5809847116470337,0.026832541450858116
train/0003/ex04_sad_00189,0.04320894554257393,0.9170235991477966,0.039767537266016006
train/0003/ex04_enunciated_00083,0.011483324691653252,0.3001748323440552,0.6883417963981628
train/0003/ex04_sad_00284,0.91998690366745,0.07546403259038925,0.004549091216176748
train/0003/ex04_laughing_00288,0.0024695114698261023,0.025299036875367165,0.972231388092041
train/0003/ex04_default_emphasis_00148,0.06093945726752281,0.8297946453094482,0.10926584899425507
train/0003/ex04_default_00095,0.5700675845146179,0.4034683108329773,0.026464061811566353
train/0003/ex04_laughing_00185,0.007011694833636284,0.7282246947288513,0.26476356387138367
train/0003/ex04_happy_00323,0.0021908991038799286,0.01794043555855751,0.9798687100410461
train/0003/ex04_sad_00160,0.30373966693878174,0.6678659319877625,0.02839445136487484
train/0003/ex04_default_00140,0.002374665578827262,0.8604082465171814,0.13721710443496704
train/0003/ex04_confused_00330,0.7074655890464783,0.2752496302127838,0.01728472299873829
train/0003/ex04_laughing_00050,0.6753621697425842,0.3140496611595154,0.010588174685835838
train/0003/ex04_laughing_00287,0.07025328278541565,0.7633187174797058,0.16642802953720093
train/0003/ex04_default_emphasis_00147,0.023467175662517548,0.7454887628555298,0.23104406893253326
train/0003/ex04_default_emphasis_00092,0.6494039297103882,0.30290451645851135,0.04769148305058479
train/0003/ex04_happy_00021,0.8481706380844116,0.13277418911457062,0.01905512809753418
train/0003/ex04_sad_00262,0.010022459551692009,0.50547856092453,0.4844989776611328
train/0003/ex04_default_00242,0.0822066068649292,0.6110084056854248,0.3067849576473236
train/0003/ex04_confused_00032,0.15115603804588318,0.7603718638420105,0.08847212046384811
train/0003/ex04_enunciated_00065,0.7344093322753906,0.2576617896556854,0.007928788661956787
train/0003/ex04_happy_00079,0.1443416029214859,0.7667055130004883,0.08895283192396164
train/0003/ex04_default_00117,0.09914398938417435,0.7099291682243347,0.19092684984207153
train/0003/ex04_laughing_00007,0.042823996394872665,0.9071200489997864,0.05005588382482529
train/0003/ex04_enunciated_00330,0.7074655890464783,0.2752496302127838,0.01728472299873829
train/0003/ex04_sad_00137,0.36148393154144287,0.6047530174255371,0.0337630957365036
train/0003/ex04_default_emphasis_00110,0.07781330496072769,0.8834050893783569,0.03878162428736687
train/0003/ex04_default_00215,0.15857113897800446,0.7526998519897461,0.08872900903224945
train/0003/ex04_laughing_00305,0.21832260489463806,0.7481784224510193,0.03349897637963295
train/0003/ex04_enunciated_00032,0.15115603804588318,0.7603718638420105,0.08847212046384811
train/0003/ex04_confused_00065,0.7344093322753906,0.2576617896556854,0.007928788661956787
train/0003/ex04_happy_00076,0.2067316621541977,0.6889771223068237,0.1042911484837532
train/0003/ex04_sad_00235,0.054230161011219025,0.8934287428855896,0.052341118454933167
train/0003/ex04_sad_00138,0.12395910173654556,0.557368814945221,0.3186720907688141
train/0003/ex04_laughing_00008,0.0029742857441306114,0.66461181640625,0.3324139416217804
train/0003/ex04_default_00118,0.2059476375579834,0.7385600805282593,0.055492330342531204
train/0003/ex04_happy_00247,0.5602111220359802,0.29617366194725037,0.14361520111560822
train/0003/ex04_sad_00004,0.38337185978889465,0.565264105796814,0.05136410892009735
train/0003/ex04_default_00024,0.007354806177318096,0.0788048803806305,0.9138402938842773
train/0003/ex04_enunciated_00203,0.027001798152923584,0.7502588033676147,0.2227393239736557
train/0003/ex04_laughing_00134,0.3622432351112366,0.6096720099449158,0.028084736317396164
train/0003/ex04_confused_00254,0.06454216688871384,0.8981831073760986,0.03727471083402634
train/0003/ex04_confused_00159,0.343354195356369,0.6335029006004333,0.023142850026488304
train/0003/ex04_laughing_00239,0.03895622119307518,0.717305600643158,0.24373815953731537
train/0003/ex04_default_00329,0.021043285727500916,0.5388504266738892,0.4401063024997711
train/0003/ex04_sad_00309,0.07831670343875885,0.8909674286842346,0.0307158250361681
train/0003/ex04_default_essentials_00002,0.18572475016117096,0.6430091261863708,0.1712661236524582
train/0003/ex04_happy_00248,0.14485958218574524,0.751268208026886,0.10387224704027176
train/0003/ex04_happy_00145,0.3063289225101471,0.6463176608085632,0.047353412955999374
train/0003/ex04_sad_00306,0.17085973918437958,0.7056326270103455,0.12350766360759735
train/0003/ex04_default_00326,0.8193914294242859,0.16088423132896423,0.019724303856492043
train/0003/ex04_enunciated_00101,0.11597622185945511,0.8491138219833374,0.03490994870662689
train/0003/ex04_laughing_00236,0.2213088423013687,0.754149854183197,0.024541225284337997
train/0003/ex04_confused_00156,0.07274042069911957,0.7859660983085632,0.14129352569580078
train/0003/ex04_happy_00090,0.16364948451519012,0.8071622252464294,0.0291882436722517
train/0003/ex04_confused_00083,0.011483324691653252,0.3001748323440552,0.6883417963981628
train/0003/ex04_default_emphasis_00023,0.041615258902311325,0.880925178527832,0.07745958864688873
train/0003/ex04_sad_00199,0.03370512276887894,0.8261131048202515,0.14018180966377258
train/0003/ex04_default_emphasis_00064,0.3899742662906647,0.5828811526298523,0.02714460715651512
train/0003/ex04_sad_00294,0.6915170550346375,0.2849845588207245,0.023498419672250748
train/0003/ex04_enunciated_00093,0.03004470095038414,0.3099520802497864,0.6600032448768616
train/0003/ex04_happy_00102,0.06081882119178772,0.7809039950370789,0.15827728807926178
train/0003/ex04_sad_00341,0.13893337547779083,0.7568060755729675,0.10426053404808044
train/0003/ex04_enunciated_00146,0.26043328642845154,0.7075967192649841,0.03197005018591881
train/0003/ex04_laughing_00271,0.10891778022050858,0.6616687178611755,0.22941350936889648
train/0003/ex04_confused_00111,0.001467317808419466,0.007041603792458773,0.9914910197257996
train/0003/ex04_sad_00196,0.000921517435926944,0.02137042209506035,0.9777080416679382
train/0003/ex04_whisper_00081,0.11615660041570663,0.6962370872497559,0.18760626018047333
train/0003/ex04_enunciated_00149,0.0011792564764618874,0.024418653920292854,0.9744020700454712
train/0003/ex04_whisper_00154,0.6201874017715454,0.36861467361450195,0.011197999119758606
train/0003/ex04_happy_00200,0.4413793087005615,0.5508670806884766,0.007753589190542698
train/0003/ex04_sad_00043,0.9033030867576599,0.08739117532968521,0.009305772371590137
train/0003/ex04_default_00063,0.10116180032491684,0.4983019232749939,0.4005362093448639
train/0003/ex04_enunciated_00244,0.48845046758651733,0.49106648564338684,0.02048305794596672
train/0003/ex04_laughing_00173,0.01781625673174858,0.8686603903770447,0.11352336406707764
train/0003/ex04_confused_00213,0.0743962749838829,0.5491045117378235,0.37649914622306824
train/0003/ex04_default_emphasis_00082,0.04543887451291084,0.8833175301551819,0.071243517100811
train/0003/ex04_default_00252,0.13814496994018555,0.8330031037330627,0.028851913288235664
train/0003/ex04_laughing_00342,0.09885329753160477,0.8385658860206604,0.06258078664541245
train/0003/ex04_enunciated_00075,0.15437164902687073,0.814453661441803,0.031174663454294205
train/0003/ex04_confused_00022,0.007492362521588802,0.15557943284511566,0.8369282484054565
train/0003/ex04_whisper_00068,0.14204195141792297,0.7985842227935791,0.05937384441494942
train/0003/ex04_happy_00031,0.1113734021782875,0.819031298160553,0.06959529221057892
train/0003/ex04_sad_00272,0.015025993809103966,0.40146327018737793,0.5835107564926147
train/0003/ex04_laughing_00297,0.1038193553686142,0.8477845788002014,0.048396036028862
train/0003/ex04_default_emphasis_00157,0.14612746238708496,0.8101789355278015,0.0436936654150486
train/0003/ex04_default_00150,0.0023810125421732664,0.016671502962708473,0.9809474945068359
train/0003/ex04_laughing_00040,0.11207842081785202,0.26494094729423523,0.6229806542396545
train/0003/ex04_confused_00320,0.9588629007339478,0.03826389089226723,0.0028731434140354395
train/0003/ex04_happy_00333,0.012798734940588474,0.7444044351577759,0.2427968978881836
train/0003/ex04_sad_00170,0.17320068180561066,0.8005013465881348,0.02629803866147995
train/0003/ex04_laughing_00298,0.0014613934326916933,0.07430056482553482,0.9242380261421204
train/0003/ex04_default_00085,0.02336258813738823,0.9082343578338623,0.06840305030345917
train/0003/ex04_laughing_00195,0.11354173719882965,0.8582594990730286,0.02819877490401268
train/0003/ex04_default_emphasis_00158,0.14612746238708496,0.8101789355278015,0.0436936654150486
train/0003/ex04_happy_00066,0.11342262476682663,0.8184576630592346,0.06811974197626114
train/0003/ex04_sad_00225,0.03763336315751076,0.8587090969085693,0.103657566010952
train/0003/ex04_default_00205,0.16925841569900513,0.7356066107749939,0.09513493627309799
train/0003/ex04_confused_00075,0.15437164902687073,0.814453661441803,0.031174663454294205
train/0003/ex04_enunciated_00022,0.007492362521588802,0.15557943284511566,0.8369282484054565
train/0003/ex04_laughing_00018,0.8011456727981567,0.1879594326019287,0.010894893668591976
train/0003/ex04_default_00108,0.7548654079437256,0.18264898657798767,0.06248556822538376
train/0003/ex04_sad_00128,0.04968534782528877,0.9094530940055847,0.04086162522435188
train/0003/ex04_default_emphasis_00100,0.013000204227864742,0.16297337412834167,0.8240264058113098
train/0003/ex04_happy_00069,0.007543826475739479,0.22783541679382324,0.7646207809448242
train/0003/ex04_sad_00127,0.037955883890390396,0.8638104796409607,0.09823362529277802
train/0003/ex04_default_00107,0.007462817709892988,0.4073732793331146,0.5851638913154602
train/0003/ex04_enunciated_00320,0.9588629007339478,0.03826389089226723,0.0028731434140354395
train/0003/ex04_laughing_00017,0.45366260409355164,0.5298787355422974,0.016458742320537567
train/0003/ex04_confused_00093,0.03004470095038414,0.3099520802497864,0.6600032448768616
train/0003/ex04_happy_00080,0.0020587898325175047,0.07147376984357834,0.9264674782752991
train/0003/ex04_default_emphasis_00033,0.012335995212197304,0.31149157881736755,0.6761724948883057
train/0003/ex04_happy_00258,0.04892897978425026,0.9114591479301453,0.03961184620857239
train/0003/ex04_whisper_00201,0.1004210114479065,0.81336909532547,0.08620990812778473
train/0003/ex04_default_00336,0.1726950705051422,0.8083140254020691,0.01899091713130474
train/0003/ex04_confused_00146,0.26043328642845154,0.7075967192649841,0.03197005018591881
train/0003/ex04_laughing_00226,0.003555919276550412,0.015293444506824017,0.9811505675315857
train/0003/ex04_enunciated_00111,0.001467317808419466,0.007041603792458773,0.9914910197257996
train/0003/ex04_happy_00155,0.19632332026958466,0.7781845927238464,0.025492070242762566
train/0003/ex04_sad_00316,0.7926974892616272,0.19944751262664795,0.007854986935853958
train/0003/ex04_default_essentials_00012,0.0015254748286679387,0.024471862241625786,0.9740027189254761
train/0003/ex04_default_00034,0.12097295373678207,0.8414878249168396,0.03753921017050743
train/0003/ex04_confused_00244,0.48845046758651733,0.49106648564338684,0.02048305794596672
train/0003/ex04_laughing_00124,0.004878765903413296,0.03093268908560276,0.9641885161399841
train/0003/ex04_enunciated_00213,0.0743962749838829,0.5491045117378235,0.37649914622306824
train/0003/ex04_happy_00257,0.05781671777367592,0.8870095610618591,0.05517371743917465
train/0003/ex04_sad_00014,0.8628790974617004,0.12904483079910278,0.008076097816228867
train/0003/ex04_sad_00319,0.03196100518107414,0.315820574760437,0.6522184610366821
train/0003/ex04_whisper_00103,0.041359636932611465,0.7415788173675537,0.21706156432628632
train/0003/ex04_laughing_00229,0.03819472715258598,0.9151985049247742,0.04660668596625328
train/0003/ex04_confused_00149,0.0011792564764618874,0.024418653920292854,0.9744020700454712
train/0003/ex04_whisper_00280,0.3428940773010254,0.6370020508766174,0.020103858783841133
train/0003/ex04_enunciated_00190,0.21590116620063782,0.658179759979248,0.12591904401779175
train/0003/ex04_sad_00242,0.0822066068649292,0.6110084056854248,0.3067849576473236
train/0003/ex04_happy_00001,0.043199967592954636,0.8448004126548767,0.11199962347745895
train/0003/ex04_confused_00012,0.017791304737329483,0.8831082582473755,0.0991005003452301
train/0003/ex04_enunciated_00045,0.11433684080839157,0.8445820808410645,0.04108112305402756
train/0003/ex04_default_00262,0.010022459551692009,0.50547856092453,0.4844989776611328
train/0003/ex04_enunciated_00348,0.002546885283663869,0.3783252239227295,0.6191278696060181
train/0003/ex04_sad_00095,0.5700675845146179,0.4034683108329773,0.026464061811566353
train/0003/ex04_enunciated_00292,0.039425481110811234,0.9144542813301086,0.04612024873495102
train/0003/ex04_sad_00140,0.002374665578827262,0.8604082465171814,0.13721710443496704
train/0003/ex04_happy_00303,0.7671858668327332,0.22270941734313965,0.010104751214385033
train/0003/ex04_confused_00310,0.2603094279766083,0.7110303044319153,0.02866031415760517
train/0003/ex04_laughing_00070,0.7175363302230835,0.27136000990867615,0.011103767901659012
train/0003/ex04_enunciated_00347,0.2737356126308441,0.6666443347930908,0.059620048850774765
train/0003/ex04_default_00160,0.30373966693878174,0.6678659319877625,0.02839445136487484
train/0003/ex04_confused_00121,0.023696087300777435,0.3886578381061554,0.5876460671424866
train/0003/ex04_enunciated_00176,0.014170164242386818,0.5072837471961975,0.4785461127758026
train/0003/ex04_laughing_00241,0.03754454478621483,0.8800086975097656,0.08244677633047104
train/0003/ex04_happy_00132,0.09656959772109985,0.8529902696609497,0.05044009909033775
train/0003/ex04_default_00284,0.91998690366745,0.07546403259038925,0.004549091216176748
train/0003/ex04_default_emphasis_00054,0.05149722471833229,0.4095481038093567,0.5389546751976013
train/0003/ex04_default_00189,0.04320894554257393,0.9170235991477966,0.039767537266016006
train/0003/ex04_laughing_00099,0.08150358498096466,0.8874434232711792,0.03105298988521099
train/0003/ex04_confused_00223,0.5725637674331665,0.411123126745224,0.01631305366754532
train/0003/ex04_enunciated_00274,0.028980687260627747,0.6948824524879456,0.2761368453502655
train/0003/ex04_laughing_00143,0.8692799210548401,0.12563343346118927,0.005086587741971016
train/0003/ex04_default_00053,0.8543135523796082,0.13674192130565643,0.00894449558109045
train/0003/ex04_sad_00073,0.08768541365861893,0.844704806804657,0.06760970503091812
train/0003/ex04_whisper_00269,0.09876333922147751,0.5704860687255859,0.33075055480003357
train/0003/ex04_happy_00230,0.1532827615737915,0.8151580691337585,0.03155922889709473
train/0003/ex04_whisper_00164,0.6268927454948425,0.32851940393447876,0.04458785802125931
train/0003/ex04_enunciated_00179,0.3561755418777466,0.5901849269866943,0.05363954231142998
train/0003/ex04_laughing_00096,0.1961667686700821,0.6618586778640747,0.1419745832681656
train/0003/ex04_default_00186,0.9771202802658081,0.02052951045334339,0.002350290771573782
train/0003/ex04_sad_00326,0.8193914294242859,0.16088423132896423,0.019724303856492043
train/0003/ex04_happy_00165,0.029679175466299057,0.5078198313713074,0.46250101923942566
train/0003/ex04_laughing_00216,0.08284436911344528,0.8683949112892151,0.048760704696178436
train/0003/ex04_enunciated_00121,0.023696087300777435,0.3886578381061554,0.5876460671424866
train/0003/ex04_confused_00176,0.014170164242386818,0.5072837471961975,0.4785461127758026
train/0003/ex04_default_00306,0.17085973918437958,0.7056326270103455,0.12350766360759735
train/0003/ex04_whisper_00231,0.6899164915084839,0.3014715909957886,0.008611883036792278
train/0003/ex04_happy_00268,0.044557973742485046,0.9286613464355469,0.026780614629387856
train/0003/ex04_default_emphasis_00003,0.11966719478368759,0.85170578956604,0.02862708643078804
train/0003/ex04_default_00309,0.07831670343875885,0.8909674286842346,0.0307158250361681
train/0003/ex04_confused_00179,0.3561755418777466,0.5901849269866943,0.05363954231142998
train/0003/ex04_laughing_00219,0.38184717297554016,0.5986698865890503,0.01948290877044201
train/0003/ex04_sad_00329,0.010454002767801285,0.4525100886821747,0.5370358824729919
train/0003/ex04_sad_00024,0.007354806177318096,0.0788048803806305,0.9138402938842773
train/0003/ex04_happy_00267,0.5690313577651978,0.40819495916366577,0.022773705422878265
train/0003/ex04_laughing_00114,0.18457841873168945,0.7180143594741821,0.09740718454122543
train/0003/ex04_enunciated_00223,0.5725637674331665,0.411123126745224,0.01631305366754532
train/0003/ex04_confused_00274,0.028980687260627747,0.6948824524879456,0.2761368453502655
train/0003/ex04_default_00004,0.38337185978889465,0.565264105796814,0.05136410892009735
train/0003/ex04_default_essentials_00022,0.0020207411143928766,0.013434567488729954,0.9845446348190308
train/0003/ex04_confused_00190,0.21590116620063782,0.658179759979248,0.12591904401779175
train/0003/ex04_happy_00183,0.04603957012295723,0.8929912447929382,0.060969140380620956
train/0003/ex04_default_emphasis_00130,0.3470696210861206,0.6267797946929932,0.026150589808821678
train/0003/ex04_sad_00118,0.2059476375579834,0.7385600805282593,0.055492330342531204
train/0003/ex04_default_00138,0.12395910173654556,0.557368814945221,0.3186720907688141
train/0003/ex04_confused_00348,0.002546885283663869,0.3783252239227295,0.6191278696060181
train/0003/ex04_laughing_00028,0.26005321741104126,0.7171898484230042,0.02275698445737362
train/0003/ex04_enunciated_00012,0.017791304737329483,0.8831082582473755,0.0991005003452301
train/0003/ex04_laughing_00325,0.010444192215800285,0.684708833694458,0.30484700202941895
train/0003/ex04_confused_00045,0.11433684080839157,0.8445820808410645,0.04108112305402756
train/0003/ex04_default_00235,0.054230161011219025,0.8934287428855896,0.052341118454933167
train/0003/ex04_sad_00215,0.15857113897800446,0.7526998519897461,0.08872900903224945
train/0003/ex04_happy_00056,0.12770162522792816,0.7861095666885376,0.08618885278701782
train/0003/ex04_confused_00292,0.039425481110811234,0.9144542813301086,0.04612024873495102
train/0003/ex04_happy_00281,0.14601445198059082,0.8106668591499329,0.0433187261223793
train/0003/ex04_enunciated_00310,0.2603094279766083,0.7110303044319153,0.02866031415760517
train/0003/ex04_laughing_00027,0.30563122034072876,0.6664106249809265,0.027958115562796593
train/0003/ex04_confused_00347,0.2737356126308441,0.6666443347930908,0.059620048850774765
train/0003/ex04_default_00137,0.36148393154144287,0.6047530174255371,0.0337630957365036
train/0003/ex04_sad_00117,0.09914398938417435,0.7099291682243347,0.19092684984207153
train/0003/ex04_happy_00059,0.009525327011942863,0.1598033905029297,0.8306713104248047
train/0003/ex04_laughing_00060,0.013967745006084442,0.9353269338607788,0.05070523917675018
train/0003/ex04_confused_00300,0.33397844433784485,0.6428958773612976,0.023125723004341125
train/0003/ex04_default_00170,0.17320068180561066,0.8005013465881348,0.02629803866147995
train/0003/ex04_sad_00150,0.0023810125421732664,0.016671502962708473,0.9809474945068359
train/0003/ex04_happy_00313,0.7257473468780518,0.26326489448547363,0.010987789370119572
train/0003/ex04_enunciated_00282,0.09035713970661163,0.8681707382202148,0.041472092270851135
train/0003/ex04_sad_00085,0.02336258813738823,0.9082343578338623,0.06840305030345917
train/0003/ex04_whisper_00192,0.15022189915180206,0.5204275846481323,0.3293505609035492
train/0003/ex04_enunciated_00055,0.31719011068344116,0.6309605836868286,0.051849283277988434
train/0003/ex04_confused_00002,0.0304960198700428,0.8927050232887268,0.07679901272058487
train/0003/ex04_default_00272,0.015025993809103966,0.40146327018737793,0.5835107564926147
train/0003/ex04_sad_00252,0.13814496994018555,0.8330031037330627,0.028851913288235664
train/0003/ex04_happy_00011,0.017696253955364227,0.31339672207832336,0.6689069867134094
train/0003/ex04_whisper_00290,0.012324356473982334,0.3485158681869507,0.6391597986221313
train/0003/ex04_enunciated_00180,0.026086274534463882,0.2839333713054657,0.6899803280830383
train/0003/ex04_laughing_00086,0.013523267582058907,0.37776970863342285,0.6087070107460022
train/0003/ex04_default_00196,0.0009242507512681186,0.0192482378333807,0.9798275232315063
train/0003/ex04_sad_00063,0.10116180032491684,0.4983019232749939,0.4005362093448639
train/0003/ex04_whisper_00279,0.8452543616294861,0.1486886739730835,0.0060569122433662415
train/0003/ex04_happy_00220,0.3492962419986725,0.6296434998512268,0.021060265600681305
train/0003/ex04_laughing_00153,0.0038379791658371687,0.11067885160446167,0.8854831457138062
train/0003/ex04_enunciated_00264,0.3146311342716217,0.6258305907249451,0.05953829735517502
train/0003/ex04_confused_00233,0.013078786432743073,0.9005823135375977,0.08633891493082047
train/0003/ex04_default_00043,0.9033030867576599,0.08739117532968521,0.009305772371590137
train/0003/ex04_enunciated_00169,0.4656239151954651,0.48453038930892944,0.04984566941857338
train/0003/ex04_default_00294,0.6915170550346375,0.2849845588207245,0.023498419672250748
train/0003/ex04_default_00199,0.03370512276887894,0.8261131048202515,0.14018180966377258
train/0003/ex04_laughing_00089,0.16244995594024658,0.7366800308227539,0.10086996853351593
train/0003/ex04_default_emphasis_00044,0.0022235633805394173,0.712007999420166,0.28576838970184326
train/0003/ex04_whisper_00276,0.14405813813209534,0.7725238800048828,0.08341795206069946
train/0003/ex04_happy_00122,0.050387460738420486,0.7553094029426575,0.19430308043956757
train/0003/ex04_laughing_00251,0.006916587240993977,0.5399777889251709,0.453105628490448
train/0003/ex04_enunciated_00166,0.006714183837175369,0.7587838768959045,0.234501913189888
train/0003/ex04_confused_00131,0.07926646620035172,0.6241089105606079,0.2966245710849762
train/0003/ex04_default_essentials_00032,0.3003878891468048,0.6250432133674622,0.07456892728805542
train/0003/ex04_whisper_00123,0.09132487326860428,0.868096113204956,0.04057897999882698
train/0003/ex04_sad_00339,0.3087116777896881,0.6777420043945312,0.013546355068683624
train/0003/ex04_default_00319,0.03196100518107414,0.315820574760437,0.6522184610366821
train/0003/ex04_laughing_00209,0.027612464502453804,0.9384375810623169,0.033949993550777435
train/0003/ex04_confused_00169,0.4656239151954651,0.48453038930892944,0.04984566941857338
train/0003/ex04_confused_00264,0.3146311342716217,0.6258305907249451,0.05953829735517502
train/0003/ex04_enunciated_00233,0.013078786432743073,0.9005823135375977,0.08633891493082047
train/0003/ex04_laughing_00104,0.21753175556659698,0.7561742663383484,0.02629394829273224
train/0003/ex04_default_00014,0.8628790974617004,0.12904483079910278,0.008076097816228867
train/0003/ex04_sad_00034,0.12097295373678207,0.8414878249168396,0.03753921017050743
train/0003/ex04_happy_00277,0.7039759755134583,0.26216578483581543,0.033858247101306915
train/0003/ex04_default_emphasis_00013,0.9504309296607971,0.04569769650697708,0.003871357999742031
train/0003/ex04_confused_00166,0.006714183837175369,0.7587838768959045,0.234501913189888
train/0003/ex04_enunciated_00131,0.07926646620035172,0.6241089105606079,0.2966245710849762
train/0003/ex04_laughing_00206,0.0026171833742409945,0.025412702932953835,0.9719702005386353
train/0003/ex04_default_00316,0.7926974892616272,0.19944751262664795,0.007854986935853958
train/0003/ex04_sad_00336,0.1726950705051422,0.8083140254020691,0.01899091713130474
train/0003/ex04_happy_00175,0.07710422575473785,0.8819355964660645,0.04096018522977829
train/0003/ex04_happy_00278,0.031967680901288986,0.8927398920059204,0.07529239356517792
train/0003/ex04_sad_00107,0.007462817709892988,0.4073732793331146,0.5851638913154602
train/0003/ex04_laughing_00037,0.5396590828895569,0.4099612832069397,0.05037955567240715
train/0003/ex04_enunciated_00300,0.33397844433784485,0.6428958773612976,0.023125723004341125
train/0003/ex04_default_00127,0.037955883890390396,0.8638104796409607,0.09823362529277802
train/0003/ex04_happy_00049,0.09251049160957336,0.8067229986190796,0.10076648741960526
train/0003/ex04_happy_00291,0.36130771040916443,0.5925492644309998,0.04614304006099701
train/0003/ex04_confused_00282,0.09035713970661163,0.8681707382202148,0.041472092270851135
train/0003/ex04_default_00128,0.04968534782528877,0.9094530940055847,0.04086162522435188
train/0003/ex04_laughing_00038,0.005141787696629763,0.6322275996208191,0.36263057589530945
train/0003/ex04_sad_00108,0.7548654079437256,0.18264898657798767,0.06248556822538376
train/0003/ex04_sad_00205,0.18267060816287994,0.7407583594322205,0.07657100260257721
train/0003/ex04_happy_00046,0.05007164552807808,0.8315820693969727,0.11834634840488434
train/0003/ex04_confused_00055,0.31719011068344116,0.6309605836868286,0.051849283277988434
train/0003/ex04_laughing_00335,0.1475062072277069,0.8309781551361084,0.021515721455216408
train/0003/ex04_enunciated_00002,0.0304960198700428,0.8927050232887268,0.07679901272058487
train/0003/ex04_default_00225,0.03763336315751076,0.8587090969085693,0.103657566010952
train/0003/ex04_happy_00193,0.22959627211093903,0.7487746477127075,0.02162904106080532
train/0003/ex04_confused_00180,0.026086274534463882,0.2839333713054657,0.6899803280830383
train/0003/ex04_default_emphasis_00120,0.003973306156694889,0.7385948896408081,0.2574317157268524
train/0003/ex04_sad_00191,0.033524006605148315,0.9233071208000183,0.043168805539608
train/0003/ex04_default_00064,0.47716063261032104,0.4861370623111725,0.036702319979667664
train/0003/ex04_confused_00214,0.027559448033571243,0.7038306593894958,0.268609881401062
train/0003/ex04_laughing_00174,0.22776682674884796,0.7496422529220581,0.022590897977352142
train/0003/ex04_enunciated_00243,0.08132077008485794,0.8855100274085999,0.03316924348473549
train/0003/ex04_happy_00207,0.9459168314933777,0.05161349102854729,0.002469701925292611
train/0003/ex04_sad_00044,0.0016427269438281655,0.01079690270125866,0.9875603318214417
train/0003/ex04_whisper_00153,0.0038379791658371687,0.11067885160446167,0.8854831457138062
train/0003/ex04_laughing_00279,0.8452543616294861,0.1486886739730835,0.0060569122433662415
train/0003/ex04_confused_00119,0.02945416234433651,0.4783187508583069,0.49222704768180847
train/0003/ex04_enunciated_00094,0.0016581346280872822,0.019755367189645767,0.9785864949226379
train/0003/ex04_whisper_00089,0.16244995594024658,0.7366800308227539,0.10086996853351593
train/0003/ex04_sad_00293,0.07926309108734131,0.8285350799560547,0.0922018364071846
train/0003/ex04_default_emphasis_00063,0.9279215931892395,0.06875260919332504,0.003325778990983963
train/0003/ex04_happy_00208,0.002699850592762232,0.26524582505226135,0.7320543527603149
train/0003/ex04_confused_00116,0.9725732803344727,0.02488081157207489,0.002545907162129879
train/0003/ex04_laughing_00276,0.14405813813209534,0.7725238800048828,0.08341795206069946
train/0003/ex04_enunciated_00141,0.4635236859321594,0.5051554441452026,0.03132087364792824
train/0003/ex04_happy_00105,0.7568850517272949,0.19534362852573395,0.04777134209871292
train/0003/ex04_happy_00039,0.016609692946076393,0.2780497968196869,0.7053405046463013
train/0003/ex04_happy_00334,0.02911459095776081,0.9269471764564514,0.04393818601965904
train/0003/ex04_sad_00177,0.8827719688415527,0.10373473912477493,0.01349330972880125
train/0003/ex04_default_00157,0.12218698859214783,0.8077616691589355,0.07005142420530319
train/0003/ex04_confused_00327,0.2877616882324219,0.558164119720459,0.15407416224479675
train/0003/ex04_laughing_00047,0.014414501376450062,0.8985946774482727,0.08699075132608414
train/0003/ex04_default_00082,0.043730396777391434,0.8019228577613831,0.15434671938419342
train/0003/ex04_laughing_00192,0.15022189915180206,0.5204275846481323,0.3293505609035492
train/0003/ex04_happy_00036,0.14851312339305878,0.8093553185462952,0.04213152825832367
train/0003/ex04_sad_00275,0.06284470111131668,0.8457807898521423,0.091374471783638
train/0003/ex04_default_00255,0.12927496433258057,0.7528218626976013,0.11790317296981812
train/0003/ex04_confused_00025,0.28151100873947144,0.6650167107582092,0.05347228795289993
train/0003/ex04_enunciated_00072,0.023519517853856087,0.8858368992805481,0.0906435176730156
train/0003/ex04_laughing_00345,0.5896404981613159,0.3931865394115448,0.017172973603010178
train/0003/ex04_laughing_00048,0.856029748916626,0.13476835191249847,0.009201831184327602
train/0003/ex04_confused_00328,0.1077440157532692,0.7787061929702759,0.11354971677064896
train/0003/ex04_default_00158,0.013184754177927971,0.907751739025116,0.0790635347366333
train/0003/ex04_sad_00178,0.116774782538414,0.8198496103286743,0.06337562203407288
train/0003/ex04_default_emphasis_00085,0.2559524476528168,0.7082046866416931,0.03584286943078041
train/0003/ex04_default_emphasis_00150,0.06093945726752281,0.8297946453094482,0.10926584899425507
train/0003/ex04_laughing_00290,0.012324356473982334,0.3485158681869507,0.6391597986221313
train/0003/ex04_default_00100,0.005467873066663742,0.1006719246506691,0.8938602209091187
train/0003/ex04_laughing_00010,0.09323395043611526,0.5615657567977905,0.3452002704143524
train/0003/ex04_enunciated_00327,0.2877616882324219,0.558164119720459,0.15407416224479675
train/0003/ex04_sad_00120,0.6729670166969299,0.2926933765411377,0.03433958441019058
train/0003/ex04_default_emphasis_00108,0.006727274507284164,0.8173850178718567,0.17588774859905243
train/0003/ex04_enunciated_00328,0.1077440157532692,0.7787061929702759,0.11354971677064896
train/0003/ex04_default_00202,0.09216972440481186,0.8495599031448364,0.05827029421925545
train/0003/ex04_laughing_00312,0.7584249377250671,0.2336840182542801,0.007891139946877956
train/0003/ex04_enunciated_00025,0.28151100873947144,0.6650167107582092,0.05347228795289993
train/0003/ex04_confused_00072,0.023519517853856087,0.8858368992805481,0.0906435176730156
train/0003/ex04_happy_00061,0.1138388067483902,0.7109292149543762,0.1752319484949112
train/0003/ex04_sad_00222,0.5892974734306335,0.38522061705589294,0.02548198029398918
train/0003/ex04_default_emphasis_00107,0.006727274507284164,0.8173850178718567,0.17588774859905243
train/0003/ex04_default_essentials_00015,0.3037797212600708,0.5197840332984924,0.17643624544143677
train/0003/ex04_happy_00088,0.05416465178132057,0.8935506343841553,0.05228473246097565
train/0003/ex04_enunciated_00119,0.02945416234433651,0.4783187508583069,0.49222704768180847
train/0003/ex04_whisper_00104,0.21753175556659698,0.7561742663383484,0.02629394829273224
train/0003/ex04_happy_00250,0.7214011549949646,0.2701044976711273,0.008494339883327484
train/0003/ex04_sad_00013,0.6596854329109192,0.3259507417678833,0.014363900758326054
train/0003/ex04_default_00033,0.66195148229599,0.3301898241043091,0.007858701050281525
train/0003/ex04_enunciated_00214,0.027559448033571243,0.7038306593894958,0.268609881401062
train/0003/ex04_laughing_00123,0.09132487326860428,0.868096113204956,0.04057897999882698
train/0003/ex04_confused_00243,0.08132077008485794,0.8855100274085999,0.03316924348473549
train/0003/ex04_default_emphasis_00034,0.6705901622772217,0.321799099445343,0.00761076994240284
train/0003/ex04_happy_00087,0.006996219512075186,0.17801767587661743,0.8149861097335815
train/0003/ex04_confused_00094,0.0016581346280872822,0.019755367189645767,0.9785864949226379
train/0003/ex04_happy_00152,0.4562220871448517,0.516080915927887,0.02769698016345501
train/0003/ex04_sad_00311,0.00657688407227397,0.4179449677467346,0.5754781365394592
train/0003/ex04_default_00331,0.0832367092370987,0.8628941178321838,0.053869131952524185
train/0003/ex04_enunciated_00116,0.9725732803344727,0.02488081157207489,0.002545907162129879
train/0003/ex04_laughing_00221,0.030964359641075134,0.3370252847671509,0.6320103406906128
train/0003/ex04_confused_00141,0.4635236859321594,0.5051554441452026,0.03132087364792824
train/0003/ex04_whisper_00206,0.0026171833742409945,0.025412702932953835,0.9719702005386353
train/0003/ex04_whisper_00241,0.03754454478621483,0.8800086975097656,0.08244677633047104
train/0003/ex04_happy_00218,0.0064600990153849125,0.8189200758934021,0.17461983859539032
train/0003/ex04_happy_00115,0.0021500096190720797,0.02268248423933983,0.975167453289032
train/0003/ex04_enunciated_00151,0.00401779031381011,0.21780000627040863,0.7781822085380554
train/0003/ex04_laughing_00266,0.01378759928047657,0.8765435814857483,0.1096687838435173
train/0003/ex04_confused_00106,0.0385107696056366,0.9326097369194031,0.02887953445315361
train/0003/ex04_sad_00283,0.09250346571207047,0.8738288283348083,0.03366769105195999
train/0003/ex04_enunciated_00084,0.05696454644203186,0.7858577370643616,0.15717770159244537
train/0003/ex04_default_emphasis_00073,0.39218276739120483,0.5809847116470337,0.026832541450858116
train/0003/ex04_happy_00217,0.03830711916089058,0.4809865951538086,0.48070624470710754
train/0003/ex04_sad_00054,0.012909132987260818,0.8884416818618774,0.09864918142557144
train/0003/ex04_default_00074,0.021745828911662102,0.9268300533294678,0.05142413452267647
train/0003/ex04_enunciated_00253,0.010168618522584438,0.6283354759216309,0.36149588227272034
train/0003/ex04_laughing_00164,0.6268927454948425,0.32851940393447876,0.04458785802125931
train/0003/ex04_confused_00204,0.7889066934585571,0.1928626447916031,0.018230674788355827
train/0003/ex04_confused_00109,0.04846835136413574,0.8929008841514587,0.05863070487976074
train/0003/ex04_laughing_00269,0.09876333922147751,0.5704860687255859,0.33075055480003357
train/0003/ex04_whisper_00143,0.8692799210548401,0.12563343346118927,0.005086587741971016
train/0003/ex04_whisper_00096,0.19313998520374298,0.6840864419937134,0.12277362495660782
train/0003/ex04_sad_00181,0.886479377746582,0.10973536223173141,0.0037851822562515736
train/0003/ex04_default_emphasis_00140,0.03622022643685341,0.9179589152336121,0.04582090303301811
train/0003/ex04_laughing_00280,0.3428940773010254,0.6370020508766174,0.020103858783841133
train/0003/ex04_default_00245,0.2710333466529846,0.6756445169448853,0.05332215502858162
train/0003/ex04_enunciated_00062,0.05152297019958496,0.784602701663971,0.1638742834329605
train/0003/ex04_confused_00035,0.08943048864603043,0.8562573194503784,0.05431225150823593
train/0003/ex04_happy_00026,0.06643866747617722,0.846760630607605,0.08680073916912079
train/0003/ex04_sad_00265,0.9730800986289978,0.02374844439327717,0.0031714835204184055
train/0003/ex04_default_emphasis_00095,0.2837144434452057,0.7013052105903625,0.014980411157011986
train/0003/ex04_sad_00168,0.507774293422699,0.4742577075958252,0.017968036234378815
train/0003/ex04_confused_00338,0.033572934567928314,0.9318212270736694,0.03460582718253136
train/0003/ex04_laughing_00058,0.8119995594024658,0.178325816988945,0.009674668312072754
train/0003/ex04_default_00148,0.01751345954835415,0.7991001605987549,0.18338638544082642
train/0003/ex04_default_00092,0.876048743724823,0.10851573944091797,0.015435537323355675
train/0003/ex04_laughing_00182,0.03611818328499794,0.8586326837539673,0.10524913668632507
train/0003/ex04_happy_00029,0.09291601181030273,0.8716375827789307,0.03544646501541138
train/0003/ex04_default_00147,0.7100135087966919,0.2759675681591034,0.014018991962075233
train/0003/ex04_laughing_00057,0.07930672913789749,0.7349177598953247,0.185775488615036
train/0003/ex04_confused_00337,0.8289257884025574,0.13533248007297516,0.035741765052080154
train/0003/ex04_happy_00324,0.05303008481860161,0.8039851188659668,0.14298486709594727
train/0003/ex04_sad_00167,0.037140872329473495,0.2339704930782318,0.7288886308670044
train/0003/ex04_default_emphasis_00117,0.15728437900543213,0.8056592345237732,0.03705640137195587
train/0003/ex04_enunciated_00338,0.033572934567928314,0.9318212270736694,0.03460582718253136
train/0003/ex04_whisper_00325,0.010444192215800285,0.684708833694458,0.30484700202941895
train/0003/ex04_happy_00071,0.06861868500709534,0.8106361627578735,0.1207452192902565
train/0003/ex04_whisper_00028,0.26005321741104126,0.7171898484230042,0.02275698445737362
train/0003/ex04_sad_00232,0.02341957576572895,0.6297124028205872,0.3468680679798126
train/0003/ex04_default_00212,0.1277129054069519,0.8393198847770691,0.03296726569533348
train/0003/ex04_confused_00062,0.05152297019958496,0.784602701663971,0.1638742834329605
train/0003/ex04_enunciated_00035,0.08943048864603043,0.8562573194503784,0.05431225150823593
train/0003/ex04_laughing_00302,0.4411677420139313,0.4981193542480469,0.06071285158395767
train/0003/ex04_default_emphasis_00118,0.003973306156694889,0.7385948896408081,0.2574317157268524
train/0003/ex04_sad_00130,0.0034121812786906958,0.050873685628175735,0.9457141160964966
train/0003/ex04_default_00110,0.001976852072402835,0.04557609558105469,0.9524470567703247
train/0003/ex04_enunciated_00337,0.8289257884025574,0.13533248007297516,0.035741765052080154
train/0003/ex04_default_00321,0.002571041462942958,0.05239035561680794,0.9450386166572571
train/0003/ex04_confused_00151,0.00401779031381011,0.21780000627040863,0.7781822085380554
train/0003/ex04_laughing_00231,0.6899164915084839,0.3014715909957886,0.008611883036792278
train/0003/ex04_enunciated_00106,0.0385107696056366,0.9326097369194031,0.02887953445315361
train/0003/ex04_happy_00142,0.32507064938545227,0.6307258605957031,0.044203441590070724
train/0003/ex04_sad_00301,0.10178479552268982,0.853824257850647,0.04439091309905052
train/0003/ex04_default_emphasis_00024,0.028229419142007828,0.45365089178085327,0.5181196331977844
train/0003/ex04_confused_00084,0.05696454644203186,0.7858577370643616,0.15717770159244537
train/0003/ex04_happy_00097,0.013970330357551575,0.5159702301025391,0.4700593948364258
train/0003/ex04_enunciated_00109,0.04846835136413574,0.8929008841514587,0.05863070487976074
train/0003/ex04_default_00023,0.03372572734951973,0.6336492300033569,0.33262506127357483
train/0003/ex04_confused_00253,0.010168618522584438,0.6283354759216309,0.36149588227272034
train/0003/ex04_laughing_00133,0.023356197401881218,0.4756670892238617,0.5009767413139343
train/0003/ex04_enunciated_00204,0.7889066934585571,0.1928626447916031,0.018230674788355827
train/0003/ex04_happy_00240,0.40716323256492615,0.5058318376541138,0.08700497448444366
train/0003/ex04_sad_00003,0.008949189446866512,0.7124815583229065,0.2785693109035492
train/0003/ex04_default_essentials_00005,0.01447839755564928,0.32649457454681396,0.659027099609375
train/0003/ex04_happy_00098,0.4040265679359436,0.5063496232032776,0.08962377905845642
train/0003/ex04_default_00178,0.116774782538414,0.8198496103286743,0.06337562203407288
train/0003/ex04_laughing_00068,0.14204195141792297,0.7985842227935791,0.05937384441494942
train/0003/ex04_confused_00308,0.9331094026565552,0.05673205479979515,0.010158606804907322
train/0003/ex04_whisper_00342,0.09885329753160477,0.8385658860206604,0.06258078664541245
train/0003/ex04_sad_00158,0.013184754177927971,0.907751739025116,0.0790635347366333
train/0003/ex04_sad_00255,0.12927496433258057,0.7528218626976013,0.11790317296981812
train/0003/ex04_happy_00016,0.6344301700592041,0.33667394518852234,0.02889583259820938
train/0003/ex04_confused_00005,0.12992414832115173,0.815021812915802,0.055054038763046265
train/0003/ex04_enunciated_00052,0.021567219868302345,0.7859722375869751,0.19246050715446472
train/0003/ex04_default_00275,0.06284470111131668,0.8457807898521423,0.091374471783638
train/0003/ex04_enunciated_00187,0.6420948505401611,0.3454500734806061,0.01245511882007122
train/0003/ex04_sad_00157,0.12218698859214783,0.8077616691589355,0.07005142420530319
train/0003/ex04_happy_00314,0.22945281863212585,0.6050547957420349,0.16549241542816162
train/0003/ex04_confused_00307,0.04955407977104187,0.9127148389816284,0.03773103654384613
train/0003/ex04_laughing_00067,0.1054823026061058,0.8529168963432312,0.04160081967711449
train/0003/ex04_enunciated_00350,0.7828866243362427,0.20024161040782928,0.016871778294444084
train/0003/ex04_default_00177,0.8827719688415527,0.10373473912477493,0.01349330972880125
train/0003/ex04_happy_00019,0.07465898245573044,0.8903071880340576,0.035033781081438065
train/0003/ex04_enunciated_00188,0.35197755694389343,0.6251049637794495,0.022917406633496284
train/0003/ex04_whisper_00195,0.11354173719882965,0.8582594990730286,0.02819877490401268
train/0003/ex04_sad_00082,0.043730396777391434,0.8019228577613831,0.15434671938419342
train/0003/ex04_enunciated_00285,0.2965223789215088,0.6392133235931396,0.06426423043012619
train/0003/ex04_default_emphasis_00043,0.09560417383909225,0.8291036486625671,0.07529215514659882
train/0003/ex04_default_00293,0.07926309108734131,0.8285350799560547,0.0922018364071846
train/0003/ex04_confused_00136,0.0018775851931422949,0.2825930714607239,0.7155293822288513
train/0003/ex04_enunciated_00161,0.36827927827835083,0.6093670725822449,0.02235359139740467
train/0003/ex04_laughing_00256,0.06031056120991707,0.7364012002944946,0.20328830182552338
train/0003/ex04_happy_00125,0.9225695729255676,0.07211678475141525,0.00531367864459753
train/0003/ex04_happy_00228,0.25525668263435364,0.6988219022750854,0.045921359211206436
train/0003/ex04_laughing_00081,0.11615660041570663,0.6962370872497559,0.18760626018047333
train/0003/ex04_default_00191,0.033524006605148315,0.9233071208000183,0.043168805539608
train/0003/ex04_whisper_00173,0.01781625673174858,0.8686603903770447,0.11352336406707764
train/0003/ex04_laughing_00259,0.0617872029542923,0.8842462301254272,0.05396655946969986
train/0003/ex04_confused_00139,0.0022621648386120796,0.3747527003288269,0.6229851245880127
train/0003/ex04_confused_00234,0.008155154064297676,0.805194616317749,0.18665018677711487
train/0003/ex04_enunciated_00263,0.09820402413606644,0.8198626041412354,0.08193337917327881
train/0003/ex04_laughing_00154,0.6201874017715454,0.36861467361450195,0.011197999119758606
train/0003/ex04_default_00044,0.0016427269438281655,0.01079690270125866,0.9875603318214417
train/0003/ex04_sad_00064,0.4627397358417511,0.494567334651947,0.04269292950630188
train/0003/ex04_happy_00227,0.1261105090379715,0.8247715830802917,0.04911794885993004
train/0003/ex04_default_emphasis_00014,0.7477726936340332,0.2396606206893921,0.012566706165671349
train/0003/ex04_sad_00331,0.0832367092370987,0.8628941178321838,0.053869131952524185
train/0003/ex04_happy_00172,0.29439041018486023,0.6482276320457458,0.05738196149468422
train/0003/ex04_laughing_00201,0.1004210114479065,0.81336909532547,0.08620990812778473
train/0003/ex04_enunciated_00136,0.0018775851931422949,0.2825930714607239,0.7155293822288513
train/0003/ex04_confused_00161,0.36827927827835083,0.6093670725822449,0.02235359139740467
train/0003/ex04_default_00311,0.00657688407227397,0.4179449677467346,0.5754781365394592
train/0003/ex04_sad_00033,0.66195148229599,0.3301898241043091,0.007858701050281525
train/0003/ex04_happy_00270,0.001484279753640294,0.034151848405599594,0.9643638730049133
train/0003/ex04_whisper_00229,0.03819472715258598,0.9151985049247742,0.04660668596625328
train/0003/ex04_laughing_00103,0.041359636932611465,0.7415788173675537,0.21706156432628632
train/0003/ex04_enunciated_00234,0.008155154064297676,0.805194616317749,0.18665018677711487
train/0003/ex04_confused_00263,0.09820402413606644,0.8198626041412354,0.08193337917327881
train/0003/ex04_default_00013,0.6596854329109192,0.3259507417678833,0.014363900758326054
train/0003/ex04_enunciated_00139,0.0022621648386120796,0.3747527003288269,0.6229851245880127
train/0003/ex04_enunciated_00005,0.12992414832115173,0.815021812915802,0.055054038763046265
train/0003/ex04_laughing_00332,0.02209264412522316,0.7488364577293396,0.22907096147537231
train/0003/ex04_confused_00052,0.021567219868302345,0.7859722375869751,0.19246050715446472
train/0003/ex04_default_00222,0.5892974734306335,0.38522061705589294,0.02548198029398918
train/0003/ex04_sad_00202,0.09216972440481186,0.8495599031448364,0.05827029421925545
train/0003/ex04_whisper_00018,0.8011456727981567,0.1879594326019287,0.010894893668591976
train/0003/ex04_happy_00041,0.7740965485572815,0.20487353205680847,0.021029938012361526
train/0003/ex04_enunciated_00308,0.9331094026565552,0.05673205479979515,0.010158606804907322
train/0003/ex04_happy_00299,0.38242417573928833,0.5609163045883179,0.05665954574942589
train/0003/ex04_default_emphasis_00127,0.3470696210861206,0.6267797946929932,0.026150589808821678
train/0003/ex04_confused_00187,0.6420948505401611,0.3454500734806061,0.01245511882007122
train/0003/ex04_happy_00194,0.4977511465549469,0.47588875889778137,0.026360077783465385
train/0003/ex04_enunciated_00307,0.04955407977104187,0.9127148389816284,0.03773103654384613
train/0003/ex04_laughing_00030,0.13681122660636902,0.8208624124526978,0.04232630506157875
train/0003/ex04_confused_00350,0.7828866243362427,0.20024161040782928,0.016871778294444084
train/0003/ex04_default_00120,0.6729670166969299,0.2926933765411377,0.03433958441019058
train/0003/ex04_sad_00100,0.005467873066663742,0.1006719246506691,0.8938602209091187
train/0003/ex04_confused_00285,0.2965223789215088,0.6392133235931396,0.06426423043012619
train/0003/ex04_default_emphasis_00128,0.3470696210861206,0.6267797946929932,0.026150589808821678
train/0003/ex04_happy_00296,0.013923329301178455,0.9336095452308655,0.05246713012456894
train/0003/ex04_confused_00188,0.35197755694389343,0.6251049637794495,0.022917406633496284
train/0003/ex04_enunciated_00198,0.1559411734342575,0.8237736225128174,0.02028518356382847
train/0003/ex04_enunciated_00295,0.16587591171264648,0.7694637179374695,0.06466033309698105
train/0003/ex04_sad_00092,0.876048743724823,0.10851573944091797,0.015435537323355675
train/0003/ex04_enunciated_00340,0.014996616169810295,0.7406988739967346,0.24430446326732635
train/0003/ex04_laughing_00077,0.0051042926497757435,0.12537413835525513,0.8695214986801147
train/0003/ex04_confused_00317,0.0582769401371479,0.81465083360672,0.1270722895860672
train/0003/ex04_default_00167,0.037140872329473495,0.2339704930782318,0.7288886308670044
train/0003/ex04_sad_00147,0.7100135087966919,0.2759675681591034,0.014018991962075233
train/0003/ex04_happy_00304,0.6198261976242065,0.3335382342338562,0.04663558304309845
train/0003/ex04_whisper_00050,0.6753621697425842,0.3140496611595154,0.010588174685835838
train/0003/ex04_happy_00009,0.44919171929359436,0.5231291651725769,0.02767915278673172
train/0003/ex04_enunciated_00197,0.02178374119102955,0.8359898328781128,0.14222638309001923
train/0003/ex04_default_emphasis_00160,0.14612746238708496,0.8101789355278015,0.0436936654150486
train/0003/ex04_sad_00148,0.01751345954835415,0.7991001605987549,0.18338638544082642
train/0003/ex04_default_00168,0.507774293422699,0.4742577075958252,0.017968036234378815
train/0003/ex04_confused_00318,0.16826660931110382,0.7565212249755859,0.07521211355924606
train/0003/ex04_laughing_00078,0.828524112701416,0.1521943211555481,0.019281571730971336
train/0003/ex04_enunciated_00042,0.005051002372056246,0.2128387987613678,0.7821101546287537
train/0003/ex04_confused_00015,0.024103060364723206,0.8436758518218994,0.13222113251686096
train/0003/ex04_default_00265,0.9730800986289978,0.02374844439327717,0.0031714835204184055
train/0003/ex04_sad_00245,0.2710333466529846,0.6756445169448853,0.05332215502858162
train/0003/ex04_happy_00006,0.0011346017709001899,0.01187016349285841,0.986995279788971
train/0003/ex04_confused_00129,0.3843013346195221,0.578095555305481,0.03760308399796486
train/0003/ex04_laughing_00249,0.008953524753451347,0.9057641625404358,0.08528228849172592
train/0003/ex04_whisper_00163,0.9178314805030823,0.07629168033599854,0.0058768996968865395
train/0003/ex04_sad_00074,0.021745828911662102,0.9268300533294678,0.05142413452267647
train/0003/ex04_happy_00237,0.03838042542338371,0.7673677802085876,0.19425183534622192
train/0003/ex04_laughing_00144,0.006781920790672302,0.3717239499092102,0.6214941143989563
train/0003/ex04_enunciated_00273,0.044485144317150116,0.8648229837417603,0.09069188684225082
train/0003/ex04_confused_00224,0.1465069204568863,0.798162579536438,0.05533052235841751
train/0003/ex04_default_00054,0.012909132987260818,0.8884416818618774,0.09864918142557144
train/0003/ex04_laughing_00091,0.007882850244641304,0.8918460011482239,0.10027118772268295
train/0003/ex04_default_00181,0.886479377746582,0.10973536223173141,0.0037851822562515736
train/0003/ex04_happy_00135,0.002444483106955886,0.05114184319972992,0.9464136958122253
train/0003/ex04_laughing_00246,0.04011426120996475,0.7950729727745056,0.16481275856494904
train/0003/ex04_enunciated_00171,0.724019467830658,0.25489702820777893,0.02108348347246647
train/0003/ex04_confused_00126,0.018403304740786552,0.9172393679618835,0.06435736268758774
train/0003/ex04_happy_00238,0.544342577457428,0.41930562257766724,0.036351751536130905
train/0003/ex04_default_emphasis_00053,0.1617005318403244,0.7561058402061462,0.08219361305236816
train/0003/ex04_default_00283,0.09250346571207047,0.8738288283348083,0.03366769105195999
train/0003/ex04_confused_00273,0.044485144317150116,0.8648229837417603,0.09069188684225082
train/0003/ex04_enunciated_00224,0.1465069204568863,0.798162579536438,0.05533052235841751
train/0003/ex04_laughing_00113,0.14315293729305267,0.8211254477500916,0.03572159260511398
train/0003/ex04_default_00003,0.008949189446866512,0.7124815583229065,0.2785693109035492
train/0003/ex04_sad_00023,0.03372572734951973,0.6336492300033569,0.33262506127357483
train/0003/ex04_happy_00260,0.36882123351097107,0.5984349846839905,0.03274371847510338
train/0003/ex04_enunciated_00129,0.3843013346195221,0.578095555305481,0.03760308399796486
train/0003/ex04_default_essentials_00025,0.0023395109456032515,0.018462635576725006,0.9791978597640991
train/0003/ex04_confused_00171,0.724019467830658,0.25489702820777893,0.02108348347246647
train/0003/ex04_enunciated_00126,0.018403304740786552,0.9172393679618835,0.06435736268758774
train/0003/ex04_laughing_00211,0.38622453808784485,0.6015468239784241,0.012228628620505333
train/0003/ex04_default_00301,0.10178479552268982,0.853824257850647,0.04439091309905052
train/0003/ex04_sad_00321,0.002571041462942958,0.05239035561680794,0.9450386166572571
train/0003/ex04_happy_00162,0.5358061790466309,0.40789228677749634,0.05630156397819519
train/0003/ex04_default_emphasis_00004,0.11966719478368759,0.85170578956604,0.02862708643078804
train/0003/ex04_default_emphasis_00138,0.006086945999413729,0.40682777762413025,0.5870853066444397
train/0003/ex04_happy_00286,0.05438198521733284,0.5729678273200989,0.3726502060890198
train/0003/ex04_confused_00295,0.16587591171264648,0.7694637179374695,0.06466033309698105
train/0003/ex04_confused_00198,0.1559411734342575,0.8237736225128174,0.02028518356382847
train/0003/ex04_sad_00110,0.001976852072402835,0.04557609558105469,0.9524470567703247
train/0003/ex04_confused_00340,0.014996616169810295,0.7406988739967346,0.24430446326732635
train/0003/ex04_laughing_00020,0.01098577305674553,0.4800642430782318,0.5089499950408936
train/0003/ex04_enunciated_00317,0.0582769401371479,0.81465083360672,0.1270722895860672
train/0003/ex04_default_00130,0.0034121812786906958,0.050873685628175735,0.9457141160964966
train/0003/ex04_happy_00289,0.030718348920345306,0.7270965576171875,0.2421851009130478
train/0003/ex04_default_emphasis_00137,0.03344906494021416,0.9033305048942566,0.06322052329778671
train/0003/ex04_happy_00184,0.14641505479812622,0.8176026344299316,0.03598230332136154
train/0003/ex04_confused_00197,0.02178374119102955,0.8359898328781128,0.14222638309001923
train/0003/ex04_sad_00212,0.1277129054069519,0.8393198847770691,0.03296726569533348
train/0003/ex04_happy_00051,0.30885159969329834,0.6596714854240417,0.03147689625620842
train/0003/ex04_confused_00042,0.005051002372056246,0.2128387987613678,0.7821101546287537
train/0003/ex04_laughing_00322,0.006015473045408726,0.3641349673271179,0.6298495531082153
train/0003/ex04_enunciated_00015,0.024103060364723206,0.8436758518218994,0.13222113251686096
train/0003/ex04_default_00232,0.02341957576572895,0.6297124028205872,0.3468680679798126
train/0003/ex04_enunciated_00318,0.16826660931110382,0.7565212249755859,0.07521211355924606
train/0003/ex04_whisper_00305,0.21832260489463806,0.7481784224510193,0.03349897637963295
train/0000/ex01_sad_00124,0.09331527352333069,0.2214377522468567,0.685247004032135
train/0000/ex01_default_essentials_00014,0.12473248690366745,0.6141887903213501,0.26107874512672424
train/0000/ex01_whisper_00181,0.06817713379859924,0.9053469300270081,0.026475882157683372
train/0000/ex01_sad_00229,0.9510234594345093,0.04294714704155922,0.00602935953065753
train/0000/ex01_happy_00191,0.15011385083198547,0.7947521209716797,0.05513400584459305
train/0000/ex01_laughing_00103,0.08125413954257965,0.8300952315330505,0.08865062147378922
train/0000/ex01_confused_00263,0.09773776680231094,0.8639469742774963,0.03831520676612854
train/0000/ex01_enunciated_00234,0.0861365869641304,0.7892341017723083,0.12462931871414185
train/0000/ex01_happy_00044,0.42561841011047363,0.5522869229316711,0.022094693034887314
train/0000/ex01_enunciated_00139,0.061238519847393036,0.8910596966743469,0.04770175367593765
train/0000/ex01_default_00163,0.5478026866912842,0.4274692237377167,0.024728083983063698
train/0000/ex01_whisper_00283,0.6149507761001587,0.3488615155220032,0.03618773818016052
train/0000/ex01_happy_00293,0.7307429313659668,0.2471829205751419,0.022074081003665924
train/0000/ex01_sad_00226,0.05619652196764946,0.8571894764900208,0.08661399036645889
train/0000/ex01_default_emphasis_00081,0.07307694107294083,0.8413060307502747,0.08561699837446213
train/0000/ex01_default_emphasis_00154,0.021450994536280632,0.8579719662666321,0.12057701498270035
train/0000/ex01_default_00261,0.33808982372283936,0.612741231918335,0.04916895925998688
train/0000/ex01_laughing_00201,0.10348877310752869,0.5827879905700684,0.31372329592704773
train/0000/ex01_confused_00161,0.47811925411224365,0.4477468430995941,0.07413389533758163
train/0000/ex01_enunciated_00136,0.0015370262553915381,0.013465494848787785,0.9849975109100342
train/0000/ex01_default_00050,0.3366757929325104,0.6486111879348755,0.014712996780872345
train/0000/ex01_happy_00177,0.11755525320768356,0.8345429301261902,0.04790176451206207
train/0000/ex01_enunciated_00307,0.0021030984353274107,0.0222207959741354,0.9756761789321899
train/0000/ex01_laughing_00030,0.010314112529158592,0.25060245394706726,0.739083468914032
train/0000/ex01_default_emphasis_00068,0.019423307850956917,0.7855461239814758,0.1950305849313736
train/0000/ex01_default_00288,0.007335247937589884,0.8460313677787781,0.1466333568096161
train/0000/ex01_confused_00285,0.0020812980365008116,0.06269340962171555,0.9352253079414368
train/0000/ex01_confused_00188,0.0019486392848193645,0.03166313096880913,0.9663881659507751
train/0000/ex01_default_00185,0.03771408647298813,0.9003682136535645,0.06191767379641533
train/0000/ex01_sad_00017,0.06335048377513885,0.899544894695282,0.03710460290312767
train/0000/ex01_happy_00275,0.07628533989191055,0.6600131392478943,0.26370155811309814
train/0000/ex01_enunciated_00005,0.934611439704895,0.05549872666597366,0.009889790788292885
train/0000/ex01_laughing_00332,0.8049635291099548,0.18273289501667023,0.01230356190353632
train/0000/ex01_confused_00052,0.007262867409735918,0.15934103727340698,0.8333961367607117
train/0000/ex01_default_emphasis_00067,0.019423307850956917,0.7855461239814758,0.1950305849313736
train/0000/ex01_happy_00178,0.013568513095378876,0.43671926856040955,0.5497122406959534
train/0000/ex01_enunciated_00308,0.23826156556606293,0.6759288907051086,0.08580955862998962
train/0000/ex01_whisper_00168,0.21566686034202576,0.7042288780212402,0.08010423183441162
train/0000/ex01_default_00287,0.2681424915790558,0.7048932909965515,0.026964157819747925
train/0000/ex01_sad_00315,0.010821131058037281,0.1929129958152771,0.7962658405303955
train/0000/ex01_sad_00018,0.12019705772399902,0.8009685277938843,0.07883438467979431
train/0000/ex01_confused_00187,0.0406685471534729,0.2662848234176636,0.6930466294288635
train/0000/ex01_confused_00307,0.0028960586059838533,0.04470908269286156,0.9523948431015015
train/0000/ex01_laughing_00067,0.4627123773097992,0.5145645141601562,0.022723134607076645
train/0000/ex01_sad_00298,0.5771271586418152,0.4008069634437561,0.022065872326493263
train/0000/ex01_happy_00120,0.0026804173830896616,0.024327417835593224,0.9729921221733093
train/0000/ex01_enunciated_00350,0.0087747722864151,0.9040786027908325,0.08714661002159119
train/0000/ex01_sad_00195,0.013984320685267448,0.24145343899726868,0.7445622682571411
train/0000/ex01_default_00007,0.3160598576068878,0.6646324992179871,0.019307684153318405
train/0000/ex01_sad_00040,0.08403421193361282,0.8599427938461304,0.05602296069264412
train/0000/ex01_enunciated_00188,0.0019486392848193645,0.03166313096880913,0.9663881659507751
train/0000/ex01_enunciated_00285,0.0020812980365008116,0.06269340962171555,0.9352253079414368
train/0000/ex01_sad_00297,0.016436055302619934,0.34364059567451477,0.6399233341217041
train/0000/ex01_laughing_00068,0.6234090924263,0.31068459153175354,0.0659063458442688
train/0000/ex01_confused_00308,0.23826156556606293,0.6759288907051086,0.08580955862998962
train/0000/ex01_default_emphasis_00030,0.19231551885604858,0.7254630327224731,0.08222145587205887
train/0000/ex01_default_00305,0.7990331649780273,0.18225252628326416,0.018714243546128273
train/0000/ex01_default_00008,0.015296543948352337,0.06837829947471619,0.9163252115249634
train/0000/ex01_confused_00005,0.934611439704895,0.05549872666597366,0.009889790788292885
train/0000/ex01_happy_00222,0.009442852810025215,0.30805525183677673,0.6825018525123596
train/0000/ex01_enunciated_00052,0.005406078416854143,0.11009404063224792,0.8844999074935913
train/0000/ex01_enunciated_00187,0.0406685471534729,0.2662848234176636,0.6930466294288635
train/0000/ex01_laughing_00081,0.6893656253814697,0.2851574718952179,0.025476891547441483
train/0000/ex01_sad_00173,0.058691106736660004,0.9039662480354309,0.03734258934855461
train/0000/ex01_laughing_00259,0.0749736949801445,0.8729673027992249,0.052059005945920944
train/0000/ex01_confused_00139,0.061238519847393036,0.8910596966743469,0.04770175367593765
train/0000/ex01_default_00134,0.07050777226686478,0.8958708047866821,0.033621471375226974
train/0000/ex01_whisper_00003,0.056700270622968674,0.8164567947387695,0.12684288620948792
train/0000/ex01_enunciated_00263,0.09773776680231094,0.8639469742774963,0.03831520676612854
train/0000/ex01_happy_00013,0.09841704368591309,0.8555321097373962,0.046050868928432465
train/0000/ex01_default_00239,0.07379854470491409,0.45511552691459656,0.4710860252380371
train/0000/ex01_confused_00234,0.0861365869641304,0.7892341017723083,0.12462931871414185
train/0000/ex01_laughing_00154,0.9206306338310242,0.07502958923578262,0.004339783452451229
train/0000/ex01_sad_00271,0.11234977841377258,0.8686320185661316,0.01901826448738575
train/0000/ex01_enunciated_00161,0.47811925411224365,0.4477468430995941,0.07413389533758163
train/0000/ex01_happy_00311,0.04687943309545517,0.9055273532867432,0.04759322479367256
train/0000/ex01_confused_00136,0.0017845244146883488,0.015559036284685135,0.9826564788818359
train/0000/ex01_laughing_00256,0.7918973565101624,0.1937766820192337,0.01432597916573286
train/0000/ex01_default_emphasis_00103,0.0026487933937460184,0.2318984717130661,0.7654527425765991
train/0000/ex01_default_00236,0.8525525331497192,0.13903634250164032,0.008411129005253315
train/0000/ex01_default_emphasis_00144,0.39603716135025024,0.5217001438140869,0.08226266503334045
train/0000/ex01_default_00271,0.11234977841377258,0.8686320185661316,0.01901826448738575
train/0000/ex01_enunciated_00126,0.21285784244537354,0.7673453092575073,0.01979689858853817
train/0000/ex01_confused_00171,0.02437630295753479,0.9254720211029053,0.05015166476368904
train/0000/ex01_laughing_00211,0.2685151696205139,0.683846116065979,0.0476386658847332
train/0000/ex01_whisper_00293,0.7307429313659668,0.2471829205751419,0.022074081003665924
train/0000/ex01_happy_00283,0.6149507761001587,0.3488615155220032,0.03618773818016052
train/0000/ex01_default_emphasis_00091,0.017791971564292908,0.7574056386947632,0.22480246424674988
train/0000/ex01_sad_00236,0.8525525331497192,0.13903634250164032,0.008411129005253315
train/0000/ex01_enunciated_00224,0.3808194100856781,0.5997057557106018,0.019474832341074944
train/0000/ex01_happy_00054,0.41790857911109924,0.5568651556968689,0.025226294994354248
train/0000/ex01_confused_00273,0.08212298899888992,0.8162463903427124,0.10163071006536484
train/0000/ex01_laughing_00113,0.03567039221525192,0.8623397946357727,0.10198979079723358
train/0000/ex01_default_00173,0.058691106736660004,0.9039662480354309,0.03734258934855461
train/0000/ex01_enunciated_00129,0.8869561553001404,0.10890884697437286,0.004134980961680412
train/0000/ex01_default_essentials_00004,0.0728394091129303,0.5325207710266113,0.3946398198604584
train/0000/ex01_sad_00134,0.07050777226686478,0.8958708047866821,0.033621471375226974
train/0000/ex01_whisper_00191,0.17204423248767853,0.774295449256897,0.053660329431295395
train/0000/ex01_happy_00181,0.06817713379859924,0.9053469300270081,0.026475882157683372
train/0000/ex01_sad_00239,0.07379854470491409,0.45511552691459656,0.4710860252380371
train/0000/ex01_sad_00305,0.7990331649780273,0.18225252628326416,0.018714243546128273
train/0000/ex01_default_00297,0.016436055302619934,0.34364059567451477,0.6399233341217041
train/0000/ex01_confused_00197,0.007605736143887043,0.2975133955478668,0.6948808431625366
train/0000/ex01_sad_00008,0.015296543948352337,0.06837829947471619,0.9163252115249634
train/0000/ex01_confused_00042,0.01802155189216137,0.8499716520309448,0.13200679421424866
train/0000/ex01_laughing_00322,0.0245877243578434,0.25490280985832214,0.7205094695091248
train/0000/ex01_whisper_00275,0.07628533989191055,0.6600131392478943,0.26370155811309814
train/0000/ex01_happy_00265,0.06765788793563843,0.8342952132225037,0.09804695844650269
train/0000/ex01_enunciated_00015,0.506630539894104,0.48133498430252075,0.012034468352794647
train/0000/ex01_happy_00168,0.21566686034202576,0.7042288780212402,0.08010423183441162
train/0000/ex01_enunciated_00318,0.10002385079860687,0.8306068181991577,0.06936933845281601
train/0000/ex01_whisper_00178,0.013568513095378876,0.43671926856040955,0.5497122406959534
train/0000/ex01_default_emphasis_00077,0.5196707844734192,0.4651091694831848,0.015220045112073421
train/0000/ex01_default_00298,0.5771271586418152,0.4008069634437561,0.022065872326493263
train/0000/ex01_confused_00295,0.04008272662758827,0.3817845284938812,0.5781327486038208
train/0000/ex01_sad_00007,0.3160598576068878,0.6646324992179871,0.019307684153318405
train/0000/ex01_confused_00198,0.1475757211446762,0.7512769103050232,0.10114739090204239
train/0000/ex01_default_00195,0.013984320685267448,0.24145343899726868,0.7445622682571411
train/0000/ex01_default_00040,0.08403421193361282,0.8599427938461304,0.05602296069264412
train/0000/ex01_confused_00340,0.08175257593393326,0.8461171984672546,0.07213019579648972
train/0000/ex01_default_emphasis_00078,0.5196707844734192,0.4651091694831848,0.015220045112073421
train/0000/ex01_laughing_00020,0.32763487100601196,0.5546064972877502,0.11775866150856018
train/0000/ex01_happy_00167,0.2935105264186859,0.5292295813560486,0.1772598922252655
train/0000/ex01_enunciated_00317,0.255113810300827,0.7076510190963745,0.03723512962460518
train/0000/ex01_enunciated_00197,0.007605736143887043,0.2975133955478668,0.6948808431625366
train/0000/ex01_confused_00318,0.10002385079860687,0.8306068181991577,0.06936933845281601
train/0000/ex01_default_emphasis_00020,0.02628076635301113,0.4921036958694458,0.48161551356315613
train/0000/ex01_laughing_00078,0.12116102129220963,0.8330087661743164,0.04583018645644188
train/0000/ex01_default_00315,0.010821131058037281,0.1929129958152771,0.7962658405303955
train/0000/ex01_sad_00287,0.2681424915790558,0.7048932909965515,0.026964157819747925
train/0000/ex01_happy_00232,0.1338081657886505,0.8068786859512329,0.05931312218308449
train/0000/ex01_enunciated_00042,0.01802155189216137,0.8499716520309448,0.13200679421424866
train/0000/ex01_default_00018,0.12019705772399902,0.8009685277938843,0.07883438467979431
train/0000/ex01_confused_00015,0.506630539894104,0.48133498430252075,0.012034468352794647
train/0000/ex01_enunciated_00198,0.1475757211446762,0.7512769103050232,0.10114739090204239
train/0000/ex01_sad_00050,0.3366757929325104,0.6486111879348755,0.014712996780872345
train/0000/ex01_enunciated_00295,0.04008272662758827,0.3817845284938812,0.5781327486038208
train/0000/ex01_whisper_00120,0.0026804173830896616,0.024327417835593224,0.9729921221733093
train/0000/ex01_happy_00130,0.26505130529403687,0.7087653875350952,0.0261833555996418
train/0000/ex01_enunciated_00340,0.08175257593393326,0.8461171984672546,0.07213019579648972
train/0000/ex01_sad_00288,0.007335247937589884,0.8460313677787781,0.1466333568096161
train/0000/ex01_laughing_00077,0.04558243229985237,0.8670352101325989,0.08738237619400024
train/0000/ex01_confused_00317,0.255113810300827,0.7076510190963745,0.03723512962460518
train/0000/ex01_default_00017,0.06335048377513885,0.899544894695282,0.03710460290312767
train/0000/ex01_sad_00185,0.03771408647298813,0.9003682136535645,0.06191767379641533
train/0000/ex01_laughing_00246,0.2380395233631134,0.7378214597702026,0.02413899451494217
train/0000/ex01_confused_00126,0.21285784244537354,0.7673453092575073,0.01979689858853817
train/0000/ex01_whisper_00311,0.04687943309545517,0.9055273532867432,0.04759322479367256
train/0000/ex01_enunciated_00171,0.02437630295753479,0.9254720211029053,0.05015166476368904
train/0000/ex01_happy_00301,0.08034338057041168,0.8588988184928894,0.060757748782634735
train/0000/ex01_default_emphasis_00113,0.017774898558855057,0.9397718906402588,0.04245314747095108
train/0000/ex01_default_00226,0.05619652196764946,0.8571894764900208,0.08661399036645889
train/0000/ex01_sad_00261,0.33808982372283936,0.612741231918335,0.04916895925998688
train/0000/ex01_confused_00129,0.8869561553001404,0.10890884697437286,0.004134980961680412
train/0000/ex01_laughing_00249,0.05894189700484276,0.9059048295021057,0.03515337407588959
train/0000/ex01_default_00124,0.09331527352333069,0.2214377522468567,0.685247004032135
train/0000/ex01_default_00229,0.9510234594345093,0.04294714704155922,0.00602935953065753
train/0000/ex01_laughing_00144,0.2129589468240738,0.7496913075447083,0.03734976798295975
train/0000/ex01_confused_00224,0.3808194100856781,0.5997057557106018,0.019474832341074944
train/0000/ex01_whisper_00013,0.09841704368591309,0.8555321097373962,0.046050868928432465
train/0000/ex01_enunciated_00273,0.07510779052972794,0.789325475692749,0.13556674122810364
train/0000/ex01_happy_00003,0.056700270622968674,0.8164567947387695,0.12684288620948792
train/0000/ex01_laughing_00091,0.0057254452258348465,0.1786339432001114,0.8156405687332153
train/0000/ex01_sad_00163,0.5478026866912842,0.4274692237377167,0.024728083983063698
train/0000/ex01_default_emphasis_00047,0.005083025433123112,0.7143651247024536,0.28055188059806824
train/0000/ex01_enunciated_00328,0.6477631330490112,0.33262544870376587,0.019611429423093796
train/0000/ex01_happy_00158,0.35160067677497864,0.620212733745575,0.028186578303575516
train/0000/ex01_enunciated_00025,0.010994760319590569,0.6826502680778503,0.30635496973991394
train/0000/ex01_happy_00255,0.17085178196430206,0.7221494317054749,0.1069987416267395
train/0000/ex01_laughing_00312,0.7353631258010864,0.2467956244945526,0.017841244116425514
train/0000/ex01_confused_00072,0.12179935723543167,0.837688148021698,0.040512509644031525
train/0000/ex01_sad_00038,0.1694466769695282,0.6266451478004456,0.20390816032886505
train/0000/ex01_sad_00335,0.0042302655056118965,0.04203590378165245,0.9537338614463806
train/0000/ex01_enunciated_00327,0.23816345632076263,0.7226806879043579,0.03915586695075035
train/0000/ex01_happy_00157,0.006597578525543213,0.4201750159263611,0.5732273459434509
train/0000/ex01_laughing_00010,0.3962215781211853,0.5625858902931213,0.04119255021214485
train/0000/ex01_default_emphasis_00048,0.005083025433123112,0.7143651247024536,0.28055188059806824
train/0000/ex01_default_00070,0.055904604494571686,0.9139510989189148,0.03014429286122322
train/0000/ex01_sad_00037,0.016855813562870026,0.8796430826187134,0.10350114852190018
train/0000/ex01_happy_00082,0.0656890943646431,0.8437982201576233,0.09051273763179779
train/0000/ex01_sad_00206,0.1642472743988037,0.6708496809005737,0.16490299999713898
train/0000/ex01_confused_00094,0.9206163287162781,0.07435252517461777,0.005031187552958727
train/0000/ex01_default_00099,0.0379234217107296,0.5490916967391968,0.4129849076271057
train/0000/ex01_laughing_00221,0.007590672001242638,0.06916914135217667,0.9232401251792908
train/0000/ex01_confused_00141,0.11989634484052658,0.8524045944213867,0.02769908308982849
train/0000/ex01_enunciated_00116,0.36255505681037903,0.6150806546211243,0.022364303469657898
train/0000/ex01_default_00241,0.40598830580711365,0.5439103245735168,0.05010135844349861
train/0000/ex01_sad_00209,0.001326381810940802,0.007312688510864973,0.9913609623908997
train/0000/ex01_sad_00104,0.2549145519733429,0.7213082909584045,0.023777101188898087
train/0000/ex01_default_00096,0.1586066484451294,0.6788002252578735,0.1625930368900299
train/0000/ex01_enunciated_00119,0.04589886963367462,0.8187190294265747,0.13538208603858948
train/0000/ex01_default_00143,0.18321244418621063,0.7323426604270935,0.08444487303495407
train/0000/ex01_laughing_00123,0.4636572301387787,0.5051567554473877,0.031185965985059738
train/0000/ex01_confused_00243,0.3831736147403717,0.5929059982299805,0.02392043173313141
train/0000/ex01_happy_00064,0.15540975332260132,0.8143333792686462,0.03025687485933304
train/0000/ex01_enunciated_00214,0.5483847856521606,0.37285855412483215,0.07875671237707138
train/0000/ex01_enunciated_00094,0.8614933490753174,0.12586477398872375,0.01264182198792696
train/0000/ex01_sad_00251,0.16472893953323364,0.7835984826087952,0.05167263001203537
train/0000/ex01_default_00216,0.01593954861164093,0.8684267997741699,0.11563356220722198
train/0000/ex01_default_emphasis_00123,0.729300320148468,0.2537227272987366,0.016976941376924515
train/0000/ex01_sad_00089,0.110797218978405,0.7882373332977295,0.1009654626250267
train/0000/ex01_happy_00331,0.32783815264701843,0.4431297183036804,0.22903215885162354
train/0000/ex01_enunciated_00141,0.11989634484052658,0.8524045944213867,0.02769908308982849
train/0000/ex01_whisper_00321,0.0033801691606640816,0.8186562657356262,0.177963525056839
train/0000/ex01_confused_00116,0.36255505681037903,0.6150806546211243,0.022364303469657898
train/0000/ex01_laughing_00276,0.009909792803227901,0.17843396961688995,0.8116561770439148
train/0000/ex01_sad_00153,0.05409545078873634,0.9080809950828552,0.03782361000776291
train/0000/ex01_happy_00033,0.9064819812774658,0.08904768526554108,0.004470272455364466
train/0000/ex01_enunciated_00243,0.3831736147403717,0.5929059982299805,0.02392043173313141
train/0000/ex01_confused_00214,0.5483847856521606,0.37285855412483215,0.07875671237707138
train/0000/ex01_laughing_00174,0.28920507431030273,0.6855459213256836,0.025248991325497627
train/0000/ex01_default_00219,0.3161657750606537,0.6433742046356201,0.040460050106048584
train/0000/ex01_default_00114,0.001517502125352621,0.008492719382047653,0.9899897575378418
train/0000/ex01_laughing_00279,0.5931952595710754,0.3620343804359436,0.04477030411362648
train/0000/ex01_confused_00119,0.04589886963367462,0.8187190294265747,0.13538208603858948
train/0000/ex01_sad_00086,0.08881758898496628,0.8537924289703369,0.057389937341213226
train/0000/ex01_confused_00025,0.010994760319590569,0.6826502680778503,0.30635496973991394
train/0000/ex01_laughing_00345,0.00596356438472867,0.374716579914093,0.6193198561668396
train/0000/ex01_default_00028,0.10269877314567566,0.8518996238708496,0.04540156200528145
train/0000/ex01_enunciated_00072,0.09682762622833252,0.8264081478118896,0.07676419615745544
train/0000/ex01_happy_00202,0.046496402472257614,0.8908925652503967,0.06261105835437775
train/0000/ex01_whisper_00212,0.06346911936998367,0.8538205027580261,0.08271034061908722
train/0000/ex01_default_00325,0.046825505793094635,0.9242626428604126,0.028911883011460304
train/0000/ex01_laughing_00048,0.004011126700788736,0.1062881126999855,0.8897007703781128
train/0000/ex01_default_emphasis_00010,0.5874437689781189,0.3624471426010132,0.050109077244997025
train/0000/ex01_confused_00328,0.6477631330490112,0.33262544870376587,0.019611429423093796
train/0000/ex01_default_00027,0.33462026715278625,0.6275720000267029,0.03780775144696236
train/0000/ex01_confused_00327,0.23816345632076263,0.7226806879043579,0.03915586695075035
train/0000/ex01_laughing_00047,0.002933175303041935,0.4364123046398163,0.5606545209884644
train/0000/ex01_happy_00100,0.039832718670368195,0.9309055805206299,0.029261738061904907
train/0000/ex01_laughing_00192,0.8561681509017944,0.13510727882385254,0.008724535815417767
train/0000/ex01_sad_00060,0.010881006717681885,0.1989162415266037,0.7902027368545532
train/0000/ex01_sad_00027,0.33462026715278625,0.6275720000267029,0.03780775144696236
train/0000/ex01_happy_00092,0.5736771821975708,0.3814593255519867,0.044863536953926086
train/0000/ex01_whisper_00082,0.0656890943646431,0.8437982201576233,0.09051273763179779
train/0000/ex01_default_emphasis_00058,0.5590993165969849,0.4163825809955597,0.024518122896552086
train/0000/ex01_enunciated_00337,0.9547984600067139,0.042630914598703384,0.002570629818364978
train/0000/ex01_happy_00147,0.09481792151927948,0.8572410941123962,0.04794105887413025
train/0000/ex01_whisper_00157,0.006597578525543213,0.4201750159263611,0.5732273459434509
train/0000/ex01_default_00060,0.010881006717681885,0.1989162415266037,0.7902027368545532
train/0000/ex01_sad_00028,0.10269877314567566,0.8518996238708496,0.04540156200528145
train/0000/ex01_sad_00325,0.0478268526494503,0.9235584735870361,0.02861473523080349
train/0000/ex01_whisper_00158,0.35160067677497864,0.620212733745575,0.028186578303575516
train/0000/ex01_enunciated_00338,0.0037879094015806913,0.043755486607551575,0.9524565935134888
train/0000/ex01_happy_00148,0.09721275418996811,0.806721568107605,0.09606567025184631
train/0000/ex01_default_emphasis_00057,0.5590993165969849,0.4163825809955597,0.024518122896552086
train/0000/ex01_confused_00062,0.18447275459766388,0.6792929768562317,0.1362343281507492
train/0000/ex01_laughing_00302,0.00579140055924654,0.4916898012161255,0.5025187730789185
train/0000/ex01_enunciated_00035,0.023828348144888878,0.9180503487586975,0.05812123790383339
train/0000/ex01_happy_00245,0.06899245083332062,0.8051827549934387,0.1258247345685959
train/0000/ex01_whisper_00255,0.17085178196430206,0.7221494317054749,0.1069987416267395
train/0000/ex01_default_00153,0.05409545078873634,0.9080809950828552,0.03782361000776291
train/0000/ex01_enunciated_00109,0.07654640078544617,0.6790375709533691,0.24441605806350708
train/0000/ex01_happy_00074,0.133316308259964,0.8150005340576172,0.051683202385902405
train/0000/ex01_enunciated_00204,0.011311614885926247,0.2128937542438507,0.7757946848869324
train/0000/ex01_whisper_00064,0.15540975332260132,0.8143333792686462,0.03025687485933304
train/0000/ex01_confused_00253,0.28489065170288086,0.6767551302909851,0.038354188203811646
train/0000/ex01_laughing_00133,0.6515070796012878,0.3355253338813782,0.012967588379979134
train/0000/ex01_sad_00219,0.3161657750606537,0.6433742046356201,0.040460050106048584
train/0000/ex01_default_00086,0.08881758898496628,0.8537924289703369,0.057389937341213226
train/0000/ex01_default_essentials_00024,0.007132745813578367,0.13990214467048645,0.8529651165008545
train/0000/ex01_sad_00114,0.001517502125352621,0.008492719382047653,0.9899897575378418
train/0000/ex01_enunciated_00106,0.02003675140440464,0.5626609325408936,0.4173023998737335
train/0000/ex01_confused_00151,0.0024392283521592617,0.047571152448654175,0.9499896168708801
train/0000/ex01_laughing_00231,0.36839959025382996,0.5681930780410767,0.063407301902771
train/0000/ex01_default_00251,0.16472893953323364,0.7835984826087952,0.05167263001203537
train/0000/ex01_sad_00216,0.01593954861164093,0.8684267997741699,0.11563356220722198
train/0000/ex01_confused_00084,0.02635255455970764,0.9110207557678223,0.06262673437595367
train/0000/ex01_default_00089,0.110797218978405,0.7882373332977295,0.1009654626250267
train/0000/ex01_laughing_00164,0.09403518587350845,0.6429035663604736,0.2630612254142761
train/0000/ex01_confused_00204,0.011311614885926247,0.2128937542438507,0.7757946848869324
train/0000/ex01_default_00209,0.001326381810940802,0.007312688510864973,0.9913609623908997
train/0000/ex01_happy_00023,0.32605093717575073,0.6526063084602356,0.02134278230369091
train/0000/ex01_enunciated_00253,0.28489065170288086,0.6767551302909851,0.038354188203811646
train/0000/ex01_whisper_00033,0.9064819812774658,0.08904768526554108,0.004470272455364466
train/0000/ex01_default_00104,0.2549145519733429,0.7213082909584045,0.023777101188898087
train/0000/ex01_confused_00109,0.07654640078544617,0.6790375709533691,0.24441605806350708
train/0000/ex01_laughing_00269,0.4984146058559418,0.4699060618877411,0.031679313629865646
train/0000/ex01_sad_00143,0.18321244418621063,0.7323426604270935,0.08444487303495407
train/0000/ex01_default_00206,0.1642472743988037,0.6708496809005737,0.16490299999713898
train/0000/ex01_default_emphasis_00133,0.19502192735671997,0.7336761355400085,0.0713018923997879
train/0000/ex01_laughing_00266,0.7641305327415466,0.22388644516468048,0.011983045376837254
train/0000/ex01_confused_00106,0.037124838680028915,0.7065964937210083,0.2562786340713501
train/0000/ex01_happy_00321,0.0038853457663208246,0.8316911458969116,0.16442357003688812
train/0000/ex01_enunciated_00151,0.0024392283521592617,0.047571152448654175,0.9499896168708801
train/0000/ex01_sad_00099,0.0379234217107296,0.5490916967391968,0.4129849076271057
train/0000/ex01_enunciated_00084,0.02635255455970764,0.9110207557678223,0.06262673437595367
train/0000/ex01_sad_00241,0.40598830580711365,0.5439103245735168,0.05010135844349861
train/0000/ex01_laughing_00182,0.03654542565345764,0.9145725965499878,0.04888192191720009
train/0000/ex01_sad_00070,0.055904604494571686,0.9139510989189148,0.03014429286122322
train/0000/ex01_default_00037,0.016855813562870026,0.8796430826187134,0.10350114852190018
train/0000/ex01_happy_00110,0.015987271443009377,0.9244400858879089,0.05957257002592087
train/0000/ex01_laughing_00057,0.3889138102531433,0.5686177611351013,0.04246842488646507
train/0000/ex01_confused_00337,0.9547984600067139,0.042630914598703384,0.002570629818364978
train/0000/ex01_laughing_00280,0.0022697756066918373,0.3924647867679596,0.6052654385566711
train/0000/ex01_enunciated_00062,0.18447275459766388,0.6792929768562317,0.1362343281507492
train/0000/ex01_happy_00212,0.06346911936998367,0.8538205027580261,0.08271034061908722
train/0000/ex01_whisper_00202,0.046496402472257614,0.8908925652503967,0.06261105835437775
train/0000/ex01_confused_00035,0.07312256097793579,0.8814749121665955,0.04540259391069412
train/0000/ex01_default_00038,0.1694466769695282,0.6266451478004456,0.20390816032886505
train/0000/ex01_default_00335,0.0042302655056118965,0.04203590378165245,0.9537338614463806
train/0000/ex01_confused_00338,0.0037879094015806913,0.043755486607551575,0.9524565935134888
train/0000/ex01_laughing_00058,0.0020303516648709774,0.03597860783338547,0.961991012096405
train/0000/ex01_confused_00179,0.6307037472724915,0.33001598715782166,0.03928028792142868
train/0000/ex01_laughing_00219,0.3161657750606537,0.6433742046356201,0.040460050106048584
train/0000/ex01_default_00174,0.28920507431030273,0.6855459213256836,0.025248991325497627
train/0000/ex01_default_00279,0.5931952595710754,0.3620343804359436,0.04477030411362648
train/0000/ex01_laughing_00114,0.001517502125352621,0.008492719382047653,0.9899897575378418
train/0000/ex01_confused_00274,0.23232674598693848,0.7164735198020935,0.05119975283741951
train/0000/ex01_happy_00053,0.1821247786283493,0.6783141493797302,0.13956104218959808
train/0000/ex01_enunciated_00223,0.28974851965904236,0.6785893440246582,0.03166212514042854
train/0000/ex01_default_emphasis_00099,0.11382808536291122,0.8108349442481995,0.07533695548772812
train/0000/ex01_whisper_00196,0.010744685307145119,0.11440137773752213,0.8748539686203003
train/0000/ex01_happy_00186,0.01561309676617384,0.3185259699821472,0.6658609509468079
train/0000/ex01_sad_00133,0.6515070796012878,0.3355253338813782,0.012967588379979134
train/0000/ex01_default_essentials_00003,0.05254159867763519,0.47337719798088074,0.47408124804496765
train/0000/ex01_laughing_00216,0.01593954861164093,0.8684267997741699,0.11563356220722198
train/0000/ex01_confused_00176,0.1350136697292328,0.645368754863739,0.21961753070354462
train/0000/ex01_whisper_00341,0.013235438615083694,0.8277013897895813,0.1590631902217865
train/0000/ex01_enunciated_00121,0.5801613330841064,0.3988630771636963,0.020975586026906967
train/0000/ex01_default_emphasis_00143,0.39603716135025024,0.5217001438140869,0.08226266503334045
train/0000/ex01_default_00276,0.009909792803227901,0.17843396961688995,0.8116561770439148
train/0000/ex01_happy_00189,0.7438677549362183,0.2343946248292923,0.021737556904554367
train/0000/ex01_sad_00231,0.12523595988750458,0.8355967998504639,0.03916719928383827
train/0000/ex01_default_emphasis_00096,0.016800347715616226,0.9100514650344849,0.07314817607402802
train/0000/ex01_whisper_00294,0.006583706475794315,0.6326388716697693,0.36077746748924255
train/0000/ex01_happy_00284,0.2500457465648651,0.7112945318222046,0.038659729063510895
train/0000/ex01_default_00192,0.8561681509017944,0.13510727882385254,0.008724535815417767
train/0000/ex01_confused_00292,0.01389733050018549,0.8717520236968994,0.11435067653656006
train/0000/ex01_whisper_00170,0.02944665215909481,0.7905753254890442,0.17997810244560242
train/0000/ex01_enunciated_00310,0.6671473383903503,0.31046605110168457,0.022386640310287476
train/0000/ex01_happy_00160,0.21680177748203278,0.7713313698768616,0.011866853572428226
train/0000/ex01_laughing_00027,0.33462026715278625,0.6275720000267029,0.03780775144696236
train/0000/ex01_confused_00347,0.0015707288403064013,0.005976294167339802,0.9924530386924744
train/0000/ex01_default_00047,0.002933175303041935,0.4364123046398163,0.5606545209884644
train/0000/ex01_confused_00190,0.03951055556535721,0.4044853448867798,0.5560041666030884
train/0000/ex01_default_00290,0.15250930190086365,0.5551228523254395,0.2923678457736969
train/0000/ex01_sad_00302,0.00579140055924654,0.4916898012161255,0.5025187730789185
train/0000/ex01_default_emphasis_00070,0.5791425704956055,0.4078078866004944,0.01304952148348093
train/0000/ex01_confused_00348,0.010422191582620144,0.7489804029464722,0.2405974417924881
train/0000/ex01_laughing_00028,0.10269877314567566,0.8518996238708496,0.04540156200528145
train/0000/ex01_enunciated_00012,0.06491482257843018,0.776904284954071,0.15818087756633759
train/0000/ex01_happy_00262,0.002031004521995783,0.013019852340221405,0.9849491715431213
train/0000/ex01_default_00048,0.004011126700788736,0.1062881126999855,0.8897007703781128
train/0000/ex01_laughing_00325,0.046825505793094635,0.9242626428604126,0.028911883011460304
train/0000/ex01_confused_00045,0.02798333205282688,0.9310041666030884,0.04101243615150452
train/0000/ex01_enunciated_00292,0.01389733050018549,0.8717520236968994,0.11435067653656006
train/0000/ex01_sad_00057,0.3889138102531433,0.5686177611351013,0.04246842488646507
train/0000/ex01_sad_00182,0.03654542565345764,0.9145725965499878,0.04888192191720009
train/0000/ex01_default_00010,0.3962215781211853,0.5625858902931213,0.04119255021214485
train/0000/ex01_default_emphasis_00028,0.19231551885604858,0.7254630327224731,0.08222145587205887
train/0000/ex01_confused_00310,0.6671473383903503,0.31046605110168457,0.022386640310287476
train/0000/ex01_laughing_00070,0.055904604494571686,0.9139510989189148,0.03014429286122322
train/0000/ex01_enunciated_00347,0.0015707288403064013,0.005976294167339802,0.9924530386924744
train/0000/ex01_happy_00137,0.14243389666080475,0.7895137667655945,0.06805241852998734
train/0000/ex01_enunciated_00190,0.03951055556535721,0.4044853448867798,0.5560041666030884
train/0000/ex01_sad_00058,0.0020303516648709774,0.03597860783338547,0.961991012096405
train/0000/ex01_confused_00012,0.06491482257843018,0.776904284954071,0.15818087756633759
train/0000/ex01_whisper_00225,0.5086113214492798,0.4705534279346466,0.02083522081375122
train/0000/ex01_enunciated_00045,0.02760813944041729,0.92186039686203,0.050531450659036636
train/0000/ex01_happy_00235,0.008860199712216854,0.3421874940395355,0.648952305316925
train/0000/ex01_enunciated_00348,0.010422191582620144,0.7489804029464722,0.2405974417924881
train/0000/ex01_happy_00138,0.4612525701522827,0.4762267768383026,0.06252063810825348
train/0000/ex01_sad_00280,0.0022697756066918373,0.3924647867679596,0.6052654385566711
train/0000/ex01_default_emphasis_00027,0.19231551885604858,0.7254630327224731,0.08222145587205887
train/0000/ex01_default_00312,0.7353631258010864,0.2467956244945526,0.017841244116425514
train/0000/ex01_happy_00004,0.001499176723882556,0.2551906406879425,0.7433101534843445
train/0000/ex01_enunciated_00274,0.23232674598693848,0.7164735198020935,0.05119975283741951
train/0000/ex01_confused_00223,0.3123345673084259,0.6629528999328613,0.024712545797228813
train/0000/ex01_laughing_00143,0.18321244418621063,0.7323426604270935,0.08444487303495407
train/0000/ex01_default_00123,0.4636572301387787,0.5051567554473877,0.031185965985059738
train/0000/ex01_happy_00309,0.04435981065034866,0.8773670196533203,0.07827317714691162
train/0000/ex01_enunciated_00179,0.6307037472724915,0.33001598715782166,0.03928028792142868
train/0000/ex01_sad_00164,0.09403518587350845,0.6429035663604736,0.2630612254142761
train/0000/ex01_sad_00269,0.4984146058559418,0.4699060618877411,0.031679313629865646
train/0000/ex01_laughing_00096,0.1586066484451294,0.6788002252578735,0.1625930368900299
train/0000/ex01_default_emphasis_00114,0.8239801526069641,0.16485798358917236,0.011161955073475838
train/0000/ex01_default_00221,0.007590672001242638,0.06916914135217667,0.9232401251792908
train/0000/ex01_happy_00306,0.19590136408805847,0.7620384693145752,0.04206017032265663
train/0000/ex01_enunciated_00176,0.1350136697292328,0.645368754863739,0.21961753070354462
train/0000/ex01_confused_00121,0.5801613330841064,0.3988630771636963,0.020975586026906967
train/0000/ex01_laughing_00241,0.40598830580711365,0.5439103245735168,0.05010135844349861
train/0000/ex01_laughing_00099,0.0379234217107296,0.5490916967391968,0.4129849076271057
train/0000/ex01_sad_00266,0.8060329556465149,0.1834965944290161,0.010470451787114143
train/0000/ex01_default_emphasis_00086,0.05592487007379532,0.8757807612419128,0.06829436123371124
train/0000/ex01_sad_00221,0.007590672001242638,0.06916914135217667,0.9232401251792908
train/0000/ex01_happy_00199,0.01746808923780918,0.91737300157547,0.06515898555517197
train/0000/ex01_happy_00294,0.006583706475794315,0.6326388716697693,0.36077746748924255
train/0000/ex01_enunciated_00131,0.0409095361828804,0.6345272064208984,0.3245633542537689
train/0000/ex01_confused_00166,0.024788828566670418,0.6306429505348206,0.34456828236579895
train/0000/ex01_laughing_00206,0.1642472743988037,0.6708496809005737,0.16490299999713898
train/0000/ex01_default_emphasis_00153,0.021450994536280632,0.8579719662666321,0.12057701498270035
train/0000/ex01_default_00266,0.8060329556465149,0.1834965944290161,0.010470451787114143
train/0000/ex01_whisper_00186,0.01441306620836258,0.3276643753051758,0.6579225063323975
train/0000/ex01_happy_00196,0.010744685307145119,0.11440137773752213,0.8748539686203003
train/0000/ex01_default_emphasis_00089,0.3786522448062897,0.6053951978683472,0.015952548012137413
train/0000/ex01_default_essentials_00013,0.0018829663749784231,0.02551122196018696,0.9726057648658752
train/0000/ex01_sad_00123,0.3426739275455475,0.6139296293258667,0.043396443128585815
train/0000/ex01_laughing_00209,0.001326381810940802,0.007312688510864973,0.9913609623908997
train/0000/ex01_confused_00169,0.5439252257347107,0.4137207865715027,0.04235396906733513
train/0000/ex01_default_00164,0.09403518587350845,0.6429035663604736,0.2630612254142761
train/0000/ex01_whisper_00053,0.1821247786283493,0.6783141493797302,0.13956104218959808
train/0000/ex01_happy_00043,0.5395464301109314,0.28183549642562866,0.17861807346343994
train/0000/ex01_enunciated_00233,0.12300042808055878,0.832811176776886,0.044188421219587326
train/0000/ex01_default_00269,0.4984146058559418,0.4699060618877411,0.031679313629865646
train/0000/ex01_confused_00264,0.09075991809368134,0.8324441313743591,0.07679592818021774
train/0000/ex01_laughing_00104,0.2549145519733429,0.7213082909584045,0.023777101188898087
train/0000/ex01_laughing_00038,0.1694466769695282,0.6266451478004456,0.20390816032886505
train/0000/ex01_default_emphasis_00060,0.5590993165969849,0.4163825809955597,0.024518122896552086
train/0000/ex01_default_00058,0.0020303516648709774,0.03597860783338547,0.961991012096405
train/0000/ex01_confused_00055,0.001678473548963666,0.023746998980641365,0.9745745062828064
train/0000/ex01_laughing_00335,0.0042302655056118965,0.04203590378165245,0.9537338614463806
train/0000/ex01_enunciated_00002,0.4619651436805725,0.4928797781467438,0.04515504464507103
train/0000/ex01_happy_00272,0.09063377976417542,0.821537435054779,0.08782881498336792
train/0000/ex01_confused_00180,0.0458298921585083,0.7599113583564758,0.19425879418849945
train/0000/ex01_sad_00312,0.7353631258010864,0.2467956244945526,0.017841244116425514
train/0000/ex01_default_00280,0.0022697756066918373,0.3924647867679596,0.6052654385566711
train/0000/ex01_laughing_00037,0.016855813562870026,0.8796430826187134,0.10350114852190018
train/0000/ex01_whisper_00160,0.21680177748203278,0.7713313698768616,0.011866853572428226
train/0000/ex01_enunciated_00300,0.6375640034675598,0.3535878658294678,0.00884819682687521
train/0000/ex01_happy_00170,0.02944665215909481,0.7905753254890442,0.17997810244560242
train/0000/ex01_default_00057,0.3889138102531433,0.5686177611351013,0.04246842488646507
train/0000/ex01_sad_00010,0.3962215781211853,0.5625858902931213,0.04119255021214485
train/0000/ex01_default_00182,0.03654542565345764,0.9145725965499878,0.04888192191720009
train/0000/ex01_confused_00282,0.11855295300483704,0.8417866230010986,0.039660416543483734
train/0000/ex01_enunciated_00055,0.001678473548963666,0.023746998980641365,0.9745745062828064
train/0000/ex01_happy_00225,0.5086113214492798,0.4705534279346466,0.02083522081375122
train/0000/ex01_confused_00002,0.4619651436805725,0.4928797781467438,0.04515504464507103
train/0000/ex01_default_emphasis_00037,0.004932991694658995,0.22957667708396912,0.7654902935028076
train/0000/ex01_default_00302,0.00579140055924654,0.4916898012161255,0.5025187730789185
train/0000/ex01_sad_00290,0.15250930190086365,0.5551228523254395,0.2923678457736969
train/0000/ex01_happy_00128,0.07889880239963531,0.635324239730835,0.28577694296836853
train/0000/ex01_sad_00048,0.004011126700788736,0.1062881126999855,0.8897007703781128
train/0000/ex01_enunciated_00180,0.0458298921585083,0.7599113583564758,0.19425879418849945
train/0000/ex01_sad_00192,0.8743632435798645,0.11840370297431946,0.007233005482703447
train/0000/ex01_happy_00127,0.20528893172740936,0.741747260093689,0.05296376720070839
train/0000/ex01_laughing_00060,0.010881006717681885,0.1989162415266037,0.7902027368545532
train/0000/ex01_default_emphasis_00038,0.004932991694658995,0.22957667708396912,0.7654902935028076
train/0000/ex01_confused_00300,0.6375640034675598,0.3535878658294678,0.00884819682687521
train/0000/ex01_enunciated_00282,0.11855295300483704,0.8417866230010986,0.039660416543483734
train/0000/ex01_sad_00047,0.002933175303041935,0.4364123046398163,0.5606545209884644
train/0000/ex01_sad_00276,0.009909792803227901,0.17843396961688995,0.8116561770439148
train/0000/ex01_laughing_00089,0.110797218978405,0.7882373332977295,0.1009654626250267
train/0000/ex01_default_emphasis_00104,0.15200842916965485,0.8224475979804993,0.02554396167397499
train/0000/ex01_default_00231,0.12523595988750458,0.8355967998504639,0.03916719928383827
train/0000/ex01_laughing_00251,0.16472893953323364,0.7835984826087952,0.05167263001203537
train/0000/ex01_confused_00131,0.04687335714697838,0.6498929858207703,0.30323371291160583
train/0000/ex01_happy_00316,0.01699576899409294,0.48548072576522827,0.49752354621887207
train/0000/ex01_enunciated_00166,0.024788828566670418,0.6306429505348206,0.34456828236579895
train/0000/ex01_sad_00174,0.28920507431030273,0.6855459213256836,0.025248991325497627
train/0000/ex01_laughing_00086,0.08881758898496628,0.8537924289703369,0.057389937341213226
train/0000/ex01_sad_00279,0.5931952595710754,0.3620343804359436,0.04477030411362648
train/0000/ex01_laughing_00153,0.05409545078873634,0.9080809950828552,0.03782361000776291
train/0000/ex01_confused_00233,0.12300042808055878,0.832811176776886,0.044188421219587326
train/0000/ex01_whisper_00004,0.001499176723882556,0.2551906406879425,0.7433101534843445
train/0000/ex01_happy_00014,0.12181253731250763,0.813417911529541,0.06476955860853195
train/0000/ex01_enunciated_00264,0.09075991809368134,0.8324441313743591,0.07679592818021774
train/0000/ex01_happy_00319,0.0602419488132,0.5946333408355713,0.34512466192245483
train/0000/ex01_enunciated_00169,0.5439252257347107,0.4137207865715027,0.04235396906733513
train/0000/ex01_default_00133,0.6515070796012878,0.3355253338813782,0.012967588379979134
train/0000/ex01_sad_00322,0.0245877243578434,0.25490280985832214,0.7205094695091248
train/0000/ex01_happy_00242,0.1180153638124466,0.8528038859367371,0.029180774465203285
train/0000/ex01_enunciated_00032,0.06483691930770874,0.8891462683677673,0.046016789972782135
train/0000/ex01_laughing_00305,0.7990331649780273,0.18225252628326416,0.018714243546128273
train/0000/ex01_confused_00065,0.4586648941040039,0.534130871295929,0.007204226218163967
train/0000/ex01_default_00068,0.6234090924263,0.31068459153175354,0.0659063458442688
train/0000/ex01_default_emphasis_00050,0.005083025433123112,0.7143651247024536,0.28055188059806824
train/0000/ex01_laughing_00008,0.015296543948352337,0.06837829947471619,0.9163252115249634
train/0000/ex01_happy_00095,0.01747003197669983,0.4848332405090332,0.49769675731658936
train/0000/ex01_whisper_00085,0.009312259964644909,0.2773194909095764,0.7133682370185852
train/0000/ex01_sad_00020,0.32763487100601196,0.5546064972877502,0.11775866150856018
train/0000/ex01_default_00067,0.4678468108177185,0.5118140578269958,0.020339110866189003
train/0000/ex01_happy_00140,0.8974184989929199,0.09255390614271164,0.010027574375271797
train/0000/ex01_enunciated_00330,0.5431100726127625,0.41936007142066956,0.03752979636192322
train/0000/ex01_laughing_00007,0.3160598576068878,0.6646324992179871,0.019307684153318405
train/0000/ex01_default_00256,0.7918973565101624,0.1937766820192337,0.01432597916573286
train/0000/ex01_laughing_00236,0.8525525331497192,0.13903634250164032,0.008411129005253315
train/0000/ex01_confused_00156,0.3736420273780823,0.6115961670875549,0.014761834405362606
train/0000/ex01_enunciated_00101,0.16780400276184082,0.8006030321121216,0.0315929614007473
train/0000/ex01_confused_00083,0.09763716906309128,0.8437476754188538,0.05861511081457138
train/0000/ex01_sad_00211,0.2685151696205139,0.683846116065979,0.0476386658847332
train/0000/ex01_laughing_00134,0.07050777226686478,0.8958708047866821,0.033621471375226974
train/0000/ex01_confused_00254,0.13113071024417877,0.8356229066848755,0.03324638307094574
train/0000/ex01_default_00259,0.0749736949801445,0.8729673027992249,0.052059005945920944
train/0000/ex01_enunciated_00203,0.23394639790058136,0.5358226299285889,0.230230912566185
train/0000/ex01_happy_00073,0.001793465344235301,0.08947797119617462,0.9087285995483398
train/0000/ex01_whisper_00063,0.0011494188802316785,0.05046728253364563,0.9483833312988281
train/0000/ex01_default_00154,0.9206306338310242,0.07502958923578262,0.004339783452451229
train/0000/ex01_confused_00159,0.08113639801740646,0.8478768467903137,0.07098673284053802
train/0000/ex01_laughing_00239,0.07379854470491409,0.45511552691459656,0.4710860252380371
train/0000/ex01_sad_00113,0.03567039221525192,0.8623397946357727,0.10198979079723358
train/0000/ex01_default_essentials_00023,0.16793540120124817,0.6087225079536438,0.22334209084510803
train/0000/ex01_default_00081,0.6893656253814697,0.2851574718952179,0.025476891547441483
train/0000/ex01_enunciated_00156,0.3736420273780823,0.6115961670875549,0.014761834405362606
train/0000/ex01_happy_00326,0.19573576748371124,0.6135292649269104,0.19073505699634552
train/0000/ex01_confused_00101,0.16780400276184082,0.8006030321121216,0.0315929614007473
train/0000/ex01_laughing_00261,0.33808982372283936,0.612741231918335,0.04916895925998688
train/0000/ex01_default_00201,0.10348877310752869,0.5827879905700684,0.31372329592704773
train/0000/ex01_default_emphasis_00134,0.19502192735671997,0.7336761355400085,0.0713018923997879
train/0000/ex01_sad_00246,0.2380395233631134,0.7378214597702026,0.02413899451494217
train/0000/ex01_enunciated_00083,0.06029462441802025,0.854293167591095,0.08541221171617508
train/0000/ex01_default_00103,0.08125413954257965,0.8300952315330505,0.08865062147378922
train/0000/ex01_whisper_00339,0.5866526961326599,0.39303138852119446,0.020315954461693764
train/0000/ex01_enunciated_00159,0.08113639801740646,0.8478768467903137,0.07098673284053802
train/0000/ex01_happy_00329,0.2594967782497406,0.7032538056373596,0.037249453365802765
train/0000/ex01_sad_00091,0.0057254452258348465,0.1786339432001114,0.8156405687332153
train/0000/ex01_enunciated_00254,0.13113071024417877,0.8356229066848755,0.03324638307094574
train/0000/ex01_happy_00024,0.04756990075111389,0.8686021566390991,0.08382788300514221
train/0000/ex01_whisper_00034,0.018959729000926018,0.9270661473274231,0.05397409573197365
train/0000/ex01_confused_00203,0.23394639790058136,0.5358226299285889,0.230230912566185
train/0000/ex01_laughing_00163,0.5478026866912842,0.4274692237377167,0.024728083983063698
train/0000/ex01_sad_00249,0.05894189700484276,0.9059048295021057,0.03515337407588959
train/0000/ex01_sad_00144,0.2445259392261505,0.7113490104675293,0.044125042855739594
train/0000/ex01_laughing_00287,0.2681424915790558,0.7048932909965515,0.026964157819747925
train/0000/ex01_sad_00078,0.12116102129220963,0.8330087661743164,0.04583018645644188
train/0000/ex01_happy_00118,0.12081471085548401,0.8456367254257202,0.03354857861995697
train/0000/ex01_default_00332,0.8049635291099548,0.18273289501667023,0.01230356190353632
train/0000/ex01_default_emphasis_00007,0.09361819922924042,0.8567217588424683,0.049660079181194305
train/0000/ex01_confused_00032,0.06483691930770874,0.8891462683677673,0.046016789972782135
train/0000/ex01_happy_00215,0.1296013444662094,0.8428669571876526,0.027531664818525314
train/0000/ex01_enunciated_00065,0.47205621004104614,0.5210504531860352,0.006893313489854336
train/0000/ex01_sad_00077,0.04558243229985237,0.8670352101325989,0.08738237619400024
train/0000/ex01_laughing_00288,0.007335247937589884,0.8460313677787781,0.1466333568096161
train/0000/ex01_laughing_00185,0.03771408647298813,0.9003682136535645,0.06191767379641533
train/0000/ex01_confused_00330,0.5431100726127625,0.41936007142066956,0.03752979636192322
train/0000/ex01_default_emphasis_00008,0.09361819922924042,0.8567217588424683,0.049660079181194305
train/0000/ex01_laughing_00050,0.4746573865413666,0.5115764737129211,0.013766148127615452
train/0000/ex01_happy_00117,0.016841379925608635,0.817382276058197,0.165776327252388
train/0000/ex01_default_00030,0.010314112529158592,0.25060245394706726,0.739083468914032
train/0000/ex01_default_00077,0.04558243229985237,0.8670352101325989,0.08738237619400024
train/0000/ex01_laughing_00017,0.06335048377513885,0.899544894695282,0.03710460290312767
train/0000/ex01_happy_00150,0.09404473751783371,0.7697360515594482,0.13621918857097626
train/0000/ex01_enunciated_00320,0.04208735376596451,0.32354414463043213,0.6343684792518616
train/0000/ex01_happy_00085,0.009312259964644909,0.2773194909095764,0.7133682370185852
train/0000/ex01_whisper_00095,0.01747003197669983,0.4848332405090332,0.49769675731658936
train/0000/ex01_sad_00030,0.010314112529158592,0.25060245394706726,0.739083468914032
train/0000/ex01_confused_00075,0.739282488822937,0.22999054193496704,0.0307269636541605
train/0000/ex01_laughing_00315,0.010126473382115364,0.2527865171432495,0.7370870113372803
train/0000/ex01_default_00078,0.13786672055721283,0.8157161474227905,0.04641710966825485
train/0000/ex01_happy_00252,0.0893651694059372,0.5258560180664062,0.38477879762649536
train/0000/ex01_enunciated_00022,0.31455883383750916,0.6118648052215576,0.07357633858919144
train/0000/ex01_laughing_00018,0.1520206481218338,0.7469062209129333,0.10107313096523285
train/0000/ex01_default_emphasis_00040,0.004932991694658995,0.22957667708396912,0.7654902935028076
train/0000/ex01_sad_00332,0.8049635291099548,0.18273289501667023,0.01230356190353632
train/0000/ex01_default_00091,0.0057254452258348465,0.1786339432001114,0.8156405687332153
train/0000/ex01_default_essentials_00033,0.8274328112602234,0.16330650448799133,0.009260733611881733
train/0000/ex01_sad_00103,0.08125413954257965,0.8300952315330505,0.08865062147378922
train/0000/ex01_enunciated_00213,0.1151353195309639,0.860874593257904,0.023990055546164513
train/0000/ex01_happy_00063,0.0011494188802316785,0.05046728253364563,0.9483833312988281
train/0000/ex01_whisper_00073,0.001793465344235301,0.08947797119617462,0.9087285995483398
train/0000/ex01_confused_00244,0.663033127784729,0.31663981080055237,0.020327128469944
train/0000/ex01_laughing_00124,0.09331527352333069,0.2214377522468567,0.685247004032135
train/0000/ex01_default_00249,0.05894189700484276,0.9059048295021057,0.03515337407588959
train/0000/ex01_default_00144,0.2445259392261505,0.7113490104675293,0.044125042855739594
train/0000/ex01_laughing_00229,0.9510234594345093,0.04294714704155922,0.00602935953065753
train/0000/ex01_confused_00149,0.05819712579250336,0.9072120785713196,0.03459082916378975
train/0000/ex01_confused_00093,0.012006311677396297,0.5792721509933472,0.40872156620025635
train/0000/ex01_sad_00201,0.10348877310752869,0.5827879905700684,0.31372329592704773
train/0000/ex01_default_00246,0.2380395233631134,0.7378214597702026,0.02413899451494217
train/0000/ex01_enunciated_00111,0.175013467669487,0.7968583106994629,0.0281282477080822
train/0000/ex01_confused_00146,0.026384828612208366,0.9241833686828613,0.04943181201815605
train/0000/ex01_laughing_00226,0.05619652196764946,0.8571894764900208,0.08661399036645889
train/0000/ex01_sad_00259,0.0749736949801445,0.8729673027992249,0.052059005945920944
train/0000/ex01_sad_00154,0.9206306338310242,0.07502958923578262,0.004339783452451229
train/0000/ex01_sad_00081,0.6893656253814697,0.2851574718952179,0.025476891547441483
train/0000/ex01_enunciated_00149,0.055304378271102905,0.912585973739624,0.032109618186950684
train/0000/ex01_happy_00339,0.5866526961326599,0.39303138852119446,0.020315954461693764
train/0000/ex01_default_00113,0.03567039221525192,0.8623397946357727,0.10198979079723358
train/0000/ex01_laughing_00173,0.058691106736660004,0.9039662480354309,0.03734258934855461
train/0000/ex01_confused_00213,0.1151353195309639,0.860874593257904,0.023990055546164513
train/0000/ex01_enunciated_00244,0.663033127784729,0.31663981080055237,0.020327128469944
train/0000/ex01_happy_00034,0.018959729000926018,0.9270661473274231,0.05397409573197365
train/0000/ex01_sad_00256,0.7918973565101624,0.1937766820192337,0.01432597916573286
train/0000/ex01_enunciated_00093,0.012006311677396297,0.5792721509933472,0.40872156620025635
train/0000/ex01_laughing_00271,0.07928819209337234,0.8989620804786682,0.021749677136540413
train/0000/ex01_confused_00111,0.175013467669487,0.7968583106994629,0.0281282477080822
train/0000/ex01_enunciated_00146,0.026384828612208366,0.9241833686828613,0.04943181201815605
train/0000/ex01_happy_00336,0.011735370382666588,0.5964873433113098,0.3917772173881531
train/0000/ex01_default_00211,0.2685151696205139,0.683846116065979,0.0476386658847332
train/0000/ex01_default_emphasis_00124,0.729300320148468,0.2537227272987366,0.016976941376924515
train/0000/ex01_happy_00107,0.045145731419324875,0.8902320861816406,0.06462211161851883
train/0000/ex01_laughing_00040,0.13636375963687897,0.814341127872467,0.04929511249065399
train/0000/ex01_confused_00320,0.04208735376596451,0.32354414463043213,0.6343684792518616
train/0000/ex01_default_emphasis_00018,0.3439471125602722,0.624014675617218,0.03203814849257469
train/0000/ex01_default_00020,0.32763487100601196,0.5546064972877502,0.11775866150856018
train/0000/ex01_laughing_00298,0.5771271586418152,0.4008069634437561,0.022065872326493263
train/0000/ex01_sad_00067,0.4678468108177185,0.5118140578269958,0.020339110866189003
train/0000/ex01_laughing_00195,0.013984320685267448,0.24145343899726868,0.7445622682571411
train/0000/ex01_default_emphasis_00017,0.3439471125602722,0.624014675617218,0.03203814849257469
train/0000/ex01_happy_00108,0.07191817462444305,0.8931087851524353,0.034973062574863434
train/0000/ex01_happy_00205,0.9008309245109558,0.09355334937572479,0.005615695845335722
train/0000/ex01_enunciated_00075,0.739282488822937,0.22999054193496704,0.0307269636541605
train/0000/ex01_laughing_00342,0.6076527833938599,0.3739456534385681,0.018401553854346275
train/0000/ex01_confused_00022,0.31455883383750916,0.6118648052215576,0.07357633858919144
train/0000/ex01_sad_00068,0.6234090924263,0.31068459153175354,0.0659063458442688
train/0000/ex01_laughing_00297,0.014530609361827374,0.3091866075992584,0.6762828230857849
train/0000/ex01_enunciated_00215,0.15004126727581024,0.8214694857597351,0.02848922275006771
train/0000/ex01_happy_00065,0.4623461365699768,0.530470609664917,0.007183227688074112
train/0000/ex01_whisper_00075,0.739282488822937,0.22999054193496704,0.0307269636541605
train/0000/ex01_laughing_00122,0.01566556841135025,0.6130486726760864,0.37128573656082153
train/0000/ex01_confused_00242,0.1180153638124466,0.8528038859367371,0.029180774465203285
train/0000/ex01_default_00142,0.1467534601688385,0.7630258798599243,0.090220607817173
train/0000/ex01_enunciated_00118,0.12081471085548401,0.8456367254257202,0.03354857861995697
train/0000/ex01_default_00097,0.1015084907412529,0.8536487221717834,0.04484286159276962
train/0000/ex01_sad_00105,0.03616314381361008,0.610447108745575,0.353389710187912
train/0000/ex01_sad_00208,0.6538718342781067,0.2871021330356598,0.059026047587394714
train/0000/ex01_default_00240,0.07595089077949524,0.8795320987701416,0.044516973197460175
train/0000/ex01_enunciated_00117,0.016841379925608635,0.817382276058197,0.165776327252388
train/0000/ex01_laughing_00220,0.01726004295051098,0.8731796145439148,0.10956025123596191
train/0000/ex01_confused_00140,0.8974184989929199,0.09255390614271164,0.010027574375271797
train/0000/ex01_confused_00095,0.01747003197669983,0.4848332405090332,0.49769675731658936
train/0000/ex01_default_00098,0.021914605051279068,0.9102763533592224,0.0678090825676918
train/0000/ex01_sad_00207,0.011682354845106602,0.183088019490242,0.805229663848877
train/0000/ex01_happy_00083,0.06029462441802025,0.854293167591095,0.08541221171617508
train/0000/ex01_whisper_00093,0.012006311677396297,0.5792721509933472,0.40872156620025635
train/0000/ex01_sad_00036,0.0025651673786342144,0.04119441658258438,0.9562404751777649
train/0000/ex01_default_00071,0.45102572441101074,0.492416650056839,0.05655759945511818
train/0000/ex01_laughing_00011,0.03474421054124832,0.3914816081523895,0.5737742185592651
train/0000/ex01_default_emphasis_00049,0.005083025433123112,0.7143651247024536,0.28055188059806824
train/0000/ex01_happy_00156,0.3736420273780823,0.6115961670875549,0.014761834405362606
train/0000/ex01_enunciated_00326,0.19573576748371124,0.6135292649269104,0.19073505699634552
train/0000/ex01_whisper_00146,0.026384828612208366,0.9241833686828613,0.04943181201815605
train/0000/ex01_sad_00334,0.0535845048725605,0.8889057636260986,0.057509809732437134
train/0000/ex01_sad_00039,0.3346402943134308,0.6282598376274109,0.03709984943270683
train/0000/ex01_laughing_00313,0.02780485339462757,0.8583417534828186,0.11385340243577957
train/0000/ex01_confused_00073,0.001793465344235301,0.08947797119617462,0.9087285995483398
train/0000/ex01_happy_00254,0.13113071024417877,0.8356229066848755,0.03324638307094574
train/0000/ex01_enunciated_00024,0.04756990075111389,0.8686021566390991,0.08382788300514221
train/0000/ex01_whisper_00244,0.663033127784729,0.31663981080055237,0.020327128469944
train/0000/ex01_whisper_00149,0.055304378271102905,0.912585973739624,0.032109618186950684
train/0000/ex01_happy_00159,0.08113639801740646,0.8478768467903137,0.07098673284053802
train/0000/ex01_enunciated_00329,0.2594967782497406,0.7032538056373596,0.037249453365802765
train/0000/ex01_default_emphasis_00046,0.005083025433123112,0.7143651247024536,0.28055188059806824
train/0000/ex01_sad_00061,0.022052813321352005,0.5531983971595764,0.42474880814552307
train/0000/ex01_laughing_00193,0.9059321284294128,0.08244799077510834,0.01161986868828535
train/0000/ex01_happy_00101,0.16780400276184082,0.8006030321121216,0.0315929614007473
train/0000/ex01_whisper_00111,0.175013467669487,0.7968583106994629,0.0281282477080822
train/0000/ex01_confused_00326,0.19573576748371124,0.6135292649269104,0.19073505699634552
train/0000/ex01_laughing_00046,0.030928729102015495,0.9454101324081421,0.02366115339100361
train/0000/ex01_default_00026,0.0038695973344147205,0.6502348184585571,0.3458956182003021
train/0000/ex01_laughing_00291,0.9498382806777954,0.044894859194755554,0.005266836378723383
train/0000/ex01_default_00324,0.10301511734724045,0.8485803604125977,0.048404525965452194
train/0000/ex01_laughing_00049,0.0010715419193729758,0.01202390342950821,0.9869045615196228
train/0000/ex01_confused_00329,0.26437464356422424,0.7035503387451172,0.0320749469101429
train/0000/ex01_default_emphasis_00011,0.5874437689781189,0.3624471426010132,0.050109077244997025
train/0000/ex01_happy_00203,0.23394639790058136,0.5358226299285889,0.230230912566185
train/0000/ex01_enunciated_00073,0.001793465344235301,0.08947797119617462,0.9087285995483398
train/0000/ex01_whisper_00213,0.1151353195309639,0.860874593257904,0.023990055546164513
train/0000/ex01_confused_00024,0.04756990075111389,0.8686021566390991,0.08382788300514221
train/0000/ex01_laughing_00344,0.028747109696269035,0.3706680238246918,0.600584864616394
train/0000/ex01_default_00029,0.1338849812746048,0.7638354897499084,0.10227952152490616
train/0000/ex01_sad_00087,0.21510601043701172,0.5394577980041504,0.2454361766576767
train/0000/ex01_default_00115,0.3900150656700134,0.5881306529045105,0.02185424044728279
train/0000/ex01_laughing_00278,0.1592971682548523,0.6952738165855408,0.14542904496192932
train/0000/ex01_confused_00118,0.12081471085548401,0.8456367254257202,0.03354857861995697
train/0000/ex01_confused_00215,0.15004126727581024,0.8214694857597351,0.02848922275006771
train/0000/ex01_laughing_00175,0.19130058586597443,0.5934426784515381,0.2152567356824875
train/0000/ex01_default_00218,0.37240418791770935,0.578458845615387,0.0491369403898716
train/0000/ex01_enunciated_00242,0.1180153638124466,0.8528038859367371,0.029180774465203285
train/0000/ex01_happy_00032,0.07355576753616333,0.8824732303619385,0.043971020728349686
train/0000/ex01_sad_00152,0.10700275748968124,0.7111424803733826,0.18185484409332275
train/0000/ex01_confused_00117,0.016841379925608635,0.817382276058197,0.165776327252388
train/0000/ex01_laughing_00277,0.06304355710744858,0.43823060393333435,0.49872586131095886
train/0000/ex01_sad_00088,0.8328250050544739,0.15581287443637848,0.011362195946276188
train/0000/ex01_enunciated_00140,0.8974184989929199,0.09255390614271164,0.010027574375271797
train/0000/ex01_happy_00330,0.5431100726127625,0.41936007142066956,0.03752979636192322
train/0000/ex01_whisper_00320,0.04208735376596451,0.32354414463043213,0.6343684792518616
train/0000/ex01_default_00217,0.20785687863826752,0.7267651557922363,0.06537798792123795
train/0000/ex01_default_emphasis_00122,0.729300320148468,0.2537227272987366,0.016976941376924515
train/0000/ex01_sad_00250,0.07768408209085464,0.890346348285675,0.03196956589818001
train/0000/ex01_enunciated_00095,0.01747003197669983,0.4848332405090332,0.49769675731658936
train/0000/ex01_confused_00085,0.009312259964644909,0.2773194909095764,0.7133682370185852
train/0000/ex01_default_00088,0.8328250050544739,0.15581287443637848,0.011362195946276188
train/0000/ex01_sad_00217,0.20785687863826752,0.7267651557922363,0.06537798792123795
train/0000/ex01_default_00250,0.07768408209085464,0.890346348285675,0.03196956589818001
train/0000/ex01_confused_00150,0.09404473751783371,0.7697360515594482,0.13621918857097626
train/0000/ex01_laughing_00230,0.12464317679405212,0.5821502208709717,0.29320666193962097
train/0000/ex01_enunciated_00107,0.045145731419324875,0.8902320861816406,0.06462211161851883
train/0000/ex01_sad_00115,0.4216480553150177,0.5579824447631836,0.02036946825683117
train/0000/ex01_default_00087,0.21510601043701172,0.5394577980041504,0.2454361766576767
train/0000/ex01_default_essentials_00025,0.0023395109456032515,0.018462635576725006,0.9791978597640991
train/0000/ex01_sad_00218,0.37240418791770935,0.578458845615387,0.0491369403898716
train/0000/ex01_confused_00252,0.0893651694059372,0.5258560180664062,0.38477879762649536
train/0000/ex01_laughing_00132,0.1314944326877594,0.8377966284751892,0.030708955600857735
train/0000/ex01_enunciated_00205,0.9008309245109558,0.09355334937572479,0.005615695845335722
train/0000/ex01_happy_00075,0.739282488822937,0.22999054193496704,0.0307269636541605
train/0000/ex01_whisper_00065,0.4586648941040039,0.534130871295929,0.007204226218163967
train/0000/ex01_enunciated_00108,0.07191817462444305,0.8931087851524353,0.034973062574863434
train/0000/ex01_default_00152,0.10700275748968124,0.7111424803733826,0.18185484409332275
train/0000/ex01_happy_00244,0.663033127784729,0.31663981080055237,0.020327128469944
train/0000/ex01_enunciated_00034,0.018959729000926018,0.9270661473274231,0.05397409573197365
train/0000/ex01_confused_00063,0.001456799334846437,0.062283433973789215,0.9362596869468689
train/0000/ex01_laughing_00303,0.47740378975868225,0.4759998619556427,0.046596378087997437
train/0000/ex01_default_emphasis_00056,0.06810680776834488,0.8319026827812195,0.09999044239521027
train/0000/ex01_happy_00149,0.055304378271102905,0.912585973739624,0.032109618186950684
train/0000/ex01_enunciated_00339,0.5866526961326599,0.39303138852119446,0.020315954461693764
train/0000/ex01_sad_00324,0.10301511734724045,0.8485803604125977,0.048404525965452194
train/0000/ex01_sad_00029,0.1338849812746048,0.7638354897499084,0.10227952152490616
train/0000/ex01_default_00061,0.022052813321352005,0.5531983971595764,0.42474880814552307
train/0000/ex01_happy_00146,0.026384828612208366,0.9241833686828613,0.04943181201815605
train/0000/ex01_enunciated_00336,0.015560714527964592,0.6260508298873901,0.35838842391967773
train/0000/ex01_whisper_00156,0.3736420273780823,0.6115961670875549,0.014761834405362606
train/0000/ex01_default_emphasis_00059,0.5590993165969849,0.4163825809955597,0.024518122896552086
train/0000/ex01_laughing_00001,0.9098274111747742,0.08571292459964752,0.004459610674530268
train/0000/ex01_happy_00093,0.012006311677396297,0.5792721509933472,0.40872156620025635
train/0000/ex01_sad_00026,0.004352969117462635,0.6392195820808411,0.35642746090888977
train/0000/ex01_default_00334,0.0535845048725605,0.8889057636260986,0.057509809732437134
train/0000/ex01_confused_00339,0.5866526961326599,0.39303138852119446,0.020315954461693764
train/0000/ex01_default_emphasis_00001,0.037306204438209534,0.7601453065872192,0.20254850387573242
train/0000/ex01_laughing_00059,0.01991010271012783,0.6237877607345581,0.3563021719455719
train/0000/ex01_confused_00034,0.018959729000926018,0.9270661473274231,0.05397409573197365
train/0000/ex01_default_00039,0.3346402943134308,0.6282598376274109,0.03709984943270683
train/0000/ex01_happy_00213,0.1151353195309639,0.860874593257904,0.023990055546164513
train/0000/ex01_enunciated_00063,0.0011494188802316785,0.05046728253364563,0.9483833312988281
train/0000/ex01_laughing_00281,0.21902157366275787,0.7467378377914429,0.03424064815044403
train/0000/ex01_laughing_00056,0.06515435129404068,0.7482788562774658,0.1865668147802353
train/0000/ex01_confused_00336,0.02727731317281723,0.6709754467010498,0.30174726247787476
train/0000/ex01_happy_00111,0.175013467669487,0.7968583106994629,0.0281282477080822
train/0000/ex01_default_00036,0.0025651673786342144,0.04119441658258438,0.9562404751777649
train/0000/ex01_sad_00071,0.43452686071395874,0.5203275680541992,0.04514551907777786
train/0000/ex01_laughing_00183,0.02759026363492012,0.6788052320480347,0.2936044931411743
train/0000/ex01_sad_00240,0.07595089077949524,0.8795320987701416,0.044516973197460175
train/0000/ex01_enunciated_00085,0.009312259964644909,0.2773194909095764,0.7133682370185852
train/0000/ex01_enunciated_00150,0.09404473751783371,0.7697360515594482,0.13621918857097626
train/0000/ex01_happy_00320,0.04208735376596451,0.32354414463043213,0.6343684792518616
train/0000/ex01_sad_00098,0.021914605051279068,0.9102763533592224,0.0678090825676918
train/0000/ex01_whisper_00330,0.5431100726127625,0.41936007142066956,0.03752979636192322
train/0000/ex01_laughing_00267,0.6353546977043152,0.3107931911945343,0.0538521371781826
train/0000/ex01_confused_00107,0.045145731419324875,0.8902320861816406,0.06462211161851883
train/0000/ex01_default_00207,0.011682354845106602,0.183088019490242,0.805229663848877
train/0000/ex01_default_emphasis_00132,0.6169785857200623,0.36023882031440735,0.022782644256949425
train/0000/ex01_sad_00142,0.1467534601688385,0.7630258798599243,0.090220607817173
train/0000/ex01_default_00105,0.03616314381361008,0.610447108745575,0.353389710187912
train/0000/ex01_confused_00108,0.07191817462444305,0.8931087851524353,0.034973062574863434
train/0000/ex01_laughing_00268,0.08593162149190903,0.539995551109314,0.3740729093551636
train/0000/ex01_sad_00097,0.0991920530796051,0.8602365851402283,0.04057138413190842
train/0000/ex01_enunciated_00252,0.0893651694059372,0.5258560180664062,0.38477879762649536
train/0000/ex01_happy_00022,0.31455883383750916,0.6118648052215576,0.07357633858919144
train/0000/ex01_laughing_00165,0.01531756017357111,0.9409107565879822,0.04377168416976929
train/0000/ex01_confused_00205,0.8998106718063354,0.09597645699977875,0.0042128493078053
train/0000/ex01_default_00208,0.6538718342781067,0.2871021330356598,0.059026047587394714
train/0000/ex01_confused_00186,0.01441306620836258,0.3276643753051758,0.6579225063323975
train/0000/ex01_sad_00019,0.017557865008711815,0.8388291597366333,0.14361298084259033
train/0000/ex01_sad_00314,0.05609379708766937,0.9001933336257935,0.04371286928653717
train/0000/ex01_default_00286,0.17276622354984283,0.7766261696815491,0.050607554614543915
train/0000/ex01_enunciated_00309,0.04435981065034866,0.8773670196533203,0.07827317714691162
train/0000/ex01_happy_00179,0.6307037472724915,0.33001598715782166,0.03928028792142868
train/0000/ex01_default_emphasis_00066,0.1665116548538208,0.7935053110122681,0.03998306766152382
train/0000/ex01_laughing_00333,0.826366126537323,0.16248461604118347,0.011149189434945583
train/0000/ex01_confused_00053,0.1821247786283493,0.6783141493797302,0.13956104218959808
train/0000/ex01_enunciated_00004,0.001499176723882556,0.2551906406879425,0.7433101534843445
train/0000/ex01_happy_00274,0.23232674598693848,0.7164735198020935,0.05119975283741951
train/0000/ex01_sad_00016,0.018995432183146477,0.29764413833618164,0.6833603978157043
train/0000/ex01_confused_00189,0.7583823204040527,0.22247084975242615,0.019146796315908432
train/0000/ex01_default_00184,0.36160752177238464,0.534400463104248,0.10399200767278671
train/0000/ex01_default_00289,0.11505389213562012,0.8594275712966919,0.025518469512462616
train/0000/ex01_confused_00284,0.2500457465648651,0.7112945318222046,0.038659729063510895
train/0000/ex01_laughing_00031,0.005508549977093935,0.6132282614707947,0.38126322627067566
train/0000/ex01_default_emphasis_00069,0.019423307850956917,0.7855461239814758,0.1950305849313736
train/0000/ex01_whisper_00166,0.024788828566670418,0.6306429505348206,0.34456828236579895
train/0000/ex01_enunciated_00306,0.19590136408805847,0.7620384693145752,0.04206017032265663
train/0000/ex01_happy_00176,0.1350136697292328,0.645368754863739,0.21961753070354462
train/0000/ex01_default_00051,0.02701929770410061,0.8488302230834961,0.12415044754743576
train/0000/ex01_enunciated_00137,0.14243389666080475,0.7895137667655945,0.06805241852998734
train/0000/ex01_laughing_00200,0.048189930617809296,0.7155047655105591,0.23630525171756744
train/0000/ex01_confused_00160,0.21680177748203278,0.7713313698768616,0.011866853572428226
train/0000/ex01_default_emphasis_00155,0.021450994536280632,0.8579719662666321,0.12057701498270035
train/0000/ex01_default_00260,0.17312122881412506,0.7997815012931824,0.027097225189208984
train/0000/ex01_default_emphasis_00080,0.026360854506492615,0.8716908693313599,0.10194835811853409
train/0000/ex01_sad_00227,0.06498967111110687,0.8663256764411926,0.0686846449971199
train/0000/ex01_happy_00292,0.01389733050018549,0.8717520236968994,0.11435067653656006
train/0000/ex01_default_00162,0.14918814599514008,0.7641085386276245,0.0867033302783966
train/0000/ex01_enunciated_00138,0.5629240274429321,0.38618800044059753,0.050887953490018845
train/0000/ex01_happy_00045,0.026188528165221214,0.9192442893981934,0.0545671284198761
train/0000/ex01_enunciated_00235,0.008860199712216854,0.3421874940395355,0.648952305316925
train/0000/ex01_laughing_00102,0.04984980821609497,0.7450219988822937,0.2051282376050949
train/0000/ex01_confused_00262,0.001733187586069107,0.010947915725409985,0.9873189330101013
train/0000/ex01_whisper_00180,0.0458298921585083,0.7599113583564758,0.19425879418849945
train/0000/ex01_sad_00228,0.3508414924144745,0.6300903558731079,0.019068142399191856
train/0000/ex01_happy_00190,0.03951055556535721,0.4044853448867798,0.5560041666030884
train/0000/ex01_default_essentials_00015,0.3037797212600708,0.5197840332984924,0.17643624544143677
train/0000/ex01_sad_00125,0.12822547554969788,0.8369885683059692,0.03478600084781647
train/0000/ex01_default_emphasis_00102,0.0026487933937460184,0.2318984717130661,0.7654527425765991
train/0000/ex01_default_00237,0.1515805721282959,0.818261981010437,0.030157487839460373
train/0000/ex01_confused_00137,0.14243389666080475,0.7895137667655945,0.06805241852998734
train/0000/ex01_laughing_00257,0.8859084844589233,0.10688918828964233,0.0072022401727736
train/0000/ex01_happy_00310,0.6671473383903503,0.31046605110168457,0.022386640310287476
train/0000/ex01_enunciated_00160,0.21680177748203278,0.7713313698768616,0.011866853572428226
train/0000/ex01_sad_00270,0.01991914212703705,0.8896104097366333,0.09047048538923264
train/0000/ex01_default_00238,0.1292567402124405,0.8390723466873169,0.031670864671468735
train/0000/ex01_confused_00235,0.008860199712216854,0.3421874940395355,0.648952305316925
train/0000/ex01_laughing_00155,0.030574675649404526,0.5769860148429871,0.3924392759799957
train/0000/ex01_happy_00012,0.06491482257843018,0.776904284954071,0.15818087756633759
train/0000/ex01_enunciated_00262,0.002031004521995783,0.013019852340221405,0.9849491715431213
train/0000/ex01_laughing_00258,0.16145645081996918,0.707641065120697,0.13090254366397858
train/0000/ex01_confused_00138,0.5629240274429321,0.38618800044059753,0.050887953490018845
train/0000/ex01_default_00135,0.04721956327557564,0.8843886852264404,0.06839173287153244
train/0000/ex01_sad_00172,0.7091677188873291,0.2822225093841553,0.008609709329903126
train/0000/ex01_laughing_00080,0.17088915407657623,0.7209202647209167,0.10819057375192642
train/0000/ex01_enunciated_00186,0.01441306620836258,0.3276643753051758,0.6579225063323975
train/0000/ex01_enunciated_00053,0.1821247786283493,0.6783141493797302,0.13956104218959808
train/0000/ex01_happy_00223,0.26631465554237366,0.7007327079772949,0.032952677458524704
train/0000/ex01_default_00009,0.33405065536499023,0.5685052871704102,0.09744400531053543
train/0000/ex01_confused_00004,0.001499176723882556,0.2551906406879425,0.7433101534843445
train/0000/ex01_laughing_00069,0.08742965757846832,0.819202721118927,0.09336759150028229
train/0000/ex01_default_emphasis_00031,0.19231551885604858,0.7254630327224731,0.08222145587205887
train/0000/ex01_confused_00309,0.04435981065034866,0.8773670196533203,0.07827317714691162
train/0000/ex01_default_00304,0.1105542778968811,0.8396112322807312,0.049834467470645905
train/0000/ex01_sad_00296,0.6926909685134888,0.2971314787864685,0.010177566669881344
train/0000/ex01_enunciated_00284,0.2500457465648651,0.7112945318222046,0.038659729063510895
train/0000/ex01_sad_00041,0.22284193336963654,0.6642903685569763,0.11286769062280655
train/0000/ex01_enunciated_00189,0.7836406230926514,0.198838010430336,0.017521347850561142
train/0000/ex01_default_00006,0.05615399032831192,0.76084965467453,0.1829962581396103
train/0000/ex01_sad_00194,0.15222585201263428,0.8054711222648621,0.04230299964547157
train/0000/ex01_whisper_00131,0.04687335714697838,0.6498929858207703,0.30323371291160583
train/0000/ex01_sad_00299,0.11918598413467407,0.8620031476020813,0.01881086453795433
train/0000/ex01_happy_00121,0.5801613330841064,0.3988630771636963,0.020975586026906967
train/0000/ex01_confused_00306,0.19590136408805847,0.7620384693145752,0.04206017032265663
train/0000/ex01_laughing_00066,0.32316023111343384,0.6422286033630371,0.03461111709475517
train/0000/ex01_whisper_00176,0.1350136697292328,0.645368754863739,0.21961753070354462
train/0000/ex01_enunciated_00316,0.01699576899409294,0.48548072576522827,0.49752354621887207
train/0000/ex01_happy_00166,0.024788828566670418,0.6306429505348206,0.34456828236579895
train/0000/ex01_default_emphasis_00079,0.026360854506492615,0.8716908693313599,0.10194835811853409
train/0000/ex01_confused_00341,0.013235438615083694,0.8277013897895813,0.1590631902217865
train/0000/ex01_laughing_00021,0.016707303002476692,0.476574569940567,0.506718099117279
train/0000/ex01_default_00041,0.22284193336963654,0.6642903685569763,0.11286769062280655
train/0000/ex01_confused_00199,0.01746808923780918,0.91737300157547,0.06515898555517197
train/0000/ex01_default_00194,0.15222585201263428,0.8054711222648621,0.04230299964547157
train/0000/ex01_sad_00006,0.05615399032831192,0.76084965467453,0.1829962581396103
train/0000/ex01_default_00299,0.11918598413467407,0.8620031476020813,0.01881086453795433
train/0000/ex01_confused_00294,0.006583706475794315,0.6326388716697693,0.36077746748924255
train/0000/ex01_default_emphasis_00076,0.5196707844734192,0.4651091694831848,0.015220045112073421
train/0000/ex01_enunciated_00319,0.0602419488132,0.5946333408355713,0.34512466192245483
train/0000/ex01_happy_00169,0.5439252257347107,0.4137207865715027,0.04235396906733513
train/0000/ex01_whisper_00179,0.6307037472724915,0.33001598715782166,0.03928028792142868
train/0000/ex01_whisper_00274,0.23232674598693848,0.7164735198020935,0.05119975283741951
train/0000/ex01_enunciated_00014,0.12181253731250763,0.813417911529541,0.06476955860853195
train/0000/ex01_happy_00264,0.09075991809368134,0.8324441313743591,0.07679592818021774
train/0000/ex01_confused_00043,0.5395464301109314,0.28183549642562866,0.17861807346343994
train/0000/ex01_laughing_00323,0.6592501997947693,0.322703093290329,0.018046731129288673
train/0000/ex01_sad_00009,0.33405065536499023,0.5685052871704102,0.09744400531053543
train/0000/ex01_confused_00196,0.010744685307145119,0.11440137773752213,0.8748539686203003
train/0000/ex01_default_00296,0.6926909685134888,0.2971314787864685,0.010177566669881344
train/0000/ex01_sad_00304,0.1105542778968811,0.8396112322807312,0.049834467470645905
train/0000/ex01_happy_00180,0.0458298921585083,0.7599113583564758,0.19425879418849945
train/0000/ex01_sad_00238,0.09711194783449173,0.8662667870521545,0.03662128746509552
train/0000/ex01_sad_00135,0.038127023726701736,0.8734948635101318,0.08837809413671494
train/0000/ex01_default_essentials_00005,0.01447839755564928,0.32649457454681396,0.659027099609375
train/0000/ex01_enunciated_00128,0.07889880239963531,0.635324239730835,0.28577694296836853
train/0000/ex01_default_00172,0.7160409092903137,0.27594199776649475,0.008017188869416714
train/0000/ex01_confused_00272,0.09063377976417542,0.821537435054779,0.08782881498336792
train/0000/ex01_laughing_00112,0.49771493673324585,0.43011802434921265,0.07216701656579971
train/0000/ex01_whisper_00045,0.026188528165221214,0.9192442893981934,0.0545671284198761
train/0000/ex01_happy_00055,0.001678473548963666,0.023746998980641365,0.9745745062828064
train/0000/ex01_enunciated_00225,0.5086113214492798,0.4705534279346466,0.02083522081375122
train/0000/ex01_sad_00237,0.1515805721282959,0.818261981010437,0.030157487839460373
train/0000/ex01_default_emphasis_00090,0.3786522448062897,0.6053951978683472,0.015952548012137413
train/0000/ex01_happy_00282,0.11855295300483704,0.8417866230010986,0.039660416543483734
train/0000/ex01_confused_00170,0.02944665215909481,0.7905753254890442,0.17997810244560242
train/0000/ex01_laughing_00210,0.053315114229917526,0.8898886442184448,0.05679631605744362
train/0000/ex01_enunciated_00127,0.20528893172740936,0.741747260093689,0.05296376720070839
train/0000/ex01_default_emphasis_00145,0.39603716135025024,0.5217001438140869,0.08226266503334045
train/0000/ex01_default_00270,0.01991914212703705,0.8896104097366333,0.09047048538923264
train/0000/ex01_sad_00162,0.14918814599514008,0.7641085386276245,0.0867033302783966
train/0000/ex01_laughing_00090,0.16517257690429688,0.5868851542472839,0.2479422688484192
train/0000/ex01_happy_00002,0.4619651436805725,0.4928797781467438,0.04515504464507103
train/0000/ex01_enunciated_00272,0.09063377976417542,0.821537435054779,0.08782881498336792
train/0000/ex01_default_00228,0.3508414924144745,0.6300903558731079,0.019068142399191856
train/0000/ex01_laughing_00145,0.6273090243339539,0.32857897877693176,0.044111937284469604
train/0000/ex01_confused_00225,0.5086113214492798,0.4705534279346466,0.02083522081375122
train/0000/ex01_confused_00128,0.15955068171024323,0.6723517179489136,0.16809755563735962
train/0000/ex01_laughing_00248,0.8970860838890076,0.08761906623840332,0.015294854529201984
train/0000/ex01_default_00125,0.12822547554969788,0.8369885683059692,0.03478600084781647
train/0000/ex01_sad_00260,0.17312122881412506,0.7997815012931824,0.027097225189208984
train/0000/ex01_default_emphasis_00112,0.017774898558855057,0.9397718906402588,0.04245314747095108
train/0000/ex01_default_00227,0.06498967111110687,0.8663256764411926,0.0686846449971199
train/0000/ex01_whisper_00310,0.6671473383903503,0.31046605110168457,0.022386640310287476
train/0000/ex01_happy_00300,0.6375640034675598,0.3535878658294678,0.00884819682687521
train/0000/ex01_enunciated_00170,0.0716063529253006,0.8383376002311707,0.09005612879991531
train/0000/ex01_laughing_00247,0.12314695119857788,0.7123876214027405,0.16446539759635925
train/0000/ex01_confused_00127,0.20528893172740936,0.741747260093689,0.05296376720070839
train/0000/ex01_sad_00184,0.36160752177238464,0.534400463104248,0.10399200767278671
train/0000/ex01_default_00016,0.018995432183146477,0.29764413833618164,0.6833603978157043
train/0000/ex01_laughing_00076,0.8453767895698547,0.14588184654712677,0.008741392754018307
train/0000/ex01_confused_00316,0.01699576899409294,0.48548072576522827,0.49752354621887207
train/0000/ex01_enunciated_00341,0.013235438615083694,0.8277013897895813,0.1590631902217865
train/0000/ex01_happy_00131,0.043416932225227356,0.6353016495704651,0.321281373500824
train/0000/ex01_sad_00289,0.10251612216234207,0.8714196681976318,0.026064284145832062
train/0000/ex01_enunciated_00294,0.006583706475794315,0.6326388716697693,0.36077746748924255
train/0000/ex01_enunciated_00199,0.01746808923780918,0.91737300157547,0.06515898555517197
train/0000/ex01_sad_00051,0.02701929770410061,0.8488302230834961,0.12415044754743576
train/0000/ex01_default_00019,0.017557865008711815,0.8388291597366333,0.14361298084259033
train/0000/ex01_confused_00014,0.12181253731250763,0.813417911529541,0.06476955860853195
train/0000/ex01_whisper_00223,0.28974851965904236,0.6785893440246582,0.03166212514042854
train/0000/ex01_enunciated_00043,0.5395464301109314,0.28183549642562866,0.17861807346343994
train/0000/ex01_happy_00233,0.12300042808055878,0.832811176776886,0.044188421219587326
train/0000/ex01_sad_00286,0.17276622354984283,0.7766261696815491,0.050607554614543915
train/0000/ex01_default_emphasis_00021,0.02628076635301113,0.4921036958694458,0.48161551356315613
train/0000/ex01_confused_00319,0.0602419488132,0.5946333408355713,0.34512466192245483
train/0000/ex01_laughing_00079,0.09785795956850052,0.8450606465339661,0.057081401348114014
train/0000/ex01_default_00314,0.05609379708766937,0.9001933336257935,0.04371286928653717
train/0000/ex01_enunciated_00196,0.010744685307145119,0.11440137773752213,0.8748539686203003
train/0000/ex01_default_essentials_00022,0.0020207411143928766,0.013434567488729954,0.9845446348190308
train/0000/ex01_default_00080,0.17088915407657623,0.7209202647209167,0.10819057375192642
train/0000/ex01_sad_00112,0.49771493673324585,0.43011802434921265,0.07216701656579971
train/0000/ex01_default_00155,0.030574675649404526,0.5769860148429871,0.3924392759799957
train/0000/ex01_confused_00158,0.35160067677497864,0.620212733745575,0.028186578303575516
train/0000/ex01_laughing_00238,0.09711194783449173,0.8662667870521545,0.03662128746509552
train/0000/ex01_happy_00072,0.09682762622833252,0.8264081478118896,0.07676419615745544
train/0000/ex01_enunciated_00202,0.046496402472257614,0.8908925652503967,0.06261105835437775
train/0000/ex01_whisper_00062,0.18447275459766388,0.6792929768562317,0.1362343281507492
train/0000/ex01_laughing_00135,0.030884195119142532,0.8611021041870117,0.10801368951797485
train/0000/ex01_confused_00255,0.17085178196430206,0.7221494317054749,0.1069987416267395
train/0000/ex01_default_00258,0.16145645081996918,0.707641065120697,0.13090254366397858
train/0000/ex01_sad_00210,0.053315114229917526,0.8898886442184448,0.05679631605744362
train/0000/ex01_confused_00082,0.0656890943646431,0.8437982201576233,0.09051273763179779
train/0000/ex01_enunciated_00100,0.039832718670368195,0.9309055805206299,0.029261738061904907
train/0000/ex01_laughing_00237,0.1515805721282959,0.818261981010437,0.030157487839460373
train/0000/ex01_confused_00157,0.006597578525543213,0.4201750159263611,0.5732273459434509
train/0000/ex01_default_00257,0.8859084844589233,0.10688918828964233,0.0072022401727736
train/0000/ex01_laughing_00006,0.05615399032831192,0.76084965467453,0.1829962581396103
train/0000/ex01_enunciated_00331,0.32783815264701843,0.4431297183036804,0.22903215885162354
train/0000/ex01_happy_00141,0.11989634484052658,0.8524045944213867,0.02769908308982849
train/0000/ex01_default_00066,0.32316023111343384,0.6422286033630371,0.03461111709475517
train/0000/ex01_sad_00021,0.016707303002476692,0.476574569940567,0.506718099117279
train/0000/ex01_happy_00094,0.8614933490753174,0.12586477398872375,0.01264182198792696
train/0000/ex01_default_emphasis_00051,0.005083025433123112,0.7143651247024536,0.28055188059806824
train/0000/ex01_laughing_00009,0.3725394308567047,0.5427930355072021,0.08466753363609314
train/0000/ex01_laughing_00304,0.1105542778968811,0.8396112322807312,0.049834467470645905
train/0000/ex01_confused_00064,0.15540975332260132,0.8143333792686462,0.03025687485933304
train/0000/ex01_default_00069,0.08742965757846832,0.819202721118927,0.09336759150028229
train/0000/ex01_enunciated_00033,0.9064819812774658,0.08904768526554108,0.004470272455364466
train/0000/ex01_happy_00243,0.3831736147403717,0.5929059982299805,0.02392043173313141
train/0000/ex01_sad_00323,0.6592501997947693,0.322703093290329,0.018046731129288673
train/0000/ex01_default_00031,0.005508549977093935,0.6132282614707947,0.38126322627067566
train/0000/ex01_happy_00116,0.36255505681037903,0.6150806546211243,0.022364303469657898
train/0000/ex01_whisper_00106,0.02003675140440464,0.5626609325408936,0.4173023998737335
train/0000/ex01_default_emphasis_00009,0.09361819922924042,0.8567217588424683,0.049660079181194305
train/0000/ex01_confused_00331,0.5049659013748169,0.41476917266845703,0.08026493340730667
train/0000/ex01_laughing_00051,0.02701929770410061,0.8488302230834961,0.12415044754743576
train/0000/ex01_laughing_00184,0.36160752177238464,0.534400463104248,0.10399200767278671
train/0000/ex01_laughing_00289,0.10251612216234207,0.8714196681976318,0.026064284145832062
train/0000/ex01_sad_00076,0.8453767895698547,0.14588184654712677,0.008741392754018307
train/0000/ex01_enunciated_00064,0.15540975332260132,0.8143333792686462,0.03025687485933304
train/0000/ex01_happy_00214,0.5483847856521606,0.37285855412483215,0.07875671237707138
train/0000/ex01_confused_00033,0.9064819812774658,0.08904768526554108,0.004470272455364466
train/0000/ex01_default_00333,0.826366126537323,0.16248461604118347,0.011149189434945583
train/0000/ex01_default_emphasis_00006,0.037306204438209534,0.7601453065872192,0.20254850387573242
train/0000/ex01_happy_00119,0.04589886963367462,0.8187190294265747,0.13538208603858948
train/0000/ex01_sad_00079,0.09785795956850052,0.8450606465339661,0.057081401348114014
train/0000/ex01_laughing_00286,0.17276622354984283,0.7766261696815491,0.050607554614543915
train/0000/ex01_sad_00145,0.6273090243339539,0.32857897877693176,0.044111937284469604
train/0000/ex01_sad_00248,0.866547167301178,0.11237917095422745,0.02107367292046547
train/0000/ex01_confused_00202,0.046496402472257614,0.8908925652503967,0.06261105835437775
train/0000/ex01_laughing_00162,0.14918814599514008,0.7641085386276245,0.0867033302783966
train/0000/ex01_happy_00025,0.010994760319590569,0.6826502680778503,0.30635496973991394
train/0000/ex01_enunciated_00255,0.17085178196430206,0.7221494317054749,0.1069987416267395
train/0000/ex01_whisper_00035,0.023828348144888878,0.9180503487586975,0.05812123790383339
train/0000/ex01_happy_00328,0.6477631330490112,0.33262544870376587,0.019611429423093796
train/0000/ex01_enunciated_00158,0.35160067677497864,0.620212733745575,0.028186578303575516
train/0000/ex01_sad_00090,0.16517257690429688,0.5868851542472839,0.2479422688484192
train/0000/ex01_default_00102,0.0886339321732521,0.7535398602485657,0.15782615542411804
train/0000/ex01_enunciated_00082,0.0656890943646431,0.8437982201576233,0.09051273763179779
train/0000/ex01_sad_00247,0.11137836426496506,0.7091576457023621,0.1794639676809311
train/0000/ex01_default_00200,0.048189930617809296,0.7155047655105591,0.23630525171756744
train/0000/ex01_default_emphasis_00135,0.19502192735671997,0.7336761355400085,0.0713018923997879
train/0000/ex01_confused_00100,0.039832718670368195,0.9309055805206299,0.029261738061904907
train/0000/ex01_laughing_00260,0.17312122881412506,0.7997815012931824,0.027097225189208984
train/0000/ex01_happy_00327,0.23816345632076263,0.7226806879043579,0.03915586695075035
train/0000/ex01_enunciated_00157,0.006597578525543213,0.4201750159263611,0.5732273459434509
train/0000/ex01_confused_00147,0.09481792151927948,0.8572410941123962,0.04794105887413025
train/0000/ex01_laughing_00227,0.06498967111110687,0.8663256764411926,0.0686846449971199
train/0000/ex01_enunciated_00110,0.015987271443009377,0.9244400858879089,0.05957257002592087
train/0000/ex01_default_00247,0.11137836426496506,0.7091576457023621,0.1794639676809311
train/0000/ex01_sad_00200,0.048189930617809296,0.7155047655105591,0.23630525171756744
train/0000/ex01_confused_00092,0.5736771821975708,0.3814593255519867,0.044863536953926086
train/0000/ex01_default_00145,0.6273090243339539,0.32857897877693176,0.044111937284469604
train/0000/ex01_laughing_00228,0.3508414924144745,0.6300903558731079,0.019068142399191856
train/0000/ex01_confused_00148,0.09721275418996811,0.806721568107605,0.09606567025184631
train/0000/ex01_confused_00245,0.06899245083332062,0.8051827549934387,0.1258247345685959
train/0000/ex01_laughing_00125,0.12822547554969788,0.8369885683059692,0.03478600084781647
train/0000/ex01_default_00248,0.8970860838890076,0.08761906623840332,0.015294854529201984
train/0000/ex01_happy_00062,0.18447275459766388,0.6792929768562317,0.1362343281507492
train/0000/ex01_enunciated_00212,0.06346911936998367,0.8538205027580261,0.08271034061908722
train/0000/ex01_whisper_00072,0.09682762622833252,0.8264081478118896,0.07676419615745544
train/0000/ex01_sad_00102,0.0886339321732521,0.7535398602485657,0.15782615542411804
train/0000/ex01_default_00090,0.16517257690429688,0.5868851542472839,0.2479422688484192
train/0000/ex01_default_essentials_00032,0.3003878891468048,0.6250432133674622,0.07456892728805542
train/0000/ex01_sad_00333,0.826366126537323,0.16248461604118347,0.011149189434945583
train/0000/ex01_laughing_00019,0.017557865008711815,0.8388291597366333,0.14361298084259033
train/0000/ex01_default_emphasis_00041,0.004932991694658995,0.22957667708396912,0.7654902935028076
train/0000/ex01_enunciated_00023,0.32605093717575073,0.6526063084602356,0.02134278230369091
train/0000/ex01_happy_00253,0.26636379957199097,0.6885993480682373,0.045036863535642624
train/0000/ex01_whisper_00243,0.3831736147403717,0.5929059982299805,0.02392043173313141
train/0000/ex01_confused_00074,0.133316308259964,0.8150005340576172,0.051683202385902405
train/0000/ex01_laughing_00314,0.05609379708766937,0.9001933336257935,0.04371286928653717
train/0000/ex01_default_00079,0.09785795956850052,0.8450606465339661,0.057081401348114014
train/0000/ex01_sad_00031,0.005508549977093935,0.6132282614707947,0.38126322627067566
train/0000/ex01_happy_00084,0.02635255455970764,0.9110207557678223,0.06262673437595367
train/0000/ex01_whisper_00094,0.8614933490753174,0.12586477398872375,0.01264182198792696
train/0000/ex01_enunciated_00321,0.0038853457663208246,0.8316911458969116,0.16442357003688812
train/0000/ex01_happy_00151,0.0024392283521592617,0.047571152448654175,0.9499896168708801
train/0000/ex01_whisper_00141,0.11989634484052658,0.8524045944213867,0.02769908308982849
train/0000/ex01_laughing_00016,0.018995432183146477,0.29764413833618164,0.6833603978157043
train/0000/ex01_default_00076,0.8453767895698547,0.14588184654712677,0.008741392754018307
train/0000/ex01_laughing_00296,0.6926909685134888,0.2971314787864685,0.010177566669881344
train/0000/ex01_sad_00069,0.08742965757846832,0.819202721118927,0.09336759150028229
train/0000/ex01_laughing_00343,0.10740146785974503,0.8328419327735901,0.059756673872470856
train/0000/ex01_confused_00023,0.32605093717575073,0.6526063084602356,0.02134278230369091
train/0000/ex01_enunciated_00074,0.133316308259964,0.8150005340576172,0.051683202385902405
train/0000/ex01_happy_00204,0.011311614885926247,0.2128937542438507,0.7757946848869324
train/0000/ex01_happy_00109,0.07654640078544617,0.6790375709533691,0.24441605806350708
train/0000/ex01_default_00323,0.6592501997947693,0.322703093290329,0.018046731129288673
train/0000/ex01_default_emphasis_00016,0.3439471125602722,0.624014675617218,0.03203814849257469
train/0000/ex01_laughing_00194,0.15222585201263428,0.8054711222648621,0.04230299964547157
train/0000/ex01_sad_00066,0.32316023111343384,0.6422286033630371,0.03461111709475517
train/0000/ex01_laughing_00299,0.11918598413467407,0.8620031476020813,0.01881086453795433
train/0000/ex01_default_00021,0.016707303002476692,0.476574569940567,0.506718099117279
train/0000/ex01_laughing_00041,0.22284193336963654,0.6642903685569763,0.11286769062280655
train/0000/ex01_default_emphasis_00019,0.3439471125602722,0.624014675617218,0.03203814849257469
train/0000/ex01_confused_00321,0.0038853457663208246,0.8316911458969116,0.16442357003688812
train/0000/ex01_happy_00106,0.02003675140440464,0.5626609325408936,0.4173023998737335
train/0000/ex01_default_00210,0.053315114229917526,0.8898886442184448,0.05679631605744362
train/0000/ex01_default_emphasis_00125,0.729300320148468,0.2537227272987366,0.016976941376924515
train/0000/ex01_happy_00337,0.9547984600067139,0.042630914598703384,0.002570629818364978
train/0000/ex01_enunciated_00147,0.11212936043739319,0.8434357643127441,0.04443484917283058
train/0000/ex01_whisper_00327,0.23816345632076263,0.7226806879043579,0.03915586695075035
train/0000/ex01_laughing_00270,0.01991914212703705,0.8896104097366333,0.09047048538923264
train/0000/ex01_confused_00110,0.01942186802625656,0.9390456080436707,0.04153246432542801
train/0000/ex01_enunciated_00092,0.5736771821975708,0.3814593255519867,0.044863536953926086
train/0000/ex01_sad_00257,0.8859084844589233,0.10688918828964233,0.0072022401727736
train/0000/ex01_happy_00035,0.023828348144888878,0.9180503487586975,0.05812123790383339
train/0000/ex01_enunciated_00245,0.06899245083332062,0.8051827549934387,0.1258247345685959
train/0000/ex01_laughing_00172,0.7091677188873291,0.2822225093841553,0.008609709329903126
train/0000/ex01_confused_00212,0.06346911936998367,0.8538205027580261,0.08271034061908722
train/0000/ex01_default_00112,0.49771493673324585,0.43011802434921265,0.07216701656579971
train/0000/ex01_whisper_00328,0.6477631330490112,0.33262544870376587,0.019611429423093796
train/0000/ex01_sad_00080,0.17088915407657623,0.7209202647209167,0.10819057375192642
train/0000/ex01_happy_00338,0.0037879094015806913,0.043755486607551575,0.9524565935134888
train/0000/ex01_enunciated_00148,0.09721275418996811,0.806721568107605,0.09606567025184631
train/0000/ex01_sad_00155,0.030574675649404526,0.5769860148429871,0.3924392759799957
train/0000/ex01_sad_00258,0.16145645081996918,0.707641065120697,0.13090254366397858
train/0000/ex01_default_00049,0.0010710107162594795,0.011402534320950508,0.9875264763832092
train/0000/ex01_laughing_00324,0.10301511734724045,0.8485803604125977,0.048404525965452194
train/0000/ex01_confused_00044,0.42561841011047363,0.5522869229316711,0.022094693034887314
train/0000/ex01_happy_00263,0.09773776680231094,0.8639469742774963,0.03831520676612854
train/0000/ex01_enunciated_00013,0.09841704368591309,0.8555321097373962,0.046050868928432465
train/0000/ex01_default_emphasis_00071,0.5791425704956055,0.4078078866004944,0.01304952148348093
train/0000/ex01_laughing_00029,0.1338849812746048,0.7638354897499084,0.10227952152490616
train/0000/ex01_sad_00303,0.47740378975868225,0.4759998619556427,0.046596378087997437
train/0000/ex01_default_00291,0.9498382806777954,0.044894859194755554,0.005266836378723383
train/0000/ex01_confused_00191,0.17204423248767853,0.774295449256897,0.053660329431295395
train/0000/ex01_default_00046,0.030928729102015495,0.9454101324081421,0.02366115339100361
train/0000/ex01_laughing_00026,0.006025189999490976,0.6386340856552124,0.3553408086299896
train/0000/ex01_confused_00346,0.11799897253513336,0.6650655269622803,0.21693550050258636
train/0000/ex01_whisper_00171,0.02437630295753479,0.9254720211029053,0.05015166476368904
train/0000/ex01_happy_00161,0.47811925411224365,0.4477468430995941,0.07413389533758163
train/0000/ex01_enunciated_00311,0.04687943309545517,0.9055273532867432,0.04759322479367256
train/0000/ex01_confused_00293,0.7307429313659668,0.2471829205751419,0.022074081003665924
train/0000/ex01_sad_00001,0.9098274111747742,0.08571292459964752,0.004459610674530268
train/0000/ex01_default_00193,0.9059321284294128,0.08244799077510834,0.01161986868828535
train/0000/ex01_happy_00285,0.0020812980365008116,0.06269340962171555,0.9352253079414368
train/0000/ex01_default_emphasis_00097,0.11382808536291122,0.8108349442481995,0.07533695548772812
train/0000/ex01_happy_00188,0.0019486392848193645,0.03166313096880913,0.9663881659507751
train/0000/ex01_sad_00230,0.12464317679405212,0.5821502208709717,0.29320666193962097
train/0000/ex01_default_emphasis_00142,0.09291204810142517,0.6298842430114746,0.27720367908477783
train/0000/ex01_default_00277,0.06304355710744858,0.43823060393333435,0.49872586131095886
train/0000/ex01_enunciated_00120,0.0026804173830896616,0.024327417835593224,0.9729921221733093
train/0000/ex01_laughing_00217,0.20785687863826752,0.7267651557922363,0.06537798792123795
train/0000/ex01_confused_00177,0.11755525320768356,0.8345429301261902,0.04790176451206207
train/0000/ex01_default_essentials_00002,0.18572475016117096,0.6430091261863708,0.1712661236524582
train/0000/ex01_sad_00132,0.1314944326877594,0.8377966284751892,0.030708955600857735
train/0000/ex01_whisper_00197,0.007605736143887043,0.2975133955478668,0.6948808431625366
train/0000/ex01_happy_00187,0.0406685471534729,0.2662848234176636,0.6930466294288635
train/0000/ex01_default_emphasis_00098,0.11382808536291122,0.8108349442481995,0.07533695548772812
train/0000/ex01_enunciated_00222,0.015311636961996555,0.3286018371582031,0.6560865044593811
train/0000/ex01_happy_00052,0.005406078416854143,0.11009404063224792,0.8844999074935913
train/0000/ex01_default_00278,0.1592971682548523,0.6952738165855408,0.14542904496192932
train/0000/ex01_laughing_00115,0.3764439523220062,0.601498007774353,0.022058067843317986
train/0000/ex01_confused_00275,0.07628533989191055,0.6600131392478943,0.26370155811309814
train/0000/ex01_confused_00178,0.013568513095378876,0.43671926856040955,0.5497122406959534
train/0000/ex01_laughing_00218,0.37240418791770935,0.578458845615387,0.0491369403898716
train/0000/ex01_default_00175,0.19130058586597443,0.5934426784515381,0.2152567356824875
train/0000/ex01_sad_00267,0.6353546977043152,0.3107931911945343,0.0538521371781826
train/0000/ex01_laughing_00098,0.021914605051279068,0.9102763533592224,0.0678090825676918
train/0000/ex01_confused_00120,0.0026804173830896616,0.024327417835593224,0.9729921221733093
train/0000/ex01_laughing_00240,0.07595089077949524,0.8795320987701416,0.044516973197460175
train/0000/ex01_enunciated_00177,0.11755525320768356,0.8345429301261902,0.04790176451206207
train/0000/ex01_happy_00307,0.0021030984353274107,0.0222207959741354,0.9756761789321899
train/0000/ex01_default_emphasis_00115,0.8239801526069641,0.16485798358917236,0.011161955073475838
train/0000/ex01_default_00220,0.01726004295051098,0.8731796145439148,0.10956025123596191
train/0000/ex01_laughing_00097,0.0991920530796051,0.8602365851402283,0.04057138413190842
train/0000/ex01_sad_00268,0.08090711385011673,0.6162995100021362,0.30279338359832764
train/0000/ex01_sad_00165,0.01531756017357111,0.9409107565879822,0.04377168416976929
train/0000/ex01_enunciated_00178,0.013568513095378876,0.43671926856040955,0.5497122406959534
train/0000/ex01_happy_00308,0.23826156556606293,0.6759288907051086,0.08580955862998962
train/0000/ex01_default_00122,0.01566556841135025,0.6130486726760864,0.37128573656082153
train/0000/ex01_confused_00222,0.015311636961996555,0.3286018371582031,0.6560865044593811
train/0000/ex01_laughing_00142,0.1467534601688385,0.7630258798599243,0.090220607817173
train/0000/ex01_enunciated_00275,0.07628533989191055,0.6600131392478943,0.26370155811309814
train/0000/ex01_happy_00005,0.934611439704895,0.05549872666597366,0.009889790788292885
train/0000/ex01_default_emphasis_00026,0.02628076635301113,0.4921036958694458,0.48161551356315613
train/0000/ex01_default_00313,0.02780485339462757,0.8583417534828186,0.11385340243577957
train/0000/ex01_happy_00139,0.061238519847393036,0.8910596966743469,0.04770175367593765
train/0000/ex01_enunciated_00349,0.2090635597705841,0.6844379305839539,0.10649850964546204
train/0000/ex01_sad_00281,0.21902157366275787,0.7467378377914429,0.03424064815044403
train/0000/ex01_whisper_00129,0.8869561553001404,0.10890884697437286,0.004134980961680412
train/0000/ex01_happy_00234,0.0861365869641304,0.7892341017723083,0.12462931871414185
train/0000/ex01_enunciated_00044,0.42561841011047363,0.5522869229316711,0.022094693034887314
train/0000/ex01_confused_00013,0.09841704368591309,0.8555321097373962,0.046050868928432465
train/0000/ex01_enunciated_00191,0.1295270472764969,0.7999553680419922,0.0705176517367363
train/0000/ex01_sad_00059,0.01991010271012783,0.6237877607345581,0.3563021719455719
train/0000/ex01_whisper_00126,0.21285784244537354,0.7673453092575073,0.01979689858853817
train/0000/ex01_happy_00136,0.0015370262553915381,0.013465494848787785,0.9849975109100342
train/0000/ex01_enunciated_00346,0.11799897253513336,0.6650655269622803,0.21693550050258636
train/0000/ex01_confused_00311,0.04687943309545517,0.9055273532867432,0.04759322479367256
train/0000/ex01_default_emphasis_00029,0.19231551885604858,0.7254630327224731,0.08222145587205887
train/0000/ex01_laughing_00071,0.45102572441101074,0.492416650056839,0.05655759945511818
train/0000/ex01_default_00011,0.03474421054124832,0.3914816081523895,0.5737742185592651
train/0000/ex01_sad_00183,0.02759026363492012,0.6788052320480347,0.2936044931411743
train/0000/ex01_sad_00056,0.06515435129404068,0.7482788562774658,0.1865668147802353
train/0000/ex01_enunciated_00293,0.7307429313659668,0.2471829205751419,0.022074081003665924
train/0000/ex01_confused_00283,0.6149507761001587,0.3488615155220032,0.03618773818016052
train/0000/ex01_default_00183,0.02759026363492012,0.6788052320480347,0.2936044931411743
train/0000/ex01_sad_00011,0.03474421054124832,0.3914816081523895,0.5737742185592651
train/0000/ex01_default_00056,0.06515435129404068,0.7482788562774658,0.1865668147802353
train/0000/ex01_happy_00171,0.02437630295753479,0.9254720211029053,0.05015166476368904
train/0000/ex01_enunciated_00301,0.08034338057041168,0.8588988184928894,0.060757748782634735
train/0000/ex01_laughing_00036,0.004323129542171955,0.05729934200644493,0.9383774995803833
train/0000/ex01_default_00281,0.21902157366275787,0.7467378377914429,0.03424064815044403
train/0000/ex01_sad_00313,0.02780485339462757,0.8583417534828186,0.11385340243577957
train/0000/ex01_confused_00181,0.06817713379859924,0.9053469300270081,0.026475882157683372
train/0000/ex01_whisper_00263,0.09773776680231094,0.8639469742774963,0.03831520676612854
train/0000/ex01_happy_00273,0.08212298899888992,0.8162463903427124,0.10163071006536484
train/0000/ex01_enunciated_00003,0.056700270622968674,0.8164567947387695,0.12684288620948792
train/0000/ex01_default_00059,0.01991010271012783,0.6237877607345581,0.3563021719455719
train/0000/ex01_confused_00054,0.41790857911109924,0.5568651556968689,0.025226294994354248
train/0000/ex01_laughing_00334,0.0535845048725605,0.8889057636260986,0.057509809732437134
train/0000/ex01_laughing_00039,0.3346402943134308,0.6282598376274109,0.03709984943270683
train/0000/ex01_default_emphasis_00061,0.5590993165969849,0.4163825809955597,0.024518122896552086
train/0000/ex01_default_00268,0.08090711385011673,0.6162995100021362,0.30279338359832764
train/0000/ex01_confused_00265,0.06765788793563843,0.8342952132225037,0.09804695844650269
train/0000/ex01_laughing_00105,0.03616314381361008,0.610447108745575,0.353389710187912
train/0000/ex01_enunciated_00232,0.1338081657886505,0.8068786859512329,0.05931312218308449
train/0000/ex01_happy_00042,0.01802155189216137,0.8499716520309448,0.13200679421424866
train/0000/ex01_laughing_00208,0.6538718342781067,0.2871021330356598,0.059026047587394714
train/0000/ex01_confused_00168,0.21566686034202576,0.7042288780212402,0.08010423183441162
train/0000/ex01_default_00165,0.01531756017357111,0.9409107565879822,0.04377168416976929
train/0000/ex01_sad_00122,0.01566556841135025,0.6130486726760864,0.37128573656082153
train/0000/ex01_default_essentials_00012,0.0015254748286679387,0.024471862241625786,0.9740027189254761
train/0000/ex01_default_emphasis_00088,0.3786522448062897,0.6053951978683472,0.015952548012137413
train/0000/ex01_happy_00197,0.007605736143887043,0.2975133955478668,0.6948808431625366
train/0000/ex01_default_emphasis_00152,0.15040475130081177,0.6528966426849365,0.19669868052005768
train/0000/ex01_default_00267,0.6353546977043152,0.3107931911945343,0.0538521371781826
train/0000/ex01_confused_00167,0.2935105264186859,0.5292295813560486,0.1772598922252655
train/0000/ex01_laughing_00207,0.010440690442919731,0.16967196762561798,0.8198873996734619
train/0000/ex01_enunciated_00130,0.26505130529403687,0.7087653875350952,0.0261833555996418
train/0000/ex01_happy_00295,0.04008272662758827,0.3817845284938812,0.5781327486038208
train/0000/ex01_sad_00220,0.01726004295051098,0.8731796145439148,0.10956025123596191
train/0000/ex01_happy_00198,0.1475757211446762,0.7512769103050232,0.10114739090204239
train/0000/ex01_default_emphasis_00087,0.05592487007379532,0.8757807612419128,0.06829436123371124
train/0000/ex01_default_00132,0.1314944326877594,0.8377966284751892,0.030708955600857735
train/0000/ex01_enunciated_00168,0.21566686034202576,0.7042288780212402,0.08010423183441162
train/0000/ex01_happy_00318,0.10002385079860687,0.8306068181991577,0.06936933845281601
train/0000/ex01_whisper_00308,0.23826156556606293,0.6759288907051086,0.08580955862998962
train/0000/ex01_whisper_00005,0.934611439704895,0.05549872666597366,0.009889790788292885
train/0000/ex01_enunciated_00265,0.06765788793563843,0.8342952132225037,0.09804695844650269
train/0000/ex01_happy_00015,0.506630539894104,0.48133498430252075,0.012034468352794647
train/0000/ex01_laughing_00152,0.10700275748968124,0.7111424803733826,0.18185484409332275
train/0000/ex01_confused_00232,0.1338081657886505,0.8068786859512329,0.05931312218308449
train/0000/ex01_sad_00278,0.1592971682548523,0.6952738165855408,0.14542904496192932
train/0000/ex01_laughing_00087,0.21510601043701172,0.5394577980041504,0.2454361766576767
train/0000/ex01_sad_00175,0.19130058586597443,0.5934426784515381,0.2152567356824875
train/0000/ex01_enunciated_00167,0.2935105264186859,0.5292295813560486,0.1772598922252655
train/0000/ex01_happy_00317,0.255113810300827,0.7076510190963745,0.03723512962460518
train/0000/ex01_laughing_00250,0.07768408209085464,0.890346348285675,0.03196956589818001
train/0000/ex01_confused_00130,0.26505130529403687,0.7087653875350952,0.0261833555996418
train/0000/ex01_default_emphasis_00105,0.15200842916965485,0.8224475979804993,0.02554396167397499
train/0000/ex01_default_00230,0.12464317679405212,0.5821502208709717,0.29320666193962097
train/0000/ex01_laughing_00088,0.8328250050544739,0.15581287443637848,0.011362195946276188
train/0000/ex01_sad_00277,0.06304355710744858,0.43823060393333435,0.49872586131095886
train/0000/ex01_sad_00046,0.030928729102015495,0.9454101324081421,0.02366115339100361
train/0000/ex01_enunciated_00283,0.6149507761001587,0.3488615155220032,0.03618773818016052
train/0000/ex01_laughing_00061,0.022052813321352005,0.5531983971595764,0.42474880814552307
train/0000/ex01_confused_00301,0.08034338057041168,0.8588988184928894,0.060757748782634735
train/0000/ex01_default_emphasis_00039,0.004932991694658995,0.22957667708396912,0.7654902935028076
train/0000/ex01_happy_00126,0.21285784244537354,0.7673453092575073,0.01979689858853817
train/0000/ex01_sad_00193,0.9059321284294128,0.08244799077510834,0.01161986868828535
train/0000/ex01_default_00001,0.9098274111747742,0.08571292459964752,0.004459610674530268
train/0000/ex01_sad_00049,0.0010715419193729758,0.01202390342950821,0.9869045615196228
train/0000/ex01_enunciated_00181,0.06817713379859924,0.9053469300270081,0.026475882157683372
train/0000/ex01_sad_00291,0.9498382806777954,0.044894859194755554,0.005266836378723383
train/0000/ex01_happy_00129,0.8869561553001404,0.10890884697437286,0.004134980961680412
train/0000/ex01_default_emphasis_00036,0.09308382868766785,0.8641458749771118,0.04277029633522034
train/0000/ex01_default_00303,0.47740378975868225,0.4759998619556427,0.046596378087997437
train/0000/ex01_confused_00003,0.056700270622968674,0.8164567947387695,0.12684288620948792
train/0000/ex01_happy_00224,0.3808194100856781,0.5997057557106018,0.019474832341074944
train/0000/ex01_enunciated_00054,0.41790857911109924,0.5568651556968689,0.025226294994354248
train/0000/ex01_sad_00264,0.09075991809368134,0.8324441313743591,0.07679592818021774
train/0000/ex01_sad_00169,0.5439252257347107,0.4137207865715027,0.04235396906733513
train/0000/ex01_whisper_00314,0.05609379708766937,0.9001933336257935,0.04371286928653717
train/0000/ex01_enunciated_00174,0.28920507431030273,0.6855459213256836,0.025248991325497627
train/0000/ex01_happy_00304,0.1105542778968811,0.8396112322807312,0.049834467470645905
train/0000/ex01_laughing_00243,0.3831736147403717,0.5929059982299805,0.02392043173313141
train/0000/ex01_confused_00123,0.5377265810966492,0.4446975290775299,0.017575891688466072
train/0000/ex01_default_emphasis_00116,0.16821208596229553,0.7287818193435669,0.10300610959529877
train/0000/ex01_default_00223,0.28974851965904236,0.6785893440246582,0.03166212514042854
train/0000/ex01_enunciated_00279,0.5931952595710754,0.3620343804359436,0.04477030411362648
train/0000/ex01_happy_00009,0.282529354095459,0.611024022102356,0.10644661635160446
train/0000/ex01_whisper_00019,0.017557865008711815,0.8388291597366333,0.14361298084259033
train/0000/ex01_laughing_00094,0.8614933490753174,0.12586477398872375,0.01264182198792696
train/0000/ex01_sad_00166,0.024788828566670418,0.6306429505348206,0.34456828236579895
train/0000/ex01_default_00121,0.5801613330841064,0.3988630771636963,0.020975586026906967
train/0000/ex01_whisper_00016,0.506630539894104,0.48133498430252075,0.012034468352794647
train/0000/ex01_enunciated_00276,0.009909792803227901,0.17843396961688995,0.8116561770439148
train/0000/ex01_happy_00006,0.05615399032831192,0.76084965467453,0.1829962581396103
train/0000/ex01_laughing_00141,0.11989634484052658,0.8524045944213867,0.02769908308982849
train/0000/ex01_default_emphasis_00119,0.14722944796085358,0.7880150675773621,0.06475550681352615
train/0000/ex01_confused_00221,0.007590672001242638,0.06916914135217667,0.9232401251792908
train/0000/ex01_sad_00282,0.11855295300483704,0.8417866230010986,0.039660416543483734
train/0000/ex01_default_emphasis_00025,0.02628076635301113,0.4921036958694458,0.48161551356315613
train/0000/ex01_default_00310,0.6671473383903503,0.31046605110168457,0.022386640310287476
train/0000/ex01_confused_00010,0.3962215781211853,0.5625858902931213,0.04119255021214485
train/0000/ex01_whisper_00227,0.06498967111110687,0.8663256764411926,0.0686846449971199
train/0000/ex01_happy_00237,0.1515805721282959,0.818261981010437,0.030157487839460373
train/0000/ex01_enunciated_00047,0.002933175303041935,0.4364123046398163,0.5606545209884644
train/0000/ex01_enunciated_00192,0.8561681509017944,0.13510727882385254,0.008724535815417767
train/0000/ex01_laughing_00072,0.13668093085289001,0.8299171924591064,0.033401891589164734
train/0000/ex01_confused_00312,0.7353631258010864,0.2467956244945526,0.017841244116425514
train/0000/ex01_happy_00135,0.030884195119142532,0.8611021041870117,0.10801368951797485
train/0000/ex01_enunciated_00345,0.00596356438472867,0.374716579914093,0.6193198561668396
train/0000/ex01_sad_00180,0.0458298921585083,0.7599113583564758,0.19425879418849945
train/0000/ex01_happy_00238,0.1292567402124405,0.8390723466873169,0.031670864671468735
train/0000/ex01_enunciated_00048,0.004011126700788736,0.1062881126999855,0.8897007703781128
train/0000/ex01_whisper_00228,0.3508414924144745,0.6300903558731079,0.019068142399191856
train/0000/ex01_default_00012,0.06491482257843018,0.776904284954071,0.15818087756633759
train/0000/ex01_sad_00055,0.001678473548963666,0.023746998980641365,0.9745745062828064
train/0000/ex01_enunciated_00290,0.15250930190086365,0.5551228523254395,0.2923678457736969
train/0000/ex01_whisper_00270,0.01991914212703705,0.8896104097366333,0.09047048538923264
train/0000/ex01_happy_00260,0.17312122881412506,0.7997815012931824,0.027097225189208984
train/0000/ex01_enunciated_00010,0.3962215781211853,0.5625858902931213,0.04119255021214485
train/0000/ex01_confused_00047,0.003356759902089834,0.5191052556037903,0.47753801941871643
train/0000/ex01_laughing_00327,0.23816345632076263,0.7226806879043579,0.03915586695075035
train/0000/ex01_default_emphasis_00072,0.5791425704956055,0.4078078866004944,0.01304952148348093
train/0000/ex01_default_00292,0.01389733050018549,0.8717520236968994,0.11435067653656006
train/0000/ex01_sad_00300,0.6375640034675598,0.3535878658294678,0.00884819682687521
train/0000/ex01_confused_00192,0.83686763048172,0.1545679122209549,0.008564543910324574
train/0000/ex01_laughing_00328,0.6477631330490112,0.33262544870376587,0.019611429423093796
train/0000/ex01_confused_00048,0.007531547918915749,0.1817331314086914,0.8107353448867798
train/0000/ex01_default_00045,0.026188528165221214,0.9192442893981934,0.0545671284198761
train/0000/ex01_whisper_00172,0.7091677188873291,0.2822225093841553,0.008609709329903126
train/0000/ex01_happy_00162,0.14918814599514008,0.7641085386276245,0.0867033302783966
train/0000/ex01_enunciated_00312,0.7353631258010864,0.2467956244945526,0.017841244116425514
train/0000/ex01_confused_00345,0.00596356438472867,0.374716579914093,0.6193198561668396
train/0000/ex01_laughing_00025,0.010994760319590569,0.6826502680778503,0.30635496973991394
train/0000/ex01_confused_00290,0.15250930190086365,0.5551228523254395,0.2923678457736969
train/0000/ex01_default_00190,0.03951055556535721,0.4044853448867798,0.5560041666030884
train/0000/ex01_sad_00002,0.4619651436805725,0.4928797781467438,0.04515504464507103
train/0000/ex01_happy_00286,0.17276622354984283,0.7766261696815491,0.050607554614543915
train/0000/ex01_sad_00233,0.12300042808055878,0.832811176776886,0.044188421219587326
train/0000/ex01_default_emphasis_00094,0.016800347715616226,0.9100514650344849,0.07314817607402802
train/0000/ex01_laughing_00119,0.04589886963367462,0.8187190294265747,0.13538208603858948
train/0000/ex01_default_emphasis_00141,0.09291204810142517,0.6298842430114746,0.27720367908477783
train/0000/ex01_confused_00279,0.5931952595710754,0.3620343804359436,0.04477030411362648
train/0000/ex01_default_00274,0.23232674598693848,0.7164735198020935,0.05119975283741951
train/0000/ex01_default_00179,0.6307037472724915,0.33001598715782166,0.03928028792142868
train/0000/ex01_confused_00174,0.28920507431030273,0.6855459213256836,0.025248991325497627
train/0000/ex01_laughing_00214,0.5483847856521606,0.37285855412483215,0.07875671237707138
train/0000/ex01_enunciated_00123,0.4636572301387787,0.5051567554473877,0.031185965985059738
train/0000/ex01_sad_00131,0.04687335714697838,0.6498929858207703,0.30323371291160583
train/0000/ex01_happy_00289,0.10251612216234207,0.8714196681976318,0.026064284145832062
train/0000/ex01_default_essentials_00001,0.03474421054124832,0.3914816081523895,0.5737742185592651
train/0000/ex01_happy_00184,0.36160752177238464,0.534400463104248,0.10399200767278671
train/0000/ex01_confused_00276,0.04041341692209244,0.47574540972709656,0.4838411808013916
train/0000/ex01_laughing_00116,0.36255505681037903,0.6150806546211243,0.022364303469657898
train/0000/ex01_whisper_00041,0.22284193336963654,0.6642903685569763,0.11286769062280655
train/0000/ex01_enunciated_00221,0.007590672001242638,0.06916914135217667,0.9232401251792908
train/0000/ex01_happy_00051,0.02701929770410061,0.8488302230834961,0.12415044754743576
train/0000/ex01_default_00176,0.1350136697292328,0.645368754863739,0.21961753070354462
train/0000/ex01_default_00131,0.04687335714697838,0.6498929858207703,0.30323371291160583
train/0000/ex01_default_emphasis_00109,0.08402661979198456,0.8827101588249207,0.03326329588890076
train/0000/ex01_confused_00231,0.12523595988750458,0.8355967998504639,0.03916719928383827
train/0000/ex01_laughing_00151,0.0024392283521592617,0.047571152448654175,0.9499896168708801
train/0000/ex01_enunciated_00266,0.8060329556465149,0.1834965944290161,0.010470451787114143
train/0000/ex01_happy_00016,0.018995432183146477,0.29764413833618164,0.6833603978157043
train/0000/ex01_laughing_00084,0.02635255455970764,0.9110207557678223,0.06262673437595367
train/0000/ex01_sad_00176,0.1350136697292328,0.645368754863739,0.21961753070354462
train/0000/ex01_confused_00133,0.6515070796012878,0.3355253338813782,0.012967588379979134
train/0000/ex01_laughing_00253,0.28489065170288086,0.6767551302909851,0.038354188203811646
train/0000/ex01_enunciated_00164,0.09403518587350845,0.6429035663604736,0.2630612254142761
train/0000/ex01_happy_00314,0.05609379708766937,0.9001933336257935,0.04371286928653717
train/0000/ex01_enunciated_00269,0.4984146058559418,0.4699060618877411,0.031679313629865646
train/0000/ex01_happy_00019,0.017557865008711815,0.8388291597366333,0.14361298084259033
train/0000/ex01_default_emphasis_00106,0.15200842916965485,0.8224475979804993,0.02554396167397499
train/0000/ex01_default_00233,0.12300042808055878,0.832811176776886,0.044188421219587326
train/0000/ex01_sad_00274,0.23232674598693848,0.7164735198020935,0.05119975283741951
train/0000/ex01_sad_00179,0.6307037472724915,0.33001598715782166,0.03928028792142868
train/0000/ex01_sad_00045,0.026188528165221214,0.9192442893981934,0.0545671284198761
train/0000/ex01_enunciated_00280,0.0022697756066918373,0.3924647867679596,0.6052654385566711
train/0000/ex01_happy_00125,0.12822547554969788,0.8369885683059692,0.03478600084781647
train/0000/ex01_confused_00302,0.015766482800245285,0.5579049587249756,0.4263285994529724
train/0000/ex01_laughing_00062,0.18447275459766388,0.6792929768562317,0.1362343281507492
train/0000/ex01_default_00002,0.4619651436805725,0.4928797781467438,0.04515504464507103
train/0000/ex01_happy_00228,0.3508414924144745,0.6300903558731079,0.019068142399191856
train/0000/ex01_enunciated_00058,0.0020303516648709774,0.03597860783338547,0.961991012096405
train/0000/ex01_sad_00190,0.03951055556535721,0.4044853448867798,0.5560041666030884
train/0000/ex01_enunciated_00182,0.03654542565345764,0.9145725965499878,0.04888192191720009
train/0000/ex01_default_emphasis_00035,0.09308382868766785,0.8641458749771118,0.04277029633522034
train/0000/ex01_default_00300,0.6375640034675598,0.3535878658294678,0.00884819682687521
train/0000/ex01_sad_00292,0.01389733050018549,0.8717520236968994,0.11435067653656006
train/0000/ex01_whisper_00237,0.1515805721282959,0.818261981010437,0.030157487839460373
train/0000/ex01_happy_00227,0.06498967111110687,0.8663256764411926,0.0686846449971199
train/0000/ex01_enunciated_00057,0.3889138102531433,0.5686177611351013,0.04246842488646507
train/0000/ex01_confused_00280,0.0022697756066918373,0.3924647867679596,0.6052654385566711
train/0000/ex01_sad_00012,0.06491482257843018,0.776904284954071,0.15818087756633759
train/0000/ex01_default_00180,0.0458298921585083,0.7599113583564758,0.19425879418849945
train/0000/ex01_confused_00058,0.0020303516648709774,0.03597860783338547,0.961991012096405
train/0000/ex01_laughing_00338,0.0037879094015806913,0.043755486607551575,0.9524565935134888
train/0000/ex01_default_00055,0.001678473548963666,0.023746998980641365,0.9745745062828064
train/0000/ex01_laughing_00035,0.023828348144888878,0.9180503487586975,0.05812123790383339
train/0000/ex01_happy_00172,0.7091677188873291,0.2822225093841553,0.008609709329903126
train/0000/ex01_enunciated_00302,0.00579140055924654,0.4916898012161255,0.5025187730789185
train/0000/ex01_sad_00310,0.6671473383903503,0.31046605110168457,0.022386640310287476
train/0000/ex01_default_00282,0.11855295300483704,0.8417866230010986,0.039660416543483734
train/0000/ex01_confused_00182,0.03654542565345764,0.9145725965499878,0.04888192191720009
train/0000/ex01_laughing_00337,0.9547984600067139,0.042630914598703384,0.002570629818364978
train/0000/ex01_confused_00057,0.3889138102531433,0.5686177611351013,0.04246842488646507
train/0000/ex01_happy_00270,0.01991914212703705,0.8896104097366333,0.09047048538923264
train/0000/ex01_default_emphasis_00062,0.5590993165969849,0.4163825809955597,0.024518122896552086
train/0000/ex01_whisper_00051,0.02701929770410061,0.8488302230834961,0.12415044754743576
train/0000/ex01_enunciated_00231,0.12523595988750458,0.8355967998504639,0.03916719928383827
train/0000/ex01_happy_00041,0.22284193336963654,0.6642903685569763,0.11286769062280655
train/0000/ex01_laughing_00106,0.02003675140440464,0.5626609325408936,0.4173023998737335
train/0000/ex01_confused_00266,0.8060329556465149,0.1834965944290161,0.010470451787114143
train/0000/ex01_default_00166,0.024788828566670418,0.6306429505348206,0.34456828236579895
train/0000/ex01_default_essentials_00011,0.11747673898935318,0.584351658821106,0.29817160964012146
train/0000/ex01_happy_00299,0.11918598413467407,0.8620031476020813,0.01881086453795433
train/0000/ex01_sad_00121,0.5801613330841064,0.3988630771636963,0.020975586026906967
train/0000/ex01_whisper_00184,0.36160752177238464,0.534400463104248,0.10399200767278671
train/0000/ex01_happy_00194,0.15222585201263428,0.8054711222648621,0.04230299964547157
train/0000/ex01_default_emphasis_00151,0.15040475130081177,0.6528966426849365,0.19669868052005768
train/0000/ex01_confused_00269,0.4568469226360321,0.5079064965248108,0.0352465957403183
train/0000/ex01_laughing_00109,0.07654640078544617,0.6790375709533691,0.24441605806350708
train/0000/ex01_default_00264,0.09075991809368134,0.8324441313743591,0.07679592818021774
train/0000/ex01_enunciated_00133,0.6515070796012878,0.3355253338813782,0.012967588379979134
train/0000/ex01_default_00169,0.5439252257347107,0.4137207865715027,0.04235396906733513
train/0000/ex01_laughing_00204,0.011311614885926247,0.2128937542438507,0.7757946848869324
train/0000/ex01_confused_00164,0.09403518587350845,0.6429035663604736,0.2630612254142761
train/0000/ex01_happy_00296,0.6926909685134888,0.2971314787864685,0.010177566669881344
train/0000/ex01_default_emphasis_00084,0.05223415791988373,0.9085699915885925,0.03919591009616852
train/0000/ex01_sad_00223,0.28974851965904236,0.6785893440246582,0.03166212514042854
train/0000/ex01_enunciated_00068,0.6234090924263,0.31068459153175354,0.0659063458442688
train/0000/ex01_happy_00218,0.37240418791770935,0.578458845615387,0.0491369403898716
train/0000/ex01_default_00032,0.06483691930770874,0.8891462683677673,0.046016789972782135
train/0000/ex01_laughing_00052,0.005406078416854143,0.11009404063224792,0.8844999074935913
train/0000/ex01_confused_00332,0.8049635291099548,0.18273289501667023,0.01230356190353632
train/0000/ex01_happy_00115,0.3764439523220062,0.601498007774353,0.022058067843317986
train/0000/ex01_laughing_00187,0.0406685471534729,0.2662848234176636,0.6930466294288635
train/0000/ex01_sad_00075,0.739282488822937,0.22999054193496704,0.0307269636541605
train/0000/ex01_confused_00030,0.010314112529158592,0.25060245394706726,0.739083468914032
train/0000/ex01_enunciated_00067,0.4678468108177185,0.5118140578269958,0.020339110866189003
train/0000/ex01_happy_00217,0.20785687863826752,0.7267651557922363,0.06537798792123795
train/0000/ex01_whisper_00207,0.011682354845106602,0.183088019490242,0.805229663848877
train/0000/ex01_default_00330,0.5431100726127625,0.41936007142066956,0.03752979636192322
train/0000/ex01_default_emphasis_00005,0.037306204438209534,0.7601453065872192,0.20254850387573242
train/0000/ex01_laughing_00188,0.0019486392848193645,0.03166313096880913,0.9663881659507751
train/0000/ex01_laughing_00285,0.0020812980365008116,0.06269340962171555,0.9352253079414368
train/0000/ex01_sad_00146,0.026384828612208366,0.9241833686828613,0.04943181201815605
train/0000/ex01_happy_00026,0.004352969117462635,0.6392195820808411,0.35642746090888977
train/0000/ex01_enunciated_00256,0.7918973565101624,0.1937766820192337,0.01432597916573286
train/0000/ex01_whisper_00036,0.0025651673786342144,0.04119441658258438,0.9562404751777649
train/0000/ex01_laughing_00161,0.5691847801208496,0.3762085437774658,0.05460669845342636
train/0000/ex01_confused_00201,0.18298693001270294,0.6442795991897583,0.17273341119289398
train/0000/ex01_default_emphasis_00139,0.09291204810142517,0.6298842430114746,0.27720367908477783
train/0000/ex01_default_00101,0.16780400276184082,0.8006030321121216,0.0315929614007473
train/0000/ex01_sad_00093,0.012006311677396297,0.5792721509933472,0.40872156620025635
train/0000/ex01_sad_00149,0.05819712579250336,0.9072120785713196,0.03459082916378975
train/0000/ex01_enunciated_00081,0.6893656253814697,0.2851574718952179,0.025476891547441483
train/0000/ex01_sad_00244,0.663033127784729,0.31663981080055237,0.020327128469944
train/0000/ex01_default_00203,0.23394639790058136,0.5358226299285889,0.230230912566185
train/0000/ex01_default_emphasis_00136,0.19209539890289307,0.6151896119117737,0.19271500408649445
train/0000/ex01_happy_00029,0.1338849812746048,0.7638354897499084,0.10227952152490616
train/0000/ex01_enunciated_00259,0.0749736949801445,0.8729673027992249,0.052059005945920944
train/0000/ex01_happy_00324,0.10301511734724045,0.8485803604125977,0.048404525965452194
train/0000/ex01_enunciated_00154,0.9206306338310242,0.07502958923578262,0.004339783452451229
train/0000/ex01_laughing_00263,0.09773776680231094,0.8639469742774963,0.03831520676612854
train/0000/ex01_confused_00103,0.08125413954257965,0.8300952315330505,0.08865062147378922
train/0000/ex01_sad_00111,0.175013467669487,0.7968583106994629,0.0281282477080822
train/0000/ex01_default_00083,0.06029462441802025,0.854293167591095,0.08541221171617508
train/0000/ex01_default_essentials_00021,0.0018486626213416457,0.015377032570540905,0.9827743172645569
train/0000/ex01_default_00156,0.3736420273780823,0.6115961670875549,0.014761834405362606
train/0000/ex01_confused_00256,0.7918973565101624,0.1937766820192337,0.01432597916573286
train/0000/ex01_laughing_00136,0.0015370262553915381,0.013465494848787785,0.9849975109100342
train/0000/ex01_happy_00071,0.43452686071395874,0.5203275680541992,0.04514551907777786
train/0000/ex01_enunciated_00201,0.10348877310752869,0.5827879905700684,0.31372329592704773
train/0000/ex01_sad_00213,0.1151353195309639,0.860874593257904,0.023990055546164513
train/0000/ex01_confused_00081,0.6893656253814697,0.2851574718952179,0.025476891547441483
train/0000/ex01_confused_00154,0.9206306338310242,0.07502958923578262,0.004339783452451229
train/0000/ex01_laughing_00234,0.0861365869641304,0.7892341017723083,0.12462931871414185
train/0000/ex01_default_00159,0.08113639801740646,0.8478768467903137,0.07098673284053802
train/0000/ex01_enunciated_00103,0.08125413954257965,0.8300952315330505,0.08865062147378922
train/0000/ex01_default_00254,0.13113071024417877,0.8356229066848755,0.03324638307094574
train/0000/ex01_laughing_00139,0.061238519847393036,0.8910596966743469,0.04770175367593765
train/0000/ex01_confused_00259,0.0749736949801445,0.8729673027992249,0.052059005945920944
train/0000/ex01_enunciated_00332,0.8049635291099548,0.18273289501667023,0.01230356190353632
train/0000/ex01_happy_00142,0.1467534601688385,0.7630258798599243,0.090220607817173
train/0000/ex01_whisper_00152,0.10700275748968124,0.7111424803733826,0.18185484409332275
train/0000/ex01_laughing_00005,0.934611439704895,0.05549872666597366,0.009889790788292885
train/0000/ex01_default_00065,0.45588746666908264,0.5368928909301758,0.007219688966870308
train/0000/ex01_laughing_00308,0.23826156556606293,0.6759288907051086,0.08580955862998962
train/0000/ex01_confused_00068,0.6707557439804077,0.2819332480430603,0.04731101542711258
train/0000/ex01_sad_00022,0.31455883383750916,0.6118648052215576,0.07357633858919144
train/0000/ex01_happy_00097,0.0991920530796051,0.8602365851402283,0.04057138413190842
train/0000/ex01_whisper_00087,0.21510601043701172,0.5394577980041504,0.2454361766576767
train/0000/ex01_default_emphasis_00052,0.005083025433123112,0.7143651247024536,0.28055188059806824
train/0000/ex01_enunciated_00030,0.010314112529158592,0.25060245394706726,0.739083468914032
train/0000/ex01_happy_00240,0.07595089077949524,0.8795320987701416,0.044516973197460175
train/0000/ex01_confused_00067,0.4678468108177185,0.5118140578269958,0.020339110866189003
train/0000/ex01_laughing_00307,0.0021030984353274107,0.0222207959741354,0.9756761789321899
train/0000/ex01_whisper_00088,0.8328250050544739,0.15581287443637848,0.011362195946276188
train/0000/ex01_sad_00320,0.04208735376596451,0.32354414463043213,0.6343684792518616
train/0000/ex01_happy_00098,0.018272610381245613,0.9065510630607605,0.07517632842063904
train/0000/ex01_laughing_00198,0.1744299679994583,0.786346435546875,0.039223503321409225
train/0000/ex01_laughing_00295,0.04008272662758827,0.3817845284938812,0.5781327486038208
train/0000/ex01_enunciated_00077,0.04558243229985237,0.8670352101325989,0.08738237619400024
train/0000/ex01_happy_00207,0.011682354845106602,0.183088019490242,0.805229663848877
train/0000/ex01_whisper_00217,0.20785687863826752,0.7267651557922363,0.06537798792123795
train/0000/ex01_confused_00020,0.32763487100601196,0.5546064972877502,0.11775866150856018
train/0000/ex01_laughing_00340,0.08175257593393326,0.8461171984672546,0.07213019579648972
train/0000/ex01_default_00320,0.04208735376596451,0.32354414463043213,0.6343684792518616
train/0000/ex01_default_emphasis_00015,0.3439471125602722,0.624014675617218,0.03203814849257469
train/0000/ex01_laughing_00197,0.007605736143887043,0.2975133955478668,0.6948808431625366
train/0000/ex01_sad_00065,0.47205621004104614,0.5210504531860352,0.006893313489854336
train/0000/ex01_default_00022,0.31455883383750916,0.6118648052215576,0.07357633858919144
train/0000/ex01_whisper_00218,0.37240418791770935,0.578458845615387,0.0491369403898716
train/0000/ex01_enunciated_00078,0.12116102129220963,0.8330087661743164,0.04583018645644188
train/0000/ex01_happy_00208,0.6538718342781067,0.2871021330356598,0.059026047587394714
train/0000/ex01_happy_00105,0.03616314381361008,0.610447108745575,0.353389710187912
train/0000/ex01_confused_00322,0.0245877243578434,0.25490280985832214,0.7205094695091248
train/0000/ex01_laughing_00042,0.01802155189216137,0.8499716520309448,0.13200679421424866
train/0000/ex01_happy_00039,0.3346402943134308,0.6282598376274109,0.03709984943270683
train/0000/ex01_enunciated_00249,0.05894189700484276,0.9059048295021057,0.03515337407588959
train/0000/ex01_default_00213,0.1151353195309639,0.860874593257904,0.023990055546164513
train/0000/ex01_default_emphasis_00126,0.002250452758744359,0.016587531194090843,0.9811620712280273
train/0000/ex01_confused_00113,0.03567039221525192,0.8623397946357727,0.10198979079723358
train/0000/ex01_laughing_00273,0.08212298899888992,0.8162463903427124,0.10163071006536484
train/0000/ex01_happy_00334,0.0535845048725605,0.8889057636260986,0.057509809732437134
train/0000/ex01_enunciated_00144,0.2445259392261505,0.7113490104675293,0.044125042855739594
train/0000/ex01_enunciated_00091,0.0057254452258348465,0.1786339432001114,0.8156405687332153
train/0000/ex01_sad_00159,0.08113639801740646,0.8478768467903137,0.07098673284053802
train/0000/ex01_sad_00254,0.13113071024417877,0.8356229066848755,0.03324638307094574
train/0000/ex01_confused_00211,0.2685151696205139,0.683846116065979,0.0476386658847332
train/0000/ex01_default_emphasis_00129,0.6169785857200623,0.36023882031440735,0.022782644256949425
train/0000/ex01_laughing_00171,0.02437630295753479,0.9254720211029053,0.05015166476368904
train/0000/ex01_happy_00036,0.0025651673786342144,0.04119441658258438,0.9562404751777649
train/0000/ex01_enunciated_00246,0.2380395233631134,0.7378214597702026,0.02413899451494217
train/0000/ex01_sad_00083,0.06029462441802025,0.854293167591095,0.08541221171617508
train/0000/ex01_default_00111,0.175013467669487,0.7968583106994629,0.0281282477080822
train/0000/ex01_sad_00156,0.3736420273780823,0.6115961670875549,0.014761834405362606
train/0000/ex01_enunciated_00113,0.03567039221525192,0.8623397946357727,0.10198979079723358
train/0000/ex01_laughing_00224,0.3808194100856781,0.5997057557106018,0.019474832341074944
train/0000/ex01_confused_00144,0.2445259392261505,0.7113490104675293,0.044125042855739594
train/0000/ex01_default_00149,0.055304378271102905,0.912585973739624,0.032109618186950684
train/0000/ex01_default_00244,0.663033127784729,0.31663981080055237,0.020327128469944
train/0000/ex01_confused_00249,0.0700625628232956,0.9031257629394531,0.02681165374815464
train/0000/ex01_laughing_00129,0.8869561553001404,0.10890884697437286,0.004134980961680412
train/0000/ex01_sad_00203,0.23394639790058136,0.5358226299285889,0.230230912566185
train/0000/ex01_confused_00091,0.0057254452258348465,0.1786339432001114,0.8156405687332153
train/0000/ex01_default_00146,0.026384828612208366,0.9241833686828613,0.04943181201815605
train/0000/ex01_happy_00061,0.022052813321352005,0.5531983971595764,0.42474880814552307
train/0000/ex01_enunciated_00211,0.2685151696205139,0.683846116065979,0.0476386658847332
train/0000/ex01_laughing_00126,0.21285784244537354,0.7673453092575073,0.01979689858853817
train/0000/ex01_confused_00246,0.2380395233631134,0.7378214597702026,0.02413899451494217
train/0000/ex01_default_essentials_00031,0.48265528678894043,0.4847494661808014,0.03259526938199997
train/0000/ex01_default_00093,0.009014085866510868,0.5603903532028198,0.4305955171585083
train/0000/ex01_sad_00101,0.16780400276184082,0.8006030321121216,0.0315929614007473
train/0000/ex01_whisper_00098,0.021914605051279068,0.9102763533592224,0.0678090825676918
train/0000/ex01_happy_00088,0.8328250050544739,0.15581287443637848,0.011362195946276188
train/0000/ex01_sad_00330,0.5431100726127625,0.41936007142066956,0.03752979636192322
train/0000/ex01_default_emphasis_00042,0.004932991694658995,0.22957667708396912,0.7654902935028076
train/0000/ex01_laughing_00317,0.255113810300827,0.7076510190963745,0.03723512962460518
train/0000/ex01_confused_00077,0.04558243229985237,0.8670352101325989,0.08738237619400024
train/0000/ex01_enunciated_00020,0.32763487100601196,0.5546064972877502,0.11775866150856018
train/0000/ex01_happy_00250,0.07768408209085464,0.890346348285675,0.03196956589818001
train/0000/ex01_sad_00032,0.06483691930770874,0.8891462683677673,0.046016789972782135
train/0000/ex01_happy_00087,0.21510601043701172,0.5394577980041504,0.2454361766576767
train/0000/ex01_whisper_00097,0.0991920530796051,0.8602365851402283,0.04057138413190842
train/0000/ex01_laughing_00015,0.506630539894104,0.48133498430252075,0.012034468352794647
train/0000/ex01_enunciated_00322,0.0245877243578434,0.25490280985832214,0.7205094695091248
train/0000/ex01_happy_00152,0.10700275748968124,0.7111424803733826,0.18185484409332275
train/0000/ex01_whisper_00142,0.1467534601688385,0.7630258798599243,0.090220607817173
train/0000/ex01_default_00075,0.739282488822937,0.22999054193496704,0.0307269636541605
train/0000/ex01_confused_00078,0.12116102129220963,0.8330087661743164,0.04583018645644188
train/0000/ex01_laughing_00318,0.10002385079860687,0.8306068181991577,0.06936933845281601
train/0000/ex01_confused_00239,0.061576154083013535,0.5172821283340454,0.42114168405532837
train/0000/ex01_default_emphasis_00101,0.0026487933937460184,0.2318984717130661,0.7654527425765991
train/0000/ex01_laughing_00159,0.08113639801740646,0.8478768467903137,0.07098673284053802
train/0000/ex01_default_00234,0.0861365869641304,0.7892341017723083,0.12462931871414185
train/0000/ex01_whisper_00303,0.47740378975868225,0.4759998619556427,0.046596378087997437
train/0000/ex01_happy_00313,0.02780485339462757,0.8583417534828186,0.11385340243577957
train/0000/ex01_enunciated_00163,0.5478026866912842,0.4274692237377167,0.024728083983063698
train/0000/ex01_default_00139,0.061238519847393036,0.8910596966743469,0.04770175367593765
train/0000/ex01_laughing_00254,0.13113071024417877,0.8356229066848755,0.03324638307094574
train/0000/ex01_confused_00134,0.07050777226686478,0.8958708047866821,0.033621471375226974
train/0000/ex01_sad_00273,0.08212298899888992,0.8162463903427124,0.10163071006536484
train/0000/ex01_happy_00011,0.03474421054124832,0.3914816081523895,0.5737742185592651
train/0000/ex01_enunciated_00261,0.33808982372283936,0.612741231918335,0.04916895925998688
train/0000/ex01_laughing_00156,0.3736420273780823,0.6115961670875549,0.014761834405362606
train/0000/ex01_confused_00236,0.8525525331497192,0.13903634250164032,0.008411129005253315
train/0000/ex01_default_00136,0.0015370262553915381,0.013465494848787785,0.9849975109100342
train/0000/ex01_sad_00171,0.02437630295753479,0.9254720211029053,0.05015166476368904
train/0000/ex01_laughing_00083,0.06029462441802025,0.854293167591095,0.08541221171617508
train/0000/ex01_enunciated_00288,0.007335247937589884,0.8460313677787781,0.1466333568096161
train/0000/ex01_sad_00340,0.08175257593393326,0.8461171984672546,0.07213019579648972
train/0000/ex01_enunciated_00185,0.03771408647298813,0.9003682136535645,0.06191767379641533
train/0000/ex01_confused_00007,0.3160598576068878,0.6646324992179871,0.019307684153318405
train/0000/ex01_enunciated_00050,0.3366757929325104,0.6486111879348755,0.014712996780872345
train/0000/ex01_happy_00220,0.01726004295051098,0.8731796145439148,0.10956025123596191
train/0000/ex01_sad_00198,0.1475757211446762,0.7512769103050232,0.10114739090204239
train/0000/ex01_sad_00295,0.04008272662758827,0.3817845284938812,0.5781327486038208
train/0000/ex01_default_emphasis_00032,0.09308382868766785,0.8641458749771118,0.04277029633522034
train/0000/ex01_default_00307,0.0021030984353274107,0.0222207959741354,0.9756761789321899
train/0000/ex01_enunciated_00287,0.2681424915790558,0.7048932909965515,0.026964157819747925
train/0000/ex01_sad_00042,0.018431175500154495,0.8510366678237915,0.1305321455001831
train/0000/ex01_sad_00197,0.007605736143887043,0.2975133955478668,0.6948808431625366
train/0000/ex01_confused_00008,0.015296543948352337,0.06837829947471619,0.9163252115249634
train/0000/ex01_default_00005,0.934611439704895,0.05549872666597366,0.009889790788292885
train/0000/ex01_default_00308,0.23826156556606293,0.6759288907051086,0.08580955862998962
train/0000/ex01_laughing_00065,0.45588746666908264,0.5368928909301758,0.007219688966870308
train/0000/ex01_confused_00305,0.7990331649780273,0.18225252628326416,0.018714243546128273
train/0000/ex01_whisper_00132,0.1314944326877594,0.8377966284751892,0.030708955600857735
train/0000/ex01_happy_00122,0.01566556841135025,0.6130486726760864,0.37128573656082153
train/0000/ex01_default_00188,0.0019486392848193645,0.03166313096880913,0.9663881659507751
train/0000/ex01_confused_00185,0.03771408647298813,0.9003682136535645,0.06191767379641533
train/0000/ex01_confused_00288,0.007335247937589884,0.8460313677787781,0.1466333568096161
train/0000/ex01_default_00285,0.0020812980365008116,0.06269340962171555,0.9352253079414368
train/0000/ex01_sad_00317,0.255113810300827,0.7076510190963745,0.03723512962460518
train/0000/ex01_default_emphasis_00065,0.1665116548538208,0.7935053110122681,0.03998306766152382
train/0000/ex01_enunciated_00007,0.3160598576068878,0.6646324992179871,0.019307684153318405
train/0000/ex01_happy_00277,0.06304355710744858,0.43823060393333435,0.49872586131095886
train/0000/ex01_confused_00050,0.3366757929325104,0.6486111879348755,0.014712996780872345
train/0000/ex01_laughing_00330,0.5431100726127625,0.41936007142066956,0.03752979636192322
train/0000/ex01_default_00187,0.0406685471534729,0.2662848234176636,0.6930466294288635
train/0000/ex01_sad_00015,0.506630539894104,0.48133498430252075,0.012034468352794647
train/0000/ex01_sad_00318,0.10002385079860687,0.8306068181991577,0.06936933845281601
train/0000/ex01_confused_00287,0.2681424915790558,0.7048932909965515,0.026964157819747925
train/0000/ex01_whisper_00165,0.01531756017357111,0.9409107565879822,0.04377168416976929
train/0000/ex01_enunciated_00305,0.7990331649780273,0.18225252628326416,0.018714243546128273
train/0000/ex01_happy_00175,0.19130058586597443,0.5934426784515381,0.2152567356824875
train/0000/ex01_laughing_00032,0.06483691930770874,0.8891462683677673,0.046016789972782135
train/0000/ex01_default_00052,0.005406078416854143,0.11009404063224792,0.8844999074935913
train/0000/ex01_enunciated_00008,0.015296543948352337,0.06837829947471619,0.9163252115249634
train/0000/ex01_happy_00278,0.1592971682548523,0.6952738165855408,0.14542904496192932
train/0000/ex01_confused_00163,0.5478026866912842,0.4274692237377167,0.024728083983063698
train/0000/ex01_laughing_00203,0.23394639790058136,0.5358226299285889,0.230230912566185
train/0000/ex01_enunciated_00134,0.07050777226686478,0.8958708047866821,0.033621471375226974
train/0000/ex01_happy_00049,0.0010715419193729758,0.01202390342950821,0.9869045615196228
train/0000/ex01_enunciated_00239,0.07379854470491409,0.45511552691459656,0.4710860252380371
train/0000/ex01_whisper_00059,0.01991010271012783,0.6237877607345581,0.3563021719455719
train/0000/ex01_default_emphasis_00156,0.021450994536280632,0.8579719662666321,0.12057701498270035
train/0000/ex01_default_00263,0.09773776680231094,0.8639469742774963,0.03831520676612854
train/0000/ex01_sad_00224,0.3808194100856781,0.5997057557106018,0.019474832341074944
train/0000/ex01_default_emphasis_00083,0.05223415791988373,0.9085699915885925,0.03919591009616852
train/0000/ex01_default_essentials_00019,0.027561556547880173,0.2530791163444519,0.7193593382835388
train/0000/ex01_happy_00291,0.9498382806777954,0.044894859194755554,0.005266836378723383
train/0000/ex01_sad_00129,0.8869561553001404,0.10890884697437286,0.004134980961680412
train/0000/ex01_default_00161,0.47811925411224365,0.4477468430995941,0.07413389533758163
train/0000/ex01_confused_00261,0.33808982372283936,0.612741231918335,0.04916895925998688
train/0000/ex01_laughing_00101,0.16780400276184082,0.8006030321121216,0.0315929614007473
train/0000/ex01_whisper_00056,0.06515435129404068,0.7482788562774658,0.1865668147802353
train/0000/ex01_happy_00046,0.030928729102015495,0.9454101324081421,0.02366115339100361
train/0000/ex01_enunciated_00236,0.8525525331497192,0.13903634250164032,0.008411129005253315
train/0000/ex01_whisper_00183,0.02196742221713066,0.6652904748916626,0.31274211406707764
train/0000/ex01_happy_00193,0.9059321284294128,0.08244799077510834,0.01161986868828535
train/0000/ex01_sad_00126,0.21285784244537354,0.7673453092575073,0.01979689858853817
train/0000/ex01_default_essentials_00016,0.015199028886854649,0.1931196004152298,0.7916813492774963
train/0000/ex01_sad_00161,0.5691847801208496,0.3762085437774658,0.05460669845342636
train/0000/ex01_laughing_00093,0.012006311677396297,0.5792721509933472,0.40872156620025635
train/0000/ex01_confused_00226,0.05619652196764946,0.8571894764900208,0.08661399036645889
train/0000/ex01_laughing_00146,0.026384828612208366,0.9241833686828613,0.04943181201815605
train/0000/ex01_happy_00001,0.9098274111747742,0.08571292459964752,0.004459610674530268
train/0000/ex01_enunciated_00271,0.11234977841377258,0.8686320185661316,0.01901826448738575
train/0000/ex01_default_00126,0.21285784244537354,0.7673453092575073,0.01979689858853817
train/0000/ex01_sad_00263,0.09773776680231094,0.8639469742774963,0.03831520676612854
train/0000/ex01_laughing_00149,0.06493576616048813,0.9041393995285034,0.030924858525395393
train/0000/ex01_confused_00229,0.9510234594345093,0.04294714704155922,0.00602935953065753
train/0000/ex01_default_emphasis_00111,0.017774898558855057,0.9397718906402588,0.04245314747095108
train/0000/ex01_default_00224,0.3808194100856781,0.5997057557106018,0.019474832341074944
train/0000/ex01_default_00129,0.8869561553001404,0.10890884697437286,0.004134980961680412
train/0000/ex01_confused_00124,0.09331527352333069,0.2214377522468567,0.685247004032135
train/0000/ex01_laughing_00244,0.663033127784729,0.31663981080055237,0.020327128469944
train/0000/ex01_happy_00303,0.47740378975868225,0.4759998619556427,0.046596378087997437
train/0000/ex01_enunciated_00173,0.058691106736660004,0.9039662480354309,0.03734258934855461
train/0000/ex01_confused_00018,0.12019705772399902,0.8009685277938843,0.07883438467979431
train/0000/ex01_default_00015,0.506630539894104,0.48133498430252075,0.012034468352794647
train/0000/ex01_sad_00187,0.0406685471534729,0.2662848234176636,0.6930466294288635
train/0000/ex01_whisper_00122,0.01566556841135025,0.6130486726760864,0.37128573656082153
train/0000/ex01_enunciated_00342,0.6076527833938599,0.3739456534385681,0.018401553854346275
train/0000/ex01_happy_00132,0.1314944326877594,0.8377966284751892,0.030708955600857735
train/0000/ex01_default_00318,0.10002385079860687,0.8306068181991577,0.06936933845281601
train/0000/ex01_confused_00315,0.010821131058037281,0.1929129958152771,0.7962658405303955
train/0000/ex01_laughing_00075,0.739282488822937,0.22999054193496704,0.0307269636541605
train/0000/ex01_enunciated_00297,0.016436055302619934,0.34364059567451477,0.6399233341217041
train/0000/ex01_sad_00052,0.005406078416854143,0.11009404063224792,0.8844999074935913
train/0000/ex01_sad_00188,0.0019486392848193645,0.03166313096880913,0.9663881659507751
train/0000/ex01_enunciated_00040,0.08403421193361282,0.8599427938461304,0.05602296069264412
train/0000/ex01_happy_00230,0.12464317679405212,0.5821502208709717,0.29320666193962097
train/0000/ex01_confused_00017,0.06335048377513885,0.899544894695282,0.03710460290312767
train/0000/ex01_default_emphasis_00022,0.02628076635301113,0.4921036958694458,0.48161551356315613
train/0000/ex01_default_00317,0.255113810300827,0.7076510190963745,0.03723512962460518
train/0000/ex01_sad_00285,0.0020812980365008116,0.06269340962171555,0.9352253079414368
train/0000/ex01_enunciated_00298,0.5771271586418152,0.4008069634437561,0.022065872326493263
train/0000/ex01_enunciated_00195,0.013984320685267448,0.24145343899726868,0.7445622682571411
train/0000/ex01_laughing_00022,0.31455883383750916,0.6118648052215576,0.07357633858919144
train/0000/ex01_confused_00342,0.6076527833938599,0.3739456534385681,0.018401553854346275
train/0000/ex01_enunciated_00315,0.010821131058037281,0.1929129958152771,0.7962658405303955
train/0000/ex01_happy_00165,0.01531756017357111,0.9409107565879822,0.04377168416976929
train/0000/ex01_enunciated_00018,0.12019705772399902,0.8009685277938843,0.07883438467979431
train/0000/ex01_happy_00268,0.08090711385011673,0.6162995100021362,0.30279338359832764
train/0000/ex01_whisper_00278,0.1592971682548523,0.6952738165855408,0.14542904496192932
train/0000/ex01_default_00042,0.018431175500154495,0.8510366678237915,0.1305321455001831
train/0000/ex01_sad_00005,0.934611439704895,0.05549872666597366,0.009889790788292885
train/0000/ex01_default_00197,0.007605736143887043,0.2975133955478668,0.6948808431625366
train/0000/ex01_confused_00297,0.016436055302619934,0.34364059567451477,0.6399233341217041
train/0000/ex01_sad_00308,0.23826156556606293,0.6759288907051086,0.08580955862998962
train/0000/ex01_default_emphasis_00075,0.5196707844734192,0.4651091694831848,0.015220045112073421
train/0000/ex01_default_00340,0.08175257593393326,0.8461171984672546,0.07213019579648972
train/0000/ex01_laughing_00320,0.02934570051729679,0.3295695185661316,0.6410847306251526
train/0000/ex01_confused_00040,0.08403421193361282,0.8599427938461304,0.05602296069264412
train/0000/ex01_whisper_00277,0.06304355710744858,0.43823060393333435,0.49872586131095886
train/0000/ex01_enunciated_00017,0.06335048377513885,0.899544894695282,0.03710460290312767
train/0000/ex01_happy_00267,0.6353546977043152,0.3107931911945343,0.0538521371781826
train/0000/ex01_default_00198,0.1475757211446762,0.7512769103050232,0.10114739090204239
train/0000/ex01_confused_00195,0.013984320685267448,0.24145343899726868,0.7445622682571411
train/0000/ex01_sad_00307,0.0021030984353274107,0.0222207959741354,0.9756761789321899
train/0000/ex01_confused_00298,0.5771271586418152,0.4008069634437561,0.022065872326493263
train/0000/ex01_default_00295,0.04008272662758827,0.3817845284938812,0.5781327486038208
train/0000/ex01_happy_00183,0.02196742221713066,0.6652904748916626,0.31274211406707764
train/0000/ex01_default_essentials_00006,0.16634678840637207,0.5456085205078125,0.2880447208881378
train/0000/ex01_sad_00136,0.0015370262553915381,0.013465494848787785,0.9849975109100342
train/0000/ex01_default_00171,0.02437630295753479,0.9254720211029053,0.05015166476368904
train/0000/ex01_happy_00056,0.06515435129404068,0.7482788562774658,0.1865668147802353
train/0000/ex01_enunciated_00226,0.05619652196764946,0.8571894764900208,0.08661399036645889
train/0000/ex01_laughing_00111,0.175013467669487,0.7968583106994629,0.0281282477080822
train/0000/ex01_confused_00271,0.11234977841377258,0.8686320185661316,0.01901826448738575
train/0000/ex01_default_emphasis_00149,0.3966779112815857,0.49965620040893555,0.10366585850715637
train/0000/ex01_default_emphasis_00093,0.017791971564292908,0.7574056386947632,0.22480246424674988
train/0000/ex01_sad_00234,0.0861365869641304,0.7892341017723083,0.12462931871414185
train/0000/ex01_whisper_00291,0.9498382806777954,0.044894859194755554,0.005266836378723383
train/0000/ex01_sad_00139,0.061238519847393036,0.8910596966743469,0.04770175367593765
train/0000/ex01_happy_00281,0.21902157366275787,0.7467378377914429,0.03424064815044403
train/0000/ex01_default_essentials_00009,0.09325532615184784,0.7345337271690369,0.17221097648143768
train/0000/ex01_enunciated_00124,0.09331527352333069,0.2214377522468567,0.685247004032135
train/0000/ex01_laughing_00213,0.1151353195309639,0.860874593257904,0.023990055546164513
train/0000/ex01_confused_00173,0.058691106736660004,0.9039662480354309,0.03734258934855461
train/0000/ex01_default_emphasis_00146,0.39603716135025024,0.5217001438140869,0.08226266503334045
train/0000/ex01_default_00273,0.08212298899888992,0.8162463903427124,0.10163071006536484
train/0000/ex01_happy_00059,0.01991010271012783,0.6237877607345581,0.3563021719455719
train/0000/ex01_enunciated_00229,0.9510234594345093,0.04294714704155922,0.00602935953065753
train/0000/ex01_whisper_00049,0.0010715419193729758,0.01202390342950821,0.9869045615196228
train/0000/ex01_sad_00062,0.18447275459766388,0.6792929768562317,0.1362343281507492
train/0000/ex01_laughing_00190,0.03951055556535721,0.4044853448867798,0.5560041666030884
train/0000/ex01_laughing_00045,0.026188528165221214,0.9192442893981934,0.0545671284198761
train/0000/ex01_confused_00325,0.0478268526494503,0.9235584735870361,0.02861473523080349
train/0000/ex01_default_00328,0.6477631330490112,0.33262544870376587,0.019611429423093796
train/0000/ex01_happy_00102,0.0886339321732521,0.7535398602485657,0.15782615542411804
train/0000/ex01_default_00025,0.010994760319590569,0.6826502680778503,0.30635496973991394
train/0000/ex01_confused_00028,0.10269877314567566,0.8518996238708496,0.04540156200528145
train/0000/ex01_laughing_00348,0.010422191582620144,0.7489804029464722,0.2405974417924881
train/0000/ex01_laughing_00292,0.01389733050018549,0.8717520236968994,0.11435067653656006
train/0000/ex01_default_00327,0.23816345632076263,0.7226806879043579,0.03915586695075035
train/0000/ex01_default_emphasis_00012,0.5874437689781189,0.3624471426010132,0.050109077244997025
train/0000/ex01_laughing_00347,0.0017444966360926628,0.006247086450457573,0.9920084476470947
train/0000/ex01_confused_00027,0.33462026715278625,0.6275720000267029,0.03780775144696236
train/0000/ex01_happy_00200,0.048189930617809296,0.7155047655105591,0.23630525171756744
train/0000/ex01_enunciated_00070,0.055904604494571686,0.9139510989189148,0.03014429286122322
train/0000/ex01_whisper_00210,0.053315114229917526,0.8898886442184448,0.05679631605744362
train/0000/ex01_default_00116,0.36255505681037903,0.6150806546211243,0.022364303469657898
train/0000/ex01_sad_00084,0.02635255455970764,0.9110207557678223,0.06262673437595367
train/0000/ex01_enunciated_00241,0.40598830580711365,0.5439103245735168,0.05010135844349861
train/0000/ex01_happy_00031,0.005508549977093935,0.6132282614707947,0.38126322627067566
train/0000/ex01_whisper_00021,0.016707303002476692,0.476574569940567,0.506718099117279
train/0000/ex01_laughing_00176,0.1350136697292328,0.645368754863739,0.21961753070354462
train/0000/ex01_confused_00216,0.01593954861164093,0.8684267997741699,0.11563356220722198
train/0000/ex01_enunciated_00099,0.0379234217107296,0.5490916967391968,0.4129849076271057
train/0000/ex01_sad_00151,0.0024392283521592617,0.047571152448654175,0.9499896168708801
train/0000/ex01_enunciated_00143,0.18321244418621063,0.7323426604270935,0.08444487303495407
train/0000/ex01_happy_00333,0.826366126537323,0.16248461604118347,0.011149189434945583
train/0000/ex01_whisper_00323,0.6592501997947693,0.322703093290329,0.018046731129288673
train/0000/ex01_laughing_00274,0.23232674598693848,0.7164735198020935,0.05119975283741951
train/0000/ex01_confused_00114,0.001517502125352621,0.008492719382047653,0.9899897575378418
train/0000/ex01_default_00119,0.04589886963367462,0.8187190294265747,0.13538208603858948
train/0000/ex01_default_00214,0.5483847856521606,0.37285855412483215,0.07875671237707138
train/0000/ex01_default_emphasis_00121,0.24106381833553314,0.6910207867622375,0.0679154023528099
train/0000/ex01_confused_00219,0.3317493498325348,0.6351224184036255,0.033128224313259125
train/0000/ex01_laughing_00179,0.6307037472724915,0.33001598715782166,0.03928028792142868
train/0000/ex01_sad_00253,0.28489065170288086,0.6767551302909851,0.038354188203811646
train/0000/ex01_enunciated_00096,0.1586066484451294,0.6788002252578735,0.1625930368900299
train/0000/ex01_confused_00241,0.40598830580711365,0.5439103245735168,0.05010135844349861
train/0000/ex01_laughing_00121,0.5801613330841064,0.3988630771636963,0.020975586026906967
train/0000/ex01_enunciated_00216,0.01593954861164093,0.8684267997741699,0.11563356220722198
train/0000/ex01_happy_00066,0.32316023111343384,0.6422286033630371,0.03461111709475517
train/0000/ex01_default_00141,0.11989634484052658,0.8524045944213867,0.02769908308982849
train/0000/ex01_sad_00106,0.02003675140440464,0.5626609325408936,0.4173023998737335
train/0000/ex01_default_00094,0.8614933490753174,0.12586477398872375,0.01264182198792696
train/0000/ex01_confused_00099,0.0379234217107296,0.5490916967391968,0.4129849076271057
train/0000/ex01_enunciated_00219,0.3161657750606537,0.6433742046356201,0.040460050106048584
train/0000/ex01_happy_00069,0.08742965757846832,0.819202721118927,0.09336759150028229
train/0000/ex01_default_00243,0.3831736147403717,0.5929059982299805,0.02392043173313141
train/0000/ex01_confused_00143,0.18321244418621063,0.7323426604270935,0.08444487303495407
train/0000/ex01_laughing_00223,0.28974851965904236,0.6785893440246582,0.03166212514042854
train/0000/ex01_enunciated_00114,0.001517502125352621,0.008492719382047653,0.9899897575378418
train/0000/ex01_confused_00096,0.1586066484451294,0.6788002252578735,0.1625930368900299
train/0000/ex01_sad_00109,0.07654640078544617,0.6790375709533691,0.24441605806350708
train/0000/ex01_sad_00204,0.011311614885926247,0.2128937542438507,0.7757946848869324
train/0000/ex01_happy_00080,0.17088915407657623,0.7209202647209167,0.10819057375192642
train/0000/ex01_sad_00338,0.0037879094015806913,0.043755486607551575,0.9524565935134888
train/0000/ex01_sad_00035,0.023828348144888878,0.9180503487586975,0.05812123790383339
train/0000/ex01_default_00072,0.09682762622833252,0.8264081478118896,0.07676419615745544
train/0000/ex01_whisper_00248,0.866547167301178,0.11237917095422745,0.02107367292046547
train/0000/ex01_happy_00258,0.16145645081996918,0.707641065120697,0.13090254366397858
train/0000/ex01_enunciated_00028,0.10269877314567566,0.8518996238708496,0.04540156200528145
train/0000/ex01_happy_00155,0.030574675649404526,0.5769860148429871,0.3924392759799957
train/0000/ex01_enunciated_00325,0.0478268526494503,0.9235584735870361,0.02861473523080349
train/0000/ex01_whisper_00145,0.6273090243339539,0.32857897877693176,0.044111937284469604
train/0000/ex01_laughing_00012,0.06491482257843018,0.776904284954071,0.15818087756633759
train/0000/ex01_sad_00337,0.9547984600067139,0.042630914598703384,0.002570629818364978
train/0000/ex01_happy_00257,0.8859084844589233,0.10688918828964233,0.0072022401727736
train/0000/ex01_enunciated_00027,0.33462026715278625,0.6275720000267029,0.03780775144696236
train/0000/ex01_whisper_00247,0.11137836426496506,0.7091576457023621,0.1794639676809311
train/0000/ex01_confused_00070,0.055904604494571686,0.9139510989189148,0.03014429286122322
train/0000/ex01_laughing_00310,0.6671473383903503,0.31046605110168457,0.022386640310287476
train/0000/ex01_default_emphasis_00045,0.6707213521003723,0.3184868395328522,0.010791748762130737
train/0000/ex01_default_00337,0.9547984600067139,0.042630914598703384,0.002570629818364978
train/0000/ex01_default_emphasis_00002,0.037306204438209534,0.7601453065872192,0.20254850387573242
train/0000/ex01_happy_00210,0.053315114229917526,0.8898886442184448,0.05679631605744362
train/0000/ex01_enunciated_00060,0.010881006717681885,0.1989162415266037,0.7902027368545532
train/0000/ex01_confused_00037,0.011985168792307377,0.9004977345466614,0.0875171422958374
train/0000/ex01_laughing_00282,0.11855295300483704,0.8417866230010986,0.039660416543483734
train/0000/ex01_happy_00112,0.49771493673324585,0.43011802434921265,0.07216701656579971
train/0000/ex01_confused_00335,0.003939071670174599,0.03348371013998985,0.9625771641731262
train/0000/ex01_laughing_00055,0.001678473548963666,0.023746998980641365,0.9745745062828064
train/0000/ex01_default_00338,0.0037879094015806913,0.043755486607551575,0.9524565935134888
train/0000/ex01_default_00035,0.023828348144888878,0.9180503487586975,0.05812123790383339
train/0000/ex01_confused_00038,0.1694466769695282,0.6266451478004456,0.20390816032886505
train/0000/ex01_sad_00072,0.09682762622833252,0.8264081478118896,0.07676419615745544
train/0000/ex01_laughing_00180,0.0458298921585083,0.7599113583564758,0.19425879418849945
train/0000/ex01_sad_00243,0.3831736147403717,0.5929059982299805,0.02392043173313141
train/0000/ex01_enunciated_00086,0.08881758898496628,0.8537924289703369,0.057389937341213226
train/0000/ex01_confused_00104,0.2549145519733429,0.7213082909584045,0.023777101188898087
train/0000/ex01_laughing_00264,0.09075991809368134,0.8324441313743591,0.07679592818021774
train/0000/ex01_default_00109,0.07654640078544617,0.6790375709533691,0.24441605806350708
train/0000/ex01_enunciated_00153,0.05409545078873634,0.9080809950828552,0.03782361000776291
train/0000/ex01_happy_00323,0.6592501997947693,0.322703093290329,0.018046731129288673
train/0000/ex01_default_00204,0.011311614885926247,0.2128937542438507,0.7757946848869324
train/0000/ex01_laughing_00169,0.5439252257347107,0.4137207865715027,0.04235396906733513
train/0000/ex01_default_emphasis_00131,0.6169785857200623,0.36023882031440735,0.022782644256949425
train/0000/ex01_confused_00209,0.001326381810940802,0.007312688510864973,0.9913609623908997
train/0000/ex01_sad_00141,0.11989634484052658,0.8524045944213867,0.02769908308982849
train/0000/ex01_enunciated_00089,0.110797218978405,0.7882373332977295,0.1009654626250267
train/0000/ex01_sad_00094,0.8614933490753174,0.12586477398872375,0.01264182198792696
train/0000/ex01_default_00106,0.02003675140440464,0.5626609325408936,0.4173023998737335
train/0000/ex01_confused_00206,0.1642472743988037,0.6708496809005737,0.16490299999713898
train/0000/ex01_laughing_00166,0.029783766716718674,0.6214717030525208,0.34874457120895386
train/0000/ex01_enunciated_00251,0.16472893953323364,0.7835984826087952,0.05167263001203537
train/0000/ex01_happy_00021,0.016707303002476692,0.476574569940567,0.506718099117279
train/0000/ex01_whisper_00031,0.005508549977093935,0.6132282614707947,0.38126322627067566
train/0000/ex01_sad_00119,0.04589886963367462,0.8187190294265747,0.13538208603858948
train/0000/ex01_confused_00086,0.08881758898496628,0.8537924289703369,0.057389937341213226
train/0000/ex01_default_essentials_00029,0.9084070920944214,0.08384046703577042,0.007752460427582264
train/0000/ex01_sad_00214,0.5483847856521606,0.37285855412483215,0.07875671237707138
train/0000/ex01_default_00253,0.28489065170288086,0.6767551302909851,0.038354188203811646
train/0000/ex01_enunciated_00209,0.001326381810940802,0.007312688510864973,0.9913609623908997
train/0000/ex01_happy_00079,0.09785795956850052,0.8450606465339661,0.057081401348114014
train/0000/ex01_enunciated_00104,0.2549145519733429,0.7213082909584045,0.023777101188898087
train/0000/ex01_laughing_00233,0.12300042808055878,0.832811176776886,0.044188421219587326
train/0000/ex01_confused_00153,0.05409545078873634,0.9080809950828552,0.03782361000776291
train/0000/ex01_default_essentials_00026,0.0018986620707437396,0.012442469596862793,0.9856589436531067
train/0000/ex01_default_00084,0.02635255455970764,0.9110207557678223,0.06262673437595367
train/0000/ex01_confused_00089,0.110797218978405,0.7882373332977295,0.1009654626250267
train/0000/ex01_sad_00116,0.36255505681037903,0.6150806546211243,0.022364303469657898
train/0000/ex01_enunciated_00206,0.1642472743988037,0.6708496809005737,0.16490299999713898
train/0000/ex01_happy_00076,0.8453767895698547,0.14588184654712677,0.008741392754018307
train/0000/ex01_whisper_00066,0.32316023111343384,0.6422286033630371,0.03461111709475517
train/0000/ex01_laughing_00131,0.04103150963783264,0.640497088432312,0.31847137212753296
train/0000/ex01_confused_00251,0.21782729029655457,0.7562834620475769,0.02588917315006256
train/0000/ex01_default_00151,0.0022921410854905844,0.047151368111371994,0.9505565166473389
train/0000/ex01_laughing_00300,0.6375640034675598,0.3535878658294678,0.00884819682687521
train/0000/ex01_confused_00060,0.010881006717681885,0.1989162415266037,0.7902027368545532
train/0000/ex01_happy_00247,0.11137836426496506,0.7091576457023621,0.1794639676809311
train/0000/ex01_enunciated_00037,0.016855813562870026,0.8796430826187134,0.10350114852190018
train/0000/ex01_default_emphasis_00055,0.06810680776834488,0.8319026827812195,0.09999044239521027
train/0000/ex01_sad_00327,0.23816345632076263,0.7226806879043579,0.03915586695075035
train/0000/ex01_happy_00248,0.866547167301178,0.11237917095422745,0.02107367292046547
train/0000/ex01_enunciated_00038,0.1694466769695282,0.6266451478004456,0.20390816032886505
train/0000/ex01_default_00062,0.18447275459766388,0.6792929768562317,0.1362343281507492
train/0000/ex01_laughing_00002,0.4619651436805725,0.4928797781467438,0.04515504464507103
train/0000/ex01_happy_00145,0.6273090243339539,0.32857897877693176,0.044111937284469604
train/0000/ex01_enunciated_00335,0.0042302655056118965,0.04203590378165245,0.9537338614463806
train/0000/ex01_sad_00328,0.6477631330490112,0.33262544870376587,0.019611429423093796
train/0000/ex01_happy_00090,0.16517257690429688,0.5868851542472839,0.2479422688484192
train/0000/ex01_whisper_00080,0.17088915407657623,0.7209202647209167,0.10819057375192642
train/0000/ex01_sad_00025,0.010994760319590569,0.6826502680778503,0.30635496973991394
train/0000/ex01_laughing_00262,0.002031004521995783,0.013019852340221405,0.9849491715431213
train/0000/ex01_confused_00102,0.0886339321732521,0.7535398602485657,0.15782615542411804
train/0000/ex01_enunciated_00155,0.030574675649404526,0.5769860148429871,0.3924392759799957
train/0000/ex01_happy_00325,0.0478268526494503,0.9235584735870361,0.02861473523080349
train/0000/ex01_enunciated_00258,0.10402175039052963,0.817186713218689,0.07879150658845901
train/0000/ex01_happy_00028,0.10269877314567566,0.8518996238708496,0.04540156200528145
train/0000/ex01_default_00202,0.046496402472257614,0.8908925652503967,0.06261105835437775
train/0000/ex01_default_emphasis_00137,0.19209539890289307,0.6151896119117737,0.19271500408649445
train/0000/ex01_sad_00245,0.06899245083332062,0.8051827549934387,0.1258247345685959
train/0000/ex01_sad_00148,0.09721275418996811,0.806721568107605,0.09606567025184631
train/0000/ex01_enunciated_00080,0.17088915407657623,0.7209202647209167,0.10819057375192642
train/0000/ex01_sad_00092,0.5736771821975708,0.3814593255519867,0.044863536953926086
train/0000/ex01_default_00100,0.039832718670368195,0.9309055805206299,0.029261738061904907
train/0000/ex01_laughing_00160,0.21680177748203278,0.7713313698768616,0.011866853572428226
train/0000/ex01_default_emphasis_00138,0.19209539890289307,0.6151896119117737,0.19271500408649445
train/0000/ex01_confused_00200,0.048189930617809296,0.7155047655105591,0.23630525171756744
train/0000/ex01_enunciated_00257,0.8859084844589233,0.10688918828964233,0.0072022401727736
train/0000/ex01_happy_00027,0.33462026715278625,0.6275720000267029,0.03780775144696236
train/0000/ex01_sad_00147,0.09481792151927948,0.8572410941123962,0.04794105887413025
train/0000/ex01_laughing_00284,0.2500457465648651,0.7112945318222046,0.038659729063510895
train/0000/ex01_laughing_00189,0.7438677549362183,0.2343946248292923,0.021737556904554367
train/0000/ex01_default_00331,0.32783815264701843,0.4431297183036804,0.22903215885162354
train/0000/ex01_default_emphasis_00004,0.037306204438209534,0.7601453065872192,0.20254850387573242
train/0000/ex01_happy_00216,0.01593954861164093,0.8684267997741699,0.11563356220722198
train/0000/ex01_enunciated_00066,0.32316023111343384,0.6422286033630371,0.03461111709475517
train/0000/ex01_confused_00031,0.02349112369120121,0.8126496076583862,0.1638593077659607
train/0000/ex01_sad_00074,0.133316308259964,0.8150005340576172,0.051683202385902405
train/0000/ex01_laughing_00186,0.01441306620836258,0.3276643753051758,0.6579225063323975
train/0000/ex01_happy_00114,0.001517502125352621,0.008492719382047653,0.9899897575378418
train/0000/ex01_laughing_00053,0.1821247786283493,0.6783141493797302,0.13956104218959808
train/0000/ex01_confused_00333,0.826366126537323,0.16248461604118347,0.011149189434945583
train/0000/ex01_default_00033,0.9064819812774658,0.08904768526554108,0.004470272455364466
train/0000/ex01_happy_00219,0.3161657750606537,0.6433742046356201,0.040460050106048584
train/0000/ex01_enunciated_00069,0.08742965757846832,0.819202721118927,0.09336759150028229
train/0000/ex01_sad_00321,0.0038853457663208246,0.8316911458969116,0.16442357003688812
train/0000/ex01_happy_00099,0.0379234217107296,0.5490916967391968,0.4129849076271057
train/0000/ex01_confused_00066,0.5338505506515503,0.45030146837234497,0.015847932547330856
train/0000/ex01_laughing_00306,0.19590136408805847,0.7620384693145752,0.04206017032265663
train/0000/ex01_happy_00241,0.40598830580711365,0.5439103245735168,0.05010135844349861
train/0000/ex01_enunciated_00031,0.005508549977093935,0.6132282614707947,0.38126322627067566
train/0000/ex01_default_emphasis_00053,0.06810680776834488,0.8319026827812195,0.09999044239521027
train/0000/ex01_happy_00096,0.1586066484451294,0.6788002252578735,0.1625930368900299
train/0000/ex01_sad_00023,0.32605093717575073,0.6526063084602356,0.02134278230369091
train/0000/ex01_default_00064,0.15540975332260132,0.8143333792686462,0.03025687485933304
train/0000/ex01_laughing_00309,0.04435981065034866,0.8773670196533203,0.07827317714691162
train/0000/ex01_confused_00069,0.08742965757846832,0.819202721118927,0.09336759150028229
train/0000/ex01_laughing_00004,0.001499176723882556,0.2551906406879425,0.7433101534843445
train/0000/ex01_happy_00143,0.18321244418621063,0.7323426604270935,0.08444487303495407
train/0000/ex01_enunciated_00333,0.826366126537323,0.16248461604118347,0.011149189434945583
train/0000/ex01_whisper_00153,0.05409545078873634,0.9080809950828552,0.03782361000776291
train/0000/ex01_default_00255,0.17085178196430206,0.7221494317054749,0.1069987416267395
train/0000/ex01_laughing_00138,0.5629240274429321,0.38618800044059753,0.050887953490018845
train/0000/ex01_confused_00258,0.16145645081996918,0.707641065120697,0.13090254366397858
train/0000/ex01_enunciated_00102,0.0886339321732521,0.7535398602485657,0.15782615542411804
train/0000/ex01_confused_00155,0.030574675649404526,0.5769860148429871,0.3924392759799957
train/0000/ex01_laughing_00235,0.016932237893342972,0.46677669882774353,0.516291081905365
train/0000/ex01_default_00158,0.35160067677497864,0.620212733745575,0.028186578303575516
train/0000/ex01_confused_00080,0.17088915407657623,0.7209202647209167,0.10819057375192642
train/0000/ex01_sad_00212,0.06346911936998367,0.8538205027580261,0.08271034061908722
train/0000/ex01_enunciated_00200,0.048189930617809296,0.7155047655105591,0.23630525171756744
train/0000/ex01_happy_00070,0.055904604494571686,0.9139510989189148,0.03014429286122322
train/0000/ex01_whisper_00060,0.010881006717681885,0.1989162415266037,0.7902027368545532
train/0000/ex01_confused_00257,0.8859084844589233,0.10688918828964233,0.0072022401727736
train/0000/ex01_laughing_00137,0.14243389666080475,0.7895137667655945,0.06805241852998734
train/0000/ex01_default_00157,0.006597578525543213,0.4201750159263611,0.5732273459434509
train/0000/ex01_default_00082,0.0656890943646431,0.8437982201576233,0.09051273763179779
train/0000/ex01_default_essentials_00020,0.03927052766084671,0.40309637784957886,0.557633101940155
train/0000/ex01_sad_00110,0.015987271443009377,0.9244400858879089,0.05957257002592087
train/0000/ex01_sad_00157,0.006597578525543213,0.4201750159263611,0.5732273459434509
train/0000/ex01_default_00110,0.015987271443009377,0.9244400858879089,0.05957257002592087
train/0000/ex01_sad_00082,0.0656890943646431,0.8437982201576233,0.09051273763179779
train/0000/ex01_enunciated_00247,0.11137836426496506,0.7091576457023621,0.1794639676809311
train/0000/ex01_happy_00037,0.016855813562870026,0.8796430826187134,0.10350114852190018
train/0000/ex01_default_emphasis_00128,0.002250452758744359,0.016587531194090843,0.9811620712280273
train/0000/ex01_confused_00210,0.053315114229917526,0.8898886442184448,0.05679631605744362
train/0000/ex01_laughing_00170,0.02944665215909481,0.7905753254890442,0.17997810244560242
train/0000/ex01_sad_00255,0.17085178196430206,0.7221494317054749,0.1069987416267395
train/0000/ex01_enunciated_00090,0.16517257690429688,0.5868851542472839,0.2479422688484192
train/0000/ex01_sad_00158,0.35160067677497864,0.620212733745575,0.028186578303575516
train/0000/ex01_enunciated_00145,0.6273090243339539,0.32857897877693176,0.044111937284469604
train/0000/ex01_happy_00335,0.0042302655056118965,0.04203590378165245,0.9537338614463806
train/0000/ex01_confused_00112,0.4732474386692047,0.4631241261959076,0.06362839788198471
train/0000/ex01_laughing_00272,0.09063377976417542,0.821537435054779,0.08782881498336792
train/0000/ex01_default_00212,0.06346911936998367,0.8538205027580261,0.08271034061908722
train/0000/ex01_default_emphasis_00127,0.002250452758744359,0.016587531194090843,0.9811620712280273
train/0000/ex01_whisper_00028,0.10269877314567566,0.8518996238708496,0.04540156200528145
train/0000/ex01_enunciated_00248,0.866547167301178,0.11237917095422745,0.02107367292046547
train/0000/ex01_happy_00038,0.1694466769695282,0.6266451478004456,0.20390816032886505
train/0000/ex01_confused_00323,0.6592501997947693,0.322703093290329,0.018046731129288673
train/0000/ex01_laughing_00043,0.5395464301109314,0.28183549642562866,0.17861807346343994
train/0000/ex01_happy_00104,0.2549145519733429,0.7213082909584045,0.023777101188898087
train/0000/ex01_whisper_00219,0.3161657750606537,0.6433742046356201,0.040460050106048584
train/0000/ex01_happy_00209,0.001326381810940802,0.007312688510864973,0.9913609623908997
train/0000/ex01_enunciated_00079,0.09785795956850052,0.8450606465339661,0.057081401348114014
train/0000/ex01_default_00023,0.32605093717575073,0.6526063084602356,0.02134278230369091
train/0000/ex01_sad_00064,0.15540975332260132,0.8143333792686462,0.03025687485933304
train/0000/ex01_laughing_00196,0.010744685307145119,0.11440137773752213,0.8748539686203003
train/0000/ex01_default_00321,0.0038853457663208246,0.8316911458969116,0.16442357003688812
train/0000/ex01_default_emphasis_00014,0.3439471125602722,0.624014675617218,0.03203814849257469
train/0000/ex01_confused_00021,0.016707303002476692,0.476574569940567,0.506718099117279
train/0000/ex01_laughing_00341,0.012861738912761211,0.8148416876792908,0.17229650914669037
train/0000/ex01_happy_00206,0.1642472743988037,0.6708496809005737,0.16490299999713898
train/0000/ex01_enunciated_00076,0.8453767895698547,0.14588184654712677,0.008741392754018307
train/0000/ex01_laughing_00294,0.006583706475794315,0.6326388716697693,0.36077746748924255
train/0000/ex01_laughing_00199,0.01746808923780918,0.91737300157547,0.06515898555517197
train/0000/ex01_default_00074,0.133316308259964,0.8150005340576172,0.051683202385902405
train/0000/ex01_confused_00079,0.09785795956850052,0.8450606465339661,0.057081401348114014
train/0000/ex01_laughing_00319,0.0602419488132,0.5946333408355713,0.34512466192245483
train/0000/ex01_happy_00153,0.05409545078873634,0.9080809950828552,0.03782361000776291
train/0000/ex01_enunciated_00323,0.6592501997947693,0.322703093290329,0.018046731129288673
train/0000/ex01_whisper_00143,0.18321244418621063,0.7323426604270935,0.08444487303495407
train/0000/ex01_laughing_00014,0.12181253731250763,0.813417911529541,0.06476955860853195
train/0000/ex01_happy_00086,0.08881758898496628,0.8537924289703369,0.057389937341213226
train/0000/ex01_whisper_00096,0.1586066484451294,0.6788002252578735,0.1625930368900299
train/0000/ex01_sad_00033,0.9064819812774658,0.08904768526554108,0.004470272455364466
train/0000/ex01_happy_00251,0.16472893953323364,0.7835984826087952,0.05167263001203537
train/0000/ex01_enunciated_00021,0.016707303002476692,0.476574569940567,0.506718099117279
train/0000/ex01_whisper_00241,0.40598830580711365,0.5439103245735168,0.05010135844349861
train/0000/ex01_laughing_00316,0.01699576899409294,0.48548072576522827,0.49752354621887207
train/0000/ex01_confused_00076,0.8453767895698547,0.14588184654712677,0.008741392754018307
train/0000/ex01_default_emphasis_00043,0.004932991694658995,0.22957667708396912,0.7654902935028076
train/0000/ex01_happy_00089,0.110797218978405,0.7882373332977295,0.1009654626250267
train/0000/ex01_sad_00331,0.32783815264701843,0.4431297183036804,0.22903215885162354
train/0000/ex01_sad_00100,0.039832718670368195,0.9309055805206299,0.029261738061904907
train/0000/ex01_default_essentials_00030,0.6767850518226624,0.3037561774253845,0.019458714872598648
train/0000/ex01_default_00092,0.5736771821975708,0.3814593255519867,0.044863536953926086
train/0000/ex01_laughing_00127,0.20528893172740936,0.741747260093689,0.05296376720070839
train/0000/ex01_confused_00247,0.12393120676279068,0.7431014180183411,0.13296744227409363
train/0000/ex01_enunciated_00210,0.053315114229917526,0.8898886442184448,0.05679631605744362
train/0000/ex01_happy_00060,0.010881006717681885,0.1989162415266037,0.7902027368545532
train/0000/ex01_default_00147,0.09481792151927948,0.8572410941123962,0.04794105887413025
train/0000/ex01_confused_00090,0.16517257690429688,0.5868851542472839,0.2479422688484192
train/0000/ex01_sad_00202,0.046496402472257614,0.8908925652503967,0.06261105835437775
train/0000/ex01_default_00245,0.06899245083332062,0.8051827549934387,0.1258247345685959
train/0000/ex01_confused_00248,0.8794953227043152,0.1051056906580925,0.015398996882140636
train/0000/ex01_laughing_00128,0.07889880239963531,0.635324239730835,0.28577694296836853
train/0000/ex01_laughing_00225,0.5086113214492798,0.4705534279346466,0.02083522081375122
train/0000/ex01_confused_00145,0.6273090243339539,0.32857897877693176,0.044111937284469604
train/0000/ex01_default_00148,0.09721275418996811,0.806721568107605,0.09606567025184631
train/0000/ex01_enunciated_00112,0.49771493673324585,0.43011802434921265,0.07216701656579971
train/0000/ex01_enunciated_00291,0.9498382806777954,0.044894859194755554,0.005266836378723383
train/0000/ex01_sad_00054,0.41790857911109924,0.5568651556968689,0.025226294994354248
train/0000/ex01_default_00013,0.09841704368591309,0.8555321097373962,0.046050868928432465
train/0000/ex01_sad_00181,0.06817713379859924,0.9053469300270081,0.026475882157683372
train/0000/ex01_enunciated_00049,0.0010715419193729758,0.01202390342950821,0.9869045615196228
train/0000/ex01_happy_00239,0.07379854470491409,0.45511552691459656,0.4710860252380371
train/0000/ex01_whisper_00229,0.9510234594345093,0.04294714704155922,0.00602935953065753
train/0000/ex01_whisper_00124,0.09331527352333069,0.2214377522468567,0.685247004032135
train/0000/ex01_enunciated_00344,0.028747109696269035,0.3706680238246918,0.600584864616394
train/0000/ex01_happy_00134,0.07050777226686478,0.8958708047866821,0.033621471375226974
train/0000/ex01_laughing_00073,0.001793465344235301,0.08947797119617462,0.9087285995483398
train/0000/ex01_confused_00313,0.02780485339462757,0.8583417534828186,0.11385340243577957
train/0000/ex01_enunciated_00193,0.9059321284294128,0.08244799077510834,0.01161986868828535
train/0000/ex01_whisper_00226,0.05619652196764946,0.8571894764900208,0.08661399036645889
train/0000/ex01_enunciated_00046,0.030928729102015495,0.9454101324081421,0.02366115339100361
train/0000/ex01_happy_00236,0.8525525331497192,0.13903634250164032,0.008411129005253315
train/0000/ex01_confused_00011,0.03474421054124832,0.3914816081523895,0.5737742185592651
train/0000/ex01_default_emphasis_00024,0.02628076635301113,0.4921036958694458,0.48161551356315613
train/0000/ex01_default_00311,0.048707108944654465,0.9051533341407776,0.04613958299160004
train/0000/ex01_sad_00283,0.6149507761001587,0.3488615155220032,0.03618773818016052
train/0000/ex01_laughing_00140,0.8974184989929199,0.09255390614271164,0.010027574375271797
train/0000/ex01_confused_00220,0.01726004295051098,0.8731796145439148,0.10956025123596191
train/0000/ex01_default_emphasis_00118,0.14722944796085358,0.7880150675773621,0.06475550681352615
train/0000/ex01_whisper_00017,0.06335048377513885,0.899544894695282,0.03710460290312767
train/0000/ex01_happy_00007,0.3160598576068878,0.6646324992179871,0.019307684153318405
train/0000/ex01_enunciated_00277,0.06304355710744858,0.43823060393333435,0.49872586131095886
train/0000/ex01_default_00120,0.0026804173830896616,0.024327417835593224,0.9729921221733093
train/0000/ex01_sad_00167,0.2935105264186859,0.5292295813560486,0.1772598922252655
train/0000/ex01_laughing_00095,0.01747003197669983,0.4848332405090332,0.49769675731658936
train/0000/ex01_happy_00008,0.015296543948352337,0.06837829947471619,0.9163252115249634
train/0000/ex01_enunciated_00278,0.1592971682548523,0.6952738165855408,0.14542904496192932
train/0000/ex01_default_emphasis_00117,0.16821208596229553,0.7287818193435669,0.10300610959529877
train/0000/ex01_default_00222,0.015311636961996555,0.3286018371582031,0.6560865044593811
train/0000/ex01_laughing_00242,0.1180153638124466,0.8528038859367371,0.029180774465203285
train/0000/ex01_confused_00122,0.01566556841135025,0.6130486726760864,0.37128573656082153
train/0000/ex01_happy_00305,0.7990331649780273,0.18225252628326416,0.018714243546128273
train/0000/ex01_enunciated_00175,0.19130058586597443,0.5934426784515381,0.2152567356824875
train/0000/ex01_sad_00168,0.21566686034202576,0.7042288780212402,0.08010423183441162
train/0000/ex01_sad_00265,0.06765788793563843,0.8342952132225037,0.09804695844650269
train/0000/ex01_default_00177,0.11755525320768356,0.8345429301261902,0.04790176451206207
train/0000/ex01_whisper_00040,0.08403421193361282,0.8599427938461304,0.05602296069264412
train/0000/ex01_happy_00050,0.3366757929325104,0.6486111879348755,0.014712996780872345
train/0000/ex01_enunciated_00220,0.01726004295051098,0.8731796145439148,0.10956025123596191
train/0000/ex01_confused_00277,0.06304355710744858,0.43823060393333435,0.49872586131095886
train/0000/ex01_laughing_00117,0.016841379925608635,0.817382276058197,0.165776327252388
train/0000/ex01_happy_00185,0.03771408647298813,0.9003682136535645,0.06191767379641533
train/0000/ex01_sad_00130,0.26505130529403687,0.7087653875350952,0.0261833555996418
train/0000/ex01_happy_00288,0.007335247937589884,0.8460313677787781,0.1466333568096161
train/0000/ex01_enunciated_00122,0.01566556841135025,0.6130486726760864,0.37128573656082153
train/0000/ex01_default_00178,0.013568513095378876,0.43671926856040955,0.5497122406959534
train/0000/ex01_confused_00175,0.19130058586597443,0.5934426784515381,0.2152567356824875
train/0000/ex01_laughing_00215,0.15004126727581024,0.8214694857597351,0.02848922275006771
train/0000/ex01_laughing_00118,0.12081471085548401,0.8456367254257202,0.03354857861995697
train/0000/ex01_confused_00278,0.2080918401479721,0.690316915512085,0.10159123688936234
train/0000/ex01_default_emphasis_00140,0.09601970762014389,0.6140696406364441,0.2899107038974762
train/0000/ex01_default_00275,0.07628533989191055,0.6600131392478943,0.26370155811309814
train/0000/ex01_default_emphasis_00095,0.016800347715616226,0.9100514650344849,0.07314817607402802
train/0000/ex01_sad_00232,0.1338081657886505,0.8068786859512329,0.05931312218308449
train/0000/ex01_happy_00287,0.2681424915790558,0.7048932909965515,0.026964157819747925
train/0000/ex01_sad_00003,0.056700270622968674,0.8164567947387695,0.12684288620948792
train/0000/ex01_default_00191,0.17204423248767853,0.774295449256897,0.053660329431295395
train/0000/ex01_confused_00291,0.9498382806777954,0.044894859194755554,0.005266836378723383
train/0000/ex01_confused_00344,0.028747109696269035,0.3706680238246918,0.600584864616394
train/0000/ex01_laughing_00024,0.04756990075111389,0.8686021566390991,0.08382788300514221
train/0000/ex01_enunciated_00313,0.02780485339462757,0.8583417534828186,0.11385340243577957
train/0000/ex01_happy_00163,0.5478026866912842,0.4274692237377167,0.024728083983063698
train/0000/ex01_laughing_00329,0.2594967782497406,0.7032538056373596,0.037249453365802765
train/0000/ex01_confused_00049,0.0011466072173789144,0.013851308263838291,0.9850021004676819
train/0000/ex01_default_00044,0.42561841011047363,0.5522869229316711,0.022094693034887314
train/0000/ex01_confused_00193,0.8966623544692993,0.09197956323623657,0.01135807204991579
train/0000/ex01_sad_00301,0.08034338057041168,0.8588988184928894,0.060757748782634735
train/0000/ex01_default_00293,0.7307429313659668,0.2471829205751419,0.022074081003665924
train/0000/ex01_default_emphasis_00073,0.06540956348180771,0.8480561971664429,0.08653431385755539
train/0000/ex01_confused_00046,0.02202107198536396,0.9548845291137695,0.02309436723589897
train/0000/ex01_laughing_00326,0.19573576748371124,0.6135292649269104,0.19073505699634552
train/0000/ex01_enunciated_00011,0.03474421054124832,0.3914816081523895,0.5737742185592651
train/0000/ex01_happy_00261,0.33808982372283936,0.612741231918335,0.04916895925998688
train/0000/ex01_confused_00001,0.9098274111747742,0.08571292459964752,0.004459610674530268
train/0000/ex01_whisper_00236,0.8525525331497192,0.13903634250164032,0.008411129005253315
train/0000/ex01_enunciated_00056,0.06515435129404068,0.7482788562774658,0.1865668147802353
train/0000/ex01_happy_00226,0.05619652196764946,0.8571894764900208,0.08661399036645889
train/0000/ex01_sad_00293,0.7307429313659668,0.2471829205751419,0.022074081003665924
train/0000/ex01_default_emphasis_00034,0.09308382868766785,0.8641458749771118,0.04277029633522034
train/0000/ex01_default_00301,0.08034338057041168,0.8588988184928894,0.060757748782634735
train/0000/ex01_enunciated_00183,0.02759026363492012,0.6788052320480347,0.2936044931411743
train/0000/ex01_enunciated_00059,0.01991010271012783,0.6237877607345581,0.3563021719455719
train/0000/ex01_happy_00229,0.9510234594345093,0.04294714704155922,0.00602935953065753
train/0000/ex01_sad_00191,0.17204423248767853,0.774295449256897,0.053660329431295395
train/0000/ex01_default_00003,0.056700270622968674,0.8164567947387695,0.12684288620948792
train/0000/ex01_confused_00303,0.47740378975868225,0.4759998619556427,0.046596378087997437
train/0000/ex01_laughing_00063,0.0011494188802316785,0.05046728253364563,0.9483833312988281
train/0000/ex01_happy_00124,0.09331527352333069,0.2214377522468567,0.685247004032135
train/0000/ex01_enunciated_00281,0.21902157366275787,0.7467378377914429,0.03424064815044403
train/0000/ex01_sad_00044,0.42561841011047363,0.5522869229316711,0.022094693034887314
train/0000/ex01_sad_00178,0.013568513095378876,0.43671926856040955,0.5497122406959534
train/0000/ex01_sad_00275,0.07628533989191055,0.6600131392478943,0.26370155811309814
train/0000/ex01_default_emphasis_00107,0.07218985259532928,0.8481867909431458,0.07962340861558914
train/0000/ex01_default_00232,0.1338081657886505,0.8068786859512329,0.05931312218308449
train/0000/ex01_happy_00018,0.12019705772399902,0.8009685277938843,0.07883438467979431
train/0000/ex01_enunciated_00268,0.08090711385011673,0.6162995100021362,0.30279338359832764
train/0000/ex01_happy_00315,0.010821131058037281,0.1929129958152771,0.7962658405303955
train/0000/ex01_enunciated_00165,0.01531756017357111,0.9409107565879822,0.04377168416976929
train/0000/ex01_confused_00132,0.1314944326877594,0.8377966284751892,0.030708955600857735
train/0000/ex01_laughing_00252,0.0893651694059372,0.5258560180664062,0.38477879762649536
train/0000/ex01_sad_00177,0.11755525320768356,0.8345429301261902,0.04790176451206207
train/0000/ex01_laughing_00085,0.009312259964644909,0.2773194909095764,0.7133682370185852
train/0000/ex01_whisper_00007,0.3160598576068878,0.6646324992179871,0.019307684153318405
train/0000/ex01_happy_00017,0.06335048377513885,0.899544894695282,0.03710460290312767
train/0000/ex01_enunciated_00267,0.6353546977043152,0.3107931911945343,0.0538521371781826
train/0000/ex01_confused_00230,0.12464317679405212,0.5821502208709717,0.29320666193962097
train/0000/ex01_default_emphasis_00108,0.07218985259532928,0.8481867909431458,0.07962340861558914
train/0000/ex01_laughing_00150,0.09404473751783371,0.7697360515594482,0.13621918857097626
train/0000/ex01_default_00130,0.26505130529403687,0.7087653875350952,0.0261833555996418
train/0000/ex01_sad_00222,0.015311636961996555,0.3286018371582031,0.6560865044593811
train/0000/ex01_default_emphasis_00085,0.05592487007379532,0.8757807612419128,0.06829436123371124
train/0000/ex01_whisper_00287,0.2681424915790558,0.7048932909965515,0.026964157819747925
train/0000/ex01_happy_00297,0.016436055302619934,0.34364059567451477,0.6399233341217041
train/0000/ex01_default_00168,0.21566686034202576,0.7042288780212402,0.08010423183441162
train/0000/ex01_laughing_00205,0.9008309245109558,0.09355334937572479,0.005615695845335722
train/0000/ex01_confused_00165,0.01531756017357111,0.9409107565879822,0.04377168416976929
train/0000/ex01_enunciated_00132,0.1314944326877594,0.8377966284751892,0.030708955600857735
train/0000/ex01_confused_00268,0.32369592785835266,0.6258233785629272,0.05048070475459099
train/0000/ex01_default_emphasis_00150,0.3966779112815857,0.49965620040893555,0.10366585850715637
train/0000/ex01_laughing_00108,0.07191817462444305,0.8931087851524353,0.034973062574863434
train/0000/ex01_default_00265,0.06765788793563843,0.8342952132225037,0.09804695844650269
train/0000/ex01_whisper_00185,0.03771408647298813,0.9003682136535645,0.06191767379641533
train/0000/ex01_happy_00195,0.013984320685267448,0.24145343899726868,0.7445622682571411
train/0000/ex01_happy_00298,0.5771271586418152,0.4008069634437561,0.022065872326493263
train/0000/ex01_sad_00120,0.0026804173830896616,0.024327417835593224,0.9729921221733093
train/0000/ex01_default_essentials_00010,0.03396165743470192,0.8739311099052429,0.09210725128650665
train/0000/ex01_default_00167,0.2935105264186859,0.5292295813560486,0.1772598922252655
train/0000/ex01_laughing_00107,0.045145731419324875,0.8902320861816406,0.06462211161851883
train/0000/ex01_confused_00267,0.6353546977043152,0.3107931911945343,0.0538521371781826
train/0000/ex01_happy_00040,0.08403421193361282,0.8599427938461304,0.05602296069264412
train/0000/ex01_enunciated_00230,0.12464317679405212,0.5821502208709717,0.29320666193962097
train/0000/ex01_default_emphasis_00063,0.5590993165969849,0.4163825809955597,0.024518122896552086
train/0000/ex01_whisper_00261,0.33808982372283936,0.612741231918335,0.04916895925998688
train/0000/ex01_enunciated_00001,0.9098274111747742,0.08571292459964752,0.004459610674530268
train/0000/ex01_happy_00271,0.11234977841377258,0.8686320185661316,0.01901826448738575
train/0000/ex01_laughing_00336,0.015560714527964592,0.6260508298873901,0.35838842391967773
train/0000/ex01_confused_00056,0.06515435129404068,0.7482788562774658,0.1865668147802353
train/0000/ex01_confused_00183,0.03161851689219475,0.6756696701049805,0.2927117943763733
train/0000/ex01_default_00283,0.6149507761001587,0.3488615155220032,0.03618773818016052
train/0000/ex01_sad_00311,0.04687943309545517,0.9055273532867432,0.04759322479367256
train/0000/ex01_whisper_00163,0.5478026866912842,0.4274692237377167,0.024728083983063698
train/0000/ex01_enunciated_00303,0.47740378975868225,0.4759998619556427,0.046596378087997437
train/0000/ex01_happy_00173,0.058691106736660004,0.9039662480354309,0.03734258934855461
train/0000/ex01_laughing_00034,0.018959729000926018,0.9270661473274231,0.05397409573197365
train/0000/ex01_confused_00059,0.01991010271012783,0.6237877607345581,0.3563021719455719
train/0000/ex01_laughing_00339,0.5866526961326599,0.39303138852119446,0.020315954461693764
train/0000/ex01_default_00054,0.41790857911109924,0.5568651556968689,0.025226294994354248
train/0000/ex01_default_00181,0.06817713379859924,0.9053469300270081,0.026475882157683372
train/0000/ex01_sad_00013,0.09841704368591309,0.8555321097373962,0.046050868928432465
train/0000/ex01_confused_00281,0.21902157366275787,0.7467378377914429,0.03424064815044403
train/0000/ex01_enunciated_00097,0.0991920530796051,0.8602365851402283,0.04057138413190842
train/0000/ex01_sad_00252,0.0893651694059372,0.5258560180664062,0.38477879762649536
train/0000/ex01_default_00215,0.15004126727581024,0.8214694857597351,0.02848922275006771
train/0000/ex01_confused_00218,0.37240418791770935,0.578458845615387,0.0491369403898716
train/0000/ex01_default_emphasis_00120,0.24106381833553314,0.6910207867622375,0.0679154023528099
train/0000/ex01_laughing_00178,0.013568513095378876,0.43671926856040955,0.5497122406959534
train/0000/ex01_laughing_00275,0.07628533989191055,0.6600131392478943,0.26370155811309814
train/0000/ex01_confused_00115,0.3764439523220062,0.601498007774353,0.022058067843317986
train/0000/ex01_default_00118,0.12081471085548401,0.8456367254257202,0.03354857861995697
train/0000/ex01_happy_00332,0.8049635291099548,0.18273289501667023,0.01230356190353632
train/0000/ex01_enunciated_00142,0.1467534601688385,0.7630258798599243,0.090220607817173
train/0000/ex01_enunciated_00098,0.021914605051279068,0.9102763533592224,0.0678090825676918
train/0000/ex01_sad_00150,0.09404473751783371,0.7697360515594482,0.13621918857097626
train/0000/ex01_laughing_00177,0.11755525320768356,0.8345429301261902,0.04790176451206207
train/0000/ex01_confused_00217,0.20785687863826752,0.7267651557922363,0.06537798792123795
train/0000/ex01_happy_00030,0.010314112529158592,0.25060245394706726,0.739083468914032
train/0000/ex01_enunciated_00240,0.07595089077949524,0.8795320987701416,0.044516973197460175
train/0000/ex01_whisper_00020,0.32763487100601196,0.5546064972877502,0.11775866150856018
train/0000/ex01_sad_00085,0.009312259964644909,0.2773194909095764,0.7133682370185852
train/0000/ex01_default_00117,0.016841379925608635,0.817382276058197,0.165776327252388
train/0000/ex01_enunciated_00071,0.43452686071395874,0.5203275680541992,0.04514551907777786
train/0000/ex01_happy_00201,0.10348877310752869,0.5827879905700684,0.31372329592704773
train/0000/ex01_whisper_00211,0.2685151696205139,0.683846116065979,0.0476386658847332
train/0000/ex01_laughing_00346,0.10028282552957535,0.759524941444397,0.14019230008125305
train/0000/ex01_confused_00026,0.002148284809663892,0.45546263456344604,0.5423890948295593
train/0000/ex01_default_00326,0.19573576748371124,0.6135292649269104,0.19073505699634552
train/0000/ex01_default_emphasis_00013,0.3439471125602722,0.624014675617218,0.03203814849257469
train/0000/ex01_laughing_00293,0.7307429313659668,0.2471829205751419,0.022074081003665924
train/0000/ex01_default_00024,0.04756990075111389,0.8686021566390991,0.08382788300514221
train/0000/ex01_confused_00029,0.1338849812746048,0.7638354897499084,0.10227952152490616
train/0000/ex01_happy_00103,0.08125413954257965,0.8300952315330505,0.08865062147378922
train/0000/ex01_laughing_00044,0.42561841011047363,0.5522869229316711,0.022094693034887314
train/0000/ex01_confused_00324,0.10301511734724045,0.8485803604125977,0.048404525965452194
train/0000/ex01_default_00329,0.2594967782497406,0.7032538056373596,0.037249453365802765
train/0000/ex01_laughing_00191,0.17204423248767853,0.774295449256897,0.053660329431295395
train/0000/ex01_sad_00063,0.0011494188802316785,0.05046728253364563,0.9483833312988281
train/0000/ex01_default_emphasis_00044,0.6707213521003723,0.3184868395328522,0.010791748762130737
train/0000/ex01_confused_00071,0.43452686071395874,0.5203275680541992,0.04514551907777786
train/0000/ex01_laughing_00311,0.04687943309545517,0.9055273532867432,0.04759322479367256
train/0000/ex01_enunciated_00026,0.004352969117462635,0.6392195820808411,0.35642746090888977
train/0000/ex01_happy_00256,0.7918973565101624,0.1937766820192337,0.01432597916573286
train/0000/ex01_whisper_00246,0.2380395233631134,0.7378214597702026,0.02413899451494217
train/0000/ex01_sad_00336,0.015560714527964592,0.6260508298873901,0.35838842391967773
train/0000/ex01_laughing_00013,0.09841704368591309,0.8555321097373962,0.046050868928432465
train/0000/ex01_enunciated_00324,0.10301511734724045,0.8485803604125977,0.048404525965452194
train/0000/ex01_happy_00154,0.9249163866043091,0.07085492461919785,0.004228623118251562
train/0000/ex01_whisper_00144,0.2445259392261505,0.7113490104675293,0.044125042855739594
train/0000/ex01_enunciated_00029,0.1338849812746048,0.7638354897499084,0.10227952152490616
train/0000/ex01_happy_00259,0.0749736949801445,0.8729673027992249,0.052059005945920944
train/0000/ex01_default_00073,0.001793465344235301,0.08947797119617462,0.9087285995483398
train/0000/ex01_sad_00034,0.018959729000926018,0.9270661473274231,0.05397409573197365
train/0000/ex01_happy_00081,0.6893656253814697,0.2851574718952179,0.025476891547441483
train/0000/ex01_sad_00339,0.5866526961326599,0.39303138852119446,0.020315954461693764
train/0000/ex01_whisper_00091,0.0057254452258348465,0.1786339432001114,0.8156405687332153
train/0000/ex01_sad_00205,0.9008309245109558,0.09355334937572479,0.005615695845335722
train/0000/ex01_sad_00108,0.07191817462444305,0.8931087851524353,0.034973062574863434
train/0000/ex01_confused_00097,0.0991920530796051,0.8602365851402283,0.04057138413190842
train/0000/ex01_enunciated_00115,0.4216480553150177,0.5579824447631836,0.02036946825683117
train/0000/ex01_confused_00142,0.1467534601688385,0.7630258798599243,0.090220607817173
train/0000/ex01_laughing_00222,0.015311636961996555,0.3286018371582031,0.6560865044593811
train/0000/ex01_default_00242,0.1180153638124466,0.8528038859367371,0.029180774465203285
train/0000/ex01_whisper_00078,0.12116102129220963,0.8330087661743164,0.04583018645644188
train/0000/ex01_happy_00068,0.6234090924263,0.31068459153175354,0.0659063458442688
train/0000/ex01_enunciated_00218,0.37240418791770935,0.578458845615387,0.0491369403898716
train/0000/ex01_default_00095,0.01747003197669983,0.4848332405090332,0.49769675731658936
train/0000/ex01_confused_00098,0.018272610381245613,0.9065510630607605,0.07517632842063904
train/0000/ex01_sad_00107,0.045145731419324875,0.8902320861816406,0.06462211161851883
train/0000/ex01_default_00140,0.8974184989929199,0.09255390614271164,0.010027574375271797
train/0000/ex01_happy_00067,0.4678468108177185,0.5118140578269958,0.020339110866189003
train/0000/ex01_enunciated_00217,0.20785687863826752,0.7267651557922363,0.06537798792123795
train/0000/ex01_whisper_00077,0.04558243229985237,0.8670352101325989,0.08738237619400024
train/0000/ex01_confused_00240,0.07595089077949524,0.8795320987701416,0.044516973197460175
train/0000/ex01_laughing_00120,0.0026804173830896616,0.024327417835593224,0.9729921221733093
train/0000/ex01_happy_00020,0.32763487100601196,0.5546064972877502,0.11775866150856018
train/0000/ex01_enunciated_00250,0.07768408209085464,0.890346348285675,0.03196956589818001
train/0000/ex01_confused_00207,0.011682354845106602,0.183088019490242,0.805229663848877
train/0000/ex01_laughing_00167,0.2935105264186859,0.5292295813560486,0.1772598922252655
train/0000/ex01_default_00107,0.045145731419324875,0.8902320861816406,0.06462211161851883
train/0000/ex01_sad_00095,0.01747003197669983,0.4848332405090332,0.49769675731658936
train/0000/ex01_sad_00140,0.8974184989929199,0.09255390614271164,0.010027574375271797
train/0000/ex01_enunciated_00088,0.8328250050544739,0.15581287443637848,0.011362195946276188
train/0000/ex01_default_00205,0.9008309245109558,0.09355334937572479,0.005615695845335722
train/0000/ex01_laughing_00168,0.21566686034202576,0.7042288780212402,0.08010423183441162
train/0000/ex01_confused_00208,0.6788107752799988,0.2751733660697937,0.0460159108042717
train/0000/ex01_default_emphasis_00130,0.6169785857200623,0.36023882031440735,0.022782644256949425
train/0000/ex01_happy_00322,0.0245877243578434,0.25490280985832214,0.7205094695091248
train/0000/ex01_enunciated_00152,0.10700275748968124,0.7111424803733826,0.18185484409332275
train/0000/ex01_confused_00105,0.03616314381361008,0.610447108745575,0.353389710187912
train/0000/ex01_laughing_00265,0.06765788793563843,0.8342952132225037,0.09804695844650269
train/0000/ex01_default_00108,0.07191817462444305,0.8931087851524353,0.034973062574863434
train/0000/ex01_enunciated_00087,0.21510601043701172,0.5394577980041504,0.2454361766576767
train/0000/ex01_sad_00242,0.1180153638124466,0.8528038859367371,0.029180774465203285
train/0000/ex01_laughing_00181,0.06817713379859924,0.9053469300270081,0.026475882157683372
train/0000/ex01_sad_00073,0.001793465344235301,0.08947797119617462,0.9087285995483398
train/0000/ex01_default_00034,0.018959729000926018,0.9270661473274231,0.05397409573197365
train/0000/ex01_confused_00039,0.3346402943134308,0.6282598376274109,0.03709984943270683
train/0000/ex01_confused_00334,0.0535845048725605,0.8889057636260986,0.057509809732437134
train/0000/ex01_laughing_00054,0.41790857911109924,0.5568651556968689,0.025226294994354248
train/0000/ex01_default_00339,0.5866526961326599,0.39303138852119446,0.020315954461693764
train/0000/ex01_happy_00113,0.03567039221525192,0.8623397946357727,0.10198979079723358
train/0000/ex01_laughing_00283,0.6149507761001587,0.3488615155220032,0.03618773818016052
train/0000/ex01_confused_00036,0.004702378064393997,0.056866928935050964,0.9384307265281677
train/0000/ex01_enunciated_00061,0.022052813321352005,0.5531983971595764,0.42474880814552307
train/0000/ex01_happy_00211,0.2685151696205139,0.683846116065979,0.0476386658847332
train/0000/ex01_default_00336,0.015560714527964592,0.6260508298873901,0.35838842391967773
train/0000/ex01_default_emphasis_00003,0.037306204438209534,0.7601453065872192,0.20254850387573242
train/0000/ex01_sad_00024,0.04756990075111389,0.8686021566390991,0.08382788300514221
train/0000/ex01_sad_00329,0.2594967782497406,0.7032538056373596,0.037249453365802765
train/0000/ex01_happy_00091,0.0057254452258348465,0.1786339432001114,0.8156405687332153
train/0000/ex01_whisper_00081,0.6893656253814697,0.2851574718952179,0.025476891547441483
train/0000/ex01_enunciated_00334,0.0535845048725605,0.8889057636260986,0.057509809732437134
train/0000/ex01_happy_00144,0.2445259392261505,0.7113490104675293,0.044125042855739594
train/0000/ex01_whisper_00154,0.9206306338310242,0.07502958923578262,0.004339783452451229
train/0000/ex01_laughing_00003,0.05586673691868782,0.8231404423713684,0.1209927573800087
train/0000/ex01_default_00063,0.0010929350974038243,0.04564155638217926,0.9532655477523804
train/0000/ex01_enunciated_00039,0.3346402943134308,0.6282598376274109,0.03709984943270683
train/0000/ex01_happy_00249,0.05894189700484276,0.9059048295021057,0.03515337407588959
train/0000/ex01_sad_00326,0.19573576748371124,0.6135292649269104,0.19073505699634552
train/0000/ex01_default_emphasis_00054,0.06810680776834488,0.8319026827812195,0.09999044239521027
train/0000/ex01_enunciated_00036,0.0025651673786342144,0.04119441658258438,0.9562404751777649
train/0000/ex01_happy_00246,0.2380395233631134,0.7378214597702026,0.02413899451494217
train/0000/ex01_laughing_00301,0.08034338057041168,0.8588988184928894,0.060757748782634735
train/0000/ex01_confused_00061,0.022052813321352005,0.5531983971595764,0.42474880814552307
train/0000/ex01_default_00150,0.09404473751783371,0.7697360515594482,0.13621918857097626
train/0000/ex01_laughing_00130,0.26505130529403687,0.7087653875350952,0.0261833555996418
train/0000/ex01_confused_00250,0.07768408209085464,0.890346348285675,0.03196956589818001
train/0000/ex01_happy_00077,0.04558243229985237,0.8670352101325989,0.08738237619400024
train/0000/ex01_enunciated_00207,0.011682354845106602,0.183088019490242,0.805229663848877
train/0000/ex01_sad_00117,0.016841379925608635,0.817382276058197,0.165776327252388
train/0000/ex01_default_essentials_00027,0.1317422091960907,0.6852664351463318,0.1829913705587387
train/0000/ex01_default_00085,0.009312259964644909,0.2773194909095764,0.7133682370185852
train/0000/ex01_confused_00088,0.8328250050544739,0.15581287443637848,0.011362195946276188
train/0000/ex01_laughing_00232,0.1338081657886505,0.8068786859512329,0.05931312218308449
train/0000/ex01_confused_00152,0.10700275748968124,0.7111424803733826,0.18185484409332275
train/0000/ex01_enunciated_00105,0.03616314381361008,0.610447108745575,0.353389710187912
train/0000/ex01_happy_00078,0.13362041115760803,0.8218950629234314,0.04448458552360535
train/0000/ex01_enunciated_00208,0.6538718342781067,0.2871021330356598,0.059026047587394714
train/0000/ex01_default_00252,0.0893651694059372,0.5258560180664062,0.38477879762649536
train/0000/ex01_sad_00215,0.15004126727581024,0.8214694857597351,0.02848922275006771
train/0000/ex01_confused_00087,0.21510601043701172,0.5394577980041504,0.2454361766576767
train/0000/ex01_default_essentials_00028,0.7368941903114319,0.24266716837882996,0.020438607782125473
train/0000/ex01_sad_00118,0.12081471085548401,0.8456367254257202,0.03354857861995697
train/0000/ex01_happy_00123,0.4636572301387787,0.5051567554473877,0.031185965985059738
train/0000/ex01_default_00309,0.04435981065034866,0.8773670196533203,0.07827317714691162
train/0000/ex01_laughing_00064,0.19795896112918854,0.7724772691726685,0.02956375665962696
train/0000/ex01_confused_00304,0.1105542778968811,0.8396112322807312,0.049834467470645905
train/0000/ex01_confused_00009,0.33405065536499023,0.5685052871704102,0.09744400531053543
train/0000/ex01_default_00004,0.001499176723882556,0.2551906406879425,0.7433101534843445
train/0000/ex01_sad_00196,0.010744685307145119,0.11440137773752213,0.8748539686203003
train/0000/ex01_sad_00043,0.5395464301109314,0.28183549642562866,0.17861807346343994
train/0000/ex01_enunciated_00286,0.17276622354984283,0.7766261696815491,0.050607554614543915
train/0000/ex01_default_emphasis_00033,0.09308382868766785,0.8641458749771118,0.04277029633522034
train/0000/ex01_default_00306,0.19590136408805847,0.7620384693145752,0.04206017032265663
train/0000/ex01_sad_00294,0.006583706475794315,0.6326388716697693,0.36077746748924255
train/0000/ex01_whisper_00231,0.12523595988750458,0.8355967998504639,0.03916719928383827
train/0000/ex01_happy_00221,0.007590672001242638,0.06916914135217667,0.9232401251792908
train/0000/ex01_enunciated_00051,0.02701929770410061,0.8488302230834961,0.12415044754743576
train/0000/ex01_sad_00199,0.01746808923780918,0.91737300157547,0.06515898555517197
train/0000/ex01_confused_00006,0.05615399032831192,0.76084965467453,0.1829962581396103
train/0000/ex01_enunciated_00184,0.36160752177238464,0.534400463104248,0.10399200767278671
train/0000/ex01_enunciated_00289,0.10251612216234207,0.8714196681976318,0.026064284145832062
train/0000/ex01_sad_00341,0.013235438615083694,0.8277013897895813,0.1590631902217865
train/0000/ex01_laughing_00082,0.0656890943646431,0.8437982201576233,0.09051273763179779
train/0000/ex01_sad_00170,0.022406499832868576,0.7617782950401306,0.21581515669822693
train/0000/ex01_default_00137,0.14243389666080475,0.7895137667655945,0.06805241852998734
train/0000/ex01_laughing_00157,0.006597578525543213,0.4201750159263611,0.5732273459434509
train/0000/ex01_confused_00237,0.1515805721282959,0.818261981010437,0.030157487839460373
train/0000/ex01_enunciated_00260,0.17312122881412506,0.7997815012931824,0.027097225189208984
train/0000/ex01_happy_00010,0.3962215781211853,0.5625858902931213,0.04119255021214485
train/0000/ex01_sad_00272,0.09063377976417542,0.821537435054779,0.08782881498336792
train/0000/ex01_default_00138,0.5629240274429321,0.38618800044059753,0.050887953490018845
train/0000/ex01_laughing_00255,0.17085178196430206,0.7221494317054749,0.1069987416267395
train/0000/ex01_confused_00135,0.030884195119142532,0.8611021041870117,0.10801368951797485
train/0000/ex01_whisper_00302,0.00579140055924654,0.4916898012161255,0.5025187730789185
train/0000/ex01_enunciated_00162,0.14918814599514008,0.7641085386276245,0.0867033302783966
train/0000/ex01_happy_00312,0.7353631258010864,0.2467956244945526,0.017841244116425514
train/0000/ex01_default_emphasis_00100,0.0026487933937460184,0.2318984717130661,0.7654527425765991
train/0000/ex01_confused_00238,0.09711194783449173,0.8662667870521545,0.03662128746509552
train/0000/ex01_laughing_00158,0.35160067677497864,0.620212733745575,0.028186578303575516
train/0000/ex01_default_00235,0.008860199712216854,0.3421874940395355,0.648952305316925
train/0000/ex01_default_essentials_00017,0.2475205361843109,0.55415278673172,0.19832667708396912
train/0000/ex01_sad_00127,0.20528893172740936,0.741747260093689,0.05296376720070839
train/0000/ex01_happy_00192,0.8743632435798645,0.11840370297431946,0.007233005482703447
train/0000/ex01_enunciated_00237,0.1515805721282959,0.818261981010437,0.030157487839460373
train/0000/ex01_happy_00047,0.002933175303041935,0.4364123046398163,0.5606545209884644
train/0000/ex01_confused_00260,0.17312122881412506,0.7997815012931824,0.027097225189208984
train/0000/ex01_laughing_00100,0.039832718670368195,0.9309055805206299,0.029261738061904907
train/0000/ex01_default_00160,0.21680177748203278,0.7713313698768616,0.011866853572428226
train/0000/ex01_whisper_00280,0.0022697756066918373,0.3924647867679596,0.6052654385566711
train/0000/ex01_happy_00290,0.15250930190086365,0.5551228523254395,0.2923678457736969
train/0000/ex01_sad_00128,0.07889880239963531,0.635324239730835,0.28577694296836853
train/0000/ex01_default_essentials_00018,0.019318217411637306,0.30373623967170715,0.6769455671310425
train/0000/ex01_default_emphasis_00082,0.07307694107294083,0.8413060307502747,0.08561699837446213
train/0000/ex01_sad_00225,0.5086113214492798,0.4705534279346466,0.02083522081375122
train/0000/ex01_default_00262,0.002031004521995783,0.013019852340221405,0.9849491715431213
train/0000/ex01_enunciated_00238,0.1292567402124405,0.8390723466873169,0.031670864671468735
train/0000/ex01_happy_00048,0.004011126700788736,0.1062881126999855,0.8897007703781128
train/0000/ex01_whisper_00058,0.0020303516648709774,0.03597860783338547,0.961991012096405
train/0000/ex01_enunciated_00135,0.030884195119142532,0.8611021041870117,0.10801368951797485
train/0000/ex01_confused_00162,0.14918814599514008,0.7641085386276245,0.0867033302783966
train/0000/ex01_laughing_00202,0.046496402472257614,0.8908925652503967,0.06261105835437775
train/0000/ex01_happy_00279,0.5931952595710754,0.3620343804359436,0.04477030411362648
train/0000/ex01_enunciated_00009,0.33405065536499023,0.5685052871704102,0.09744400531053543
train/0000/ex01_default_00053,0.1821247786283493,0.6783141493797302,0.13956104218959808
train/0000/ex01_laughing_00033,0.9064819812774658,0.08904768526554108,0.004470272455364466
train/0000/ex01_happy_00174,0.28920507431030273,0.6855459213256836,0.025248991325497627
train/0000/ex01_enunciated_00304,0.1105542778968811,0.8396112322807312,0.049834467470645905
train/0000/ex01_confused_00286,0.17276622354984283,0.7766261696815491,0.050607554614543915
train/0000/ex01_sad_00319,0.0602419488132,0.5946333408355713,0.34512466192245483
train/0000/ex01_sad_00014,0.12181253731250763,0.813417911529541,0.06476955860853195
train/0000/ex01_default_00186,0.01441306620836258,0.3276643753051758,0.6579225063323975
train/0000/ex01_confused_00051,0.02701929770410061,0.8488302230834961,0.12415044754743576
train/0000/ex01_laughing_00331,0.32783815264701843,0.4431297183036804,0.22903215885162354
train/0000/ex01_whisper_00266,0.8060329556465149,0.1834965944290161,0.010470451787114143
train/0000/ex01_happy_00276,0.009909792803227901,0.17843396961688995,0.8116561770439148
train/0000/ex01_enunciated_00006,0.05615399032831192,0.76084965467453,0.1829962581396103
train/0000/ex01_default_emphasis_00064,0.5590993165969849,0.4163825809955597,0.024518122896552086
train/0000/ex01_sad_00316,0.01699576899409294,0.48548072576522827,0.49752354621887207
train/0000/ex01_confused_00289,0.10251612216234207,0.8714196681976318,0.026064284145832062
train/0000/ex01_default_00284,0.2500457465648651,0.7112945318222046,0.038659729063510895
train/0000/ex01_default_00189,0.7438677549362183,0.2343946248292923,0.021737556904554367
train/0000/ex01_confused_00184,0.36160752177238464,0.534400463104248,0.10399200767278671
train/0000/ex01_enunciated_00194,0.15222585201263428,0.8054711222648621,0.04230299964547157
train/0000/ex01_enunciated_00299,0.11918598413467407,0.8620031476020813,0.01881086453795433
train/0000/ex01_sad_00284,0.2500457465648651,0.7112945318222046,0.038659729063510895
train/0000/ex01_default_emphasis_00023,0.02628076635301113,0.4921036958694458,0.48161551356315613
train/0000/ex01_default_00316,0.01699576899409294,0.48548072576522827,0.49752354621887207
train/0000/ex01_confused_00016,0.018995432183146477,0.29764413833618164,0.6833603978157043
train/0000/ex01_sad_00189,0.7438677549362183,0.2343946248292923,0.021737556904554367
train/0000/ex01_happy_00231,0.12523595988750458,0.8355967998504639,0.03916719928383827
train/0000/ex01_enunciated_00041,0.22284193336963654,0.6642903685569763,0.11286769062280655
train/0000/ex01_sad_00053,0.1821247786283493,0.6783141493797302,0.13956104218959808
train/0000/ex01_enunciated_00296,0.6926909685134888,0.2971314787864685,0.010177566669881344
train/0000/ex01_default_00319,0.0602419488132,0.5946333408355713,0.34512466192245483
train/0000/ex01_confused_00314,0.05609379708766937,0.9001933336257935,0.04371286928653717
train/0000/ex01_laughing_00074,0.133316308259964,0.8150005340576172,0.051683202385902405
train/0000/ex01_happy_00133,0.6515070796012878,0.3355253338813782,0.012967588379979134
train/0000/ex01_enunciated_00343,0.09376432001590729,0.8418324589729309,0.0644032210111618
train/0000/ex01_sad_00186,0.01441306620836258,0.3276643753051758,0.6579225063323975
train/0000/ex01_confused_00019,0.017557865008711815,0.8388291597366333,0.14361298084259033
train/0000/ex01_default_00014,0.12181253731250763,0.813417911529541,0.06476955860853195
train/0000/ex01_enunciated_00172,0.7091677188873291,0.2822225093841553,0.008609709329903126
train/0000/ex01_happy_00302,0.00579140055924654,0.4916898012161255,0.5025187730789185
train/0000/ex01_default_00128,0.07889880239963531,0.635324239730835,0.28577694296836853
train/0000/ex01_confused_00125,0.18053016066551208,0.3508923649787903,0.46857747435569763
train/0000/ex01_laughing_00245,0.06899245083332062,0.8051827549934387,0.1258247345685959
train/0000/ex01_laughing_00148,0.09721275418996811,0.806721568107605,0.09606567025184631
train/0000/ex01_default_emphasis_00110,0.08402661979198456,0.8827101588249207,0.03326329588890076
train/0000/ex01_confused_00228,0.3508414924144745,0.6300903558731079,0.019068142399191856
train/0000/ex01_default_00225,0.5086113214492798,0.4705534279346466,0.02083522081375122
train/0000/ex01_sad_00262,0.002031004521995783,0.013019852340221405,0.9849491715431213
train/0000/ex01_default_00127,0.20528893172740936,0.741747260093689,0.05296376720070839
train/0000/ex01_enunciated_00270,0.01991914212703705,0.8896104097366333,0.09047048538923264
train/0000/ex01_confused_00227,0.06498967111110687,0.8663256764411926,0.0686846449971199
train/0000/ex01_laughing_00147,0.09481792151927948,0.8572410941123962,0.04794105887413025
train/0000/ex01_laughing_00092,0.5736771821975708,0.3814593255519867,0.044863536953926086
train/0000/ex01_sad_00160,0.21680177748203278,0.7713313698768616,0.011866853572428226
train/0000/ex01_enunciated_00228,0.3508414924144745,0.6300903558731079,0.019068142399191856
train/0000/ex01_happy_00058,0.0020303516648709774,0.03597860783338547,0.961991012096405
train/0000/ex01_whisper_00048,0.004011126700788736,0.1062881126999855,0.8897007703781128
train/0000/ex01_default_emphasis_00147,0.39603716135025024,0.5217001438140869,0.08226266503334045
train/0000/ex01_default_00272,0.09063377976417542,0.821537435054779,0.08782881498336792
train/0000/ex01_laughing_00212,0.06346911936998367,0.8538205027580261,0.08271034061908722
train/0000/ex01_confused_00172,0.7091677188873291,0.2822225093841553,0.008609709329903126
train/0000/ex01_enunciated_00125,0.12822547554969788,0.8369885683059692,0.03478600084781647
train/0000/ex01_default_essentials_00008,0.0778249055147171,0.7575403451919556,0.16463471949100494
train/0000/ex01_sad_00138,0.5629240274429321,0.38618800044059753,0.050887953490018845
train/0000/ex01_happy_00280,0.0022697756066918373,0.3924647867679596,0.6052654385566711
train/0000/ex01_sad_00235,0.008860199712216854,0.3421874940395355,0.648952305316925
train/0000/ex01_default_emphasis_00092,0.017791971564292908,0.7574056386947632,0.22480246424674988
train/0000/ex01_laughing_00110,0.015987271443009377,0.9244400858879089,0.05957257002592087
train/0000/ex01_default_emphasis_00148,0.3966779112815857,0.49965620040893555,0.10366585850715637
train/0000/ex01_confused_00270,0.052035097032785416,0.8916833996772766,0.05628141760826111
train/0000/ex01_whisper_00047,0.002933175303041935,0.4364123046398163,0.5606545209884644
train/0000/ex01_enunciated_00227,0.06498967111110687,0.8663256764411926,0.0686846449971199
train/0000/ex01_happy_00057,0.3889138102531433,0.5686177611351013,0.04246842488646507
train/0000/ex01_default_00170,0.02944665215909481,0.7905753254890442,0.17997810244560242
train/0000/ex01_sad_00137,0.14243389666080475,0.7895137667655945,0.06805241852998734
train/0000/ex01_default_essentials_00007,0.029526421800255775,0.4795122444629669,0.49096131324768066
train/0000/ex01_whisper_00192,0.8561681509017944,0.13510727882385254,0.008724535815417767
train/0000/ex01_happy_00182,0.03654542565345764,0.9145725965499878,0.04888192191720009
train/0000/ex01_confused_00299,0.11918598413467407,0.8620031476020813,0.01881086453795433
train/0000/ex01_default_00294,0.006583706475794315,0.6326388716697693,0.36077746748924255
train/0000/ex01_sad_00306,0.19590136408805847,0.7620384693145752,0.04206017032265663
train/0000/ex01_default_00199,0.01746808923780918,0.91737300157547,0.06515898555517197
train/0000/ex01_confused_00194,0.15222585201263428,0.8054711222648621,0.04230299964547157
train/0000/ex01_happy_00266,0.8060329556465149,0.1834965944290161,0.010470451787114143
train/0000/ex01_enunciated_00016,0.018995432183146477,0.29764413833618164,0.6833603978157043
train/0000/ex01_laughing_00321,0.0038853457663208246,0.8316911458969116,0.16442357003688812
train/0000/ex01_confused_00041,0.22284193336963654,0.6642903685569763,0.11286769062280655
train/0000/ex01_default_emphasis_00074,0.06540956348180771,0.8480561971664429,0.08653431385755539
train/0000/ex01_sad_00309,0.04435981065034866,0.8773670196533203,0.07827317714691162
train/0000/ex01_confused_00296,0.6926909685134888,0.2971314787864685,0.010177566669881344
train/0000/ex01_default_00196,0.010744685307145119,0.11440137773752213,0.8748539686203003
train/0000/ex01_sad_00004,0.001499176723882556,0.2551906406879425,0.7433101534843445
train/0000/ex01_default_00043,0.5395464301109314,0.28183549642562866,0.17861807346343994
train/0000/ex01_happy_00269,0.4984146058559418,0.4699060618877411,0.031679313629865646
train/0000/ex01_enunciated_00019,0.017557865008711815,0.8388291597366333,0.14361298084259033
train/0000/ex01_happy_00164,0.09403518587350845,0.6429035663604736,0.2630612254142761
train/0000/ex01_enunciated_00314,0.07219971716403961,0.8830687999725342,0.04473142698407173
train/0000/ex01_laughing_00023,0.3607639670372009,0.6129838228225708,0.026252195239067078
train/0000/ex01_confused_00343,0.10740146785974503,0.8328419327735901,0.059756673872470856
dev/0003/ex04_whisper_00362,0.005053555127233267,0.8983232378959656,0.09662329405546188
dev/0003/ex04_enunciated_00367,0.154753178358078,0.8003664016723633,0.04488039016723633
dev/0003/ex04_enunciated_00368,0.32207074761390686,0.6573095321655273,0.020619729533791542
dev/0003/ex04_laughing_00361,0.10674754530191422,0.8567743301391602,0.03647805005311966
dev/0003/ex04_confused_00354,0.08864617347717285,0.8816739916801453,0.029679855331778526
dev/0003/ex04_default_emphasis_00163,0.0065553574822843075,0.40700846910476685,0.5864361524581909
dev/0003/ex04_sad_00347,0.2737356126308441,0.6666443347930908,0.059620048850774765
dev/0003/ex04_sad_00348,0.002546885283663869,0.3783252239227295,0.6191278696060181
dev/0003/ex04_laughing_00351,0.44705045223236084,0.520476222038269,0.03247331455349922
dev/0003/ex04_default_00349,0.04326887056231499,0.9193443655967712,0.03738680109381676
dev/0003/ex04_default_00346,0.46854180097579956,0.5120278596878052,0.019430290907621384
dev/0003/ex04_happy_00355,0.1129159927368164,0.836073637008667,0.05101033300161362
dev/0003/ex04_confused_00364,0.0020584804005920887,0.1958170086145401,0.8021244406700134
dev/0003/ex04_whisper_00352,0.008611207827925682,0.14553722739219666,0.8458516001701355
dev/0003/ex04_sad_00358,0.962946355342865,0.03369554504752159,0.0033580842427909374
dev/0003/ex04_sad_00357,0.8401755690574646,0.15029969811439514,0.009524709545075893
dev/0003/ex04_default_emphasis_00173,0.08175258338451385,0.8560452461242676,0.06220213323831558
dev/0003/ex04_happy_00345,0.5896404981613159,0.3931865394115448,0.017172973603010178
dev/0003/ex04_default_00356,0.5179780721664429,0.42669302225112915,0.05532892420887947
dev/0003/ex04_default_00359,0.07425595819950104,0.862342119216919,0.06340191513299942
dev/0003/ex04_enunciated_00357,0.8401755690574646,0.15029969811439514,0.009524709545075893
dev/0003/ex04_enunciated_00358,0.962946355342865,0.03369554504752159,0.0033580842427909374
dev/0003/ex04_happy_00362,0.005053555127233267,0.8983232378959656,0.09662329405546188
dev/0003/ex04_laughing_00366,0.7720615863800049,0.21349570155143738,0.014442666433751583
dev/0003/ex04_confused_00353,0.33528414368629456,0.6388364434242249,0.025879472494125366
dev/0003/ex04_default_00361,0.10674754530191422,0.8567743301391602,0.03647805005311966
dev/0003/ex04_sad_00360,0.40723395347595215,0.5053479671478271,0.0874180719256401
dev/0003/ex04_enunciated_00360,0.40723395347595215,0.5053479671478271,0.0874180719256401
dev/0003/ex04_default_00339,0.3087116777896881,0.6777420043945312,0.013546355068683624
dev/0003/ex04_default_emphasis_00174,0.0012534070992842317,0.017130987718701363,0.9816156029701233
dev/0003/ex04_sad_00350,0.7828866243362427,0.20024161040782928,0.016871778294444084
dev/0003/ex04_default_essentials_00036,0.19093887507915497,0.704792857170105,0.10426829755306244
dev/0003/ex04_happy_00342,0.09885329753160477,0.8385658860206604,0.06258078664541245
dev/0003/ex04_default_00351,0.44705045223236084,0.520476222038269,0.03247331455349922
dev/0003/ex04_default_emphasis_00164,0.0065553574822843075,0.40700846910476685,0.5864361524581909
dev/0003/ex04_default_00341,0.13893337547779083,0.7568060755729675,0.10426053404808044
dev/0003/ex04_laughing_00359,0.07425595819950104,0.862342119216919,0.06340191513299942
dev/0003/ex04_happy_00352,0.01272429060190916,0.21439440548419952,0.7728813290596008
dev/0003/ex04_laughing_00356,0.5179780721664429,0.42669302225112915,0.05532892420887947
dev/0003/ex04_confused_00363,0.06872963160276413,0.8817466497421265,0.049523692578077316
dev/0003/ex04_happy_00354,0.08864617347717285,0.8816739916801453,0.029679855331778526
dev/0003/ex04_default_00347,0.2737356126308441,0.6666443347930908,0.059620048850774765
dev/0003/ex04_default_00348,0.002546885283663869,0.3783252239227295,0.6191278696060181
dev/0003/ex04_sad_00349,0.04326887056231499,0.9193443655967712,0.03738680109381676
dev/0003/ex04_sad_00346,0.46854180097579956,0.5120278596878052,0.019430290907621384
dev/0003/ex04_default_emphasis_00162,0.0065553574822843075,0.40700846910476685,0.5864361524581909
dev/0003/ex04_confused_00365,0.16978932917118073,0.7294020056724548,0.10080869495868683
dev/0003/ex04_default_00358,0.962946355342865,0.03369554504752159,0.0033580842427909374
dev/0003/ex04_default_00357,0.8401755690574646,0.15029969811439514,0.009524709545075893
dev/0003/ex04_happy_00344,0.009468961507081985,0.6534010171890259,0.33713001012802124
dev/0003/ex04_default_emphasis_00172,0.08175258338451385,0.8560452461242676,0.06220213323831558
dev/0003/ex04_sad_00356,0.5179780721664429,0.42669302225112915,0.05532892420887947
dev/0003/ex04_sad_00359,0.07425595819950104,0.862342119216919,0.06340191513299942
dev/0003/ex04_enunciated_00359,0.07425595819950104,0.862342119216919,0.06340191513299942
dev/0003/ex04_enunciated_00369,0.07534545660018921,0.8620975017547607,0.06255703419446945
dev/0003/ex04_enunciated_00366,0.7720615863800049,0.21349570155143738,0.014442666433751583
dev/0003/ex04_laughing_00360,0.40723395347595215,0.5053479671478271,0.0874180719256401
dev/0003/ex04_confused_00355,0.1129159927368164,0.836073637008667,0.05101033300161362
dev/0003/ex04_default_00350,0.7828866243362427,0.20024161040782928,0.016871778294444084
dev/0003/ex04_happy_00343,0.012935840524733067,0.5752660632133484,0.4117981195449829
dev/0003/ex04_whisper_00354,0.08864617347717285,0.8816739916801453,0.029679855331778526
dev/0003/ex04_sad_00351,0.44705045223236084,0.520476222038269,0.03247331455349922
dev/0003/ex04_default_emphasis_00175,0.0012534070992842317,0.017130987718701363,0.9816156029701233
dev/0003/ex04_laughing_00357,0.8401755690574646,0.15029969811439514,0.009524709545075893
dev/0003/ex04_happy_00353,0.31592419743537903,0.6481947898864746,0.03588099032640457
dev/0003/ex04_default_00340,0.014996616169810295,0.7406988739967346,0.24430446326732635
dev/0003/ex04_laughing_00358,0.962946355342865,0.03369554504752159,0.0033580842427909374
dev/0003/ex04_default_emphasis_00165,0.8622613549232483,0.13270701467990875,0.005031651351600885
dev/0003/ex04_confused_00362,0.005053555127233267,0.8983232378959656,0.09662329405546188
dev/0003/ex04_confused_00352,0.01272429060190916,0.21439440548419952,0.7728813290596008
dev/0003/ex04_sad_00361,0.10674754530191422,0.8567743301391602,0.03647805005311966
dev/0003/ex04_default_00360,0.40723395347595215,0.5053479671478271,0.0874180719256401
dev/0003/ex04_enunciated_00361,0.10674754530191422,0.8567743301391602,0.03647805005311966
dev/0003/ex04_confused_00351,0.44705045223236084,0.520476222038269,0.03247331455349922
dev/0003/ex04_laughing_00364,0.002665317850187421,0.20134441554546356,0.7959902882575989
dev/0003/ex04_happy_00360,0.40723395347595215,0.5053479671478271,0.0874180719256401
dev/0003/ex04_enunciated_00362,0.005053555127233267,0.8983232378959656,0.09662329405546188
dev/0003/ex04_sad_00362,0.005053555127233267,0.8983232378959656,0.09662329405546188
dev/0003/ex04_default_00353,0.31592419743537903,0.6481947898864746,0.03588099032640457
dev/0003/ex04_happy_00340,0.014996616169810295,0.7406988739967346,0.24430446326732635
dev/0003/ex04_default_essentials_00034,0.11327080428600311,0.7848004698753357,0.1019287109375
dev/0003/ex04_default_emphasis_00179,0.558399498462677,0.431799978017807,0.009800509549677372
dev/0003/ex04_default_emphasis_00176,0.0012534070992842317,0.017130987718701363,0.9816156029701233
dev/0003/ex04_sad_00352,0.008611207827925682,0.14553722739219666,0.8458516001701355
dev/0003/ex04_confused_00361,0.10674754530191422,0.8567743301391602,0.03647805005311966
dev/0003/ex04_default_emphasis_00180,0.558399498462677,0.431799978017807,0.009800509549677372
dev/0003/ex04_laughing_00354,0.08864617347717285,0.8816739916801453,0.029679855331778526
dev/0003/ex04_happy_00350,0.7828866243362427,0.20024161040782928,0.016871778294444084
dev/0003/ex04_default_00343,0.012935840524733067,0.5752660632133484,0.4117981195449829
dev/0003/ex04_default_emphasis_00166,0.8622613549232483,0.13270701467990875,0.005031651351600885
dev/0003/ex04_default_emphasis_00169,0.08175258338451385,0.8560452461242676,0.06220213323831558
dev/0003/ex04_enunciated_00365,0.16978932917118073,0.7294020056724548,0.10080869495868683
dev/0003/ex04_confused_00356,0.5179780721664429,0.42669302225112915,0.05532892420887947
dev/0003/ex04_confused_00359,0.07425595819950104,0.862342119216919,0.06340191513299942
dev/0003/ex04_laughing_00363,0.06872963160276413,0.8817466497421265,0.049523692578077316
dev/0003/ex04_confused_00366,0.7720615863800049,0.21349570155143738,0.014442666433751583
dev/0003/ex04_happy_00357,0.8401755690574646,0.15029969811439514,0.009524709545075893
dev/0003/ex04_default_00344,0.009468961507081985,0.6534010171890259,0.33713001012802124
dev/0003/ex04_happy_00358,0.962946355342865,0.03369554504752159,0.0033580842427909374
dev/0003/ex04_laughing_00353,0.31592419743537903,0.6481947898864746,0.03588099032640457
dev/0003/ex04_sad_00345,0.5896404981613159,0.3931865394115448,0.017172973603010178
dev/0003/ex04_happy_00348,0.002546885283663869,0.3783252239227295,0.6191278696060181
dev/0003/ex04_default_00354,0.08864617347717285,0.8816739916801453,0.029679855331778526
dev/0003/ex04_happy_00347,0.2737356126308441,0.6666443347930908,0.059620048850774765
dev/0003/ex04_sad_00355,0.1129159927368164,0.836073637008667,0.05101033300161362
dev/0003/ex04_default_emphasis_00171,0.08175258338451385,0.8560452461242676,0.06220213323831558
dev/0003/ex04_whisper_00350,0.7828866243362427,0.20024161040782928,0.016871778294444084
dev/0003/ex04_sad_00353,0.31592419743537903,0.6481947898864746,0.03588099032640457
dev/0003/ex04_default_emphasis_00177,0.0012534070992842317,0.017130987718701363,0.9816156029701233
dev/0003/ex04_default_emphasis_00178,0.558399498462677,0.431799978017807,0.009800509549677372
dev/0003/ex04_default_essentials_00035,0.18176105618476868,0.7576231360435486,0.060615744441747665
dev/0003/ex04_happy_00341,0.13893337547779083,0.7568060755729675,0.10426053404808044
dev/0003/ex04_default_00352,0.01272429060190916,0.21439440548419952,0.7728813290596008
dev/0003/ex04_confused_00360,0.40723395347595215,0.5053479671478271,0.0874180719256401
dev/0003/ex04_default_emphasis_00168,0.8622613549232483,0.13270701467990875,0.005031651351600885
dev/0003/ex04_whisper_00349,0.04326887056231499,0.9193443655967712,0.03738680109381676
dev/0003/ex04_default_emphasis_00167,0.8622613549232483,0.13270701467990875,0.005031651351600885
dev/0003/ex04_default_00342,0.09885329753160477,0.8385658860206604,0.06258078664541245
dev/0003/ex04_happy_00351,0.44705045223236084,0.520476222038269,0.03247331455349922
dev/0003/ex04_laughing_00355,0.1129159927368164,0.836073637008667,0.05101033300161362
dev/0003/ex04_default_emphasis_00181,0.558399498462677,0.431799978017807,0.009800509549677372
dev/0003/ex04_happy_00361,0.10674754530191422,0.8567743301391602,0.03647805005311966
dev/0003/ex04_laughing_00365,0.16978932917118073,0.7294020056724548,0.10080869495868683
dev/0003/ex04_enunciated_00363,0.06872963160276413,0.8817466497421265,0.049523692578077316
dev/0003/ex04_sad_00363,0.06872963160276413,0.8817466497421265,0.049523692578077316
dev/0003/ex04_laughing_00352,0.008611207827925682,0.14553722739219666,0.8458516001701355
dev/0003/ex04_happy_00359,0.07425595819950104,0.862342119216919,0.06340191513299942
dev/0003/ex04_default_00345,0.5896404981613159,0.3931865394115448,0.017172973603010178
dev/0003/ex04_happy_00356,0.5179780721664429,0.42669302225112915,0.05532892420887947
dev/0003/ex04_default_emphasis_00170,0.08175258338451385,0.8560452461242676,0.06220213323831558
dev/0003/ex04_sad_00354,0.08864617347717285,0.8816739916801453,0.029679855331778526
dev/0003/ex04_happy_00346,0.46854180097579956,0.5120278596878052,0.019430290907621384
dev/0003/ex04_default_00355,0.1129159927368164,0.836073637008667,0.05101033300161362
dev/0003/ex04_happy_00349,0.04326887056231499,0.9193443655967712,0.03738680109381676
dev/0003/ex04_enunciated_00364,0.002665317850187421,0.20134441554546356,0.7959902882575989
dev/0003/ex04_confused_00358,0.962946355342865,0.03369554504752159,0.0033580842427909374
dev/0003/ex04_confused_00357,0.8401755690574646,0.15029969811439514,0.009524709545075893
dev/0003/ex04_laughing_00362,0.005053555127233267,0.8983232378959656,0.09662329405546188
dev/0000/ex01_default_essentials_00034,0.11327080428600311,0.7848004698753357,0.1019287109375
dev/0000/ex01_happy_00352,0.010083532892167568,0.3518701493740082,0.6380463242530823
dev/0000/ex01_default_emphasis_00161,0.35150429606437683,0.5780776739120483,0.07041803002357483
dev/0000/ex01_enunciated_00364,0.34629565477371216,0.3717420697212219,0.2819622755050659
dev/0000/ex01_default_00343,0.10740146785974503,0.8328419327735901,0.059756673872470856
dev/0000/ex01_whisper_00348,0.010422191582620144,0.7489804029464722,0.2405974417924881
dev/0000/ex01_sad_00351,0.01668752357363701,0.3308800756931305,0.6524324417114258
dev/0000/ex01_happy_00342,0.6076527833938599,0.3739456534385681,0.018401553854346275
dev/0000/ex01_laughing_00351,0.01668752357363701,0.3308800756931305,0.6524324417114258
dev/0000/ex01_default_00353,0.017686378210783005,0.6733273267745972,0.3089863061904907
dev/0000/ex01_default_emphasis_00171,0.1797228902578354,0.6772935390472412,0.1429835557937622
dev/0000/ex01_confused_00364,0.34629565477371216,0.3717420697212219,0.2819622755050659
dev/0000/ex01_whisper_00357,0.09629978984594345,0.8377137780189514,0.0659864991903305
dev/0000/ex01_laughing_00361,0.158532053232193,0.7208729982376099,0.12059491127729416
dev/0000/ex01_confused_00354,0.002163092140108347,0.050576310604810715,0.9472605586051941
dev/0000/ex01_enunciated_00354,0.0018028150079771876,0.031583111733198166,0.9666141271591187
dev/0000/ex01_happy_00345,0.00596356438472867,0.374716579914093,0.6193198561668396
dev/0000/ex01_laughing_00356,0.06442151218652725,0.6889243125915527,0.24665415287017822
dev/0000/ex01_laughing_00359,0.020757917314767838,0.9221062660217285,0.0571359358727932
dev/0000/ex01_default_emphasis_00179,0.029329543933272362,0.8206609487533569,0.15000955760478973
dev/0000/ex01_default_00354,0.0018028150079771876,0.031583111733198166,0.9666141271591187
dev/0000/ex01_confused_00363,0.005640602204948664,0.1226174607872963,0.8717419505119324
dev/0000/ex01_default_emphasis_00176,0.04669507220387459,0.7831080555915833,0.17019692063331604
dev/0000/ex01_sad_00346,0.11799897253513336,0.6650655269622803,0.21693550050258636
dev/0000/ex01_sad_00349,0.2090635597705841,0.6844379305839539,0.10649850964546204
dev/0000/ex01_whisper_00350,0.0087747722864151,0.9040786027908325,0.08714661002159119
dev/0000/ex01_laughing_00349,0.2090635597705841,0.6844379305839539,0.10649850964546204
dev/0000/ex01_happy_00355,0.10862323641777039,0.7971881031990051,0.09418866783380508
dev/0000/ex01_enunciated_00363,0.005640602204948664,0.1226174607872963,0.8717419505119324
dev/0000/ex01_default_emphasis_00166,0.6573886871337891,0.3230081796646118,0.01960311271250248
dev/0000/ex01_default_00344,0.028747109696269035,0.3706680238246918,0.600584864616394
dev/0000/ex01_default_emphasis_00169,0.1797228902578354,0.6772935390472412,0.1429835557937622
dev/0000/ex01_default_emphasis_00180,0.029329543933272362,0.8206609487533569,0.15000955760478973
dev/0000/ex01_sad_00356,0.06442151218652725,0.6889243125915527,0.24665415287017822
dev/0000/ex01_enunciated_00353,0.017686378210783005,0.6733273267745972,0.3089863061904907
dev/0000/ex01_default_emphasis_00159,0.194174125790596,0.7415196895599365,0.06430622935295105
dev/0000/ex01_confused_00353,0.017686378210783005,0.6733273267745972,0.3089863061904907
dev/0000/ex01_laughing_00360,0.052667874842882156,0.8802856206893921,0.06704653054475784
dev/0000/ex01_confused_00355,0.10573972761631012,0.8142392635345459,0.08002100884914398
dev/0000/ex01_enunciated_00355,0.10573972761631012,0.8142392635345459,0.08002100884914398
dev/0000/ex01_happy_00353,0.017686378210783005,0.6733273267745972,0.3089863061904907
dev/0000/ex01_default_essentials_00035,0.18176105618476868,0.7576231360435486,0.060615744441747665
dev/0000/ex01_sad_00350,0.0087747722864151,0.9040786027908325,0.08714661002159119
dev/0000/ex01_whisper_00349,0.2090635597705841,0.6844379305839539,0.10649850964546204
dev/0000/ex01_default_00342,0.6076527833938599,0.3739456534385681,0.018401553854346275
dev/0000/ex01_default_emphasis_00160,0.35150429606437683,0.5780776739120483,0.07041803002357483
dev/0000/ex01_enunciated_00365,0.13817264139652252,0.6647504568099976,0.19707690179347992
dev/0000/ex01_laughing_00350,0.0087747722864151,0.9040786027908325,0.08714661002159119
dev/0000/ex01_happy_00343,0.10740146785974503,0.8328419327735901,0.059756673872470856
dev/0000/ex01_confused_00365,0.13817264139652252,0.6647504568099976,0.19707690179347992
dev/0000/ex01_default_emphasis_00170,0.1797228902578354,0.6772935390472412,0.1429835557937622
dev/0000/ex01_default_00352,0.010083532892167568,0.3518701493740082,0.6380463242530823
dev/0000/ex01_default_emphasis_00158,0.194174125790596,0.7415196895599365,0.06430622935295105
dev/0000/ex01_default_emphasis_00157,0.194174125790596,0.7415196895599365,0.06430622935295105
dev/0000/ex01_enunciated_00352,0.010083532892167568,0.3518701493740082,0.6380463242530823
dev/0000/ex01_confused_00352,0.010083532892167568,0.3518701493740082,0.6380463242530823
dev/0000/ex01_laughing_00358,0.043511126190423965,0.9209316372871399,0.035557277500629425
dev/0000/ex01_laughing_00357,0.09629978984594345,0.8377137780189514,0.0659864991903305
dev/0000/ex01_happy_00344,0.028747109696269035,0.3706680238246918,0.600584864616394
dev/0000/ex01_whisper_00351,0.01668752357363701,0.3308800756931305,0.6524324417114258
dev/0000/ex01_sad_00348,0.010422191582620144,0.7489804029464722,0.2405974417924881
dev/0000/ex01_sad_00347,0.0015707288403064013,0.005976294167339802,0.9924530386924744
dev/0000/ex01_default_emphasis_00177,0.04669507220387459,0.7831080555915833,0.17019692063331604
dev/0000/ex01_confused_00362,0.09101182967424393,0.8606730103492737,0.04831518977880478
dev/0000/ex01_default_00355,0.10573972761631012,0.8142392635345459,0.08002100884914398
dev/0000/ex01_default_emphasis_00178,0.04669507220387459,0.7831080555915833,0.17019692063331604
dev/0000/ex01_happy_00354,0.0018028150079771876,0.031583111733198166,0.9666141271591187
dev/0000/ex01_sad_00357,0.09629978984594345,0.8377137780189514,0.0659864991903305
dev/0000/ex01_default_emphasis_00181,0.029329543933272362,0.8206609487533569,0.15000955760478973
dev/0000/ex01_default_emphasis_00168,0.1797228902578354,0.6772935390472412,0.1429835557937622
dev/0000/ex01_default_00345,0.00596356438472867,0.374716579914093,0.6193198561668396
dev/0000/ex01_enunciated_00362,0.09101182967424393,0.8606730103492737,0.04831518977880478
dev/0000/ex01_default_emphasis_00167,0.6573886871337891,0.3230081796646118,0.01960311271250248
dev/0000/ex01_whisper_00352,0.010083532892167568,0.3518701493740082,0.6380463242530823
dev/0000/ex01_sad_00344,0.028747109696269035,0.3706680238246918,0.600584864616394
dev/0000/ex01_default_emphasis_00174,0.3149601221084595,0.6508157253265381,0.03422415629029274
dev/0000/ex01_confused_00361,0.158532053232193,0.7208729982376099,0.12059491127729416
dev/0000/ex01_default_00356,0.06442151218652725,0.6889243125915527,0.24665415287017822
dev/0000/ex01_happy_00348,0.010422191582620144,0.7489804029464722,0.2405974417924881
dev/0000/ex01_laughing_00354,0.0018028150079771876,0.031583111733198166,0.9666141271591187
dev/0000/ex01_happy_00347,0.0015707288403064013,0.005976294167339802,0.9924530386924744
dev/0000/ex01_sad_00354,0.0018028150079771876,0.031583111733198166,0.9666141271591187
dev/0000/ex01_whisper_00342,0.6076527833938599,0.3739456534385681,0.018401553854346275
dev/0000/ex01_default_emphasis_00182,0.16826660931110382,0.7565212249755859,0.07521211355924606
dev/0000/ex01_default_00349,0.2090635597705841,0.6844379305839539,0.10649850964546204
dev/0000/ex01_default_00346,0.11799897253513336,0.6650655269622803,0.21693550050258636
dev/0000/ex01_default_emphasis_00164,0.35150429606437683,0.5780776739120483,0.07041803002357483
dev/0000/ex01_enunciated_00361,0.158532053232193,0.7208729982376099,0.12059491127729416
dev/0000/ex01_enunciated_00351,0.01668752357363701,0.3308800756931305,0.6524324417114258
dev/0000/ex01_confused_00351,0.01668752357363701,0.3308800756931305,0.6524324417114258
dev/0000/ex01_laughing_00364,0.34629565477371216,0.3717420697212219,0.2819622755050659
dev/0000/ex01_sad_00353,0.017686378210783005,0.6733273267745972,0.3089863061904907
dev/0000/ex01_default_00341,0.013235438615083694,0.8277013897895813,0.1590631902217865
dev/0000/ex01_default_emphasis_00163,0.35150429606437683,0.5780776739120483,0.07041803002357483
dev/0000/ex01_happy_00350,0.0087747722864151,0.9040786027908325,0.08714661002159119
dev/0000/ex01_default_essentials_00036,0.1967376172542572,0.6996555924415588,0.10360679775476456
dev/0000/ex01_sad_00343,0.09376432001590729,0.8418324589729309,0.0644032210111618
dev/0000/ex01_default_emphasis_00173,0.3149601221084595,0.6508157253265381,0.03422415629029274
dev/0000/ex01_default_00351,0.01668752357363701,0.3308800756931305,0.6524324417114258
dev/0000/ex01_laughing_00353,0.017686378210783005,0.6733273267745972,0.3089863061904907
dev/0000/ex01_happy_00340,0.08175257593393326,0.8461171984672546,0.07213019579648972
dev/0000/ex01_confused_00359,0.020757917314767838,0.9221062660217285,0.0571359358727932
dev/0000/ex01_confused_00356,0.07599159330129623,0.6812173128128052,0.24279116094112396
dev/0000/ex01_laughing_00363,0.005640602204948664,0.1226174607872963,0.8717419505119324
dev/0000/ex01_enunciated_00356,0.06442151218652725,0.6889243125915527,0.24665415287017822
dev/0000/ex01_enunciated_00359,0.020757917314767838,0.9221062660217285,0.0571359358727932
dev/0000/ex01_confused_00349,0.2090635597705841,0.6844379305839539,0.10649850964546204
dev/0000/ex01_confused_00350,0.0087747722864151,0.9040786027908325,0.08714661002159119
dev/0000/ex01_default_00357,0.09629978984594345,0.8377137780189514,0.0659864991903305
dev/0000/ex01_confused_00360,0.052667874842882156,0.8802856206893921,0.06704653054475784
dev/0000/ex01_default_emphasis_00175,0.04669507220387459,0.7831080555915833,0.17019692063331604
dev/0000/ex01_sad_00345,0.00596356438472867,0.374716579914093,0.6193198561668396
dev/0000/ex01_happy_00346,0.11799897253513336,0.6650655269622803,0.21693550050258636
dev/0000/ex01_laughing_00355,0.10573972761631012,0.8142392635345459,0.08002100884914398
dev/0000/ex01_happy_00349,0.2090635597705841,0.6844379305839539,0.10649850964546204
dev/0000/ex01_default_emphasis_00165,0.35150429606437683,0.5780776739120483,0.07041803002357483
dev/0000/ex01_enunciated_00360,0.052667874842882156,0.8802856206893921,0.06704653054475784
dev/0000/ex01_default_00347,0.0015707288403064013,0.005976294167339802,0.9924530386924744
dev/0000/ex01_default_00348,0.010422191582620144,0.7489804029464722,0.2405974417924881
dev/0000/ex01_whisper_00343,0.10740146785974503,0.8328419327735901,0.059756673872470856
dev/0000/ex01_sad_00355,0.10573972761631012,0.8142392635345459,0.08002100884914398
dev/0000/ex01_happy_00356,0.06442151218652725,0.6889243125915527,0.24665415287017822
dev/0000/ex01_confused_00357,0.09629978984594345,0.8377137780189514,0.0659864991903305
dev/0000/ex01_confused_00358,0.043511126190423965,0.9209316372871399,0.035557277500629425
dev/0000/ex01_laughing_00362,0.09101182967424393,0.8606730103492737,0.04831518977880478
dev/0000/ex01_enunciated_00358,0.043511126190423965,0.9209316372871399,0.035557277500629425
dev/0000/ex01_enunciated_00357,0.09629978984594345,0.8377137780189514,0.0659864991903305
dev/0000/ex01_default_emphasis_00162,0.35150429606437683,0.5780776739120483,0.07041803002357483
dev/0000/ex01_sad_00352,0.010083532892167568,0.3518701493740082,0.6380463242530823
dev/0000/ex01_whisper_00344,0.028747109696269035,0.3706680238246918,0.600584864616394
dev/0000/ex01_happy_00351,0.01668752357363701,0.3308800756931305,0.6524324417114258
dev/0000/ex01_default_00350,0.0087747722864151,0.9040786027908325,0.08714661002159119
dev/0000/ex01_default_emphasis_00172,0.1797228902578354,0.6772935390472412,0.1429835557937622
dev/0000/ex01_whisper_00354,0.0018028150079771876,0.031583111733198166,0.9666141271591187
dev/0000/ex01_sad_00342,0.6076527833938599,0.3739456534385681,0.018401553854346275
dev/0000/ex01_happy_00341,0.013235438615083694,0.8277013897895813,0.1590631902217865
dev/0000/ex01_laughing_00352,0.010083532892167568,0.3518701493740082,0.6380463242530823
dev/0002/ex03_default_00348,0.012824969366192818,0.7377291321754456,0.2494458705186844
dev/0002/ex03_default_00347,0.029258858412504196,0.9174068570137024,0.05333421006798744
dev/0002/ex03_confused_00349,0.0267036110162735,0.5001309514045715,0.47316545248031616
dev/0002/ex03_confused_00346,0.18214261531829834,0.7386924028396606,0.07916491478681564
dev/0002/ex03_default_emphasis_00161,0.5791702270507812,0.34372615814208984,0.0771036297082901
dev/0002/ex03_enunciated_00360,0.5906277894973755,0.3882531225681305,0.0211190152913332
dev/0002/ex03_sad_00347,0.029258858412504196,0.9174068570137024,0.05333421006798744
dev/0002/ex03_sad_00348,0.012824969366192818,0.7377291321754456,0.2494458705186844
dev/0002/ex03_happy_00337,0.06539354473352432,0.884660542011261,0.0499458909034729
dev/0002/ex03_happy_00338,0.13629266619682312,0.41151246428489685,0.45219486951828003
dev/0002/ex03_confused_00356,0.16038168966770172,0.8180748224258423,0.02154347486793995
dev/0002/ex03_confused_00359,0.609550952911377,0.3493591845035553,0.04108989238739014
dev/0002/ex03_default_emphasis_00171,0.11192843317985535,0.8417856693267822,0.046285904943943024
dev/0002/ex03_sad_00358,0.1696453094482422,0.700553834438324,0.12980085611343384
dev/0002/ex03_sad_00357,0.03752642869949341,0.5871075391769409,0.3753660023212433
dev/0002/ex03_happy_00350,0.12201128154993057,0.5480756759643555,0.32991307973861694
dev/0002/ex03_laughing_00353,0.1158451959490776,0.7535756230354309,0.1305791586637497
dev/0002/ex03_happy_00340,0.23985008895397186,0.7373353838920593,0.02281448431313038
dev/0002/ex03_default_essentials_00034,0.11327080428600311,0.7848004698753357,0.1019287109375
dev/0002/ex03_laughing_00343,0.3317451477050781,0.590272068977356,0.07798279076814651
dev/0002/ex03_enunciated_00350,0.12201128154993057,0.5480756759643555,0.32991307973861694
dev/0002/ex03_default_00350,0.12201128154993057,0.5480756759643555,0.32991307973861694
dev/0002/ex03_confused_00351,0.28312036395072937,0.6634712219238281,0.05340840667486191
dev/0002/ex03_whisper_00354,0.0750722587108612,0.8685691952705383,0.056358546018600464
dev/0002/ex03_default_emphasis_00176,0.26105180382728577,0.6311160326004028,0.107832171022892
dev/0002/ex03_default_emphasis_00179,0.03374113142490387,0.8333301544189453,0.13292871415615082
dev/0002/ex03_sad_00350,0.12201128154993057,0.5480756759643555,0.32991307973861694
dev/0002/ex03_default_00340,0.23985008895397186,0.7373353838920593,0.02281448431313038
dev/0002/ex03_whisper_00344,0.20964151620864868,0.709775447845459,0.08058302849531174
dev/0002/ex03_confused_00341,0.24302440881729126,0.7357015609741211,0.021274104714393616
dev/0002/ex03_enunciated_00367,0.5155897736549377,0.43687665462493896,0.0475335419178009
dev/0002/ex03_default_emphasis_00169,0.11192843317985535,0.8417856693267822,0.046285904943943024
dev/0002/ex03_enunciated_00368,0.062409862875938416,0.8949618339538574,0.04262829199433327
dev/0002/ex03_default_emphasis_00166,0.5791702270507812,0.34372615814208984,0.0771036297082901
dev/0002/ex03_default_emphasis_00180,0.03374113142490387,0.8333301544189453,0.13292871415615082
dev/0002/ex03_happy_00347,0.029258858412504196,0.9174068570137024,0.05333421006798744
dev/0002/ex03_happy_00348,0.012824969366192818,0.7377291321754456,0.2494458705186844
dev/0002/ex03_default_emphasis_00159,0.02159816212952137,0.6435365080833435,0.3348653316497803
dev/0002/ex03_enunciated_00357,0.03752642869949341,0.5871075391769409,0.3753660023212433
dev/0002/ex03_default_emphasis_00156,0.02159816212952137,0.6435365080833435,0.3348653316497803
dev/0002/ex03_laughing_00344,0.20964151620864868,0.709775447845459,0.08058302849531174
dev/0002/ex03_enunciated_00358,0.1696453094482422,0.700553834438324,0.12980085611343384
dev/0002/ex03_sad_00360,0.5906277894973755,0.3882531225681305,0.0211190152913332
dev/0002/ex03_default_00338,0.14551357924938202,0.4120813310146332,0.44240501523017883
dev/0002/ex03_happy_00358,0.1696453094482422,0.700553834438324,0.12980085611343384
dev/0002/ex03_default_00337,0.06539354473352432,0.884660542011261,0.0499458909034729
dev/0002/ex03_happy_00357,0.03752642869949341,0.5871075391769409,0.3753660023212433
dev/0002/ex03_laughing_00354,0.0750722587108612,0.8685691952705383,0.056358546018600464
dev/0002/ex03_laughing_00352,0.15657730400562286,0.794646680355072,0.048776037991046906
dev/0002/ex03_default_00331,0.003585835685953498,0.47320428490638733,0.5232098698616028
dev/0002/ex03_happy_00351,0.28312036395072937,0.6634712219238281,0.05340840667486191
dev/0002/ex03_enunciated_00351,0.28312036395072937,0.6634712219238281,0.05340840667486191
dev/0002/ex03_laughing_00342,0.03600116819143295,0.935030460357666,0.02896833047270775
dev/0002/ex03_default_essentials_00035,0.18176105618476868,0.7576231360435486,0.060615744441747665
dev/0002/ex03_happy_00341,0.24302440881729126,0.7357015609741211,0.021274104714393616
dev/0002/ex03_confused_00347,0.029258858412504196,0.9174068570137024,0.05333421006798744
dev/0002/ex03_whisper_00342,0.03600116819143295,0.935030460357666,0.02896833047270775
dev/0002/ex03_confused_00348,0.012824969366192818,0.7377291321754456,0.2494458705186844
dev/0002/ex03_default_00346,0.18214261531829834,0.7386924028396606,0.07916491478681564
dev/0002/ex03_default_00349,0.0267036110162735,0.5001309514045715,0.47316545248031616
dev/0002/ex03_sad_00349,0.0267036110162735,0.5001309514045715,0.47316545248031616
dev/0002/ex03_sad_00346,0.18214261531829834,0.7386924028396606,0.07916491478681564
dev/0002/ex03_enunciated_00361,0.03038422204554081,0.46648040413856506,0.5031353831291199
dev/0002/ex03_default_emphasis_00160,0.02159816212952137,0.6435365080833435,0.3348653316497803
dev/0002/ex03_confused_00358,0.1696453094482422,0.700553834438324,0.12980085611343384
dev/0002/ex03_confused_00357,0.03752642869949341,0.5871075391769409,0.3753660023212433
dev/0002/ex03_happy_00339,0.002632297808304429,0.007691065780818462,0.9896766543388367
dev/0002/ex03_happy_00336,0.13553200662136078,0.5063952803611755,0.3580727279186249
dev/0002/ex03_sad_00356,0.16038168966770172,0.8180748224258423,0.02154347486793995
dev/0002/ex03_sad_00359,0.609550952911377,0.3493591845035553,0.04108989238739014
dev/0002/ex03_default_emphasis_00170,0.11192843317985535,0.8417856693267822,0.046285904943943024
dev/0002/ex03_enunciated_00359,0.5894349217414856,0.3708740472793579,0.03969103470444679
dev/0002/ex03_laughing_00345,0.413742333650589,0.5582951307296753,0.02796250209212303
dev/0002/ex03_default_emphasis_00157,0.02159816212952137,0.6435365080833435,0.3348653316497803
dev/0002/ex03_enunciated_00356,0.16038168966770172,0.8180748224258423,0.02154347486793995
dev/0002/ex03_default_emphasis_00158,0.02159816212952137,0.6435365080833435,0.3348653316497803
dev/0002/ex03_happy_00349,0.0267036110162735,0.5001309514045715,0.47316545248031616
dev/0002/ex03_happy_00346,0.18214261531829834,0.7386924028396606,0.07916491478681564
dev/0002/ex03_confused_00360,0.5906277894973755,0.3882531225681305,0.0211190152913332
dev/0002/ex03_laughing_00355,0.007777909282594919,0.4804171025753021,0.5118049383163452
dev/0002/ex03_happy_00356,0.16038168966770172,0.8180748224258423,0.02154347486793995
dev/0002/ex03_default_00336,0.13553200662136078,0.5063952803611755,0.3580727279186249
dev/0002/ex03_default_00339,0.002632297808304429,0.007691065780818462,0.9896766543388367
dev/0002/ex03_sad_00361,0.03038422204554081,0.46648040413856506,0.5031353831291199
dev/0002/ex03_confused_00350,0.12201128154993057,0.5480756759643555,0.32991307973861694
dev/0002/ex03_default_00351,0.28312036395072937,0.6634712219238281,0.05340840667486191
dev/0002/ex03_sad_00351,0.28312036395072937,0.6634712219238281,0.05340840667486191
dev/0002/ex03_default_emphasis_00178,0.03374113142490387,0.8333301544189453,0.13292871415615082
dev/0002/ex03_default_emphasis_00177,0.26105180382728577,0.6311160326004028,0.107832171022892
dev/0002/ex03_confused_00340,0.23985008895397186,0.7373353838920593,0.02281448431313038
dev/0002/ex03_default_00341,0.24302440881729126,0.7357015609741211,0.021274104714393616
dev/0002/ex03_default_emphasis_00167,0.11192843317985535,0.8417856693267822,0.046285904943943024
dev/0002/ex03_default_emphasis_00168,0.11192843317985535,0.8417856693267822,0.046285904943943024
dev/0002/ex03_enunciated_00366,0.043722014874219894,0.8501442670822144,0.10613375902175903
dev/0002/ex03_sad_00352,0.15657730400562286,0.794646680355072,0.048776037991046906
dev/0002/ex03_default_emphasis_00174,0.26105180382728577,0.6311160326004028,0.107832171022892
dev/0002/ex03_confused_00353,0.1158451959490776,0.7535756230354309,0.1305791586637497
dev/0002/ex03_whisper_00359,0.5894349217414856,0.3708740472793579,0.03969103470444679
dev/0002/ex03_default_00352,0.15657730400562286,0.794646680355072,0.048776037991046906
dev/0002/ex03_sad_00342,0.03600116819143295,0.935030460357666,0.02896833047270775
dev/0002/ex03_default_emphasis_00164,0.5791702270507812,0.34372615814208984,0.0771036297082901
dev/0002/ex03_enunciated_00365,0.09140380471944809,0.631273627281189,0.27732253074645996
dev/0002/ex03_confused_00343,0.3317451477050781,0.590272068977356,0.07798279076814651
dev/0002/ex03_default_00342,0.03600116819143295,0.935030460357666,0.02896833047270775
dev/0002/ex03_laughing_00346,0.18214261531829834,0.7386924028396606,0.07916491478681564
dev/0002/ex03_enunciated_00355,0.007777909282594919,0.4804171025753021,0.5118049383163452
dev/0002/ex03_laughing_00349,0.0267036110162735,0.5001309514045715,0.47316545248031616
dev/0002/ex03_happy_00345,0.413742333650589,0.5582951307296753,0.02796250209212303
dev/0002/ex03_laughing_00359,0.5894349217414856,0.3708740472793579,0.03969103470444679
dev/0002/ex03_laughing_00356,0.16038168966770172,0.8180748224258423,0.02154347486793995
dev/0002/ex03_happy_00355,0.007777909282594919,0.4804171025753021,0.5118049383163452
dev/0002/ex03_default_00335,0.14650975167751312,0.8103683590888977,0.04312194138765335
dev/0002/ex03_sad_00362,0.48380133509635925,0.4819833040237427,0.03421530872583389
dev/0002/ex03_sad_00345,0.413742333650589,0.5582951307296753,0.02796250209212303
dev/0002/ex03_enunciated_00362,0.48380133509635925,0.4819833040237427,0.03421530872583389
dev/0002/ex03_default_emphasis_00163,0.5791702270507812,0.34372615814208984,0.0771036297082901
dev/0002/ex03_confused_00344,0.20964151620864868,0.709775447845459,0.08058302849531174
dev/0002/ex03_whisper_00341,0.24302440881729126,0.7357015609741211,0.021274104714393616
dev/0002/ex03_default_00345,0.413742333650589,0.5582951307296753,0.02796250209212303
dev/0002/ex03_sad_00355,0.007777909282594919,0.4804171025753021,0.5118049383163452
dev/0002/ex03_default_emphasis_00173,0.26105180382728577,0.6311160326004028,0.107832171022892
dev/0002/ex03_confused_00354,0.0750722587108612,0.8685691952705383,0.056358546018600464
dev/0002/ex03_laughing_00339,0.002632297808304429,0.007691065780818462,0.9896766543388367
dev/0002/ex03_default_00355,0.007777909282594919,0.4804171025753021,0.5118049383163452
dev/0002/ex03_happy_00335,0.14650975167751312,0.8103683590888977,0.04312194138765335
dev/0002/ex03_laughing_00351,0.28312036395072937,0.6634712219238281,0.05340840667486191
dev/0002/ex03_default_00332,0.0015072087990120053,0.037878476083278656,0.9606143236160278
dev/0002/ex03_happy_00352,0.15657730400562286,0.794646680355072,0.048776037991046906
dev/0002/ex03_enunciated_00352,0.15657730400562286,0.794646680355072,0.048776037991046906
dev/0002/ex03_laughing_00341,0.24302440881729126,0.7357015609741211,0.021274104714393616
dev/0002/ex03_default_essentials_00036,0.19093887507915497,0.704792857170105,0.10426829755306244
dev/0002/ex03_happy_00342,0.03600116819143295,0.935030460357666,0.02896833047270775
dev/0002/ex03_happy_00344,0.20964151620864868,0.709775447845459,0.08058302849531174
dev/0002/ex03_laughing_00348,0.012824969366192818,0.7377291321754456,0.2494458705186844
dev/0002/ex03_enunciated_00354,0.0750722587108612,0.8685691952705383,0.056358546018600464
dev/0002/ex03_default_emphasis_00155,0.13231971859931946,0.8386496305465698,0.02903072163462639
dev/0002/ex03_laughing_00347,0.029258858412504196,0.9174068570137024,0.05333421006798744
dev/0002/ex03_default_00334,0.06802061945199966,0.6150116920471191,0.31696778535842896
dev/0002/ex03_happy_00354,0.0750722587108612,0.8685691952705383,0.056358546018600464
dev/0002/ex03_laughing_00357,0.03752642869949341,0.5871075391769409,0.3753660023212433
dev/0002/ex03_laughing_00358,0.1696453094482422,0.700553834438324,0.12980085611343384
dev/0002/ex03_default_emphasis_00175,0.26105180382728577,0.6311160326004028,0.107832171022892
dev/0002/ex03_sad_00353,0.1158451959490776,0.7535756230354309,0.1305791586637497
dev/0002/ex03_default_00353,0.1158451959490776,0.7535756230354309,0.1305791586637497
dev/0002/ex03_confused_00352,0.15657730400562286,0.794646680355072,0.048776037991046906
dev/0002/ex03_enunciated_00364,0.41332024335861206,0.5676250457763672,0.019054720178246498
dev/0002/ex03_default_emphasis_00165,0.5791702270507812,0.34372615814208984,0.0771036297082901
dev/0002/ex03_sad_00343,0.3317451477050781,0.590272068977356,0.07798279076814651
dev/0002/ex03_default_00343,0.3317451477050781,0.590272068977356,0.07798279076814651
dev/0002/ex03_whisper_00347,0.029258858412504196,0.9174068570137024,0.05333421006798744
dev/0002/ex03_confused_00342,0.03600116819143295,0.935030460357666,0.02896833047270775
dev/0002/ex03_whisper_00348,0.012824969366192818,0.7377291321754456,0.2494458705186844
dev/0002/ex03_happy_00353,0.1158451959490776,0.7535756230354309,0.1305791586637497
dev/0002/ex03_default_00333,0.1982080042362213,0.7230218648910522,0.07877012342214584
dev/0002/ex03_whisper_00338,0.14551357924938202,0.4120813310146332,0.44240501523017883
dev/0002/ex03_laughing_00350,0.12201128154993057,0.5480756759643555,0.32991307973861694
dev/0002/ex03_happy_00343,0.3317451477050781,0.590272068977356,0.07798279076814651
dev/0002/ex03_laughing_00340,0.23985008895397186,0.7373353838920593,0.02281448431313038
dev/0002/ex03_enunciated_00353,0.1158451959490776,0.7535756230354309,0.1305791586637497
dev/0002/ex03_default_emphasis_00162,0.5791702270507812,0.34372615814208984,0.0771036297082901
dev/0002/ex03_enunciated_00363,0.8046641945838928,0.18457934260368347,0.010756455361843109
dev/0002/ex03_sad_00344,0.20964151620864868,0.709775447845459,0.08058302849531174
dev/0002/ex03_default_00344,0.20964151620864868,0.709775447845459,0.08058302849531174
dev/0002/ex03_confused_00345,0.413742333650589,0.5582951307296753,0.02796250209212303
dev/0002/ex03_default_emphasis_00172,0.11192843317985535,0.8417856693267822,0.046285904943943024
dev/0002/ex03_sad_00354,0.07786852866411209,0.8684946298599243,0.053636882454156876
dev/0002/ex03_happy_00334,0.06802061945199966,0.6150116920471191,0.31696778535842896
dev/0002/ex03_default_00354,0.0750722587108612,0.8685691952705383,0.056358546018600464
dev/0002/ex03_laughing_00338,0.14551357924938202,0.4120813310146332,0.44240501523017883
dev/0002/ex03_confused_00355,0.007777909282594919,0.4804171025753021,0.5118049383163452
dev/0002/ex03_whisper_00350,0.12201128154993057,0.5480756759643555,0.32991307973861694
dev/0001/ex02_sad_00354,0.15352167189121246,0.6530053615570068,0.19347301125526428
dev/0001/ex02_default_00360,0.0900266245007515,0.8001309633255005,0.10984248667955399
dev/0001/ex02_default_emphasis_00161,0.0029295403510332108,0.03441834822297096,0.9626520872116089
dev/0001/ex02_confused_00356,0.005420134402811527,0.11293631047010422,0.881643533706665
dev/0001/ex02_sad_00344,0.05346986651420593,0.8994195461273193,0.04711055010557175
dev/0001/ex02_confused_00359,0.0026300845202058554,0.04100833088159561,0.9563615918159485
dev/0001/ex02_default_emphasis_00171,0.0235422533005476,0.4656383693218231,0.5108194351196289
dev/0001/ex02_laughing_00363,0.0017381778452545404,0.039600685238838196,0.9586611390113831
dev/0001/ex02_enunciated_00364,0.2853167653083801,0.6732142567634583,0.041468940675258636
dev/0001/ex02_confused_00366,0.6610136032104492,0.3292127251625061,0.009773693978786469
dev/0001/ex02_happy_00349,0.7332802414894104,0.23570379614830017,0.031015878543257713
dev/0001/ex02_laughing_00353,0.6701486110687256,0.3043641746044159,0.02548721805214882
dev/0001/ex02_happy_00346,0.09867558628320694,0.653037428855896,0.24828694760799408
dev/0001/ex02_default_00350,0.37616491317749023,0.6034194231033325,0.02041568234562874
dev/0001/ex02_happy_00356,0.005420134402811527,0.11293631047010422,0.881643533706665
dev/0001/ex02_happy_00359,0.0026300845202058554,0.04100833088159561,0.9563615918159485
dev/0001/ex02_default_essentials_00034,0.11327080428600311,0.7848004698753357,0.1019287109375
dev/0001/ex02_sad_00343,0.6738334894180298,0.2954166829586029,0.030749857425689697
dev/0001/ex02_laughing_00364,0.2853167653083801,0.6732142567634583,0.041468940675258636
dev/0001/ex02_default_emphasis_00179,0.02461264282464981,0.7010380029678345,0.2743493616580963
dev/0001/ex02_default_emphasis_00176,0.001527969492599368,0.2924808859825134,0.7059911489486694
dev/0001/ex02_sad_00353,0.6701486110687256,0.3043641746044159,0.02548721805214882
dev/0001/ex02_default_emphasis_00180,0.02461264282464981,0.7010380029678345,0.2743493616580963
dev/0001/ex02_default_emphasis_00166,0.2471417337656021,0.711056113243103,0.041802145540714264
dev/0001/ex02_happy_00361,0.49197012186050415,0.4878401756286621,0.020189739763736725
dev/0001/ex02_default_emphasis_00169,0.010098918341100216,0.9075796604156494,0.0823214128613472
dev/0001/ex02_default_00358,0.14794553816318512,0.8153287172317505,0.03672569617629051
dev/0001/ex02_default_00357,0.37918901443481445,0.5103843212127686,0.11042670160531998
dev/0001/ex02_whisper_00353,0.7536939382553101,0.23131553828716278,0.014990543015301228
dev/0001/ex02_happy_00351,0.58347487449646,0.38957855105400085,0.026946621015667915
dev/0001/ex02_enunciated_00363,0.0017381778452545404,0.039600685238838196,0.9586611390113831
dev/0001/ex02_default_00347,0.13317912817001343,0.8183161020278931,0.04850483685731888
dev/0001/ex02_default_00348,0.9226739406585693,0.07117462158203125,0.006151469890028238
dev/0001/ex02_confused_00361,0.49197012186050415,0.4878401756286621,0.020189739763736725
dev/0001/ex02_laughing_00354,0.1347913295030594,0.6720403432846069,0.19316831231117249
dev/0001/ex02_enunciated_00365,0.12647123634815216,0.7989745736122131,0.0745542123913765
dev/0001/ex02_happy_00347,0.13317912817001343,0.8183161020278931,0.04850483685731888
dev/0001/ex02_laughing_00352,0.004833118058741093,0.4394358992576599,0.5557309985160828
dev/0001/ex02_happy_00348,0.9226739406585693,0.07117462158203125,0.006151469890028238
dev/0001/ex02_default_00351,0.58347487449646,0.38957855105400085,0.026946621015667915
dev/0001/ex02_default_essentials_00035,0.18176105618476868,0.7576231360435486,0.060615744441747665
dev/0001/ex02_happy_00358,0.14794553816318512,0.8153287172317505,0.03672569617629051
dev/0001/ex02_happy_00357,0.37918901443481445,0.5103843212127686,0.11042670160531998
dev/0001/ex02_default_00361,0.49197012186050415,0.4878401756286621,0.020189739763736725
dev/0001/ex02_sad_00355,0.28792187571525574,0.6830477714538574,0.029030317440629005
dev/0001/ex02_default_emphasis_00160,0.009107666090130806,0.44075194001197815,0.550140380859375
dev/0001/ex02_enunciated_00355,0.28792187571525574,0.6830477714538574,0.029030317440629005
dev/0001/ex02_confused_00358,0.14794553816318512,0.8153287172317505,0.03672569617629051
dev/0001/ex02_sad_00345,0.06616958230733871,0.9123812913894653,0.021449057385325432
dev/0001/ex02_confused_00357,0.37918901443481445,0.5103843212127686,0.11042670160531998
dev/0001/ex02_laughing_00362,0.008762439712882042,0.4251055121421814,0.5661320686340332
dev/0001/ex02_default_emphasis_00170,0.0235422533005476,0.4656383693218231,0.5108194351196289
dev/0001/ex02_sad_00362,0.008762439712882042,0.4251055121421814,0.5661320686340332
dev/0001/ex02_default_00356,0.005420134402811527,0.11293631047010422,0.881643533706665
dev/0001/ex02_default_00359,0.0026300845202058554,0.04100833088159561,0.9563615918159485
dev/0001/ex02_happy_00350,0.37616491317749023,0.6034194231033325,0.02041568234562874
dev/0001/ex02_confused_00360,0.0900266245007515,0.8001309633255005,0.10984248667955399
dev/0001/ex02_default_00349,0.7332802414894104,0.23570379614830017,0.031015878543257713
dev/0001/ex02_default_00346,0.09867558628320694,0.653037428855896,0.24828694760799408
dev/0001/ex02_enunciated_00362,0.008762439712882042,0.4251055121421814,0.5661320686340332
dev/0001/ex02_laughing_00355,0.28792187571525574,0.6830477714538574,0.029030317440629005
dev/0001/ex02_default_emphasis_00177,0.001527969492599368,0.2924808859825134,0.7059911489486694
dev/0001/ex02_default_emphasis_00178,0.001527969492599368,0.2924808859825134,0.7059911489486694
dev/0001/ex02_laughing_00365,0.12647123634815216,0.7989745736122131,0.0745542123913765
dev/0001/ex02_sad_00352,0.004833118058741093,0.4394358992576599,0.5557309985160828
dev/0001/ex02_default_emphasis_00168,0.010098918341100216,0.9075796604156494,0.0823214128613472
dev/0001/ex02_happy_00360,0.0900266245007515,0.8001309633255005,0.10984248667955399
dev/0001/ex02_default_emphasis_00167,0.010098918341100216,0.9075796604156494,0.0823214128613472
dev/0001/ex02_default_emphasis_00174,0.0235422533005476,0.4656383693218231,0.5108194351196289
dev/0001/ex02_laughing_00366,0.6610136032104492,0.3292127251625061,0.009773693978786469
dev/0001/ex02_confused_00353,0.6701486110687256,0.3043641746044159,0.02548721805214882
dev/0001/ex02_default_emphasis_00164,0.2471417337656021,0.711056113243103,0.041802145540714264
dev/0001/ex02_sad_00351,0.58347487449646,0.38957855105400085,0.026946621015667915
dev/0001/ex02_happy_00353,0.6701486110687256,0.3043641746044159,0.02548721805214882
dev/0001/ex02_sad_00361,0.49197012186050415,0.4878401756286621,0.020189739763736725
dev/0001/ex02_default_00355,0.28792187571525574,0.6830477714538574,0.029030317440629005
dev/0001/ex02_laughing_00359,0.0026300845202058554,0.04100833088159561,0.9563615918159485
dev/0001/ex02_happy_00343,0.7144839763641357,0.2617238163948059,0.02379220351576805
dev/0001/ex02_laughing_00356,0.005420134402811527,0.11293631047010422,0.881643533706665
dev/0001/ex02_confused_00363,0.0017381778452545404,0.039600685238838196,0.9586611390113831
dev/0001/ex02_enunciated_00361,0.49197012186050415,0.4878401756286621,0.020189739763736725
dev/0001/ex02_default_00345,0.06616958230733871,0.9123812913894653,0.021449057385325432
dev/0001/ex02_default_emphasis_00163,0.0029295403510332108,0.03441834822297096,0.9626520872116089
dev/0001/ex02_default_00362,0.008762439712882042,0.4251055121421814,0.5661320686340332
dev/0001/ex02_sad_00359,0.0026300845202058554,0.04100833088159561,0.9563615918159485
dev/0001/ex02_sad_00356,0.005420134402811527,0.11293631047010422,0.881643533706665
dev/0001/ex02_laughing_00361,0.49197012186050415,0.4878401756286621,0.020189739763736725
dev/0001/ex02_default_emphasis_00173,0.0235422533005476,0.4656383693218231,0.5108194351196289
dev/0001/ex02_enunciated_00356,0.005420134402811527,0.11293631047010422,0.881643533706665
dev/0001/ex02_enunciated_00359,0.0026300845202058554,0.04100833088159561,0.9563615918159485
dev/0001/ex02_sad_00346,0.09867558628320694,0.653037428855896,0.24828694760799408
dev/0001/ex02_confused_00354,0.1347913295030594,0.6720403432846069,0.19316831231117249
dev/0001/ex02_sad_00349,0.7332802414894104,0.23570379614830017,0.031015878543257713
dev/0001/ex02_happy_00344,0.05346986651420593,0.8994195461273193,0.04711055010557175
dev/0001/ex02_confused_00364,0.2853167653083801,0.6732142567634583,0.041468940675258636
dev/0001/ex02_default_00342,0.1432904750108719,0.7138612270355225,0.14284832775592804
dev/0001/ex02_enunciated_00366,0.6610136032104492,0.3292127251625061,0.009773693978786469
dev/0001/ex02_enunciated_00369,0.14027738571166992,0.762989342212677,0.09673327207565308
dev/0001/ex02_default_essentials_00036,0.19093887507915497,0.704792857170105,0.10426829755306244
dev/0001/ex02_happy_00354,0.1347913295030594,0.6720403432846069,0.19316831231117249
dev/0001/ex02_default_00352,0.004833118058741093,0.4394358992576599,0.5557309985160828
dev/0001/ex02_happy_00352,0.004833118058741093,0.4394358992576599,0.5557309985160828
dev/0001/ex02_default_00354,0.1347913295030594,0.6720403432846069,0.19316831231117249
dev/0001/ex02_sad_00360,0.0900266245007515,0.8001309633255005,0.10984248667955399
dev/0001/ex02_laughing_00357,0.37918901443481445,0.5103843212127686,0.11042670160531998
dev/0001/ex02_happy_00342,0.1432904750108719,0.7138612270355225,0.14284832775592804
dev/0001/ex02_laughing_00358,0.14794553816318512,0.8153287172317505,0.03672569617629051
dev/0001/ex02_default_00344,0.05346986651420593,0.8994195461273193,0.04711055010557175
dev/0001/ex02_enunciated_00360,0.0900266245007515,0.8001309633255005,0.10984248667955399
dev/0001/ex02_confused_00362,0.008762439712882042,0.4251055121421814,0.5661320686340332
dev/0001/ex02_default_emphasis_00175,0.0235422533005476,0.4656383693218231,0.5108194351196289
dev/0001/ex02_default_emphasis_00165,0.2471417337656021,0.711056113243103,0.041802145540714264
dev/0001/ex02_happy_00362,0.008762439712882042,0.4251055121421814,0.5661320686340332
dev/0001/ex02_whisper_00360,0.0900266245007515,0.8001309633255005,0.10984248667955399
dev/0001/ex02_sad_00350,0.37616491317749023,0.6034194231033325,0.02041568234562874
dev/0001/ex02_happy_00345,0.06616958230733871,0.9123812913894653,0.021449057385325432
dev/0001/ex02_enunciated_00368,0.1080915629863739,0.834810197353363,0.057098276913166046
dev/0001/ex02_enunciated_00367,0.04670584201812744,0.8550277352333069,0.09826638549566269
dev/0001/ex02_default_00343,0.7144839763641357,0.2617238163948059,0.02379220351576805
dev/0001/ex02_confused_00365,0.12647123634815216,0.7989745736122131,0.0745542123913765
dev/0001/ex02_whisper_00347,0.13317912817001343,0.8183161020278931,0.04850483685731888
dev/0001/ex02_happy_00355,0.28792187571525574,0.6830477714538574,0.029030317440629005
dev/0001/ex02_default_00353,0.6701486110687256,0.3043641746044159,0.02548721805214882
dev/0001/ex02_whisper_00358,0.14794553816318512,0.8153287172317505,0.03672569617629051
dev/0001/ex02_default_emphasis_00162,0.0029295403510332108,0.03441834822297096,0.9626520872116089
dev/0001/ex02_sad_00357,0.37918901443481445,0.5103843212127686,0.11042670160531998
dev/0001/ex02_sad_00358,0.14794553816318512,0.8153287172317505,0.03672569617629051
dev/0001/ex02_default_emphasis_00172,0.0235422533005476,0.4656383693218231,0.5108194351196289
dev/0001/ex02_laughing_00360,0.0900266245007515,0.8001309633255005,0.10984248667955399
dev/0001/ex02_sad_00348,0.9226739406585693,0.07117462158203125,0.006151469890028238
dev/0001/ex02_confused_00355,0.28792187571525574,0.6830477714538574,0.029030317440629005
dev/0001/ex02_sad_00347,0.13317912817001343,0.8183161020278931,0.04850483685731888
dev/0001/ex02_enunciated_00358,0.14794553816318512,0.8153287172317505,0.03672569617629051
dev/0001/ex02_enunciated_00357,0.37918901443481445,0.5103843212127686,0.11042670160531998
test/0000/ex01_happy_00363,0.005640602204948664,0.1226174607872963,0.8717419505119324
test/0000/ex01_default_emphasis_00183,0.16826660931110382,0.7565212249755859,0.07521211355924606
test/0000/ex01_enunciated_00373,0.13637802004814148,0.8051367402076721,0.058485161513090134
test/0000/ex01_confused_00379,0.0011220352025702596,0.022248735651373863,0.9766291975975037
test/0000/ex01_confused_00376,0.23715740442276,0.6971783638000488,0.06566423177719116
test/0000/ex01_default_essentials_00038,0.22840256989002228,0.6867371201515198,0.08486034721136093
test/0000/ex01_default_essentials_00037,0.29212263226509094,0.6459918022155762,0.061885613948106766
test/0000/ex01_sad_00361,0.158532053232193,0.7208729982376099,0.12059491127729416
test/0000/ex01_happy_00373,0.13637802004814148,0.8051367402076721,0.058485161513090134
test/0000/ex01_default_emphasis_00193,0.004821374546736479,0.5352203249931335,0.4599582552909851
test/0000/ex01_confused_00366,0.610668957233429,0.36961302161216736,0.01971803978085518
test/0000/ex01_confused_00369,0.5426402688026428,0.44276395440101624,0.01459578238427639
test/0000/ex01_sad_00371,0.052566204220056534,0.9245892763137817,0.02284451201558113
test/0000/ex01_confused_00380,0.02236141450703144,0.8170475363731384,0.16059108078479767
test/0000/ex01_whisper_00359,0.020757917314767838,0.9221062660217285,0.0571359358727932
test/0000/ex01_default_essentials_00040,0.05004298686981201,0.8917861580848694,0.05817081779241562
test/0000/ex01_default_00362,0.09101182967424393,0.8606730103492737,0.04831518977880478
test/0000/ex01_whisper_00380,0.018076734617352486,0.7050252556800842,0.27689802646636963
test/0000/ex01_laughing_00373,0.13637802004814148,0.8051367402076721,0.058485161513090134
test/0000/ex01_whisper_00376,0.23715740442276,0.6971783638000488,0.06566423177719116
test/0000/ex01_whisper_00379,0.0011220352025702596,0.022248735651373863,0.9766291975975037
test/0000/ex01_default_emphasis_00200,0.0015322690596804023,0.2061544507741928,0.792313277721405
test/0000/ex01_default_00372,0.25584056973457336,0.7048115730285645,0.039347875863313675
test/0000/ex01_default_emphasis_00194,0.012729921378195286,0.23946917057037354,0.7478009462356567
test/0000/ex01_happy_00374,0.05329686030745506,0.7894931435585022,0.15720990300178528
test/0000/ex01_sad_00379,0.0011220352025702596,0.022248735651373863,0.9766291975975037
test/0000/ex01_sad_00376,0.23715740442276,0.6971783638000488,0.06566423177719116
test/0000/ex01_default_emphasis_00184,0.16826660931110382,0.7565212249755859,0.07521211355924606
test/0000/ex01_happy_00364,0.34629565477371216,0.3717420697212219,0.2819622755050659
test/0000/ex01_enunciated_00374,0.05329686030745506,0.7894931435585022,0.15720990300178528
test/0000/ex01_confused_00371,0.052566204220056534,0.9245892763137817,0.02284451201558113
test/0000/ex01_sad_00380,0.018076734617352486,0.7050252556800842,0.27689802646636963
test/0000/ex01_sad_00366,0.610668957233429,0.36961302161216736,0.01971803978085518
test/0000/ex01_sad_00369,0.5426402688026428,0.44276395440101624,0.01459578238427639
test/0000/ex01_laughing_00374,0.05329686030745506,0.7894931435585022,0.15720990300178528
test/0000/ex01_sad_00359,0.020757917314767838,0.9221062660217285,0.0571359358727932
test/0000/ex01_whisper_00371,0.052566204220056534,0.9245892763137817,0.02284451201558113
test/0000/ex01_default_00375,0.03526122123003006,0.7585020065307617,0.2062368541955948
test/0000/ex01_default_00365,0.13817264139652252,0.6647504568099976,0.19707690179347992
test/0000/ex01_default_00363,0.005640602204948664,0.1226174607872963,0.8717419505119324
test/0000/ex01_laughing_00372,0.25584056973457336,0.7048115730285645,0.039347875863313675
test/0000/ex01_default_00373,0.13637802004814148,0.8051367402076721,0.058485161513090134
test/0000/ex01_whisper_00377,0.22832359373569489,0.6887000203132629,0.0829763263463974
test/0000/ex01_enunciated_00372,0.25584056973457336,0.7048115730285645,0.039347875863313675
test/0000/ex01_happy_00362,0.09101182967424393,0.8606730103492737,0.04831518977880478
test/0000/ex01_sad_00360,0.052667874842882156,0.8802856206893921,0.06704653054475784
test/0000/ex01_default_essentials_00039,0.08599711209535599,0.7859989404678345,0.12800393998622894
test/0000/ex01_confused_00377,0.21196189522743225,0.717515230178833,0.07052293419837952
test/0000/ex01_confused_00378,0.14964202046394348,0.8054171204566956,0.0449407584965229
test/0000/ex01_default_emphasis_00192,0.004821374546736479,0.5352203249931335,0.4599582552909851
test/0000/ex01_happy_00372,0.25584056973457336,0.7048115730285645,0.039347875863313675
test/0000/ex01_sad_00370,0.04774654656648636,0.5340312123298645,0.41822224855422974
test/0000/ex01_confused_00368,0.029374394565820694,0.8544173240661621,0.11620820313692093
test/0000/ex01_confused_00367,0.17321808636188507,0.8057076930999756,0.02107422985136509
test/0000/ex01_laughing_00375,0.03526122123003006,0.7585020065307617,0.2062368541955948
test/0000/ex01_default_00374,0.05329686030745506,0.7894931435585022,0.15720990300178528
test/0000/ex01_sad_00358,0.043511126190423965,0.9209316372871399,0.035557277500629425
test/0000/ex01_laughing_00365,0.13817264139652252,0.6647504568099976,0.19707690179347992
test/0000/ex01_default_00364,0.34629565477371216,0.3717420697212219,0.2819622755050659
test/0000/ex01_happy_00375,0.043724339455366135,0.7959814667701721,0.16029414534568787
test/0000/ex01_default_emphasis_00195,0.012729921378195286,0.23946917057037354,0.7478009462356567
test/0000/ex01_sad_00377,0.22832359373569489,0.6887000203132629,0.0829763263463974
test/0000/ex01_sad_00378,0.05779200792312622,0.8715749979019165,0.07063296437263489
test/0000/ex01_enunciated_00375,0.03526122123003006,0.7585020065307617,0.2062368541955948
test/0000/ex01_happy_00365,0.13817264139652252,0.6647504568099976,0.19707690179347992
test/0000/ex01_default_emphasis_00185,0.0060454970225691795,0.8520990014076233,0.14185549318790436
test/0000/ex01_sad_00368,0.029374394565820694,0.8544173240661621,0.11620820313692093
test/0000/ex01_sad_00367,0.17534931004047394,0.8019803762435913,0.022670360282063484
test/0000/ex01_confused_00370,0.04774654656648636,0.5340312123298645,0.41822224855422974
test/0000/ex01_sad_00374,0.05329686030745506,0.7894931435585022,0.15720990300178528
test/0000/ex01_default_00358,0.043511126190423965,0.9209316372871399,0.035557277500629425
test/0000/ex01_happy_00379,0.0011220352025702596,0.022248735651373863,0.9766291975975037
test/0000/ex01_default_emphasis_00199,0.0015322690596804023,0.2061544507741928,0.792313277721405
test/0000/ex01_enunciated_00369,0.5426402688026428,0.44276395440101624,0.01459578238427639
test/0000/ex01_happy_00376,0.23715740442276,0.6971783638000488,0.06566423177719116
test/0000/ex01_default_emphasis_00196,0.016229134052991867,0.2590169608592987,0.7247538566589355
test/0000/ex01_enunciated_00366,0.610668957233429,0.36961302161216736,0.01971803978085518
test/0000/ex01_enunciated_00380,0.018076734617352486,0.7050252556800842,0.27689802646636963
test/0000/ex01_sad_00364,0.34629565477371216,0.3717420697212219,0.2819622755050659
test/0000/ex01_confused_00373,0.13637802004814148,0.8051367402076721,0.058485161513090134
test/0000/ex01_enunciated_00376,0.23715740442276,0.6971783638000488,0.06566423177719116
test/0000/ex01_happy_00366,0.610668957233429,0.36961302161216736,0.01971803978085518
test/0000/ex01_default_emphasis_00186,0.0060454970225691795,0.8520990014076233,0.14185549318790436
test/0000/ex01_enunciated_00379,0.0011220352025702596,0.022248735651373863,0.9766291975975037
test/0000/ex01_happy_00369,0.5426402688026428,0.44276395440101624,0.01459578238427639
test/0000/ex01_default_emphasis_00189,0.0060454970225691795,0.8520990014076233,0.14185549318790436
test/0000/ex01_happy_00380,0.018076734617352486,0.7050252556800842,0.27689802646636963
test/0000/ex01_default_00377,0.22832359373569489,0.6887000203132629,0.0829763263463974
test/0000/ex01_default_00378,0.05779200792312622,0.8715749979019165,0.07063296437263489
test/0000/ex01_laughing_00376,0.23715740442276,0.6971783638000488,0.06566423177719116
test/0000/ex01_happy_00359,0.020757917314767838,0.9221062660217285,0.0571359358727932
test/0000/ex01_laughing_00379,0.0011220352025702596,0.022248735651373863,0.9766291975975037
test/0000/ex01_default_00368,0.029374394565820694,0.8544173240661621,0.11620820313692093
test/0000/ex01_default_00367,0.17534931004047394,0.8019803762435913,0.022670360282063484
test/0000/ex01_laughing_00380,0.018076734617352486,0.7050252556800842,0.27689802646636963
test/0000/ex01_laughing_00369,0.5426402688026428,0.44276395440101624,0.01459578238427639
test/0000/ex01_laughing_00366,0.610668957233429,0.36961302161216736,0.01971803978085518
test/0000/ex01_sad_00363,0.005640602204948664,0.1226174607872963,0.8717419505119324
test/0000/ex01_confused_00374,0.09664303064346313,0.7596803903579712,0.14367660880088806
test/0000/ex01_enunciated_00371,0.052566204220056534,0.9245892763137817,0.02284451201558113
test/0000/ex01_happy_00361,0.158532053232193,0.7208729982376099,0.12059491127729416
test/0000/ex01_sad_00373,0.13637802004814148,0.8051367402076721,0.058485161513090134
test/0000/ex01_default_emphasis_00191,0.004821374546736479,0.5352203249931335,0.4599582552909851
test/0000/ex01_happy_00371,0.052566204220056534,0.9245892763137817,0.02284451201558113
test/0000/ex01_default_00360,0.052667874842882156,0.8802856206893921,0.06704653054475784
test/0000/ex01_default_00370,0.04774654656648636,0.5340312123298645,0.41822224855422974
test/0000/ex01_whisper_00374,0.05329686030745506,0.7894931435585022,0.15720990300178528
test/0000/ex01_laughing_00371,0.052566204220056534,0.9245892763137817,0.02284451201558113
test/0000/ex01_default_00379,0.0011220352025702596,0.022248735651373863,0.9766291975975037
test/0000/ex01_default_00376,0.23715740442276,0.6971783638000488,0.06566423177719116
test/0000/ex01_laughing_00378,0.05779200792312622,0.8715749979019165,0.07063296437263489
test/0000/ex01_happy_00358,0.043511126190423965,0.9209316372871399,0.035557277500629425
test/0000/ex01_laughing_00377,0.22832359373569489,0.6887000203132629,0.0829763263463974
test/0000/ex01_happy_00357,0.09629978984594345,0.8377137780189514,0.0659864991903305
test/0000/ex01_default_00380,0.018076734617352486,0.7050252556800842,0.27689802646636963
test/0000/ex01_default_00366,0.610668957233429,0.36961302161216736,0.01971803978085518
test/0000/ex01_default_00369,0.5426402688026428,0.44276395440101624,0.01459578238427639
test/0000/ex01_laughing_00367,0.17534931004047394,0.8019803762435913,0.022670360282063484
test/0000/ex01_laughing_00368,0.029374394565820694,0.8544173240661621,0.11620820313692093
test/0000/ex01_default_00359,0.020757917314767838,0.9221062660217285,0.0571359358727932
test/0000/ex01_sad_00375,0.03526122123003006,0.7585020065307617,0.2062368541955948
test/0000/ex01_enunciated_00367,0.17534931004047394,0.8019803762435913,0.022670360282063484
test/0000/ex01_default_emphasis_00197,0.016229134052991867,0.2590169608592987,0.7247538566589355
test/0000/ex01_happy_00377,0.22832359373569489,0.6887000203132629,0.0829763263463974
test/0000/ex01_enunciated_00368,0.029374394565820694,0.8544173240661621,0.11620820313692093
test/0000/ex01_default_emphasis_00198,0.016229134052991867,0.2590169608592987,0.7247538566589355
test/0000/ex01_happy_00378,0.05779200792312622,0.8715749979019165,0.07063296437263489
test/0000/ex01_confused_00372,0.25584056973457336,0.7048115730285645,0.039347875863313675
test/0000/ex01_sad_00365,0.13817264139652252,0.6647504568099976,0.19707690179347992
test/0000/ex01_default_emphasis_00188,0.0060454970225691795,0.8520990014076233,0.14185549318790436
test/0000/ex01_happy_00368,0.029374394565820694,0.8544173240661621,0.11620820313692093
test/0000/ex01_enunciated_00378,0.05779200792312622,0.8715749979019165,0.07063296437263489
test/0000/ex01_default_emphasis_00187,0.0060454970225691795,0.8520990014076233,0.14185549318790436
test/0000/ex01_happy_00367,0.17534931004047394,0.8019803762435913,0.022670360282063484
test/0000/ex01_enunciated_00377,0.22832359373569489,0.6887000203132629,0.0829763263463974
test/0000/ex01_default_00361,0.158532053232193,0.7208729982376099,0.12059491127729416
test/0000/ex01_default_00371,0.052566204220056534,0.9245892763137817,0.02284451201558113
test/0000/ex01_laughing_00370,0.04774654656648636,0.5340312123298645,0.41822224855422974
test/0000/ex01_confused_00375,0.03548919036984444,0.8385106921195984,0.12600012123584747
test/0000/ex01_sad_00362,0.09101182967424393,0.8606730103492737,0.04831518977880478
test/0000/ex01_happy_00360,0.052667874842882156,0.8802856206893921,0.06704653054475784
test/0000/ex01_enunciated_00370,0.04774654656648636,0.5340312123298645,0.41822224855422974
test/0000/ex01_sad_00372,0.25584056973457336,0.7048115730285645,0.039347875863313675
test/0000/ex01_happy_00370,0.04774654656648636,0.5340312123298645,0.41822224855422974
test/0000/ex01_default_emphasis_00190,0.0060454970225691795,0.8520990014076233,0.14185549318790436
test/0003/ex04_laughing_00371,0.2919548451900482,0.6747454404830933,0.03329978510737419
test/0003/ex04_default_00362,0.005053555127233267,0.8983232378959656,0.09662329405546188
test/0003/ex04_whisper_00366,0.7720615863800049,0.21349570155143738,0.014442666433751583
test/0003/ex04_default_essentials_00040,0.05004298686981201,0.8917861580848694,0.05817081779241562
test/0003/ex04_happy_00370,0.47194787859916687,0.4831133782863617,0.04493868723511696
test/0003/ex04_default_00372,0.037941381335258484,0.9056493639945984,0.056409258395433426
test/0003/ex04_enunciated_00370,0.47194787859916687,0.4831133782863617,0.04493868723511696
test/0003/ex04_default_emphasis_00190,0.10513193905353546,0.8607720732688904,0.03409595414996147
test/0003/ex04_confused_00374,0.06896231323480606,0.5587925314903259,0.372245192527771
test/0003/ex04_default_essentials_00038,0.22840256989002228,0.6867371201515198,0.08486034721136093
test/0003/ex04_default_essentials_00037,0.29212263226509094,0.6459918022155762,0.061885613948106766
test/0003/ex04_sad_00370,0.47194787859916687,0.4831133782863617,0.04493868723511696
test/0003/ex04_laughing_00369,0.07534545660018921,0.8620975017547607,0.06255703419446945
test/0003/ex04_happy_00378,0.5532795786857605,0.4376950263977051,0.009025401435792446
test/0003/ex04_laughing_00380,0.01912113092839718,0.941024661064148,0.03985419496893883
test/0003/ex04_happy_00377,0.02496945858001709,0.9234274625778198,0.05160301551222801
test/0003/ex04_default_00375,0.9339857697486877,0.0627417117357254,0.003272475441917777
test/0003/ex04_enunciated_00377,0.02496945858001709,0.9234274625778198,0.05160301551222801
test/0003/ex04_enunciated_00378,0.5532795786857605,0.4376950263977051,0.009025401435792446
test/0003/ex04_laughing_00376,0.022441837936639786,0.6367416977882385,0.34081652760505676
test/0003/ex04_laughing_00379,0.025266099721193314,0.5921751260757446,0.3825588524341583
test/0003/ex04_happy_00367,0.154753178358078,0.8003664016723633,0.04488039016723633
test/0003/ex04_happy_00368,0.32207074761390686,0.6573095321655273,0.020619729533791542
test/0003/ex04_default_00365,0.16978932917118073,0.7294020056724548,0.10080869495868683
test/0003/ex04_default_emphasis_00188,0.10513193905353546,0.8607720732688904,0.03409595414996147
test/0003/ex04_default_emphasis_00187,0.10513193905353546,0.8607720732688904,0.03409595414996147
test/0003/ex04_confused_00373,0.013073408044874668,0.8333190083503723,0.15360760688781738
test/0003/ex04_sad_00377,0.02496945858001709,0.9234274625778198,0.05160301551222801
test/0003/ex04_sad_00378,0.5532795786857605,0.4376950263977051,0.009025401435792446
test/0003/ex04_default_emphasis_00197,0.08848836272954941,0.8441984057426453,0.06731322407722473
test/0003/ex04_default_emphasis_00198,0.08848836272954941,0.8441984057426453,0.06731322407722473
test/0003/ex04_sad_00368,0.32207074761390686,0.6573095321655273,0.020619729533791542
test/0003/ex04_sad_00367,0.154753178358078,0.8003664016723633,0.04488039016723633
test/0003/ex04_default_emphasis_00191,0.310516893863678,0.55208820104599,0.13739487528800964
test/0003/ex04_sad_00371,0.2919548451900482,0.6747454404830933,0.03329978510737419
test/0003/ex04_default_essentials_00039,0.08599711209535599,0.7859989404678345,0.12800393998622894
test/0003/ex04_confused_00375,0.9339857697486877,0.0627417117357254,0.003272475441917777
test/0003/ex04_laughing_00370,0.47194787859916687,0.4831133782863617,0.04493868723511696
test/0003/ex04_whisper_00368,0.32207074761390686,0.6573095321655273,0.020619729533791542
test/0003/ex04_default_00363,0.08024967461824417,0.8711144924163818,0.04863572493195534
test/0003/ex04_happy_00371,0.2919548451900482,0.6747454404830933,0.03329978510737419
test/0003/ex04_enunciated_00371,0.2919548451900482,0.6747454404830933,0.03329978510737419
test/0003/ex04_whisper_00377,0.02496945858001709,0.9234274625778198,0.05160301551222801
test/0003/ex04_default_00373,0.013392312452197075,0.8331097364425659,0.15349791944026947
test/0003/ex04_default_emphasis_00186,0.10513193905353546,0.8607720732688904,0.03409595414996147
test/0003/ex04_default_emphasis_00189,0.10513193905353546,0.8607720732688904,0.03409595414996147
test/0003/ex04_sad_00379,0.025266099721193314,0.5921751260757446,0.3825588524341583
test/0003/ex04_sad_00376,0.022441837936639786,0.6367416977882385,0.34081652760505676
test/0003/ex04_confused_00372,0.037941381335258484,0.9056493639945984,0.056409258395433426
test/0003/ex04_default_emphasis_00199,0.08848836272954941,0.8441984057426453,0.06731322407722473
test/0003/ex04_default_emphasis_00196,0.08848836272954941,0.8441984057426453,0.06731322407722473
test/0003/ex04_sad_00366,0.7720615863800049,0.21349570155143738,0.014442666433751583
test/0003/ex04_sad_00369,0.07534545660018921,0.8620975017547607,0.06255703419446945
test/0003/ex04_sad_00380,0.01912113092839718,0.941024661064148,0.03985419496893883
test/0003/ex04_happy_00376,0.022441837936639786,0.6367416977882385,0.34081652760505676
test/0003/ex04_happy_00379,0.025266099721193314,0.5921751260757446,0.3825588524341583
test/0003/ex04_laughing_00367,0.154753178358078,0.8003664016723633,0.04488039016723633
test/0003/ex04_laughing_00368,0.32207074761390686,0.6573095321655273,0.020619729533791542
test/0003/ex04_enunciated_00379,0.025266099721193314,0.5921751260757446,0.3825588524341583
test/0003/ex04_enunciated_00376,0.022441837936639786,0.6367416977882385,0.34081652760505676
test/0003/ex04_default_00374,0.06896231323480606,0.5587925314903259,0.372245192527771
test/0003/ex04_happy_00369,0.07534545660018921,0.8620975017547607,0.06255703419446945
test/0003/ex04_happy_00366,0.7720615863800049,0.21349570155143738,0.014442666433751583
test/0003/ex04_laughing_00378,0.5532795786857605,0.4376950263977051,0.009025401435792446
test/0003/ex04_laughing_00377,0.02496945858001709,0.9234274625778198,0.05160301551222801
test/0003/ex04_happy_00380,0.01912113092839718,0.941024661064148,0.03985419496893883
test/0003/ex04_enunciated_00380,0.01912113092839718,0.941024661064148,0.03985419496893883
test/0003/ex04_default_00364,0.002665317850187421,0.20134441554546356,0.7959902882575989
test/0003/ex04_whisper_00373,0.013073408044874668,0.8333190083503723,0.15360760688781738
test/0003/ex04_enunciated_00375,0.9339857697486877,0.0627417117357254,0.003272475441917777
test/0003/ex04_default_00377,0.02496945858001709,0.9234274625778198,0.05160301551222801
test/0003/ex04_default_00378,0.5532795786857605,0.4376950263977051,0.009025401435792446
test/0003/ex04_happy_00375,0.9339857697486877,0.0627417117357254,0.003272475441917777
test/0003/ex04_default_00368,0.32207074761390686,0.6573095321655273,0.020619729533791542
test/0003/ex04_default_00367,0.154753178358078,0.8003664016723633,0.04488039016723633
test/0003/ex04_happy_00365,0.16978932917118073,0.7294020056724548,0.10080869495868683
test/0003/ex04_laughing_00374,0.06896231323480606,0.5587925314903259,0.372245192527771
test/0003/ex04_sad_00375,0.9339857697486877,0.0627417117357254,0.003272475441917777
test/0003/ex04_confused_00371,0.2919548451900482,0.6747454404830933,0.03329978510737419
test/0003/ex04_default_emphasis_00185,0.3610188961029053,0.6072054505348206,0.031775619834661484
test/0003/ex04_sad_00365,0.16978932917118073,0.7294020056724548,0.10080869495868683
test/0003/ex04_default_emphasis_00195,0.310516893863678,0.55208820104599,0.13739487528800964
test/0003/ex04_laughing_00373,0.013073408044874668,0.8333190083503723,0.15360760688781738
test/0003/ex04_enunciated_00372,0.037941381335258484,0.9056493639945984,0.056409258395433426
test/0003/ex04_default_00370,0.47194787859916687,0.4831133782863617,0.04493868723511696
test/0003/ex04_happy_00372,0.037941381335258484,0.9056493639945984,0.056409258395433426
test/0003/ex04_confused_00380,0.01912113092839718,0.941024661064148,0.03985419496893883
test/0003/ex04_confused_00369,0.07534545660018921,0.8620975017547607,0.06255703419446945
test/0003/ex04_default_emphasis_00192,0.310516893863678,0.55208820104599,0.13739487528800964
test/0003/ex04_sad_00372,0.037941381335258484,0.9056493639945984,0.056409258395433426
test/0003/ex04_confused_00379,0.025266099721193314,0.5921751260757446,0.3825588524341583
test/0003/ex04_confused_00376,0.022441837936639786,0.6367416977882385,0.34081652760505676
test/0003/ex04_default_emphasis_00182,0.3610188961029053,0.6072054505348206,0.031775619834661484
test/0003/ex04_confused_00370,0.47194787859916687,0.4831133782863617,0.04493868723511696
test/0003/ex04_sad_00374,0.06896231323480606,0.5587925314903259,0.372245192527771
test/0003/ex04_default_emphasis_00184,0.3610188961029053,0.6072054505348206,0.031775619834661484
test/0003/ex04_sad_00364,0.002665317850187421,0.20134441554546356,0.7959902882575989
test/0003/ex04_default_emphasis_00194,0.310516893863678,0.55208820104599,0.13739487528800964
test/0003/ex04_default_00379,0.025266099721193314,0.5921751260757446,0.3825588524341583
test/0003/ex04_default_00376,0.022441837936639786,0.6367416977882385,0.34081652760505676
test/0003/ex04_enunciated_00374,0.06896231323480606,0.5587925314903259,0.372245192527771
test/0003/ex04_happy_00374,0.06896231323480606,0.5587925314903259,0.372245192527771
test/0003/ex04_default_00366,0.7720615863800049,0.21349570155143738,0.014442666433751583
test/0003/ex04_default_00369,0.07534545660018921,0.8620975017547607,0.06255703419446945
test/0003/ex04_default_00380,0.01912113092839718,0.941024661064148,0.03985419496893883
test/0003/ex04_laughing_00375,0.9339857697486877,0.0627417117357254,0.003272475441917777
test/0003/ex04_happy_00364,0.002665317850187421,0.20134441554546356,0.7959902882575989
test/0003/ex04_confused_00368,0.32207074761390686,0.6573095321655273,0.020619729533791542
test/0003/ex04_confused_00367,0.154753178358078,0.8003664016723633,0.04488039016723633
test/0003/ex04_default_emphasis_00193,0.310516893863678,0.55208820104599,0.13739487528800964
test/0003/ex04_confused_00377,0.02496945858001709,0.9234274625778198,0.05160301551222801
test/0003/ex04_confused_00378,0.5532795786857605,0.4376950263977051,0.009025401435792446
test/0003/ex04_sad_00373,0.013073408044874668,0.8333190083503723,0.15360760688781738
test/0003/ex04_default_emphasis_00183,0.3610188961029053,0.6072054505348206,0.031775619834661484
test/0003/ex04_default_emphasis_00200,0.08848836272954941,0.8441984057426453,0.06731322407722473
test/0003/ex04_laughing_00372,0.037941381335258484,0.9056493639945984,0.056409258395433426
test/0003/ex04_happy_00363,0.06872963160276413,0.8817466497421265,0.049523692578077316
test/0003/ex04_default_00371,0.2919548451900482,0.6747454404830933,0.03329978510737419
test/0003/ex04_enunciated_00373,0.013073408044874668,0.8333190083503723,0.15360760688781738
test/0003/ex04_happy_00373,0.013073408044874668,0.8333190083503723,0.15360760688781738
test/0001/ex02_confused_00371,0.05652446672320366,0.7870126962661743,0.15646281838417053
test/0001/ex02_happy_00364,0.2853167653083801,0.6732142567634583,0.041468940675258636
test/0001/ex02_default_emphasis_00184,0.07418819516897202,0.2539632320404053,0.6718486547470093
test/0001/ex02_default_emphasis_00194,0.02126333862543106,0.9207134246826172,0.05802322179079056
test/0001/ex02_happy_00374,0.003373991698026657,0.584221601486206,0.4124043881893158
test/0001/ex02_enunciated_00374,0.003373991698026657,0.584221601486206,0.4124043881893158
test/0001/ex02_default_00364,0.2853167653083801,0.6732142567634583,0.041468940675258636
test/0001/ex02_sad_00372,0.317009836435318,0.6651143431663513,0.01787584088742733
test/0001/ex02_default_00374,0.003373991698026657,0.584221601486206,0.4124043881893158
test/0001/ex02_laughing_00374,0.003373991698026657,0.584221601486206,0.4124043881893158
test/0001/ex02_confused_00380,0.01387793943285942,0.7476316690444946,0.23849037289619446
test/0001/ex02_confused_00369,0.147834911942482,0.7513206005096436,0.10084445774555206
test/0001/ex02_happy_00373,0.45110225677490234,0.4477894604206085,0.10110826790332794
test/0001/ex02_default_emphasis_00193,0.02126333862543106,0.9207134246826172,0.05802322179079056
test/0001/ex02_confused_00379,0.07435372471809387,0.8516441583633423,0.07400207221508026
test/0001/ex02_confused_00376,0.03255285695195198,0.7192509174346924,0.24819627404212952
test/0001/ex02_default_emphasis_00183,0.07418819516897202,0.2539632320404053,0.6718486547470093
test/0001/ex02_happy_00363,0.0017381778452545404,0.039600685238838196,0.9586611390113831
test/0001/ex02_default_emphasis_00200,0.0019208387238904834,0.05124400556087494,0.9468351602554321
test/0001/ex02_sad_00375,0.025674602016806602,0.8402568697929382,0.1340685784816742
test/0001/ex02_default_00373,0.45110225677490234,0.4477894604206085,0.10110826790332794
test/0001/ex02_laughing_00373,0.45110225677490234,0.4477894604206085,0.10110826790332794
test/0001/ex02_enunciated_00373,0.45110225677490234,0.4477894604206085,0.10110826790332794
test/0001/ex02_default_00363,0.0017381778452545404,0.039600685238838196,0.9586611390113831
test/0001/ex02_sad_00365,0.12647123634815216,0.7989745736122131,0.0745542123913765
test/0001/ex02_enunciated_00375,0.025674602016806602,0.8402568697929382,0.1340685784816742
test/0001/ex02_sad_00363,0.0017381778452545404,0.039600685238838196,0.9586611390113831
test/0001/ex02_default_00365,0.12647123634815216,0.7989745736122131,0.0745542123913765
test/0001/ex02_laughing_00375,0.025674602016806602,0.8402568697929382,0.1340685784816742
test/0001/ex02_default_00375,0.025674602016806602,0.8402568697929382,0.1340685784816742
test/0001/ex02_sad_00373,0.45110225677490234,0.4477894604206085,0.10110826790332794
test/0001/ex02_confused_00370,0.0025219025555998087,0.060984086245298386,0.9364940524101257
test/0001/ex02_default_emphasis_00185,0.07418819516897202,0.2539632320404053,0.6718486547470093
test/0001/ex02_happy_00365,0.12647123634815216,0.7989745736122131,0.0745542123913765
test/0001/ex02_happy_00375,0.025674602016806602,0.8402568697929382,0.1340685784816742
test/0001/ex02_default_emphasis_00195,0.02126333862543106,0.9207134246826172,0.05802322179079056
test/0001/ex02_laughing_00372,0.317009836435318,0.6651143431663513,0.01787584088742733
test/0001/ex02_default_00372,0.317009836435318,0.6651143431663513,0.01787584088742733
test/0001/ex02_sad_00374,0.003373991698026657,0.584221601486206,0.4124043881893158
test/0001/ex02_enunciated_00372,0.317009836435318,0.6651143431663513,0.01787584088742733
test/0001/ex02_whisper_00366,0.6610136032104492,0.3292127251625061,0.009773693978786469
test/0001/ex02_whisper_00380,0.01387793943285942,0.7476316690444946,0.23849037289619446
test/0001/ex02_sad_00364,0.2853167653083801,0.6732142567634583,0.041468940675258636
test/0001/ex02_confused_00368,0.1080915629863739,0.834810197353363,0.057098276913166046
test/0001/ex02_confused_00367,0.04670584201812744,0.8550277352333069,0.09826638549566269
test/0001/ex02_default_emphasis_00192,0.02126333862543106,0.9207134246826172,0.05802322179079056
test/0001/ex02_happy_00372,0.317009836435318,0.6651143431663513,0.01787584088742733
test/0001/ex02_confused_00377,0.873763918876648,0.11683850735425949,0.009397587738931179
test/0001/ex02_confused_00378,0.0026919308584183455,0.12687857449054718,0.870429515838623
test/0001/ex02_default_emphasis_00182,0.02461264282464981,0.7010380029678345,0.2743493616580963
test/0001/ex02_default_emphasis_00191,0.03444043546915054,0.7296571731567383,0.23590242862701416
test/0001/ex02_happy_00371,0.05652446672320366,0.7870126962661743,0.15646281838417053
test/0001/ex02_default_emphasis_00181,0.02461264282464981,0.7010380029678345,0.2743493616580963
test/0001/ex02_confused_00374,0.003373991698026657,0.584221601486206,0.4124043881893158
test/0001/ex02_laughing_00371,0.05652446672320366,0.7870126962661743,0.15646281838417053
test/0001/ex02_default_00371,0.05652446672320366,0.7870126962661743,0.15646281838417053
test/0001/ex02_sad_00377,0.873763918876648,0.11683850735425949,0.009397587738931179
test/0001/ex02_sad_00378,0.0026115369983017445,0.11874396353960037,0.8786445260047913
test/0001/ex02_sad_00368,0.1080915629863739,0.834810197353363,0.057098276913166046
test/0001/ex02_sad_00367,0.04670584201812744,0.8550277352333069,0.09826638549566269
test/0001/ex02_enunciated_00371,0.05652446672320366,0.7870126962661743,0.15646281838417053
test/0001/ex02_default_essentials_00039,0.08599711209535599,0.7859989404678345,0.12800393998622894
test/0001/ex02_happy_00380,0.01610889844596386,0.7787061929702759,0.20518486201763153
test/0001/ex02_happy_00369,0.14027738571166992,0.762989342212677,0.09673327207565308
test/0001/ex02_default_emphasis_00186,0.07418819516897202,0.2539632320404053,0.6718486547470093
test/0001/ex02_default_emphasis_00189,0.03444043546915054,0.7296571731567383,0.23590242862701416
test/0001/ex02_happy_00366,0.6610136032104492,0.3292127251625061,0.009773693978786469
test/0001/ex02_confused_00373,0.45110225677490234,0.4477894604206085,0.10110826790332794
test/0001/ex02_happy_00376,0.03255285695195198,0.7192509174346924,0.24819627404212952
test/0001/ex02_default_emphasis_00199,0.0019208387238904834,0.05124400556087494,0.9468351602554321
test/0001/ex02_default_emphasis_00196,0.02126333862543106,0.9207134246826172,0.05802322179079056
test/0001/ex02_happy_00379,0.14655707776546478,0.7715098261833191,0.08193299919366837
test/0001/ex02_laughing_00369,0.14027738571166992,0.762989342212677,0.09673327207565308
test/0001/ex02_default_00380,0.014453442767262459,0.799774169921875,0.18577241897583008
test/0001/ex02_default_00366,0.6610136032104492,0.3292127251625061,0.009773693978786469
test/0001/ex02_laughing_00380,0.01387793943285942,0.7476316690444946,0.23849037289619446
test/0001/ex02_default_00369,0.14027738571166992,0.762989342212677,0.09673327207565308
test/0001/ex02_enunciated_00376,0.03255285695195198,0.7192509174346924,0.24819627404212952
test/0001/ex02_enunciated_00379,0.14655707776546478,0.7715098261833191,0.08193299919366837
test/0001/ex02_laughing_00376,0.03255285695195198,0.7192509174346924,0.24819627404212952
test/0001/ex02_laughing_00379,0.07435372471809387,0.8516441583633423,0.07400207221508026
test/0001/ex02_default_00379,0.14655707776546478,0.7715098261833191,0.08193299919366837
test/0001/ex02_default_00376,0.03255285695195198,0.7192509174346924,0.24819627404212952
test/0001/ex02_sad_00370,0.0025219025555998087,0.060984086245298386,0.9364940524101257
test/0001/ex02_enunciated_00380,0.01387793943285942,0.7476316690444946,0.23849037289619446
test/0001/ex02_sad_00379,0.14655707776546478,0.7715098261833191,0.08193299919366837
test/0001/ex02_sad_00376,0.03255285695195198,0.7192509174346924,0.24819627404212952
test/0001/ex02_default_00370,0.0025219025555998087,0.060984086245298386,0.9364940524101257
test/0001/ex02_laughing_00370,0.0025219025555998087,0.060984086245298386,0.9364940524101257
test/0001/ex02_whisper_00374,0.003373991698026657,0.584221601486206,0.4124043881893158
test/0001/ex02_sad_00366,0.6610136032104492,0.3292127251625061,0.009773693978786469
test/0001/ex02_sad_00369,0.14027738571166992,0.762989342212677,0.09673327207565308
test/0001/ex02_sad_00380,0.014533590525388718,0.7166699171066284,0.26879653334617615
test/0001/ex02_whisper_00364,0.2853167653083801,0.6732142567634583,0.041468940675258636
test/0001/ex02_enunciated_00370,0.0025219025555998087,0.060984086245298386,0.9364940524101257
test/0001/ex02_happy_00370,0.0025219025555998087,0.060984086245298386,0.9364940524101257
test/0001/ex02_default_emphasis_00190,0.03444043546915054,0.7296571731567383,0.23590242862701416
test/0001/ex02_confused_00375,0.025674602016806602,0.8402568697929382,0.1340685784816742
test/0001/ex02_default_00368,0.1080915629863739,0.834810197353363,0.057098276913166046
test/0001/ex02_default_00367,0.04670584201812744,0.8550277352333069,0.09826638549566269
test/0001/ex02_laughing_00367,0.04670584201812744,0.8550277352333069,0.09826638549566269
test/0001/ex02_laughing_00368,0.1080915629863739,0.834810197353363,0.057098276913166046
test/0001/ex02_enunciated_00378,0.0026115369983017445,0.11874396353960037,0.8786445260047913
test/0001/ex02_enunciated_00377,0.873763918876648,0.11683850735425949,0.009397587738931179
test/0001/ex02_default_essentials_00040,0.05004298686981201,0.8917861580848694,0.05817081779241562
test/0001/ex02_sad_00371,0.05652446672320366,0.7870126962661743,0.15646281838417053
test/0001/ex02_default_00377,0.873763918876648,0.11683850735425949,0.009397587738931179
test/0001/ex02_default_00378,0.0026115369983017445,0.11874396353960037,0.8786445260047913
test/0001/ex02_laughing_00378,0.002275136997923255,0.1049468144774437,0.8927780985832214
test/0001/ex02_laughing_00377,0.873763918876648,0.11683850735425949,0.009397587738931179
test/0001/ex02_happy_00367,0.04670584201812744,0.8550277352333069,0.09826638549566269
test/0001/ex02_default_emphasis_00188,0.03444043546915054,0.7296571731567383,0.23590242862701416
test/0001/ex02_default_emphasis_00187,0.03444043546915054,0.7296571731567383,0.23590242862701416
test/0001/ex02_happy_00368,0.1080915629863739,0.834810197353363,0.057098276913166046
test/0001/ex02_default_essentials_00037,0.29212263226509094,0.6459918022155762,0.061885613948106766
test/0001/ex02_default_essentials_00038,0.22840256989002228,0.6867371201515198,0.08486034721136093
test/0001/ex02_confused_00372,0.317009836435318,0.6651143431663513,0.01787584088742733
test/0001/ex02_happy_00378,0.002156155416741967,0.09521022439002991,0.9026336669921875
test/0001/ex02_default_emphasis_00197,0.02126333862543106,0.9207134246826172,0.05802322179079056
test/0001/ex02_default_emphasis_00198,0.02126333862543106,0.9207134246826172,0.05802322179079056
test/0001/ex02_happy_00377,0.873763918876648,0.11683850735425949,0.009397587738931179
test/0002/ex03_laughing_00365,0.09140380471944809,0.631273627281189,0.27732253074645996
test/0002/ex03_happy_00373,0.23660792410373688,0.7462701201438904,0.01712198182940483
test/0002/ex03_sad_00363,0.8046641945838928,0.18457934260368347,0.010756455361843109
test/0002/ex03_laughing_00375,0.6894263029098511,0.3018738329410553,0.00869990885257721
test/0002/ex03_sad_00373,0.23660792410373688,0.7462701201438904,0.01712198182940483
test/0002/ex03_happy_00363,0.8046641945838928,0.18457934260368347,0.010756455361843109
test/0002/ex03_enunciated_00370,0.4522838592529297,0.5128900408744812,0.03482614457607269
test/0002/ex03_default_00371,0.07226235419511795,0.8785625100135803,0.04917505010962486
test/0002/ex03_default_emphasis_00185,0.601118803024292,0.38504457473754883,0.01383665855973959
test/0002/ex03_confused_00370,0.4522838592529297,0.5128900408744812,0.03482614457607269
test/0002/ex03_whisper_00375,0.6894263029098511,0.3018738329410553,0.00869990885257721
test/0002/ex03_default_emphasis_00195,0.008570373989641666,0.6390628218650818,0.3523668050765991
test/0002/ex03_default_00361,0.03038422204554081,0.46648040413856506,0.5031353831291199
test/0002/ex03_laughing_00372,0.010935704223811626,0.2560776472091675,0.7329866290092468
test/0002/ex03_happy_00364,0.41332024335861206,0.5676250457763672,0.019054720178246498
test/0002/ex03_sad_00374,0.08396051824092865,0.646787703037262,0.26925182342529297
test/0002/ex03_laughing_00362,0.48380133509635925,0.4819833040237427,0.03421530872583389
test/0002/ex03_sad_00364,0.41332024335861206,0.5676250457763672,0.019054720178246498
test/0002/ex03_happy_00374,0.08396051824092865,0.646787703037262,0.26925182342529297
test/0002/ex03_default_00356,0.16038168966770172,0.8180748224258423,0.02154347486793995
test/0002/ex03_default_00359,0.609550952911377,0.3493591845035553,0.04108989238739014
test/0002/ex03_default_00366,0.043722014874219894,0.8501442670822144,0.10613375902175903
test/0002/ex03_default_emphasis_00192,0.008570373989641666,0.6390628218650818,0.3523668050765991
test/0002/ex03_confused_00367,0.5155897736549377,0.43687665462493896,0.0475335419178009
test/0002/ex03_confused_00368,0.062409862875938416,0.8949618339538574,0.04262829199433327
test/0002/ex03_default_00369,0.004490962717682123,0.5429273843765259,0.45258164405822754
test/0002/ex03_default_00380,0.007230476010590792,0.82253098487854,0.17023853957653046
test/0002/ex03_enunciated_00378,0.2501041889190674,0.5597290396690369,0.19016674160957336
test/0002/ex03_default_00379,0.05877038091421127,0.8657040596008301,0.07552555203437805
test/0002/ex03_confused_00378,0.2501041889190674,0.5597290396690369,0.19016674160957336
test/0002/ex03_enunciated_00377,0.006812348496168852,0.817997395992279,0.17519031465053558
test/0002/ex03_default_emphasis_00182,0.601118803024292,0.38504457473754883,0.01383665855973959
test/0002/ex03_confused_00377,0.006812348496168852,0.817997395992279,0.17519031465053558
test/0002/ex03_default_00376,0.046346697956323624,0.8766378164291382,0.07701543718576431
test/0002/ex03_default_emphasis_00184,0.601118803024292,0.38504457473754883,0.01383665855973959
test/0002/ex03_confused_00371,0.07226235419511795,0.8785625100135803,0.04917505010962486
test/0002/ex03_default_00370,0.4522838592529297,0.5128900408744812,0.03482614457607269
test/0002/ex03_enunciated_00371,0.07226235419511795,0.8785625100135803,0.04917505010962486
test/0002/ex03_default_00360,0.5906277894973755,0.3882531225681305,0.0211190152913332
test/0002/ex03_default_emphasis_00194,0.008570373989641666,0.6390628218650818,0.3523668050765991
test/0002/ex03_confused_00361,0.03038422204554081,0.46648040413856506,0.5031353831291199
test/0002/ex03_laughing_00364,0.41332024335861206,0.5676250457763672,0.019054720178246498
test/0002/ex03_happy_00372,0.010935704223811626,0.2560776472091675,0.7329866290092468
test/0002/ex03_laughing_00374,0.08396051824092865,0.646787703037262,0.26925182342529297
test/0002/ex03_happy_00362,0.48380133509635925,0.4819833040237427,0.03421530872583389
test/0002/ex03_sad_00372,0.010935704223811626,0.2560776472091675,0.7329866290092468
test/0002/ex03_enunciated_00380,0.007230476010590792,0.82253098487854,0.17023853957653046
test/0002/ex03_confused_00380,0.007230476010590792,0.82253098487854,0.17023853957653046
test/0002/ex03_enunciated_00369,0.004490962717682123,0.5429273843765259,0.45258164405822754
test/0002/ex03_default_00368,0.062409862875938416,0.8949618339538574,0.04262829199433327
test/0002/ex03_confused_00369,0.004490962717682123,0.5429273843765259,0.45258164405822754
test/0002/ex03_default_emphasis_00193,0.008570373989641666,0.6390628218650818,0.3523668050765991
test/0002/ex03_confused_00366,0.043722014874219894,0.8501442670822144,0.10613375902175903
test/0002/ex03_default_00367,0.5155897736549377,0.43687665462493896,0.0475335419178009
test/0002/ex03_default_00377,0.006812348496168852,0.817997395992279,0.17519031465053558
test/0002/ex03_default_emphasis_00183,0.601118803024292,0.38504457473754883,0.01383665855973959
test/0002/ex03_confused_00376,0.046346697956323624,0.8766378164291382,0.07701543718576431
test/0002/ex03_enunciated_00376,0.046346697956323624,0.8766378164291382,0.07701543718576431
test/0002/ex03_confused_00379,0.05877038091421127,0.8657040596008301,0.07552555203437805
test/0002/ex03_default_00378,0.2501041889190674,0.5597290396690369,0.19016674160957336
test/0002/ex03_enunciated_00379,0.05877038091421127,0.8657040596008301,0.07552555203437805
test/0002/ex03_default_emphasis_00200,0.18390485644340515,0.7800260186195374,0.036069147288799286
test/0002/ex03_laughing_00373,0.23660792410373688,0.7462701201438904,0.01712198182940483
test/0002/ex03_sad_00375,0.6894263029098511,0.3018738329410553,0.00869990885257721
test/0002/ex03_happy_00365,0.09140380471944809,0.631273627281189,0.27732253074645996
test/0002/ex03_laughing_00363,0.8046641945838928,0.18457934260368347,0.010756455361843109
test/0002/ex03_default_00358,0.1696453094482422,0.700553834438324,0.12980085611343384
test/0002/ex03_default_00357,0.03752642869949341,0.5871075391769409,0.3753660023212433
test/0002/ex03_happy_00375,0.6894263029098511,0.3018738329410553,0.00869990885257721
test/0002/ex03_sad_00365,0.09140380471944809,0.631273627281189,0.27732253074645996
test/0002/ex03_happy_00380,0.007230476010590792,0.82253098487854,0.17023853957653046
test/0002/ex03_happy_00369,0.004490962717682123,0.5429273843765259,0.45258164405822754
test/0002/ex03_sad_00376,0.046346697956323624,0.8766378164291382,0.07701543718576431
test/0002/ex03_happy_00366,0.043722014874219894,0.8501442670822144,0.10613375902175903
test/0002/ex03_sad_00379,0.05877038091421127,0.8657040596008301,0.07552555203437805
test/0002/ex03_laughing_00370,0.4522838592529297,0.5128900408744812,0.03482614457607269
test/0002/ex03_sad_00380,0.007230476010590792,0.82253098487854,0.17023853957653046
test/0002/ex03_happy_00376,0.046346697956323624,0.8766378164291382,0.07701543718576431
test/0002/ex03_sad_00369,0.004490962717682123,0.5429273843765259,0.45258164405822754
test/0002/ex03_happy_00379,0.05877038091421127,0.8657040596008301,0.07552555203437805
test/0002/ex03_sad_00366,0.043722014874219894,0.8501442670822144,0.10613375902175903
test/0002/ex03_laughing_00360,0.5906277894973755,0.3882531225681305,0.0211190152913332
test/0002/ex03_default_00364,0.41332024335861206,0.5676250457763672,0.019054720178246498
test/0002/ex03_default_emphasis_00190,0.1482744812965393,0.769079864025116,0.08264557272195816
test/0002/ex03_confused_00365,0.09140380471944809,0.631273627281189,0.27732253074645996
test/0002/ex03_happy_00359,0.609550952911377,0.3493591845035553,0.04108989238739014
test/0002/ex03_confused_00375,0.6894263029098511,0.3018738329410553,0.00869990885257721
test/0002/ex03_default_00374,0.08396051824092865,0.646787703037262,0.26925182342529297
test/0002/ex03_enunciated_00375,0.6894263029098511,0.3018738329410553,0.00869990885257721
test/0002/ex03_happy_00371,0.07226235419511795,0.8785625100135803,0.04917505010962486
test/0002/ex03_laughing_00368,0.062409862875938416,0.8949618339538574,0.04262829199433327
test/0002/ex03_laughing_00367,0.5155897736549377,0.43687665462493896,0.0475335419178009
test/0002/ex03_happy_00361,0.03038422204554081,0.46648040413856506,0.5031353831291199
test/0002/ex03_default_essentials_00039,0.08599711209535599,0.7859989404678345,0.12800393998622894
test/0002/ex03_sad_00371,0.07226235419511795,0.8785625100135803,0.04917505010962486
test/0002/ex03_laughing_00377,0.006812348496168852,0.817997395992279,0.17519031465053558
test/0002/ex03_laughing_00378,0.2501041889190674,0.5597290396690369,0.19016674160957336
test/0002/ex03_whisper_00378,0.2501041889190674,0.5597290396690369,0.19016674160957336
test/0002/ex03_whisper_00377,0.006812348496168852,0.817997395992279,0.17519031465053558
test/0002/ex03_default_emphasis_00188,0.1482744812965393,0.769079864025116,0.08264557272195816
test/0002/ex03_default_00373,0.23660792410373688,0.7462701201438904,0.01712198182940483
test/0002/ex03_default_emphasis_00187,0.1482744812965393,0.769079864025116,0.08264557272195816
test/0002/ex03_confused_00372,0.010935704223811626,0.2560776472091675,0.7329866290092468
test/0002/ex03_enunciated_00372,0.010935704223811626,0.2560776472091675,0.7329866290092468
test/0002/ex03_default_emphasis_00197,0.18390485644340515,0.7800260186195374,0.036069147288799286
test/0002/ex03_confused_00362,0.48380133509635925,0.4819833040237427,0.03421530872583389
test/0002/ex03_default_00363,0.8046641945838928,0.18457934260368347,0.010756455361843109
test/0002/ex03_default_emphasis_00198,0.18390485644340515,0.7800260186195374,0.036069147288799286
test/0002/ex03_default_emphasis_00191,0.008570373989641666,0.6390628218650818,0.3523668050765991
test/0002/ex03_confused_00364,0.41332024335861206,0.5676250457763672,0.019054720178246498
test/0002/ex03_default_00365,0.09140380471944809,0.631273627281189,0.27732253074645996
test/0002/ex03_enunciated_00374,0.08396051824092865,0.646787703037262,0.26925182342529297
test/0002/ex03_default_00375,0.6894263029098511,0.3018738329410553,0.00869990885257721
test/0002/ex03_default_emphasis_00181,0.601118803024292,0.38504457473754883,0.01383665855973959
test/0002/ex03_confused_00374,0.08396051824092865,0.646787703037262,0.26925182342529297
test/0002/ex03_sad_00378,0.2501041889190674,0.5597290396690369,0.19016674160957336
test/0002/ex03_happy_00367,0.5155897736549377,0.43687665462493896,0.0475335419178009
test/0002/ex03_sad_00377,0.006812348496168852,0.817997395992279,0.17519031465053558
test/0002/ex03_happy_00368,0.062409862875938416,0.8949618339538574,0.04262829199433327
test/0002/ex03_laughing_00371,0.07226235419511795,0.8785625100135803,0.04917505010962486
test/0002/ex03_sad_00367,0.5155897736549377,0.43687665462493896,0.0475335419178009
test/0002/ex03_happy_00378,0.2501041889190674,0.5597290396690369,0.19016674160957336
test/0002/ex03_sad_00368,0.062409862875938416,0.8949618339538574,0.04262829199433327
test/0002/ex03_happy_00377,0.006812348496168852,0.817997395992279,0.17519031465053558
test/0002/ex03_laughing_00361,0.03038422204554081,0.46648040413856506,0.5031353831291199
test/0002/ex03_enunciated_00373,0.23660792410373688,0.7462701201438904,0.01712198182940483
test/0002/ex03_default_emphasis_00186,0.601118803024292,0.38504457473754883,0.01383665855973959
test/0002/ex03_confused_00373,0.23660792410373688,0.7462701201438904,0.01712198182940483
test/0002/ex03_default_00372,0.010935704223811626,0.2560776472091675,0.7329866290092468
test/0002/ex03_default_emphasis_00189,0.1482744812965393,0.769079864025116,0.08264557272195816
test/0002/ex03_default_emphasis_00199,0.18390485644340515,0.7800260186195374,0.036069147288799286
test/0002/ex03_default_00362,0.48380133509635925,0.4819833040237427,0.03421530872583389
test/0002/ex03_default_emphasis_00196,0.008570373989641666,0.6390628218650818,0.3523668050765991
test/0002/ex03_confused_00363,0.8046641945838928,0.18457934260368347,0.010756455361843109
test/0002/ex03_whisper_00380,0.007230476010590792,0.82253098487854,0.17023853957653046
test/0002/ex03_whisper_00369,0.004490962717682123,0.5429273843765259,0.45258164405822754
test/0002/ex03_default_essentials_00040,0.05004298686981201,0.8917861580848694,0.05817081779241562
test/0002/ex03_happy_00370,0.4522838592529297,0.5128900408744812,0.03482614457607269
test/0002/ex03_laughing_00366,0.043722014874219894,0.8501442670822144,0.10613375902175903
test/0002/ex03_laughing_00369,0.004490962717682123,0.5429273843765259,0.45258164405822754
test/0002/ex03_laughing_00380,0.007230476010590792,0.82253098487854,0.17023853957653046
test/0002/ex03_sad_00370,0.4522838592529297,0.5128900408744812,0.03482614457607269
test/0002/ex03_default_essentials_00038,0.22840256989002228,0.6867371201515198,0.08486034721136093
test/0002/ex03_happy_00360,0.5906277894973755,0.3882531225681305,0.0211190152913332
test/0002/ex03_default_essentials_00037,0.29212263226509094,0.6459918022155762,0.061885613948106766
test/0002/ex03_laughing_00379,0.05877038091421127,0.8657040596008301,0.07552555203437805
test/0002/ex03_laughing_00376,0.046346697956323624,0.8766378164291382,0.07701543718576431
