basename,anger,disgust,fear,joy,neutral,sadness,surprise
dev/0000/dia0_utt0,0,0,0,0,0,1,0
dev/0001/dia0_utt1,0,0,0,0,0,0,1
dev/0001/dia100_utt0,0,0,0,0,1,0,0
dev/0002/dia101_utt0,0,0,0,0,0,1,0
dev/0001/dia102_utt0,0,0,0,0,1,0,0
dev/0002/dia102_utt1,0,0,0,0,1,0,0
dev/0001/dia103_utt0,0,0,0,0,1,0,0
dev/0002/dia103_utt1,0,0,0,0,0,1,0
dev/0001/dia103_utt2,0,0,0,1,0,0,0
dev/0001/dia103_utt3,0,0,0,0,1,0,0
dev/0001/dia103_utt4,0,0,0,1,0,0,0
dev/0003/dia104_utt0,0,0,0,1,0,0,0
dev/0003/dia104_utt1,0,0,0,0,0,1,0
dev/0001/dia104_utt10,0,0,0,0,0,0,1
dev/0003/dia104_utt11,0,0,1,0,0,0,0
dev/0001/dia104_utt12,0,0,0,0,0,0,1
dev/0003/dia104_utt13,0,0,1,0,0,0,0
dev/0001/dia104_utt14,0,0,0,1,0,0,0
dev/0003/dia104_utt15,1,0,0,0,0,0,0
dev/0001/dia104_utt2,0,0,0,1,0,0,0
dev/0003/dia104_utt3,0,0,0,0,1,0,0
dev/0001/dia104_utt4,0,0,0,0,0,0,1
dev/0003/dia104_utt5,1,0,0,0,0,0,0
dev/0001/dia104_utt6,0,0,0,1,0,0,0
dev/0003/dia104_utt7,0,0,0,1,0,0,0
dev/0001/dia104_utt8,0,0,0,0,0,0,1
dev/0003/dia104_utt9,0,0,1,0,0,0,0
dev/0001/dia105_utt0,0,0,0,0,1,0,0
dev/0001/dia105_utt1,0,0,0,0,1,0,0
dev/0001/dia105_utt10,1,0,0,0,0,0,0
dev/0001/dia105_utt11,1,0,0,0,0,0,0
dev/0001/dia105_utt2,1,0,0,0,0,0,0
dev/0001/dia105_utt3,1,0,0,0,0,0,0
dev/0003/dia105_utt4,0,0,0,1,0,0,0
dev/0001/dia105_utt5,0,0,0,0,1,0,0
dev/0001/dia105_utt6,0,0,0,0,1,0,0
dev/0001/dia105_utt7,0,0,0,0,1,0,0
dev/0001/dia105_utt8,0,0,0,1,0,0,0
dev/0001/dia105_utt9,0,0,0,1,0,0,0
dev/0004/dia106_utt0,0,0,0,0,1,0,0
dev/0003/dia106_utt1,0,0,0,0,1,0,0
dev/0000/dia106_utt2,0,0,0,0,1,0,0
dev/0001/dia106_utt3,0,0,0,0,1,0,0
dev/0004/dia106_utt4,0,0,0,1,0,0,0
dev/0003/dia106_utt5,0,0,0,0,1,0,0
dev/0000/dia107_utt0,0,0,0,0,1,0,0
dev/0002/dia107_utt1,0,0,0,0,1,0,0
dev/0004/dia107_utt2,0,0,0,0,0,0,1
dev/0002/dia107_utt3,0,0,0,0,0,0,1
dev/0004/dia108_utt0,0,0,0,0,0,0,1
dev/0000/dia108_utt1,0,0,1,0,0,0,0
dev/0005/dia108_utt10,0,0,0,1,0,0,0
dev/0002/dia108_utt11,0,0,0,1,0,0,0
dev/0005/dia108_utt12,0,0,1,0,0,0,0
dev/0002/dia108_utt13,0,0,0,0,1,0,0
dev/0005/dia108_utt14,0,0,0,0,1,0,0
dev/0000/dia108_utt2,0,0,0,0,0,0,1
dev/0000/dia108_utt3,1,0,0,0,0,0,0
dev/0000/dia108_utt4,1,0,0,0,0,0,0
dev/0000/dia108_utt5,1,0,0,0,0,0,0
dev/0000/dia108_utt6,1,0,0,0,0,0,0
dev/0000/dia108_utt7,0,0,0,0,0,0,1
dev/0000/dia108_utt8,0,0,0,0,0,1,0
dev/0006/dia108_utt9,0,0,0,0,1,0,0
dev/0001/dia109_utt0,0,0,0,0,1,0,0
dev/0004/dia109_utt1,0,0,0,1,0,0,0
dev/0006/dia109_utt2,0,1,0,0,0,0,0
dev/0001/dia109_utt3,0,0,0,0,0,1,0
dev/0004/dia109_utt4,1,0,0,0,0,0,0
dev/0004/dia109_utt5,0,0,0,0,1,0,0
dev/0004/dia109_utt6,0,0,0,0,1,0,0
dev/0004/dia109_utt7,0,0,0,0,1,0,0
dev/0006/dia10_utt0,0,0,0,0,1,0,0
dev/0007/dia10_utt1,0,0,0,0,1,0,0
dev/0003/dia10_utt2,0,0,1,0,0,0,0
dev/0004/dia10_utt3,0,0,0,1,0,0,0
dev/0007/dia10_utt4,1,0,0,0,0,0,0
dev/0006/dia10_utt5,1,0,0,0,0,0,0
dev/0004/dia10_utt6,1,0,0,0,0,0,0
dev/0006/dia10_utt7,1,0,0,0,0,0,0
dev/0003/dia10_utt8,0,0,0,0,1,0,0
dev/0006/dia10_utt9,0,0,0,0,1,0,0
dev/0000/dia110_utt0,0,0,0,0,1,0,0
dev/0002/dia110_utt1,0,0,0,0,1,0,0
dev/0000/dia110_utt2,0,0,0,0,1,0,0
dev/0002/dia110_utt3,0,0,0,0,1,0,0
dev/0000/dia110_utt4,0,0,0,0,1,0,0
dev/0000/dia110_utt5,0,0,0,1,0,0,0
dev/0000/dia110_utt6,0,0,0,1,0,0,0
dev/0002/dia110_utt8,0,0,0,1,0,0,0
dev/0000/dia110_utt9,0,0,0,1,0,0,0
dev/0003/dia111_utt0,1,0,0,0,0,0,0
dev/0001/dia111_utt1,0,0,0,0,1,0,0
dev/0003/dia111_utt2,0,0,0,0,1,0,0
dev/0000/dia112_utt0,1,0,0,0,0,0,0
dev/0000/dia112_utt1,0,0,0,0,0,1,0
dev/0008/dia112_utt2,0,0,0,0,1,0,0
dev/0000/dia112_utt3,0,0,0,0,0,1,0
dev/0008/dia112_utt4,0,0,0,0,1,0,0
dev/0001/dia113_utt0,0,0,0,0,1,0,0
dev/0002/dia113_utt1,0,0,0,0,0,1,0
dev/0002/dia113_utt10,0,0,0,0,0,1,0
dev/0001/dia113_utt11,0,0,0,0,0,1,0
dev/0002/dia113_utt12,0,0,0,0,0,1,0
dev/0001/dia113_utt13,0,0,0,0,0,1,0
dev/0001/dia113_utt2,0,0,0,0,1,0,0
dev/0001/dia113_utt3,0,0,0,0,0,1,0
dev/0001/dia113_utt4,0,0,0,0,1,0,0
dev/0001/dia113_utt5,0,0,0,0,1,0,0
dev/0002/dia113_utt6,0,0,0,0,0,0,1
dev/0001/dia113_utt7,0,0,0,0,1,0,0
dev/0002/dia113_utt8,0,0,0,0,0,1,0
dev/0001/dia113_utt9,0,0,0,0,0,1,0
dev/0000/dia11_utt0,0,0,0,0,1,0,0
dev/0002/dia11_utt1,0,0,0,0,1,0,0
dev/0002/dia11_utt10,1,0,0,0,0,0,0
dev/0000/dia11_utt11,0,0,0,0,1,0,0
dev/0002/dia11_utt12,1,0,0,0,0,0,0
dev/0000/dia11_utt2,0,0,0,0,1,0,0
dev/0002/dia11_utt3,0,0,0,0,0,0,1
dev/0000/dia11_utt4,1,0,0,0,0,0,0
dev/0002/dia11_utt5,0,0,1,0,0,0,0
dev/0002/dia11_utt6,0,0,0,0,1,0,0
dev/0000/dia11_utt7,0,0,1,0,0,0,0
dev/0002/dia11_utt8,1,0,0,0,0,0,0
dev/0000/dia11_utt9,0,0,0,0,1,0,0
dev/0006/dia12_utt0,0,0,0,0,1,0,0
dev/0000/dia12_utt1,0,0,0,0,1,0,0
dev/0000/dia12_utt2,0,0,0,0,1,0,0
dev/0006/dia12_utt3,0,0,0,0,0,0,1
dev/0000/dia12_utt4,0,0,0,0,0,1,0
dev/0009/dia13_utt0,0,0,0,0,1,0,0
dev/0000/dia13_utt1,1,0,0,0,0,0,0
dev/0005/dia13_utt10,0,0,0,0,0,0,1
dev/0005/dia13_utt11,0,0,0,0,0,0,1
dev/0003/dia13_utt12,0,0,0,0,0,0,1
dev/0005/dia13_utt13,0,0,0,0,0,0,1
dev/0005/dia13_utt14,0,0,0,0,0,0,1
dev/0005/dia13_utt15,0,0,0,0,0,0,1
dev/0003/dia13_utt16,0,0,0,1,0,0,0
dev/0010/dia13_utt17,0,0,0,0,1,0,0
dev/0005/dia13_utt18,0,0,0,1,0,0,0
dev/0010/dia13_utt19,0,0,0,0,0,0,1
dev/0005/dia13_utt2,0,0,0,1,0,0,0
dev/0005/dia13_utt20,0,0,0,1,0,0,0
dev/0010/dia13_utt21,0,0,0,1,0,0,0
dev/0005/dia13_utt3,0,0,0,1,0,0,0
dev/0005/dia13_utt4,0,0,0,1,0,0,0
dev/0005/dia13_utt5,0,0,0,0,0,0,1
dev/0005/dia13_utt6,0,0,0,0,0,0,1
dev/0005/dia13_utt7,0,0,0,0,0,0,1
dev/0005/dia13_utt8,0,0,0,1,0,0,0
dev/0009/dia13_utt9,0,0,0,1,0,0,0
dev/0011/dia14_utt0,0,0,0,1,0,0,0
dev/0003/dia14_utt1,0,0,0,0,1,0,0
dev/0011/dia14_utt2,0,0,0,0,1,0,0
dev/0003/dia14_utt3,0,0,0,0,1,0,0
dev/0011/dia14_utt4,1,0,0,0,0,0,0
dev/0003/dia14_utt5,0,0,0,0,0,1,0
dev/0011/dia14_utt6,0,0,0,0,0,1,0
dev/0003/dia14_utt7,0,0,0,0,0,1,0
dev/0011/dia14_utt8,1,0,0,0,0,0,0
dev/0002/dia15_utt0,0,0,0,1,0,0,0
dev/0004/dia15_utt1,0,0,0,1,0,0,0
dev/0002/dia15_utt2,0,0,0,0,0,0,1
dev/0004/dia15_utt3,0,0,0,0,1,0,0
dev/0002/dia15_utt4,0,0,0,0,0,0,1
dev/0004/dia15_utt5,0,0,0,0,1,0,0
dev/0002/dia15_utt6,0,0,1,0,0,0,0
dev/0004/dia15_utt7,0,1,0,0,0,0,0
dev/0002/dia15_utt8,0,0,1,0,0,0,0
dev/0004/dia15_utt9,0,0,1,0,0,0,0
dev/0012/dia16_utt0,0,0,0,0,1,0,0
dev/0013/dia16_utt1,0,0,0,0,0,1,0
dev/0012/dia16_utt10,0,0,0,0,0,1,0
dev/0006/dia16_utt11,1,0,0,0,0,0,0
dev/0000/dia16_utt12,1,0,0,0,0,0,0
dev/0013/dia16_utt13,0,0,0,0,1,0,0
dev/0006/dia16_utt14,0,0,0,0,0,1,0
dev/0000/dia16_utt15,0,0,0,0,1,0,0
dev/0006/dia16_utt16,1,0,0,0,0,0,0
dev/0000/dia16_utt17,1,0,0,0,0,0,0
dev/0006/dia16_utt18,0,0,0,0,0,1,0
dev/0006/dia16_utt2,0,0,0,0,0,0,1
dev/0013/dia16_utt3,0,0,0,1,0,0,0
dev/0000/dia16_utt4,1,0,0,0,0,0,0
dev/0012/dia16_utt5,0,0,0,0,1,0,0
dev/0000/dia16_utt6,1,0,0,0,0,0,0
dev/0006/dia16_utt7,1,0,0,0,0,0,0
dev/0012/dia16_utt8,0,0,0,0,1,0,0
dev/0006/dia16_utt9,0,1,0,0,0,0,0
dev/0004/dia17_utt0,1,0,0,0,0,0,0
dev/0014/dia17_utt1,1,0,0,0,0,0,0
dev/0002/dia17_utt2,1,0,0,0,0,0,0
dev/0006/dia17_utt3,1,0,0,0,0,0,0
dev/0002/dia17_utt4,1,0,0,0,0,0,0
dev/0001/dia18_utt0,0,0,0,0,1,0,0
dev/0000/dia18_utt1,0,0,0,0,1,0,0
dev/0001/dia18_utt10,1,0,0,0,0,0,0
dev/0001/dia18_utt11,0,0,0,0,1,0,0
dev/0000/dia18_utt12,0,0,0,0,0,0,1
dev/0001/dia18_utt13,1,0,0,0,0,0,0
dev/0001/dia18_utt2,0,0,0,0,1,0,0
dev/0000/dia18_utt3,0,0,0,0,1,0,0
dev/0001/dia18_utt4,0,0,1,0,0,0,0
dev/0001/dia18_utt5,0,0,1,0,0,0,0
dev/0001/dia18_utt6,0,0,1,0,0,0,0
dev/0000/dia18_utt7,0,0,1,0,0,0,0
dev/0001/dia18_utt8,0,0,1,0,0,0,0
dev/0000/dia18_utt9,0,0,0,0,1,0,0
dev/0006/dia19_utt0,0,0,0,0,1,0,0
dev/0006/dia19_utt1,1,0,0,0,0,0,0
dev/0006/dia19_utt10,0,0,0,0,0,1,0
dev/0015/dia19_utt11,0,0,0,0,1,0,0
dev/0015/dia19_utt12,0,0,0,0,1,0,0
dev/0015/dia19_utt13,1,0,0,0,0,0,0
dev/0015/dia19_utt14,0,0,0,0,0,1,0
dev/0006/dia19_utt15,0,0,0,0,1,0,0
dev/0000/dia19_utt16,0,0,0,1,0,0,0
dev/0006/dia19_utt17,0,0,0,0,1,0,0
dev/0000/dia19_utt18,0,0,0,0,0,1,0
dev/0000/dia19_utt19,0,0,0,1,0,0,0
dev/0006/dia19_utt2,1,0,0,0,0,0,0
dev/0000/dia19_utt20,0,0,0,0,0,1,0
dev/0000/dia19_utt21,0,0,0,1,0,0,0
dev/0000/dia19_utt22,0,0,0,0,0,1,0
dev/0006/dia19_utt3,1,0,0,0,0,0,0
dev/0006/dia19_utt4,1,0,0,0,0,0,0
dev/0015/dia19_utt5,1,0,0,0,0,0,0
dev/0006/dia19_utt6,1,0,0,0,0,0,0
dev/0006/dia19_utt7,1,0,0,0,0,0,0
dev/0006/dia19_utt8,0,0,0,0,1,0,0
dev/0006/dia19_utt9,1,0,0,0,0,0,0
dev/0006/dia1_utt0,0,0,0,0,1,0,0
dev/0003/dia1_utt1,0,0,0,1,0,0,0
dev/0000/dia1_utt10,0,0,0,0,0,0,1
dev/0000/dia1_utt11,1,0,0,0,0,0,0
dev/0001/dia1_utt12,0,0,0,0,1,0,0
dev/0004/dia1_utt13,0,0,0,1,0,0,0
dev/0003/dia1_utt14,0,0,0,0,1,0,0
dev/0004/dia1_utt15,0,0,0,0,1,0,0
dev/0004/dia1_utt2,0,0,0,0,0,1,0
dev/0003/dia1_utt3,0,0,0,0,1,0,0
dev/0000/dia1_utt4,0,0,0,0,1,0,0
dev/0016/dia1_utt5,0,0,0,1,0,0,0
dev/0000/dia1_utt6,0,0,0,0,1,0,0
dev/0002/dia1_utt7,0,0,0,0,0,0,1
dev/0000/dia1_utt8,0,0,0,0,1,0,0
dev/0006/dia1_utt9,0,0,0,0,1,0,0
dev/0004/dia20_utt0,0,0,0,0,1,0,0
dev/0001/dia20_utt1,0,0,0,0,1,0,0
dev/0002/dia20_utt2,0,0,0,1,0,0,0
dev/0001/dia20_utt3,0,0,0,0,1,0,0
dev/0002/dia20_utt4,0,1,0,0,0,0,0
dev/0001/dia20_utt5,0,1,0,0,0,0,0
dev/0002/dia20_utt6,0,1,0,0,0,0,0
dev/0004/dia20_utt7,0,0,0,0,0,0,1
dev/0004/dia21_utt0,0,0,0,0,1,0,0
dev/0004/dia21_utt1,0,0,0,0,1,0,0
dev/0000/dia21_utt2,0,0,0,0,1,0,0
dev/0006/dia21_utt3,0,0,0,0,1,0,0
dev/0003/dia21_utt4,0,0,0,0,1,0,0
dev/0016/dia21_utt5,0,0,0,0,1,0,0
dev/0003/dia21_utt6,0,0,0,0,0,0,1
dev/0003/dia22_utt0,0,0,0,0,1,0,0
dev/0003/dia22_utt1,0,0,0,0,1,0,0
dev/0006/dia22_utt10,0,0,0,0,1,0,0
dev/0004/dia22_utt11,0,0,0,0,0,0,1
dev/0003/dia22_utt12,0,0,0,0,0,0,1
dev/0004/dia22_utt13,0,0,0,0,0,0,1
dev/0003/dia22_utt2,0,0,0,0,1,0,0
dev/0003/dia22_utt3,0,0,0,0,0,0,1
dev/0003/dia22_utt4,0,0,0,0,1,0,0
dev/0003/dia22_utt5,0,0,0,0,1,0,0
dev/0006/dia22_utt6,1,0,0,0,0,0,0
dev/0003/dia22_utt7,0,0,0,0,1,0,0
dev/0006/dia22_utt8,0,0,0,0,1,0,0
dev/0004/dia22_utt9,0,0,0,0,1,0,0
dev/0006/dia23_utt0,0,0,0,0,1,0,0
dev/0000/dia23_utt1,0,0,0,0,0,1,0
dev/0000/dia23_utt10,0,0,0,0,0,1,0
dev/0006/dia23_utt11,0,0,0,0,0,1,0
dev/0006/dia23_utt12,0,0,0,0,0,1,0
dev/0000/dia23_utt13,0,0,0,0,0,1,0
dev/0006/dia23_utt2,0,0,0,0,0,1,0
dev/0000/dia23_utt3,0,0,0,0,0,0,1
dev/0006/dia23_utt4,0,0,0,0,0,1,0
dev/0000/dia23_utt5,0,0,0,0,0,0,1
dev/0006/dia23_utt6,0,1,0,0,0,0,0
dev/0006/dia23_utt7,0,0,0,0,0,1,0
dev/0000/dia23_utt8,0,0,0,0,1,0,0
dev/0006/dia23_utt9,0,0,0,0,0,0,1
dev/0017/dia24_utt0,0,0,0,0,1,0,0
dev/0004/dia24_utt1,0,0,0,0,1,0,0
dev/0004/dia24_utt2,0,0,0,0,0,1,0
dev/0004/dia24_utt3,0,0,0,0,1,0,0
dev/0003/dia24_utt4,0,0,0,1,0,0,0
dev/0004/dia24_utt5,0,0,0,0,1,0,0
dev/0003/dia24_utt6,0,0,0,0,1,0,0
dev/0004/dia24_utt7,1,0,0,0,0,0,0
dev/0003/dia24_utt8,0,0,0,0,0,0,1
dev/0000/dia25_utt0,1,0,0,0,0,0,0
dev/0001/dia25_utt1,0,0,0,0,0,0,1
dev/0000/dia25_utt2,1,0,0,0,0,0,0
dev/0000/dia25_utt3,1,0,0,0,0,0,0
dev/0001/dia25_utt4,0,0,0,0,0,1,0
dev/0000/dia25_utt5,1,0,0,0,0,0,0
dev/0001/dia26_utt0,0,0,0,0,1,0,0
dev/0002/dia26_utt1,0,0,0,0,0,0,1
dev/0001/dia26_utt10,0,0,0,0,0,1,0
dev/0001/dia26_utt11,0,0,0,0,0,1,0
dev/0002/dia26_utt12,1,0,0,0,0,0,0
dev/0001/dia26_utt13,1,0,0,0,0,0,0
dev/0002/dia26_utt14,1,0,0,0,0,0,0
dev/0001/dia26_utt15,1,0,0,0,0,0,0
dev/0002/dia26_utt16,0,0,0,0,0,1,0
dev/0001/dia26_utt2,0,0,0,0,0,0,1
dev/0002/dia26_utt3,0,0,0,0,1,0,0
dev/0001/dia26_utt4,0,0,0,0,1,0,0
dev/0001/dia26_utt5,0,0,0,0,1,0,0
dev/0002/dia26_utt6,0,0,0,0,0,0,1
dev/0001/dia26_utt7,0,0,0,0,0,1,0
dev/0002/dia26_utt8,1,0,0,0,0,0,0
dev/0001/dia26_utt9,0,0,0,0,0,1,0
dev/0001/dia27_utt0,0,0,0,0,0,0,1
dev/0000/dia27_utt1,0,0,0,0,1,0,0
dev/0001/dia27_utt2,0,0,0,0,0,0,1
dev/0003/dia27_utt3,0,0,0,0,0,1,0
dev/0000/dia27_utt4,0,0,0,0,1,0,0
dev/0002/dia27_utt5,0,0,0,0,0,0,1
dev/0001/dia27_utt6,1,0,0,0,0,0,0
dev/0000/dia27_utt7,0,0,0,0,1,0,0
dev/0003/dia27_utt8,0,0,0,0,0,0,1
dev/0000/dia27_utt9,0,0,0,0,0,0,1
dev/0006/dia28_utt0,0,0,0,0,1,0,0
dev/0000/dia28_utt1,0,0,0,0,0,1,0
dev/0003/dia28_utt10,0,0,0,0,1,0,0
dev/0004/dia28_utt2,0,0,0,1,0,0,0
dev/0000/dia28_utt3,0,0,0,0,1,0,0
dev/0002/dia28_utt4,0,0,0,0,1,0,0
dev/0001/dia28_utt5,0,0,0,0,0,1,0
dev/0016/dia28_utt6,0,0,0,0,0,1,0
dev/0000/dia28_utt7,0,0,0,1,0,0,0
dev/0002/dia28_utt8,0,0,0,0,0,0,1
dev/0004/dia28_utt9,0,0,0,0,1,0,0
dev/0001/dia29_utt0,1,0,0,0,0,0,0
dev/0002/dia29_utt1,0,0,0,0,1,0,0
dev/0002/dia29_utt10,0,0,0,1,0,0,0
dev/0001/dia29_utt2,0,0,0,0,0,1,0
dev/0002/dia29_utt3,0,0,0,0,0,1,0
dev/0001/dia29_utt4,0,0,0,0,1,0,0
dev/0002/dia29_utt5,0,0,0,0,1,0,0
dev/0001/dia29_utt6,0,0,0,0,1,0,0
dev/0002/dia29_utt7,0,0,0,0,1,0,0
dev/0001/dia29_utt8,1,0,0,0,0,0,0
dev/0001/dia29_utt9,1,0,0,0,0,0,0
dev/0004/dia2_utt0,0,0,0,0,1,0,0
dev/0018/dia2_utt1,0,0,0,0,0,0,1
dev/0004/dia2_utt2,0,0,0,0,0,0,1
dev/0018/dia2_utt3,0,0,0,0,0,0,1
dev/0004/dia2_utt4,0,0,0,1,0,0,0
dev/0018/dia2_utt5,0,0,0,0,1,0,0
dev/0004/dia30_utt0,0,0,1,0,0,0,0
dev/0000/dia30_utt1,0,0,1,0,0,0,0
dev/0004/dia30_utt10,0,0,0,1,0,0,0
dev/0000/dia30_utt11,0,0,0,0,1,0,0
dev/0004/dia30_utt12,0,0,0,0,1,0,0
dev/0000/dia30_utt13,1,0,0,0,0,0,0
dev/0000/dia30_utt14,1,0,0,0,0,0,0
dev/0000/dia30_utt15,1,0,0,0,0,0,0
dev/0000/dia30_utt16,1,0,0,0,0,0,0
dev/0000/dia30_utt17,1,0,0,0,0,0,0
dev/0000/dia30_utt18,0,0,0,0,1,0,0
dev/0004/dia30_utt2,0,0,1,0,0,0,0
dev/0000/dia30_utt3,0,0,0,0,0,1,0
dev/0004/dia30_utt4,1,0,0,0,0,0,0
dev/0000/dia30_utt5,0,0,0,0,0,0,1
dev/0004/dia30_utt6,0,0,0,0,1,0,0
dev/0000/dia30_utt7,0,0,0,0,1,0,0
dev/0004/dia30_utt8,0,0,0,1,0,0,0
dev/0000/dia30_utt9,0,0,0,1,0,0,0
dev/0019/dia31_utt0,0,0,0,0,0,1,0
dev/0003/dia31_utt1,0,0,0,0,0,0,1
dev/0006/dia31_utt10,0,0,0,1,0,0,0
dev/0019/dia31_utt11,1,0,0,0,0,0,0
dev/0006/dia31_utt12,0,0,0,1,0,0,0
dev/0019/dia31_utt2,0,0,0,0,0,1,0
dev/0003/dia31_utt3,0,0,0,0,1,0,0
dev/0003/dia31_utt4,0,0,0,0,1,0,0
dev/0019/dia31_utt5,0,0,0,0,0,1,0
dev/0006/dia31_utt6,0,0,0,1,0,0,0
dev/0006/dia31_utt7,0,0,0,1,0,0,0
dev/0006/dia31_utt8,0,0,0,1,0,0,0
dev/0006/dia31_utt9,0,0,0,1,0,0,0
dev/0020/dia32_utt0,0,0,0,0,1,0,0
dev/0002/dia32_utt1,0,0,0,0,1,0,0
dev/0020/dia32_utt10,0,0,0,0,1,0,0
dev/0002/dia32_utt11,0,0,0,0,1,0,0
dev/0020/dia32_utt12,0,0,0,0,1,0,0
dev/0002/dia32_utt13,0,0,0,0,1,0,0
dev/0020/dia32_utt2,0,0,0,0,0,0,1
dev/0002/dia32_utt3,0,0,0,0,1,0,0
dev/0020/dia32_utt4,0,0,0,0,1,0,0
dev/0002/dia32_utt5,0,0,0,0,1,0,0
dev/0020/dia32_utt6,0,0,0,0,1,0,0
dev/0020/dia32_utt7,0,0,0,0,1,0,0
dev/0020/dia32_utt8,0,0,0,0,1,0,0
dev/0006/dia32_utt9,1,0,0,0,0,0,0
dev/0003/dia33_utt0,0,0,0,0,0,1,0
dev/0001/dia33_utt1,0,0,0,0,1,0,0
dev/0021/dia34_utt0,0,0,0,0,1,0,0
dev/0006/dia34_utt1,0,0,0,0,1,0,0
dev/0006/dia34_utt10,0,0,0,1,0,0,0
dev/0006/dia34_utt2,0,0,0,0,1,0,0
dev/0006/dia34_utt3,0,0,0,0,1,0,0
dev/0021/dia34_utt4,0,0,0,0,1,0,0
dev/0006/dia34_utt5,0,0,0,0,1,0,0
dev/0006/dia34_utt6,0,0,1,0,0,0,0
dev/0006/dia34_utt7,0,1,0,0,0,0,0
dev/0006/dia34_utt8,0,0,0,0,0,1,0
dev/0021/dia34_utt9,0,0,0,0,1,0,0
dev/0022/dia35_utt0,0,0,0,0,1,0,0
dev/0006/dia36_utt0,0,0,1,0,0,0,0
dev/0002/dia36_utt1,0,0,0,0,1,0,0
dev/0006/dia36_utt10,0,0,1,0,0,0,0
dev/0002/dia36_utt11,0,1,0,0,0,0,0
dev/0006/dia36_utt2,0,0,0,0,1,0,0
dev/0002/dia36_utt3,0,0,0,0,1,0,0
dev/0006/dia36_utt4,0,0,0,0,1,0,0
dev/0002/dia36_utt5,0,0,0,0,0,1,0
dev/0006/dia36_utt6,0,0,0,0,0,0,1
dev/0002/dia36_utt7,0,0,0,0,1,0,0
dev/0006/dia36_utt8,0,0,0,0,1,0,0
dev/0002/dia36_utt9,0,0,0,0,0,0,1
dev/0023/dia37_utt0,0,0,0,0,1,0,0
dev/0003/dia37_utt1,0,0,1,0,0,0,0
dev/0006/dia37_utt10,0,0,0,0,1,0,0
dev/0002/dia37_utt2,0,0,1,0,0,0,0
dev/0004/dia37_utt3,0,0,0,0,0,0,1
dev/0001/dia37_utt4,0,0,0,0,0,0,1
dev/0004/dia37_utt5,0,0,1,0,0,0,0
dev/0023/dia37_utt6,0,0,1,0,0,0,0
dev/0016/dia37_utt7,0,1,0,0,0,0,0
dev/0000/dia37_utt8,0,0,0,0,0,0,1
dev/0006/dia37_utt9,0,0,0,0,0,0,1
dev/0004/dia38_utt0,1,0,0,0,0,0,0
dev/0003/dia39_utt0,0,0,0,0,1,0,0
dev/0001/dia39_utt1,0,0,0,1,0,0,0
dev/0003/dia39_utt2,0,0,0,1,0,0,0
dev/0007/dia3_utt0,0,0,0,0,1,0,0
dev/0006/dia3_utt1,0,0,0,1,0,0,0
dev/0003/dia3_utt2,0,0,0,0,0,0,1
dev/0002/dia40_utt0,0,0,0,0,0,0,1
dev/0004/dia40_utt1,0,0,0,0,1,0,0
dev/0002/dia40_utt10,0,0,0,1,0,0,0
dev/0002/dia40_utt2,0,1,0,0,0,0,0
dev/0004/dia40_utt3,0,0,0,0,1,0,0
dev/0002/dia40_utt4,0,0,0,0,0,0,1
dev/0004/dia40_utt5,0,0,0,0,0,0,1
dev/0002/dia40_utt6,1,0,0,0,0,0,0
dev/0004/dia40_utt7,0,0,0,0,1,0,0
dev/0002/dia40_utt8,0,0,1,0,0,0,0
dev/0004/dia40_utt9,0,0,0,0,0,1,0
dev/0002/dia41_utt0,0,0,0,0,1,0,0
dev/0006/dia41_utt1,0,0,0,0,1,0,0
dev/0006/dia41_utt2,0,0,0,0,1,0,0
dev/0006/dia42_utt0,1,0,0,0,0,0,0
dev/0006/dia42_utt1,1,0,0,0,0,0,0
dev/0002/dia42_utt2,0,0,0,0,1,0,0
dev/0006/dia42_utt3,0,0,0,0,1,0,0
dev/0006/dia42_utt4,1,0,0,0,0,0,0
dev/0001/dia43_utt0,0,0,0,0,1,0,0
dev/0002/dia43_utt1,0,0,0,0,1,0,0
dev/0024/dia44_utt0,0,0,0,0,0,1,0
dev/0006/dia44_utt1,1,0,0,0,0,0,0
dev/0006/dia44_utt10,0,0,0,1,0,0,0
dev/0025/dia44_utt11,0,0,0,0,1,0,0
dev/0024/dia44_utt2,0,0,0,0,1,0,0
dev/0024/dia44_utt3,0,0,0,0,1,0,0
dev/0006/dia44_utt4,0,0,0,0,1,0,0
dev/0025/dia44_utt5,0,0,0,1,0,0,0
dev/0006/dia44_utt6,0,0,0,0,1,0,0
dev/0025/dia44_utt7,0,0,0,1,0,0,0
dev/0006/dia44_utt8,0,0,0,0,1,0,0
dev/0025/dia44_utt9,0,0,0,0,1,0,0
dev/0003/dia45_utt0,0,0,0,0,1,0,0
dev/0001/dia45_utt1,0,0,0,0,1,0,0
dev/0004/dia45_utt10,0,0,0,0,1,0,0
dev/0003/dia45_utt11,0,0,1,0,0,0,0
dev/0002/dia45_utt2,0,0,0,0,1,0,0
dev/0001/dia45_utt3,0,0,0,0,0,0,1
dev/0000/dia45_utt4,0,0,0,0,1,0,0
dev/0002/dia45_utt5,0,0,0,0,1,0,0
dev/0001/dia45_utt6,0,0,0,0,1,0,0
dev/0002/dia45_utt7,0,0,0,0,1,0,0
dev/0000/dia45_utt8,0,0,0,0,1,0,0
dev/0003/dia45_utt9,0,0,1,0,0,0,0
dev/0002/dia46_utt0,0,0,0,0,1,0,0
dev/0000/dia46_utt1,0,0,0,0,1,0,0
dev/0004/dia46_utt2,0,0,0,0,1,0,0
dev/0006/dia46_utt3,0,0,0,0,1,0,0
dev/0001/dia46_utt4,0,0,0,0,0,0,1
dev/0006/dia46_utt5,0,0,0,0,0,0,1
dev/0004/dia46_utt6,0,0,0,0,1,0,0
dev/0002/dia46_utt7,0,0,0,0,1,0,0
dev/0004/dia46_utt8,0,0,1,0,0,0,0
dev/0000/dia46_utt9,0,0,0,0,1,0,0
dev/0021/dia47_utt0,0,0,0,0,1,0,0
dev/0006/dia47_utt1,0,0,0,0,1,0,0
dev/0021/dia47_utt10,0,0,0,0,1,0,0
dev/0021/dia47_utt2,0,0,0,0,1,0,0
dev/0006/dia47_utt3,0,0,0,0,1,0,0
dev/0021/dia47_utt4,0,0,0,0,1,0,0
dev/0006/dia47_utt5,0,0,0,0,0,0,1
dev/0021/dia47_utt6,0,0,0,1,0,0,0
dev/0006/dia47_utt7,0,0,0,0,0,0,1
dev/0021/dia47_utt8,0,0,0,0,1,0,0
dev/0006/dia47_utt9,0,0,0,0,0,0,1
dev/0001/dia48_utt0,0,0,0,0,1,0,0
dev/0002/dia48_utt1,0,0,0,1,0,0,0
dev/0001/dia48_utt2,0,0,0,1,0,0,0
dev/0002/dia48_utt3,0,0,1,0,0,0,0
dev/0001/dia48_utt4,0,0,0,0,1,0,0
dev/0002/dia48_utt5,0,0,0,0,1,0,0
dev/0026/dia48_utt6,0,0,0,0,0,0,1
dev/0002/dia48_utt7,0,0,0,0,0,1,0
dev/0006/dia49_utt0,1,0,0,0,0,0,0
dev/0015/dia49_utt1,0,0,0,0,0,0,1
dev/0000/dia49_utt10,1,0,0,0,0,0,0
dev/0000/dia49_utt11,1,0,0,0,0,0,0
dev/0006/dia49_utt12,0,0,0,0,1,0,0
dev/0000/dia49_utt13,1,0,0,0,0,0,0
dev/0000/dia49_utt14,0,0,0,0,1,0,0
dev/0006/dia49_utt2,1,0,0,0,0,0,0
dev/0015/dia49_utt3,1,0,0,0,0,0,0
dev/0000/dia49_utt6,1,0,0,0,0,0,0
dev/0000/dia49_utt7,1,0,0,0,0,0,0
dev/0000/dia49_utt8,0,0,0,0,1,0,0
dev/0000/dia49_utt9,1,0,0,0,0,0,0
dev/0006/dia4_utt0,0,0,0,0,1,0,0
dev/0027/dia4_utt1,0,0,0,0,1,0,0
dev/0006/dia4_utt10,0,0,0,0,1,0,0
dev/0028/dia4_utt11,0,0,0,0,0,0,1
dev/0006/dia4_utt12,0,0,0,0,0,0,1
dev/0028/dia4_utt13,0,0,0,0,0,0,1
dev/0006/dia4_utt14,0,0,0,0,1,0,0
dev/0006/dia4_utt2,0,0,0,0,0,0,1
dev/0006/dia4_utt3,0,0,0,0,1,0,0
dev/0006/dia4_utt4,0,0,0,0,1,0,0
dev/0027/dia4_utt5,0,0,0,0,1,0,0
dev/0006/dia4_utt6,1,0,0,0,0,0,0
dev/0028/dia4_utt7,0,0,0,0,1,0,0
dev/0006/dia4_utt8,0,0,0,0,1,0,0
dev/0028/dia4_utt9,0,0,0,0,0,0,1
dev/0000/dia50_utt0,0,0,0,0,0,0,1
dev/0004/dia50_utt1,0,0,0,0,0,0,1
dev/0029/dia50_utt2,1,0,0,0,0,0,0
dev/0000/dia50_utt3,0,0,0,0,1,0,0
dev/0004/dia51_utt0,0,0,0,0,1,0,0
dev/0003/dia51_utt1,0,0,0,1,0,0,0
dev/0004/dia51_utt2,0,0,0,0,1,0,0
dev/0001/dia51_utt3,0,0,0,0,1,0,0
dev/0004/dia51_utt4,0,0,0,0,1,0,0
dev/0030/dia51_utt5,0,0,0,0,1,0,0
dev/0004/dia51_utt6,1,0,0,0,0,0,0
dev/0031/dia52_utt0,0,0,0,0,1,0,0
dev/0001/dia52_utt1,0,0,0,1,0,0,0
dev/0031/dia52_utt2,0,0,0,0,1,0,0
dev/0004/dia53_utt0,0,0,0,1,0,0,0
dev/0032/dia53_utt1,0,0,0,0,1,0,0
dev/0004/dia53_utt2,0,0,0,1,0,0,0
dev/0032/dia53_utt3,0,0,0,0,1,0,0
dev/0004/dia53_utt4,0,0,0,0,1,0,0
dev/0032/dia53_utt5,0,0,0,0,1,0,0
dev/0004/dia53_utt6,0,0,0,0,1,0,0
dev/0032/dia53_utt7,0,0,0,1,0,0,0
dev/0004/dia53_utt8,0,0,0,1,0,0,0
dev/0001/dia54_utt0,0,0,0,0,1,0,0
dev/0000/dia54_utt1,0,0,0,0,1,0,0
dev/0004/dia54_utt10,0,0,0,0,0,1,0
dev/0006/dia54_utt11,0,0,0,0,0,0,1
dev/0004/dia54_utt12,0,0,0,0,1,0,0
dev/0000/dia54_utt2,0,0,0,1,0,0,0
dev/0006/dia54_utt3,0,0,0,0,1,0,0
dev/0003/dia54_utt4,0,0,0,0,1,0,0
dev/0002/dia54_utt5,0,1,0,0,0,0,0
dev/0016/dia54_utt6,0,0,0,0,1,0,0
dev/0001/dia54_utt7,0,0,0,0,1,0,0
dev/0004/dia54_utt8,0,0,0,0,0,1,0
dev/0001/dia54_utt9,0,0,0,0,0,0,1
dev/0033/dia55_utt0,0,0,0,0,0,1,0
dev/0034/dia56_utt0,1,0,0,0,0,0,0
dev/0004/dia56_utt1,0,0,0,0,0,1,0
dev/0004/dia56_utt10,0,0,0,0,0,1,0
dev/0004/dia56_utt11,0,0,0,0,0,1,0
dev/0004/dia56_utt12,0,0,0,0,0,1,0
dev/0004/dia56_utt13,0,0,0,0,0,1,0
dev/0004/dia56_utt14,0,0,0,0,1,0,0
dev/0004/dia56_utt15,0,0,0,0,1,0,0
dev/0035/dia56_utt16,0,0,0,0,0,1,0
dev/0004/dia56_utt2,0,0,0,0,0,1,0
dev/0035/dia56_utt3,0,0,0,0,1,0,0
dev/0033/dia56_utt4,0,0,0,0,0,1,0
dev/0035/dia56_utt5,1,0,0,0,0,0,0
dev/0004/dia56_utt6,1,0,0,0,0,0,0
dev/0035/dia56_utt7,0,0,0,0,0,1,0
dev/0004/dia56_utt8,0,0,0,0,0,1,0
dev/0004/dia56_utt9,0,0,0,0,0,1,0
dev/0002/dia57_utt0,0,0,0,0,1,0,0
dev/0000/dia57_utt1,0,0,0,0,1,0,0
dev/0000/dia57_utt10,0,0,0,0,1,0,0
dev/0000/dia57_utt11,0,0,0,0,1,0,0
dev/0000/dia57_utt12,0,0,0,1,0,0,0
dev/0002/dia57_utt2,0,0,0,0,1,0,0
dev/0000/dia57_utt3,0,0,0,1,0,0,0
dev/0006/dia57_utt4,0,0,0,1,0,0,0
dev/0002/dia57_utt5,0,0,0,1,0,0,0
dev/0000/dia57_utt6,0,0,0,0,0,0,1
dev/0006/dia57_utt7,0,0,0,0,1,0,0
dev/0002/dia57_utt8,0,0,0,0,1,0,0
dev/0006/dia57_utt9,0,0,0,0,1,0,0
dev/0003/dia58_utt0,0,0,0,0,1,0,0
dev/0006/dia58_utt1,0,1,0,0,0,0,0
dev/0004/dia58_utt10,0,0,0,0,1,0,0
dev/0006/dia58_utt11,0,0,0,1,0,0,0
dev/0003/dia58_utt2,0,0,0,0,1,0,0
dev/0006/dia58_utt3,0,0,0,0,1,0,0
dev/0001/dia58_utt4,0,0,0,0,0,0,1
dev/0004/dia58_utt5,0,0,0,1,0,0,0
dev/0001/dia58_utt6,0,0,0,0,0,0,1
dev/0004/dia58_utt7,0,0,0,1,0,0,0
dev/0004/dia58_utt8,0,0,0,0,1,0,0
dev/0003/dia58_utt9,0,0,0,0,1,0,0
dev/0003/dia59_utt0,0,0,0,0,1,0,0
dev/0004/dia59_utt1,0,0,0,0,1,0,0
dev/0000/dia59_utt2,0,0,0,0,1,0,0
dev/0000/dia59_utt3,0,0,0,0,1,0,0
dev/0000/dia59_utt4,0,0,0,0,1,0,0
dev/0006/dia5_utt0,1,0,0,0,0,0,0
dev/0002/dia5_utt1,0,0,0,0,0,0,1
dev/0002/dia5_utt10,1,0,0,0,0,0,0
dev/0006/dia5_utt11,1,0,0,0,0,0,0
dev/0002/dia5_utt12,1,0,0,0,0,0,0
dev/0006/dia5_utt2,1,0,0,0,0,0,0
dev/0002/dia5_utt3,1,0,0,0,0,0,0
dev/0006/dia5_utt4,1,0,0,0,0,0,0
dev/0006/dia5_utt5,1,0,0,0,0,0,0
dev/0006/dia5_utt6,1,0,0,0,0,0,0
dev/0006/dia5_utt7,1,0,0,0,0,0,0
dev/0002/dia5_utt8,1,0,0,0,0,0,0
dev/0006/dia5_utt9,1,0,0,0,0,0,0
dev/0003/dia60_utt0,0,0,0,0,0,0,1
dev/0001/dia60_utt1,0,0,0,0,1,0,0
dev/0003/dia60_utt2,1,0,0,0,0,0,0
dev/0001/dia60_utt3,0,0,0,1,0,0,0
dev/0003/dia60_utt4,0,0,0,0,1,0,0
dev/0001/dia60_utt5,0,0,0,1,0,0,0
dev/0001/dia60_utt6,0,0,0,1,0,0,0
dev/0001/dia61_utt0,0,0,0,1,0,0,0
dev/0000/dia61_utt1,0,0,0,1,0,0,0
dev/0001/dia61_utt2,0,0,0,0,1,0,0
dev/0000/dia61_utt3,0,0,0,0,1,0,0
dev/0001/dia61_utt4,0,0,0,0,1,0,0
dev/0000/dia61_utt5,0,0,0,1,0,0,0
dev/0006/dia62_utt0,0,0,0,0,1,0,0
dev/0021/dia62_utt1,0,0,0,1,0,0,0
dev/0006/dia62_utt2,0,0,0,0,0,0,1
dev/0021/dia62_utt3,0,0,0,0,1,0,0
dev/0006/dia62_utt4,0,0,0,0,1,0,0
dev/0021/dia62_utt5,0,0,0,0,1,0,0
dev/0006/dia63_utt0,0,0,0,1,0,0,0
dev/0002/dia63_utt1,0,0,0,0,1,0,0
dev/0002/dia63_utt10,0,0,0,1,0,0,0
dev/0002/dia63_utt11,0,0,0,1,0,0,0
dev/0002/dia63_utt12,0,0,0,0,0,0,1
dev/0006/dia63_utt13,0,0,0,0,1,0,0
dev/0006/dia63_utt14,0,0,0,0,1,0,0
dev/0002/dia63_utt15,0,0,0,0,1,0,0
dev/0006/dia63_utt16,0,0,0,0,1,0,0
dev/0002/dia63_utt17,0,0,0,0,1,0,0
dev/0006/dia63_utt18,0,0,0,0,1,0,0
dev/0002/dia63_utt19,0,0,0,0,1,0,0
dev/0006/dia63_utt2,1,0,0,0,0,0,0
dev/0006/dia63_utt20,0,0,0,0,1,0,0
dev/0002/dia63_utt3,0,0,0,1,0,0,0
dev/0006/dia63_utt4,0,0,0,1,0,0,0
dev/0002/dia63_utt5,0,0,0,0,0,1,0
dev/0006/dia63_utt6,0,0,0,0,1,0,0
dev/0002/dia63_utt7,0,0,0,0,1,0,0
dev/0006/dia63_utt8,0,0,0,0,0,1,0
dev/0002/dia63_utt9,0,0,0,0,0,0,1
dev/0002/dia64_utt0,0,0,0,0,0,0,1
dev/0001/dia64_utt1,0,0,0,1,0,0,0
dev/0004/dia64_utt2,0,0,0,0,1,0,0
dev/0036/dia64_utt3,0,0,0,0,1,0,0
dev/0004/dia64_utt4,0,0,0,0,1,0,0
dev/0002/dia65_utt0,0,0,0,1,0,0,0
dev/0037/dia65_utt1,0,0,0,0,1,0,0
dev/0037/dia65_utt10,0,0,0,1,0,0,0
dev/0002/dia65_utt2,0,0,0,1,0,0,0
dev/0037/dia65_utt3,0,0,0,0,1,0,0
dev/0002/dia65_utt4,0,0,0,0,0,0,1
dev/0037/dia65_utt5,0,0,0,1,0,0,0
dev/0037/dia65_utt6,0,0,0,0,1,0,0
dev/0037/dia65_utt7,0,0,0,0,1,0,0
dev/0037/dia65_utt8,0,0,0,0,1,0,0
dev/0002/dia65_utt9,0,0,1,0,0,0,0
dev/0000/dia66_utt0,0,0,0,0,0,0,1
dev/0002/dia66_utt1,0,0,0,0,1,0,0
dev/0006/dia66_utt11,0,0,0,0,1,0,0
dev/0000/dia66_utt2,0,0,0,0,1,0,0
dev/0006/dia66_utt3,0,0,0,0,0,0,1
dev/0000/dia66_utt4,1,0,0,0,0,0,0
dev/0002/dia66_utt5,0,0,0,0,0,1,0
dev/0006/dia66_utt6,0,0,0,0,1,0,0
dev/0006/dia66_utt7,0,0,0,0,1,0,0
dev/0006/dia66_utt8,0,0,0,0,1,0,0
dev/0002/dia67_utt0,0,0,0,1,0,0,0
dev/0016/dia67_utt1,0,0,0,1,0,0,0
dev/0000/dia67_utt10,0,0,0,0,1,0,0
dev/0002/dia67_utt2,0,0,0,0,1,0,0
dev/0003/dia67_utt3,0,0,0,1,0,0,0
dev/0004/dia67_utt4,0,0,0,1,0,0,0
dev/0002/dia67_utt5,0,0,0,0,1,0,0
dev/0001/dia67_utt6,0,0,0,0,1,0,0
dev/0002/dia67_utt7,0,0,0,0,1,0,0
dev/0001/dia67_utt8,0,0,0,0,1,0,0
dev/0002/dia67_utt9,0,0,0,0,0,0,1
dev/0002/dia68_utt0,0,0,0,1,0,0,0
dev/0006/dia68_utt1,0,0,0,0,1,0,0
dev/0006/dia68_utt10,0,0,0,1,0,0,0
dev/0001/dia68_utt11,0,0,0,0,1,0,0
dev/0000/dia68_utt2,0,0,0,0,1,0,0
dev/0002/dia68_utt3,0,0,0,0,0,0,1
dev/0000/dia68_utt4,0,0,0,0,1,0,0
dev/0006/dia68_utt5,0,0,0,0,0,1,0
dev/0003/dia68_utt6,0,0,0,0,0,0,1
dev/0006/dia68_utt7,0,0,1,0,0,0,0
dev/0006/dia68_utt8,0,0,0,0,0,1,0
dev/0016/dia68_utt9,0,0,0,1,0,0,0
dev/0002/dia69_utt0,0,0,0,1,0,0,0
dev/0038/dia69_utt1,0,0,0,0,0,1,0
dev/0038/dia69_utt10,0,0,0,0,1,0,0
dev/0002/dia69_utt11,0,0,0,0,0,1,0
dev/0002/dia69_utt12,0,0,0,0,1,0,0
dev/0002/dia69_utt13,0,0,0,0,0,1,0
dev/0002/dia69_utt14,0,0,0,0,0,1,0
dev/0038/dia69_utt15,0,0,0,0,1,0,0
dev/0002/dia69_utt16,0,0,0,0,0,1,0
dev/0038/dia69_utt17,0,0,0,0,0,1,0
dev/0002/dia69_utt18,0,0,0,0,0,0,1
dev/0038/dia69_utt19,0,0,0,0,0,1,0
dev/0038/dia69_utt2,0,0,0,0,1,0,0
dev/0006/dia69_utt3,0,0,0,0,1,0,0
dev/0006/dia69_utt4,0,0,0,1,0,0,0
dev/0006/dia69_utt5,0,0,0,0,1,0,0
dev/0006/dia69_utt6,0,0,0,0,1,0,0
dev/0038/dia69_utt7,0,0,0,0,1,0,0
dev/0006/dia69_utt8,0,0,0,0,1,0,0
dev/0002/dia69_utt9,0,0,0,0,1,0,0
dev/0000/dia6_utt0,0,0,0,1,0,0,0
dev/0004/dia6_utt1,0,0,0,0,1,0,0
dev/0000/dia6_utt2,0,0,0,0,1,0,0
dev/0000/dia6_utt3,0,0,0,0,1,0,0
dev/0000/dia6_utt4,0,0,0,0,0,0,1
dev/0000/dia6_utt5,0,0,0,0,0,1,0
dev/0000/dia6_utt6,0,0,0,0,1,0,0
dev/0004/dia6_utt7,0,0,0,0,1,0,0
dev/0000/dia6_utt8,0,0,0,0,0,0,1
dev/0004/dia6_utt9,0,0,0,0,0,0,1
dev/0006/dia70_utt0,1,0,0,0,0,0,0
dev/0003/dia70_utt1,0,0,0,0,1,0,0
dev/0006/dia70_utt2,0,0,0,1,0,0,0
dev/0003/dia70_utt3,0,0,0,1,0,0,0
dev/0016/dia70_utt4,0,0,0,1,0,0,0
dev/0003/dia70_utt5,0,0,0,0,0,0,1
dev/0002/dia71_utt0,0,0,0,1,0,0,0
dev/0004/dia71_utt1,0,0,0,0,1,0,0
dev/0002/dia71_utt2,0,0,0,0,0,0,1
dev/0004/dia71_utt3,0,0,0,0,0,0,1
dev/0002/dia71_utt4,0,0,0,1,0,0,0
dev/0004/dia71_utt5,0,0,0,0,1,0,0
dev/0000/dia72_utt0,1,0,0,0,0,0,0
dev/0004/dia72_utt1,0,0,0,0,0,1,0
dev/0004/dia72_utt10,1,0,0,0,0,0,0
dev/0000/dia72_utt11,1,0,0,0,0,0,0
dev/0004/dia72_utt12,1,0,0,0,0,0,0
dev/0004/dia72_utt13,1,0,0,0,0,0,0
dev/0004/dia72_utt14,1,0,0,0,0,0,0
dev/0004/dia72_utt15,0,0,0,0,1,0,0
dev/0000/dia72_utt16,1,0,0,0,0,0,0
dev/0002/dia72_utt17,0,0,0,0,1,0,0
dev/0000/dia72_utt18,1,0,0,0,0,0,0
dev/0000/dia72_utt2,1,0,0,0,0,0,0
dev/0004/dia72_utt3,0,0,0,0,1,0,0
dev/0000/dia72_utt4,0,0,0,0,1,0,0
dev/0004/dia72_utt5,0,0,0,0,0,0,1
dev/0000/dia72_utt6,1,0,0,0,0,0,0
dev/0004/dia72_utt7,1,0,0,0,0,0,0
dev/0001/dia72_utt8,0,0,0,0,1,0,0
dev/0000/dia72_utt9,1,0,0,0,0,0,0
dev/0006/dia73_utt0,1,0,0,0,0,0,0
dev/0004/dia73_utt1,1,0,0,0,0,0,0
dev/0006/dia73_utt2,1,0,0,0,0,0,0
dev/0002/dia74_utt0,0,0,0,1,0,0,0
dev/0006/dia74_utt1,0,0,0,0,1,0,0
dev/0002/dia74_utt10,0,0,0,0,0,0,1
dev/0006/dia74_utt11,0,0,0,0,1,0,0
dev/0006/dia74_utt12,0,0,0,0,1,0,0
dev/0006/dia74_utt13,0,0,0,0,1,0,0
dev/0006/dia74_utt14,0,0,0,0,1,0,0
dev/0006/dia74_utt15,0,0,0,0,1,0,0
dev/0006/dia74_utt16,0,0,0,0,1,0,0
dev/0002/dia74_utt17,0,0,0,1,0,0,0
dev/0006/dia74_utt18,0,0,0,0,1,0,0
dev/0002/dia74_utt19,1,0,0,0,0,0,0
dev/0002/dia74_utt2,0,0,0,1,0,0,0
dev/0006/dia74_utt3,0,0,0,0,0,1,0
dev/0002/dia74_utt4,0,0,0,0,0,0,1
dev/0006/dia74_utt5,0,0,0,0,1,0,0
dev/0002/dia74_utt6,0,0,0,0,1,0,0
dev/0006/dia74_utt7,0,0,0,0,1,0,0
dev/0002/dia74_utt8,0,0,0,0,0,0,1
dev/0006/dia74_utt9,0,0,0,0,0,1,0
dev/0002/dia75_utt0,0,0,0,0,1,0,0
dev/0003/dia76_utt0,0,0,0,1,0,0,0
dev/0006/dia76_utt1,0,0,0,0,0,0,1
dev/0003/dia76_utt10,1,0,0,0,0,0,0
dev/0003/dia76_utt11,1,0,0,0,0,0,0
dev/0003/dia76_utt12,0,0,0,0,1,0,0
dev/0003/dia76_utt13,0,0,0,0,0,0,1
dev/0006/dia76_utt14,0,1,0,0,0,0,0
dev/0003/dia76_utt15,0,0,0,0,1,0,0
dev/0006/dia76_utt16,0,0,0,0,1,0,0
dev/0003/dia76_utt2,0,0,0,0,1,0,0
dev/0006/dia76_utt3,0,0,0,0,1,0,0
dev/0003/dia76_utt4,0,0,0,1,0,0,0
dev/0006/dia76_utt5,0,0,0,0,1,0,0
dev/0003/dia76_utt6,0,0,0,1,0,0,0
dev/0003/dia76_utt7,0,0,0,1,0,0,0
dev/0006/dia76_utt8,0,0,0,1,0,0,0
dev/0003/dia76_utt9,1,0,0,0,0,0,0
dev/0000/dia77_utt0,0,0,0,0,0,0,1
dev/0006/dia77_utt1,0,0,0,0,0,0,1
dev/0006/dia77_utt10,0,0,0,0,0,1,0
dev/0006/dia77_utt11,0,0,0,0,1,0,0
dev/0006/dia77_utt12,0,0,0,0,0,1,0
dev/0006/dia77_utt13,0,0,0,0,0,1,0
dev/0006/dia77_utt14,0,0,0,0,0,1,0
dev/0006/dia77_utt15,0,0,0,0,1,0,0
dev/0006/dia77_utt16,0,0,0,0,0,1,0
dev/0000/dia77_utt17,0,0,0,0,1,0,0
dev/0006/dia77_utt18,0,0,0,0,1,0,0
dev/0000/dia77_utt19,0,0,0,0,1,0,0
dev/0000/dia77_utt2,0,0,0,0,1,0,0
dev/0006/dia77_utt3,0,0,0,1,0,0,0
dev/0000/dia77_utt4,0,0,0,0,1,0,0
dev/0000/dia77_utt5,0,0,0,0,1,0,0
dev/0000/dia77_utt6,0,0,0,0,1,0,0
dev/0000/dia77_utt7,0,0,0,0,1,0,0
dev/0006/dia77_utt8,0,0,0,0,0,1,0
dev/0000/dia77_utt9,0,0,0,0,1,0,0
dev/0002/dia78_utt0,0,0,0,1,0,0,0
dev/0006/dia78_utt1,0,0,0,0,1,0,0
dev/0002/dia78_utt2,0,0,0,0,1,0,0
dev/0006/dia78_utt3,1,0,0,0,0,0,0
dev/0002/dia78_utt4,0,0,0,1,0,0,0
dev/0002/dia78_utt5,0,0,1,0,0,0,0
dev/0006/dia78_utt6,0,0,0,0,1,0,0
dev/0002/dia78_utt7,0,0,1,0,0,0,0
dev/0006/dia78_utt8,1,0,0,0,0,0,0
dev/0001/dia79_utt0,0,0,0,1,0,0,0
dev/0003/dia79_utt1,0,0,0,0,0,0,1
dev/0003/dia79_utt10,0,0,0,0,0,1,0
dev/0001/dia79_utt2,0,0,0,0,1,0,0
dev/0003/dia79_utt3,0,0,0,0,1,0,0
dev/0001/dia79_utt4,0,0,0,1,0,0,0
dev/0001/dia79_utt5,0,0,0,1,0,0,0
dev/0001/dia79_utt6,0,0,0,0,1,0,0
dev/0003/dia79_utt7,0,0,0,0,0,1,0
dev/0001/dia79_utt8,0,0,0,0,1,0,0
dev/0001/dia79_utt9,0,0,0,0,1,0,0
dev/0006/dia7_utt0,0,0,0,1,0,0,0
dev/0002/dia7_utt1,0,0,0,1,0,0,0
dev/0006/dia7_utt10,0,0,0,1,0,0,0
dev/0006/dia7_utt2,0,0,0,0,1,0,0
dev/0002/dia7_utt3,0,0,0,0,1,0,0
dev/0006/dia7_utt4,0,0,0,0,0,0,1
dev/0002/dia7_utt5,0,0,0,1,0,0,0
dev/0006/dia7_utt6,0,0,0,0,0,0,1
dev/0006/dia7_utt7,1,0,0,0,0,0,0
dev/0006/dia7_utt8,0,1,0,0,0,0,0
dev/0039/dia7_utt9,0,0,0,1,0,0,0
dev/0000/dia80_utt0,0,0,0,0,1,0,0
dev/0040/dia80_utt1,0,0,0,0,1,0,0
dev/0000/dia80_utt2,0,0,0,0,1,0,0
dev/0040/dia80_utt3,0,0,0,0,1,0,0
dev/0000/dia80_utt4,0,0,0,0,0,0,1
dev/0040/dia80_utt5,0,0,0,0,1,0,0
dev/0000/dia80_utt6,0,0,0,0,1,0,0
dev/0040/dia80_utt7,0,0,0,1,0,0,0
dev/0000/dia80_utt8,0,0,0,0,1,0,0
dev/0040/dia80_utt9,0,0,0,0,1,0,0
dev/0041/dia81_utt0,0,0,0,1,0,0,0
dev/0006/dia81_utt1,0,0,0,0,1,0,0
dev/0006/dia81_utt2,0,0,0,1,0,0,0
dev/0004/dia82_utt0,0,0,0,1,0,0,0
dev/0003/dia82_utt1,1,0,0,0,0,0,0
dev/0004/dia82_utt10,0,0,0,0,1,0,0
dev/0004/dia82_utt11,0,0,0,0,1,0,0
dev/0004/dia82_utt12,0,0,0,0,1,0,0
dev/0018/dia82_utt13,0,0,0,1,0,0,0
dev/0004/dia82_utt14,0,0,0,0,0,0,1
dev/0018/dia82_utt15,0,0,0,0,1,0,0
dev/0018/dia82_utt16,0,0,0,0,1,0,0
dev/0018/dia82_utt17,0,0,0,0,1,0,0
dev/0004/dia82_utt18,1,0,0,0,0,0,0
dev/0004/dia82_utt2,0,0,0,0,1,0,0
dev/0004/dia82_utt3,1,0,0,0,0,0,0
dev/0004/dia82_utt4,0,0,0,0,1,0,0
dev/0004/dia82_utt5,1,0,0,0,0,0,0
dev/0004/dia82_utt6,0,0,0,0,0,0,1
dev/0000/dia82_utt7,0,0,0,0,1,0,0
dev/0004/dia82_utt8,1,0,0,0,0,0,0
dev/0004/dia82_utt9,0,0,0,0,1,0,0
dev/0001/dia83_utt0,1,0,0,0,0,0,0
dev/0001/dia83_utt1,0,0,0,0,0,0,1
dev/0003/dia83_utt2,0,0,0,1,0,0,0
dev/0001/dia83_utt3,0,0,0,0,0,0,1
dev/0003/dia83_utt4,0,0,0,0,1,0,0
dev/0003/dia83_utt5,0,0,0,0,1,0,0
dev/0003/dia83_utt6,0,0,0,0,1,0,0
dev/0003/dia83_utt7,0,0,0,1,0,0,0
dev/0001/dia84_utt0,0,0,0,0,0,0,1
dev/0006/dia84_utt1,0,0,0,0,0,0,1
dev/0000/dia84_utt2,0,0,0,0,1,0,0
dev/0002/dia84_utt3,0,0,0,0,0,0,1
dev/0000/dia84_utt4,0,0,0,0,0,1,0
dev/0000/dia84_utt5,0,0,0,0,0,1,0
dev/0004/dia84_utt6,0,0,0,0,1,0,0
dev/0000/dia84_utt7,0,0,0,0,1,0,0
dev/0002/dia85_utt0,0,0,0,0,1,0,0
dev/0002/dia85_utt1,0,0,0,1,0,0,0
dev/0003/dia85_utt10,1,0,0,0,0,0,0
dev/0002/dia85_utt11,0,0,0,0,0,0,1
dev/0004/dia85_utt12,0,0,0,0,1,0,0
dev/0002/dia85_utt13,0,0,0,0,1,0,0
dev/0004/dia85_utt14,0,0,0,0,0,0,1
dev/0002/dia85_utt15,0,0,0,0,1,0,0
dev/0004/dia85_utt16,0,0,0,0,0,0,1
dev/0006/dia85_utt2,0,0,0,0,1,0,0
dev/0002/dia85_utt3,0,0,0,0,1,0,0
dev/0002/dia85_utt4,0,0,0,1,0,0,0
dev/0000/dia85_utt5,0,0,0,0,0,0,1
dev/0002/dia85_utt6,0,0,0,0,0,0,1
dev/0006/dia85_utt7,0,0,0,1,0,0,0
dev/0002/dia85_utt8,0,0,0,0,0,0,1
dev/0001/dia85_utt9,0,0,0,1,0,0,0
dev/0006/dia86_utt0,0,0,0,0,1,0,0
dev/0001/dia86_utt1,0,0,0,0,1,0,0
dev/0006/dia86_utt2,0,0,0,0,1,0,0
dev/0000/dia86_utt3,0,0,0,0,1,0,0
dev/0006/dia87_utt0,0,0,0,0,1,0,0
dev/0006/dia87_utt1,0,0,0,0,1,0,0
dev/0006/dia87_utt2,0,0,0,0,1,0,0
dev/0006/dia87_utt3,0,0,0,0,1,0,0
dev/0042/dia87_utt4,0,0,0,1,0,0,0
dev/0000/dia88_utt0,0,0,0,0,0,0,1
dev/0001/dia88_utt1,0,0,0,0,1,0,0
dev/0000/dia88_utt2,0,0,0,0,0,0,1
dev/0001/dia88_utt3,0,0,0,0,0,1,0
dev/0000/dia88_utt4,1,0,0,0,0,0,0
dev/0003/dia88_utt5,0,0,0,0,1,0,0
dev/0004/dia89_utt0,0,0,1,0,0,0,0
dev/0003/dia89_utt1,1,0,0,0,0,0,0
dev/0006/dia89_utt10,0,0,0,0,1,0,0
dev/0004/dia89_utt2,0,0,1,0,0,0,0
dev/0001/dia89_utt3,0,0,0,0,1,0,0
dev/0043/dia89_utt4,0,0,0,0,1,0,0
dev/0006/dia89_utt5,0,0,0,0,0,1,0
dev/0006/dia89_utt6,0,0,0,0,0,1,0
dev/0006/dia89_utt7,0,0,0,0,0,1,0
dev/0006/dia89_utt8,0,0,0,1,0,0,0
dev/0006/dia89_utt9,0,0,0,0,1,0,0
dev/0001/dia8_utt0,0,0,0,0,1,0,0
dev/0004/dia8_utt1,0,0,0,0,1,0,0
dev/0004/dia8_utt10,0,0,0,0,1,0,0
dev/0004/dia8_utt11,0,0,0,0,1,0,0
dev/0004/dia8_utt12,0,0,0,0,1,0,0
dev/0004/dia8_utt13,0,0,0,0,1,0,0
dev/0004/dia8_utt14,0,0,0,1,0,0,0
dev/0004/dia8_utt2,0,0,0,0,1,0,0
dev/0004/dia8_utt3,0,0,0,0,1,0,0
dev/0004/dia8_utt4,0,0,0,0,1,0,0
dev/0001/dia8_utt5,0,0,0,0,1,0,0
dev/0004/dia8_utt6,0,0,0,0,1,0,0
dev/0001/dia8_utt7,0,0,0,1,0,0,0
dev/0004/dia8_utt8,0,0,0,0,1,0,0
dev/0004/dia8_utt9,0,0,0,0,1,0,0
dev/0002/dia90_utt0,0,0,0,1,0,0,0
dev/0001/dia90_utt1,0,0,0,0,1,0,0
dev/0002/dia90_utt2,0,0,1,0,0,0,0
dev/0000/dia90_utt3,0,0,0,0,1,0,0
dev/0002/dia90_utt4,0,0,0,0,1,0,0
dev/0004/dia90_utt5,1,0,0,0,0,0,0
dev/0002/dia90_utt6,0,0,0,0,0,1,0
dev/0000/dia91_utt0,0,0,0,0,0,0,1
dev/0006/dia91_utt1,0,0,0,0,1,0,0
dev/0006/dia91_utt10,0,1,0,0,0,0,0
dev/0000/dia91_utt2,0,0,0,0,1,0,0
dev/0002/dia91_utt3,0,0,0,0,1,0,0
dev/0004/dia91_utt4,1,0,0,0,0,0,0
dev/0003/dia91_utt5,0,0,0,0,0,0,1
dev/0006/dia91_utt6,0,1,0,0,0,0,0
dev/0000/dia91_utt7,0,0,0,0,1,0,0
dev/0006/dia91_utt8,0,1,0,0,0,0,0
dev/0000/dia91_utt9,0,0,0,0,1,0,0
dev/0016/dia92_utt0,0,0,0,0,0,0,1
dev/0006/dia92_utt1,0,1,0,0,0,0,0
dev/0000/dia92_utt10,0,1,0,0,0,0,0
dev/0006/dia92_utt11,1,0,0,0,0,0,0
dev/0000/dia92_utt2,0,0,0,1,0,0,0
dev/0002/dia92_utt3,0,0,0,0,0,0,1
dev/0006/dia92_utt4,0,0,0,0,0,0,1
dev/0000/dia92_utt5,0,0,0,0,0,0,1
dev/0002/dia92_utt6,0,0,1,0,0,0,0
dev/0000/dia92_utt7,0,0,0,0,0,0,1
dev/0002/dia92_utt8,1,0,0,0,0,0,0
dev/0000/dia92_utt9,1,0,0,0,0,0,0
dev/0002/dia93_utt0,0,0,0,0,0,1,0
dev/0000/dia93_utt1,0,0,0,0,1,0,0
dev/0006/dia93_utt2,0,0,0,0,1,0,0
dev/0000/dia93_utt3,0,0,0,0,0,1,0
dev/0000/dia93_utt4,0,0,0,0,1,0,0
dev/0004/dia93_utt5,0,0,0,0,1,0,0
dev/0000/dia93_utt6,0,0,0,0,0,1,0
dev/0004/dia93_utt7,0,0,0,0,0,1,0
dev/0003/dia94_utt0,0,0,0,0,1,0,0
dev/0021/dia94_utt1,0,0,0,1,0,0,0
dev/0015/dia94_utt10,0,0,0,0,1,0,0
dev/0006/dia94_utt11,1,0,0,0,0,0,0
dev/0006/dia94_utt2,0,1,0,0,0,0,0
dev/0000/dia94_utt3,0,0,0,0,1,0,0
dev/0004/dia94_utt4,0,0,0,0,1,0,0
dev/0015/dia94_utt5,0,0,0,1,0,0,0
dev/0004/dia94_utt6,0,0,0,0,1,0,0
dev/0006/dia94_utt7,0,0,0,0,0,0,1
dev/0015/dia94_utt8,0,0,0,0,1,0,0
dev/0006/dia94_utt9,1,0,0,0,0,0,0
dev/0001/dia95_utt0,1,0,0,0,0,0,0
dev/0004/dia95_utt1,0,0,0,0,1,0,0
dev/0001/dia95_utt10,0,0,0,0,1,0,0
dev/0001/dia95_utt2,1,0,0,0,0,0,0
dev/0004/dia95_utt3,0,0,0,0,1,0,0
dev/0000/dia95_utt4,0,0,0,0,1,0,0
dev/0003/dia95_utt5,0,0,0,0,0,0,1
dev/0001/dia95_utt6,1,0,0,0,0,0,0
dev/0003/dia95_utt7,0,0,0,0,0,0,1
dev/0001/dia95_utt8,1,0,0,0,0,0,0
dev/0003/dia95_utt9,0,0,0,0,1,0,0
dev/0044/dia96_utt0,0,0,0,0,1,0,0
dev/0000/dia96_utt1,0,0,0,0,1,0,0
dev/0044/dia96_utt2,0,0,0,0,0,0,1
dev/0000/dia96_utt3,0,0,0,1,0,0,0
dev/0001/dia97_utt0,0,0,0,1,0,0,0
dev/0000/dia97_utt1,0,0,0,1,0,0,0
dev/0001/dia97_utt10,0,0,0,0,0,0,1
dev/0000/dia97_utt11,0,0,0,1,0,0,0
dev/0003/dia97_utt12,0,0,0,0,0,0,1
dev/0000/dia97_utt13,0,0,0,0,1,0,0
dev/0001/dia97_utt14,0,0,1,0,0,0,0
dev/0000/dia97_utt15,0,0,0,0,1,0,0
dev/0006/dia97_utt16,0,0,0,0,0,0,1
dev/0000/dia97_utt17,0,0,0,0,1,0,0
dev/0002/dia97_utt18,0,0,0,0,0,0,1
dev/0016/dia97_utt19,0,0,0,0,1,0,0
dev/0003/dia97_utt2,0,0,0,0,1,0,0
dev/0002/dia97_utt20,0,0,0,1,0,0,0
dev/0006/dia97_utt21,0,0,0,0,1,0,0
dev/0000/dia97_utt3,0,0,0,1,0,0,0
dev/0001/dia97_utt4,0,0,0,1,0,0,0
dev/0000/dia97_utt5,0,0,0,1,0,0,0
dev/0001/dia97_utt6,0,0,0,0,1,0,0
dev/0000/dia97_utt7,0,0,0,1,0,0,0
dev/0001/dia97_utt8,0,0,0,0,0,0,1
dev/0000/dia97_utt9,0,0,0,1,0,0,0
dev/0045/dia98_utt0,1,0,0,0,0,0,0
dev/0001/dia98_utt1,0,1,0,0,0,0,0
dev/0045/dia98_utt2,1,0,0,0,0,0,0
dev/0001/dia98_utt3,0,0,0,1,0,0,0
dev/0006/dia98_utt4,1,0,0,0,0,0,0
dev/0001/dia99_utt0,0,0,0,1,0,0,0
dev/0046/dia99_utt1,0,0,0,0,1,0,0
dev/0000/dia99_utt2,0,0,0,1,0,0,0
dev/0046/dia99_utt3,0,0,0,0,0,0,1
dev/0000/dia99_utt4,0,0,0,1,0,0,0
dev/0046/dia99_utt5,0,0,0,0,0,0,1
dev/0003/dia99_utt6,0,0,0,0,0,0,1
dev/0002/dia99_utt7,0,0,0,0,1,0,0
dev/0003/dia99_utt8,0,0,0,0,1,0,0
dev/0004/dia9_utt0,0,0,0,0,1,0,0
dev/0003/dia9_utt1,0,0,0,0,0,1,0
dev/0004/dia9_utt2,0,0,0,0,1,0,0
dev/0003/dia9_utt3,0,0,0,1,0,0,0
dev/0004/dia9_utt4,0,0,0,0,1,0,0
dev/0004/dia9_utt5,0,0,0,0,1,0,0
dev/0004/dia9_utt6,0,0,0,0,1,0,0
dev/0004/dia9_utt7,0,0,0,0,1,0,0
test/0022/dia0_utt0,0,0,0,0,0,0,1
test/0002/dia0_utt1,1,0,0,0,0,0,0
test/0002/dia0_utt2,0,0,0,0,1,0,0
test/0000/dia100_utt0,0,0,0,0,1,0,0
test/0000/dia100_utt1,0,0,0,0,1,0,0
test/0000/dia100_utt10,0,0,0,0,0,1,0
test/0000/dia100_utt11,0,0,0,0,1,0,0
test/0000/dia100_utt12,0,0,0,0,1,0,0
test/0000/dia100_utt13,0,0,0,0,1,0,0
test/0000/dia100_utt14,0,0,1,0,0,0,0
test/0000/dia100_utt15,0,0,1,0,0,0,0
test/0000/dia100_utt16,0,0,0,0,1,0,0
test/0000/dia100_utt17,0,0,0,0,1,0,0
test/0000/dia100_utt18,0,0,1,0,0,0,0
test/0000/dia100_utt19,0,0,0,0,0,1,0
test/0000/dia100_utt2,0,0,0,0,1,0,0
test/0000/dia100_utt3,0,0,0,0,1,0,0
test/0000/dia100_utt4,0,0,0,0,1,0,0
test/0000/dia100_utt5,0,0,0,0,0,1,0
test/0000/dia100_utt6,0,0,0,0,0,1,0
test/0000/dia100_utt7,0,0,0,0,1,0,0
test/0000/dia100_utt8,0,0,0,0,1,0,0
test/0000/dia100_utt9,0,0,0,0,1,0,0
test/0000/dia101_utt0,0,0,0,1,0,0,0
test/0001/dia101_utt1,0,0,0,0,1,0,0
test/0000/dia101_utt2,0,0,0,0,0,1,0
test/0001/dia101_utt3,0,0,0,0,1,0,0
test/0002/dia102_utt0,1,0,0,0,0,0,0
test/0000/dia102_utt1,0,0,0,0,1,0,0
test/0002/dia102_utt2,0,0,0,0,0,0,1
test/0000/dia102_utt3,0,0,0,0,1,0,0
test/0002/dia102_utt4,1,0,0,0,0,0,0
test/0000/dia102_utt5,0,0,0,0,0,1,0
test/0002/dia102_utt6,1,0,0,0,0,0,0
test/0000/dia102_utt7,0,0,0,0,0,1,0
test/0002/dia102_utt8,0,0,0,0,1,0,0
test/0000/dia102_utt9,0,0,0,1,0,0,0
test/0006/dia103_utt0,0,0,0,1,0,0,0
test/0004/dia103_utt1,0,0,0,0,1,0,0
test/0006/dia103_utt2,0,0,1,0,0,0,0
test/0004/dia103_utt3,0,0,0,0,0,0,1
test/0006/dia103_utt4,1,0,0,0,0,0,0
test/0004/dia103_utt5,0,0,0,0,0,0,1
test/0004/dia104_utt0,0,0,0,1,0,0,0
test/0044/dia104_utt1,0,0,0,0,0,0,1
test/0004/dia104_utt2,0,0,0,0,1,0,0
test/0000/dia105_utt0,1,0,0,0,0,0,0
test/0000/dia105_utt1,0,0,1,0,0,0,0
test/0047/dia105_utt2,1,0,0,0,0,0,0
test/0004/dia106_utt0,1,0,0,0,0,0,0
test/0003/dia106_utt1,0,0,0,0,1,0,0
test/0001/dia106_utt2,0,1,0,0,0,0,0
test/0003/dia106_utt3,0,0,0,0,0,1,0
test/0002/dia107_utt0,0,0,0,0,1,0,0
test/0006/dia107_utt1,0,0,0,0,1,0,0
test/0002/dia107_utt10,0,0,0,0,1,0,0
test/0006/dia107_utt11,0,0,0,0,1,0,0
test/0002/dia107_utt12,0,0,0,0,0,0,1
test/0002/dia107_utt2,0,0,0,1,0,0,0
test/0006/dia107_utt3,0,0,0,0,0,1,0
test/0002/dia107_utt4,0,0,0,0,1,0,0
test/0006/dia107_utt5,0,0,0,1,0,0,0
test/0002/dia107_utt6,0,0,0,0,0,1,0
test/0006/dia107_utt7,0,0,0,0,0,1,0
test/0002/dia107_utt8,0,0,0,0,1,0,0
test/0006/dia107_utt9,0,0,0,0,1,0,0
test/0000/dia108_utt0,0,1,0,0,0,0,0
test/0000/dia108_utt3,1,0,0,0,0,0,0
test/0001/dia108_utt4,1,0,0,0,0,0,0
test/0000/dia108_utt5,0,0,0,1,0,0,0
test/0001/dia108_utt6,0,0,0,1,0,0,0
test/0000/dia108_utt7,0,0,0,0,0,0,1
test/0000/dia108_utt8,0,0,0,0,0,0,1
test/0000/dia108_utt9,0,0,0,1,0,0,0
test/0048/dia109_utt0,0,0,0,1,0,0,0
test/0004/dia109_utt1,0,0,0,1,0,0,0
test/0049/dia109_utt2,1,0,0,0,0,0,0
test/0003/dia109_utt3,0,0,0,0,1,0,0
test/0049/dia109_utt4,0,0,0,0,0,0,1
test/0049/dia109_utt5,1,0,0,0,0,0,0
test/0004/dia109_utt6,0,0,0,0,1,0,0
test/0003/dia109_utt7,0,0,0,0,0,0,1
test/0004/dia10_utt0,1,0,0,0,0,0,0
test/0004/dia10_utt1,0,0,0,0,1,0,0
test/0004/dia10_utt2,0,0,0,0,1,0,0
test/0006/dia10_utt3,0,0,0,0,1,0,0
test/0004/dia110_utt0,0,0,0,0,0,0,1
test/0006/dia110_utt1,0,0,0,0,1,0,0
test/0006/dia110_utt2,0,0,0,0,1,0,0
test/0004/dia110_utt3,0,0,0,0,0,0,1
test/0006/dia110_utt4,0,0,0,1,0,0,0
test/0006/dia110_utt5,0,0,0,0,1,0,0
test/0003/dia110_utt6,0,0,0,0,0,1,0
test/0006/dia110_utt7,0,0,0,1,0,0,0
test/0003/dia110_utt8,0,1,0,0,0,0,0
test/0050/dia111_utt0,0,0,0,0,1,0,0
test/0003/dia111_utt1,0,0,0,0,1,0,0
test/0003/dia111_utt10,1,0,0,0,0,0,0
test/0006/dia111_utt11,0,0,0,0,1,0,0
test/0004/dia111_utt12,0,0,0,0,1,0,0
test/0006/dia111_utt13,0,0,0,0,0,0,1
test/0004/dia111_utt14,0,0,0,0,1,0,0
test/0050/dia111_utt2,0,0,0,1,0,0,0
test/0003/dia111_utt3,1,0,0,0,0,0,0
test/0050/dia111_utt4,0,0,0,0,0,1,0
test/0003/dia111_utt5,1,0,0,0,0,0,0
test/0050/dia111_utt6,0,0,0,0,0,1,0
test/0050/dia111_utt7,0,0,0,0,0,1,0
test/0050/dia111_utt8,0,0,0,0,0,1,0
test/0050/dia111_utt9,0,0,1,0,0,0,0
test/0000/dia112_utt0,0,0,0,0,1,0,0
test/0001/dia112_utt1,0,0,0,0,1,0,0
test/0000/dia112_utt10,0,0,0,0,1,0,0
test/0001/dia112_utt11,0,0,0,1,0,0,0
test/0027/dia112_utt12,0,0,0,0,0,0,1
test/0000/dia112_utt13,0,0,0,0,0,0,1
test/0027/dia112_utt14,0,0,0,0,0,0,1
test/0000/dia112_utt15,0,0,0,0,1,0,0
test/0027/dia112_utt16,0,0,0,1,0,0,0
test/0000/dia112_utt17,0,0,0,0,1,0,0
test/0027/dia112_utt18,0,0,0,0,1,0,0
test/0000/dia112_utt19,0,0,0,1,0,0,0
test/0000/dia112_utt2,0,1,0,0,0,0,0
test/0001/dia112_utt20,0,0,0,1,0,0,0
test/0000/dia112_utt21,0,0,0,0,1,0,0
test/0000/dia112_utt3,0,1,0,0,0,0,0
test/0001/dia112_utt4,0,0,0,0,0,0,1
test/0000/dia112_utt5,0,0,0,0,1,0,0
test/0000/dia112_utt6,1,0,0,0,0,0,0
test/0000/dia112_utt7,1,0,0,0,0,0,0
test/0001/dia112_utt8,0,0,0,0,1,0,0
test/0000/dia112_utt9,0,0,0,0,1,0,0
test/0006/dia113_utt0,1,0,0,0,0,0,0
test/0003/dia113_utt1,0,0,0,0,0,0,1
test/0003/dia113_utt10,1,0,0,0,0,0,0
test/0006/dia113_utt11,0,0,0,0,1,0,0
test/0003/dia113_utt12,0,0,0,0,0,0,1
test/0004/dia113_utt13,1,0,0,0,0,0,0
test/0001/dia113_utt14,0,0,0,0,0,0,1
test/0002/dia113_utt15,1,0,0,0,0,0,0
test/0006/dia113_utt16,0,0,0,0,1,0,0
test/0004/dia113_utt2,0,0,0,1,0,0,0
test/0003/dia113_utt3,0,0,0,0,1,0,0
test/0001/dia113_utt4,0,0,1,0,0,0,0
test/0003/dia113_utt5,0,0,0,0,0,0,1
test/0001/dia113_utt6,1,0,0,0,0,0,0
test/0004/dia113_utt7,1,0,0,0,0,0,0
test/0003/dia113_utt8,1,0,0,0,0,0,0
test/0006/dia113_utt9,0,0,0,0,1,0,0
test/0002/dia114_utt0,0,0,0,0,1,0,0
test/0004/dia114_utt1,0,0,0,0,1,0,0
test/0006/dia114_utt2,0,0,0,0,0,0,1
test/0004/dia114_utt3,0,0,0,0,1,0,0
test/0002/dia114_utt4,0,0,0,0,1,0,0
test/0004/dia114_utt5,0,0,0,1,0,0,0
test/0051/dia115_utt0,0,0,0,1,0,0,0
test/0006/dia115_utt1,0,0,0,0,1,0,0
test/0003/dia115_utt2,1,0,0,0,0,0,0
test/0006/dia115_utt3,0,1,0,0,0,0,0
test/0003/dia115_utt4,0,0,0,0,1,0,0
test/0006/dia115_utt5,0,0,0,0,1,0,0
test/0052/dia116_utt0,0,0,0,0,1,0,0
test/0004/dia116_utt1,0,0,0,0,1,0,0
test/0004/dia116_utt10,0,0,0,0,1,0,0
test/0052/dia116_utt11,1,0,0,0,0,0,0
test/0052/dia116_utt2,1,0,0,0,0,0,0
test/0004/dia116_utt3,0,0,0,0,1,0,0
test/0052/dia116_utt4,1,0,0,0,0,0,0
test/0004/dia116_utt5,0,0,0,0,0,1,0
test/0004/dia116_utt6,0,0,0,0,1,0,0
test/0052/dia116_utt7,0,0,0,0,1,0,0
test/0004/dia116_utt8,0,0,0,0,1,0,0
test/0052/dia116_utt9,0,0,0,0,1,0,0
test/0053/dia117_utt0,0,0,0,0,1,0,0
test/0006/dia117_utt1,0,0,0,1,0,0,0
test/0053/dia117_utt2,0,0,0,0,1,0,0
test/0006/dia117_utt3,0,0,0,0,1,0,0
test/0006/dia117_utt4,0,0,0,0,1,0,0
test/0006/dia117_utt5,0,0,1,0,0,0,0
test/0053/dia117_utt6,0,0,0,0,1,0,0
test/0006/dia117_utt7,1,0,0,0,0,0,0
test/0053/dia117_utt8,0,0,0,0,0,0,1
test/0054/dia118_utt0,0,0,0,0,0,1,0
test/0054/dia118_utt1,0,0,0,0,0,1,0
test/0054/dia118_utt10,0,0,0,0,0,0,1
test/0003/dia118_utt11,0,0,0,0,1,0,0
test/0003/dia118_utt2,0,0,0,0,0,0,1
test/0054/dia118_utt3,0,0,0,1,0,0,0
test/0003/dia118_utt4,0,0,0,0,0,1,0
test/0054/dia118_utt5,0,0,0,0,0,1,0
test/0003/dia118_utt6,0,0,0,0,1,0,0
test/0054/dia118_utt7,0,0,0,1,0,0,0
test/0003/dia118_utt8,0,0,0,0,1,0,0
test/0003/dia118_utt9,0,0,1,0,0,0,0
test/0001/dia119_utt0,0,0,0,0,1,0,0
test/0000/dia119_utt1,0,0,0,0,0,1,0
test/0001/dia119_utt2,0,0,0,0,1,0,0
test/0000/dia119_utt3,0,0,0,0,0,0,1
test/0003/dia119_utt4,0,0,0,0,1,0,0
test/0001/dia119_utt5,0,0,1,0,0,0,0
test/0003/dia119_utt6,0,0,0,0,0,0,1
test/0002/dia11_utt0,0,0,0,0,0,1,0
test/0002/dia11_utt1,0,0,1,0,0,0,0
test/0002/dia11_utt2,0,0,0,0,1,0,0
test/0000/dia11_utt3,0,0,0,0,1,0,0
test/0002/dia11_utt4,0,0,0,0,1,0,0
test/0003/dia120_utt0,0,0,0,1,0,0,0
test/0001/dia120_utt1,0,0,0,0,1,0,0
test/0003/dia120_utt10,0,0,0,1,0,0,0
test/0001/dia120_utt11,0,1,0,0,0,0,0
test/0003/dia120_utt12,0,0,0,0,0,0,1
test/0001/dia120_utt13,0,0,0,0,1,0,0
test/0003/dia120_utt14,0,0,0,0,1,0,0
test/0001/dia120_utt15,1,0,0,0,0,0,0
test/0003/dia120_utt16,1,0,0,0,0,0,0
test/0001/dia120_utt17,1,0,0,0,0,0,0
test/0003/dia120_utt18,0,0,0,0,1,0,0
test/0001/dia120_utt2,0,0,0,1,0,0,0
test/0001/dia120_utt3,0,0,0,1,0,0,0
test/0001/dia120_utt4,0,0,0,0,1,0,0
test/0003/dia120_utt5,0,0,0,1,0,0,0
test/0003/dia120_utt6,0,0,0,1,0,0,0
test/0003/dia120_utt7,0,0,0,0,1,0,0
test/0003/dia120_utt8,0,0,0,0,1,0,0
test/0001/dia120_utt9,0,1,0,0,0,0,0
test/0001/dia121_utt0,0,0,0,1,0,0,0
test/0004/dia121_utt1,0,0,0,1,0,0,0
test/0001/dia121_utt2,0,0,0,0,1,0,0
test/0004/dia121_utt3,0,0,0,0,1,0,0
test/0001/dia121_utt4,0,0,0,1,0,0,0
test/0004/dia121_utt5,0,0,0,1,0,0,0
test/0003/dia122_utt0,0,0,0,0,1,0,0
test/0001/dia122_utt1,0,0,0,0,0,0,1
test/0003/dia122_utt2,0,0,0,0,1,0,0
test/0001/dia122_utt3,0,0,0,1,0,0,0
test/0003/dia122_utt4,0,0,0,0,1,0,0
test/0001/dia123_utt0,0,0,0,0,1,0,0
test/0000/dia123_utt1,0,0,0,0,1,0,0
test/0001/dia123_utt10,0,0,0,0,0,0,1
test/0000/dia123_utt11,0,0,0,0,0,1,0
test/0001/dia123_utt12,0,0,0,0,1,0,0
test/0000/dia123_utt13,0,1,0,0,0,0,0
test/0001/dia123_utt14,0,0,0,0,1,0,0
test/0000/dia123_utt15,0,0,0,0,0,1,0
test/0001/dia123_utt2,0,1,0,0,0,0,0
test/0000/dia123_utt3,0,0,0,0,1,0,0
test/0001/dia123_utt4,1,0,0,0,0,0,0
test/0000/dia123_utt5,0,0,0,0,1,0,0
test/0001/dia123_utt6,0,0,0,0,0,0,1
test/0000/dia123_utt7,0,0,0,0,1,0,0
test/0001/dia123_utt8,0,0,0,0,1,0,0
test/0000/dia123_utt9,0,1,0,0,0,0,0
test/0055/dia124_utt0,0,0,0,0,1,0,0
test/0003/dia124_utt1,0,0,0,0,0,1,0
test/0003/dia124_utt10,0,0,0,0,0,0,1
test/0003/dia124_utt11,0,0,0,0,0,0,1
test/0003/dia124_utt12,0,0,0,0,0,1,0
test/0049/dia124_utt13,0,0,0,0,1,0,0
test/0003/dia124_utt14,0,0,0,1,0,0,0
test/0049/dia124_utt2,0,0,0,0,0,1,0
test/0003/dia124_utt3,0,0,0,0,1,0,0
test/0049/dia124_utt4,0,0,0,0,1,0,0
test/0003/dia124_utt5,0,0,0,0,0,1,0
test/0049/dia124_utt6,0,0,0,0,1,0,0
test/0003/dia124_utt7,1,0,0,0,0,0,0
test/0049/dia124_utt8,0,0,0,0,0,0,1
test/0003/dia124_utt9,0,0,0,0,0,0,1
test/0002/dia125_utt0,0,0,0,1,0,0,0
test/0004/dia125_utt1,0,0,0,0,1,0,0
test/0004/dia125_utt10,0,0,0,0,1,0,0
test/0004/dia125_utt11,0,0,0,1,0,0,0
test/0004/dia125_utt12,0,0,0,0,1,0,0
test/0004/dia125_utt13,0,0,0,0,0,0,1
test/0004/dia125_utt14,0,0,0,0,0,0,1
test/0004/dia125_utt15,0,0,0,0,1,0,0
test/0004/dia125_utt16,0,0,0,0,1,0,0
test/0004/dia125_utt17,0,0,0,0,0,0,1
test/0004/dia125_utt18,1,0,0,0,0,0,0
test/0004/dia125_utt19,1,0,0,0,0,0,0
test/0000/dia125_utt2,0,0,0,0,1,0,0
test/0000/dia125_utt20,0,0,0,0,0,1,0
test/0002/dia125_utt21,0,0,0,0,0,1,0
test/0004/dia125_utt22,0,0,0,0,0,0,1
test/0002/dia125_utt3,0,0,0,0,1,0,0
test/0004/dia125_utt4,0,0,0,0,1,0,0
test/0002/dia125_utt5,0,0,0,0,1,0,0
test/0004/dia125_utt6,0,0,0,0,1,0,0
test/0004/dia125_utt7,0,0,0,0,0,0,1
test/0004/dia125_utt8,0,0,0,0,1,0,0
test/0004/dia125_utt9,0,0,0,0,1,0,0
test/0002/dia126_utt0,0,0,0,0,1,0,0
test/0056/dia126_utt1,0,0,0,1,0,0,0
test/0002/dia126_utt10,1,0,0,0,0,0,0
test/0006/dia126_utt11,0,0,0,0,1,0,0
test/0002/dia126_utt12,1,0,0,0,0,0,0
test/0056/dia126_utt13,0,0,0,1,0,0,0
test/0002/dia126_utt14,0,0,0,1,0,0,0
test/0056/dia126_utt15,0,0,0,0,1,0,0
test/0002/dia126_utt2,0,0,0,1,0,0,0
test/0056/dia126_utt3,0,0,0,0,1,0,0
test/0002/dia126_utt4,0,0,1,0,0,0,0
test/0056/dia126_utt5,0,0,0,0,1,0,0
test/0002/dia126_utt6,0,0,0,0,1,0,0
test/0056/dia126_utt7,0,0,0,0,1,0,0
test/0002/dia126_utt8,0,0,0,0,0,0,1
test/0006/dia126_utt9,0,0,0,0,1,0,0
test/0002/dia127_utt0,1,0,0,0,0,0,0
test/0006/dia127_utt1,0,0,0,0,1,0,0
test/0000/dia127_utt2,0,0,0,0,1,0,0
test/0006/dia127_utt3,0,0,0,0,1,0,0
test/0002/dia127_utt4,0,0,0,0,1,0,0
test/0006/dia127_utt5,0,0,0,0,1,0,0
test/0057/dia128_utt0,0,0,0,0,1,0,0
test/0003/dia128_utt1,0,0,0,0,1,0,0
test/0057/dia128_utt2,0,0,0,0,1,0,0
test/0003/dia128_utt3,0,0,1,0,0,0,0
test/0057/dia128_utt4,0,0,0,0,0,0,1
test/0003/dia128_utt5,1,0,0,0,0,0,0
test/0057/dia128_utt6,0,1,0,0,0,0,0
test/0003/dia128_utt7,0,0,0,0,1,0,0
test/0057/dia128_utt8,0,1,0,0,0,0,0
test/0003/dia128_utt9,0,0,0,0,1,0,0
test/0058/dia129_utt0,0,0,0,1,0,0,0
test/0058/dia129_utt1,0,0,0,0,0,0,1
test/0004/dia129_utt2,0,0,0,0,1,0,0
test/0058/dia129_utt3,0,0,0,0,0,1,0
test/0004/dia129_utt4,0,0,0,0,1,0,0
test/0058/dia129_utt5,0,0,0,0,1,0,0
test/0058/dia129_utt6,0,0,0,0,1,0,0
test/0058/dia129_utt7,0,0,0,0,1,0,0
test/0006/dia12_utt0,1,0,0,0,0,0,0
test/0001/dia12_utt1,0,0,0,0,1,0,0
test/0003/dia12_utt10,0,0,0,0,1,0,0
test/0001/dia12_utt11,0,0,0,1,0,0,0
test/0003/dia12_utt12,0,0,0,1,0,0,0
test/0001/dia12_utt13,0,0,0,0,1,0,0
test/0003/dia12_utt14,0,0,0,0,1,0,0
test/0006/dia12_utt15,0,0,0,0,1,0,0
test/0003/dia12_utt16,0,0,0,0,1,0,0
test/0006/dia12_utt17,0,0,0,0,1,0,0
test/0001/dia12_utt18,0,0,0,0,1,0,0
test/0006/dia12_utt19,0,0,0,1,0,0,0
test/0006/dia12_utt2,0,0,0,0,0,1,0
test/0006/dia12_utt3,1,0,0,0,0,0,0
test/0003/dia12_utt4,1,0,0,0,0,0,0
test/0006/dia12_utt5,1,0,0,0,0,0,0
test/0006/dia12_utt6,0,0,0,0,0,1,0
test/0006/dia12_utt7,0,0,0,0,0,1,0
test/0006/dia12_utt8,0,0,0,1,0,0,0
test/0006/dia12_utt9,0,0,0,0,1,0,0
test/0059/dia130_utt0,0,0,0,0,1,0,0
test/0006/dia130_utt1,0,1,0,0,0,0,0
test/0059/dia130_utt10,0,0,0,0,0,1,0
test/0006/dia130_utt11,0,0,1,0,0,0,0
test/0059/dia130_utt12,0,0,0,0,0,1,0
test/0059/dia130_utt13,0,0,0,0,1,0,0
test/0059/dia130_utt14,0,0,0,0,1,0,0
test/0006/dia130_utt15,0,0,0,0,1,0,0
test/0059/dia130_utt16,0,0,0,0,1,0,0
test/0006/dia130_utt17,0,0,0,0,1,0,0
test/0006/dia130_utt2,0,0,0,0,1,0,0
test/0006/dia130_utt3,0,0,0,0,1,0,0
test/0059/dia130_utt4,0,0,0,0,1,0,0
test/0006/dia130_utt5,0,0,0,1,0,0,0
test/0059/dia130_utt6,0,0,0,0,0,0,1
test/0006/dia130_utt7,0,0,0,0,1,0,0
test/0059/dia130_utt8,0,0,0,0,0,0,1
test/0006/dia130_utt9,0,0,0,0,1,0,0
test/0002/dia131_utt0,0,0,0,0,1,0,0
test/0004/dia131_utt1,0,0,0,1,0,0,0
test/0000/dia131_utt2,0,0,0,0,1,0,0
test/0002/dia131_utt3,0,0,0,1,0,0,0
test/0000/dia131_utt4,0,0,0,0,1,0,0
test/0006/dia131_utt5,0,0,0,0,1,0,0
test/0000/dia131_utt6,0,0,0,1,0,0,0
test/0004/dia131_utt7,0,0,0,0,1,0,0
test/0002/dia131_utt8,0,0,0,1,0,0,0
test/0000/dia132_utt0,0,0,0,0,1,0,0
test/0000/dia132_utt1,0,0,0,0,1,0,0
test/0004/dia132_utt10,1,0,0,0,0,0,0
test/0000/dia132_utt11,0,0,0,0,1,0,0
test/0004/dia132_utt12,0,0,0,0,1,0,0
test/0004/dia132_utt13,0,0,0,0,1,0,0
test/0004/dia132_utt14,0,0,0,0,1,0,0
test/0060/dia132_utt15,0,0,0,0,1,0,0
test/0004/dia132_utt16,0,0,0,1,0,0,0
test/0000/dia132_utt17,0,0,0,0,1,0,0
test/0004/dia132_utt18,0,0,0,0,1,0,0
test/0000/dia132_utt19,0,0,0,0,0,0,1
test/0000/dia132_utt2,0,0,0,0,1,0,0
test/0060/dia132_utt3,0,0,0,0,1,0,0
test/0000/dia132_utt4,0,0,0,1,0,0,0
test/0060/dia132_utt5,0,0,0,0,1,0,0
test/0004/dia132_utt6,0,0,0,0,1,0,0
test/0060/dia132_utt7,0,0,0,0,1,0,0
test/0004/dia132_utt8,0,0,0,0,1,0,0
test/0060/dia132_utt9,0,0,0,0,0,0,1
test/0006/dia133_utt0,0,0,0,1,0,0,0
test/0061/dia133_utt1,0,0,0,1,0,0,0
test/0006/dia133_utt10,0,0,0,0,1,0,0
test/0002/dia133_utt11,0,0,0,0,0,0,1
test/0006/dia133_utt12,0,0,0,0,0,1,0
test/0002/dia133_utt13,0,0,0,0,0,0,1
test/0006/dia133_utt14,0,0,0,0,1,0,0
test/0006/dia133_utt15,0,0,1,0,0,0,0
test/0062/dia133_utt2,0,0,0,0,1,0,0
test/0006/dia133_utt3,0,0,0,1,0,0,0
test/0062/dia133_utt4,0,0,0,1,0,0,0
test/0002/dia133_utt5,0,0,0,1,0,0,0
test/0062/dia133_utt6,0,0,0,0,1,0,0
test/0006/dia133_utt7,0,0,0,0,1,0,0
test/0002/dia133_utt8,0,0,0,0,0,0,1
test/0006/dia133_utt9,0,0,0,0,1,0,0
test/0006/dia134_utt0,0,0,0,0,0,0,1
test/0003/dia134_utt1,0,0,0,0,0,1,0
test/0006/dia134_utt2,0,0,0,1,0,0,0
test/0003/dia134_utt3,1,0,0,0,0,0,0
test/0063/dia135_utt0,0,0,0,0,1,0,0
test/0002/dia135_utt1,0,0,0,0,0,0,1
test/0063/dia135_utt2,0,0,0,0,1,0,0
test/0002/dia135_utt3,0,0,0,1,0,0,0
test/0002/dia135_utt4,0,0,0,1,0,0,0
test/0002/dia135_utt5,0,0,0,1,0,0,0
test/0002/dia136_utt0,0,0,0,1,0,0,0
test/0003/dia137_utt0,0,0,0,0,1,0,0
test/0004/dia137_utt1,0,0,0,0,1,0,0
test/0004/dia137_utt10,0,0,0,0,0,0,1
test/0003/dia137_utt11,0,0,0,0,1,0,0
test/0004/dia137_utt12,0,0,0,0,0,0,1
test/0004/dia137_utt13,1,0,0,0,0,0,0
test/0004/dia137_utt14,1,0,0,0,0,0,0
test/0002/dia137_utt2,0,0,0,0,1,0,0
test/0004/dia137_utt3,0,0,0,0,1,0,0
test/0002/dia137_utt4,0,0,0,0,1,0,0
test/0003/dia137_utt5,0,0,0,0,1,0,0
test/0004/dia137_utt6,0,0,0,0,1,0,0
test/0003/dia137_utt7,0,0,0,0,0,0,1
test/0004/dia137_utt8,0,0,0,0,1,0,0
test/0003/dia137_utt9,0,0,0,0,0,0,1
test/0003/dia138_utt0,0,0,0,0,1,0,0
test/0006/dia138_utt1,0,1,0,0,0,0,0
test/0003/dia138_utt2,0,0,0,0,0,0,1
test/0001/dia138_utt3,0,0,0,0,0,0,1
test/0064/dia139_utt0,0,0,0,0,1,0,0
test/0002/dia139_utt1,0,0,0,0,0,1,0
test/0064/dia139_utt2,0,0,0,0,1,0,0
test/0006/dia139_utt3,0,0,0,1,0,0,0
test/0064/dia139_utt4,0,0,0,1,0,0,0
test/0006/dia139_utt5,0,0,0,0,1,0,0
test/0002/dia139_utt6,0,0,0,0,1,0,0
test/0006/dia139_utt7,0,0,0,0,0,0,1
test/0002/dia139_utt8,0,0,0,1,0,0,0
test/0006/dia139_utt9,0,0,0,0,1,0,0
test/0065/dia13_utt0,0,0,0,0,1,0,0
test/0000/dia13_utt1,0,0,0,0,1,0,0
test/0065/dia13_utt2,0,0,0,0,1,0,0
test/0000/dia13_utt3,0,0,0,0,0,0,1
test/0065/dia13_utt4,0,0,0,0,1,0,0
test/0065/dia13_utt5,1,0,0,0,0,0,0
test/0065/dia13_utt6,1,0,0,0,0,0,0
test/0065/dia13_utt7,1,0,0,0,0,0,0
test/0004/dia140_utt0,1,0,0,0,0,0,0
test/0006/dia140_utt1,0,0,0,0,0,1,0
test/0006/dia140_utt10,0,0,0,0,1,0,0
test/0004/dia140_utt11,1,0,0,0,0,0,0
test/0004/dia140_utt12,0,0,0,0,0,1,0
test/0004/dia140_utt13,0,0,0,0,0,1,0
test/0006/dia140_utt14,0,0,0,0,1,0,0
test/0006/dia140_utt15,0,0,0,0,1,0,0
test/0006/dia140_utt16,0,0,0,0,1,0,0
test/0006/dia140_utt2,0,0,0,0,1,0,0
test/0006/dia140_utt3,0,0,0,0,1,0,0
test/0006/dia140_utt4,0,0,0,0,1,0,0
test/0006/dia140_utt5,0,0,0,1,0,0,0
test/0006/dia140_utt6,0,0,0,0,1,0,0
test/0006/dia140_utt7,0,0,0,0,1,0,0
test/0004/dia140_utt8,0,0,0,0,0,1,0
test/0004/dia140_utt9,0,0,0,1,0,0,0
test/0003/dia141_utt0,0,0,0,0,1,0,0
test/0066/dia141_utt1,0,0,0,0,1,0,0
test/0003/dia141_utt2,0,0,0,0,1,0,0
test/0066/dia141_utt3,0,0,0,0,1,0,0
test/0066/dia141_utt4,0,0,0,0,1,0,0
test/0003/dia142_utt0,0,0,0,0,1,0,0
test/0003/dia142_utt1,0,0,0,0,1,0,0
test/0003/dia143_utt0,0,0,0,0,1,0,0
test/0001/dia143_utt1,0,0,0,0,1,0,0
test/0003/dia143_utt2,0,0,0,0,1,0,0
test/0001/dia143_utt3,0,0,0,0,0,1,0
test/0003/dia143_utt4,0,0,0,0,1,0,0
test/0001/dia143_utt5,0,0,1,0,0,0,0
test/0003/dia143_utt6,0,0,0,0,0,0,1
test/0001/dia143_utt7,1,0,0,0,0,0,0
test/0003/dia143_utt8,0,1,0,0,0,0,0
test/0006/dia144_utt0,1,0,0,0,0,0,0
test/0001/dia144_utt1,0,0,0,1,0,0,0
test/0001/dia144_utt10,1,0,0,0,0,0,0
test/0001/dia144_utt11,1,0,0,0,0,0,0
test/0001/dia144_utt12,1,0,0,0,0,0,0
test/0067/dia144_utt13,0,0,0,0,1,0,0
test/0006/dia144_utt14,0,0,0,0,1,0,0
test/0006/dia144_utt2,1,0,0,0,0,0,0
test/0001/dia144_utt3,0,0,0,0,1,0,0
test/0006/dia144_utt4,1,0,0,0,0,0,0
test/0067/dia144_utt5,0,0,0,0,0,0,1
test/0001/dia144_utt6,1,0,0,0,0,0,0
test/0006/dia144_utt7,0,0,0,0,1,0,0
test/0001/dia144_utt8,1,0,0,0,0,0,0
test/0001/dia144_utt9,0,0,0,0,0,0,1
test/0003/dia145_utt0,0,0,0,0,1,0,0
test/0007/dia145_utt1,0,0,0,0,0,0,1
test/0007/dia145_utt10,0,0,0,0,1,0,0
test/0003/dia145_utt11,0,0,0,0,1,0,0
test/0007/dia145_utt12,0,0,0,0,1,0,0
test/0003/dia145_utt2,0,0,0,0,1,0,0
test/0007/dia145_utt3,0,0,0,0,0,0,1
test/0003/dia145_utt4,0,0,0,0,1,0,0
test/0007/dia145_utt5,0,0,0,0,1,0,0
test/0003/dia145_utt6,0,0,0,0,1,0,0
test/0003/dia145_utt7,0,0,0,0,1,0,0
test/0007/dia145_utt8,0,0,0,0,1,0,0
test/0003/dia145_utt9,0,0,0,0,0,0,1
test/0006/dia146_utt0,0,0,0,1,0,0,0
test/0002/dia146_utt1,0,0,0,0,0,1,0
test/0006/dia146_utt2,0,0,0,0,0,0,1
test/0002/dia146_utt3,0,0,0,0,1,0,0
test/0006/dia146_utt4,0,0,0,0,0,0,1
test/0002/dia146_utt5,0,0,0,1,0,0,0
test/0006/dia146_utt6,0,0,0,1,0,0,0
test/0003/dia147_utt0,0,0,0,0,0,0,1
test/0001/dia147_utt1,0,0,0,0,0,0,1
test/0004/dia147_utt10,0,0,0,1,0,0,0
test/0004/dia147_utt2,0,0,0,0,0,1,0
test/0003/dia147_utt3,1,0,0,0,0,0,0
test/0001/dia147_utt4,1,0,0,0,0,0,0
test/0001/dia147_utt5,1,0,0,0,0,0,0
test/0001/dia147_utt6,1,0,0,0,0,0,0
test/0001/dia147_utt7,0,0,0,0,1,0,0
test/0001/dia147_utt8,0,0,0,0,1,0,0
test/0003/dia147_utt9,0,0,0,0,1,0,0
test/0049/dia148_utt0,0,0,0,0,0,1,0
test/0003/dia149_utt0,0,0,0,0,0,1,0
test/0049/dia149_utt1,0,0,0,0,0,1,0
test/0003/dia149_utt2,0,0,0,0,0,1,0
test/0000/dia14_utt0,0,0,0,0,0,0,1
test/0004/dia14_utt1,0,0,0,1,0,0,0
test/0003/dia14_utt10,0,0,0,0,1,0,0
test/0004/dia14_utt2,0,0,0,1,0,0,0
test/0004/dia14_utt3,0,0,0,1,0,0,0
test/0004/dia14_utt4,0,0,0,0,1,0,0
test/0004/dia14_utt5,0,0,0,0,1,0,0
test/0000/dia14_utt6,0,0,0,1,0,0,0
test/0004/dia14_utt7,0,0,0,1,0,0,0
test/0003/dia14_utt8,0,0,0,0,1,0,0
test/0000/dia14_utt9,0,0,0,1,0,0,0
test/0049/dia150_utt0,0,0,0,0,0,1,0
test/0003/dia150_utt1,1,0,0,0,0,0,0
test/0049/dia150_utt2,0,0,0,0,0,1,0
test/0003/dia150_utt3,0,0,0,0,0,1,0
test/0049/dia150_utt4,0,0,0,0,0,1,0
test/0068/dia150_utt5,0,0,0,0,1,0,0
test/0000/dia151_utt0,0,1,0,0,0,0,0
test/0005/dia151_utt1,0,0,0,0,1,0,0
test/0000/dia151_utt2,0,0,0,0,1,0,0
test/0000/dia151_utt3,0,0,0,0,1,0,0
test/0000/dia152_utt0,0,0,0,0,1,0,0
test/0005/dia152_utt1,0,0,0,0,1,0,0
test/0000/dia152_utt2,0,0,0,0,0,0,1
test/0005/dia152_utt3,0,0,0,0,1,0,0
test/0000/dia152_utt4,0,0,0,0,1,0,0
test/0006/dia153_utt0,0,0,0,0,1,0,0
test/0003/dia153_utt1,0,0,0,0,1,0,0
test/0004/dia153_utt10,0,0,0,1,0,0,0
test/0003/dia153_utt11,0,0,1,0,0,0,0
test/0004/dia153_utt2,0,0,0,0,1,0,0
test/0004/dia153_utt3,0,0,0,0,1,0,0
test/0004/dia153_utt4,0,0,1,0,0,0,0
test/0004/dia153_utt5,0,0,0,0,1,0,0
test/0004/dia153_utt6,0,0,0,0,1,0,0
test/0004/dia153_utt7,0,0,0,0,1,0,0
test/0002/dia153_utt8,0,0,0,1,0,0,0
test/0003/dia153_utt9,0,0,0,0,1,0,0
test/0069/dia154_utt0,0,0,0,1,0,0,0
test/0006/dia154_utt1,0,0,0,1,0,0,0
test/0006/dia154_utt10,0,0,0,1,0,0,0
test/0006/dia154_utt11,0,0,0,1,0,0,0
test/0006/dia154_utt12,0,0,0,1,0,0,0
test/0069/dia154_utt13,0,0,0,0,1,0,0
test/0069/dia154_utt14,0,0,0,0,1,0,0
test/0006/dia154_utt15,0,0,0,0,0,0,1
test/0069/dia154_utt16,0,0,0,1,0,0,0
test/0006/dia154_utt17,0,0,0,1,0,0,0
test/0069/dia154_utt18,0,0,0,0,1,0,0
test/0006/dia154_utt19,0,0,0,0,1,0,0
test/0069/dia154_utt2,0,0,0,1,0,0,0
test/0069/dia154_utt20,0,0,0,0,1,0,0
test/0006/dia154_utt3,0,0,0,1,0,0,0
test/0004/dia154_utt4,0,0,0,0,1,0,0
test/0006/dia154_utt5,0,0,0,0,1,0,0
test/0069/dia154_utt6,0,0,0,0,0,0,1
test/0004/dia154_utt7,0,0,0,1,0,0,0
test/0000/dia154_utt8,1,0,0,0,0,0,0
test/0069/dia154_utt9,0,0,0,1,0,0,0
test/0006/dia155_utt0,1,0,0,0,0,0,0
test/0002/dia155_utt1,1,0,0,0,0,0,0
test/0006/dia155_utt2,0,0,0,0,1,0,0
test/0002/dia155_utt3,0,0,0,0,0,0,1
test/0006/dia155_utt4,0,0,0,0,1,0,0
test/0002/dia155_utt5,0,0,0,0,0,1,0
test/0006/dia155_utt6,0,0,0,0,1,0,0
test/0006/dia155_utt7,0,0,0,0,1,0,0
test/0002/dia155_utt8,0,0,0,0,0,1,0
test/0070/dia156_utt0,0,0,0,1,0,0,0
test/0003/dia156_utt1,0,0,0,1,0,0,0
test/0070/dia156_utt10,0,0,0,0,0,1,0
test/0070/dia156_utt11,0,0,0,1,0,0,0
test/0003/dia156_utt12,1,0,0,0,0,0,0
test/0070/dia156_utt13,0,0,0,0,1,0,0
test/0070/dia156_utt14,0,0,0,1,0,0,0
test/0003/dia156_utt15,1,0,0,0,0,0,0
test/0070/dia156_utt2,0,0,0,0,1,0,0
test/0003/dia156_utt3,0,0,0,0,1,0,0
test/0070/dia156_utt4,0,0,0,0,1,0,0
test/0003/dia156_utt5,0,0,0,0,1,0,0
test/0070/dia156_utt6,1,0,0,0,0,0,0
test/0003/dia156_utt7,0,0,0,1,0,0,0
test/0070/dia156_utt8,0,0,0,0,1,0,0
test/0003/dia156_utt9,0,0,0,0,0,1,0
test/0004/dia157_utt0,0,0,0,0,1,0,0
test/0004/dia157_utt1,0,0,0,0,1,0,0
test/0002/dia157_utt2,1,0,0,0,0,0,0
test/0004/dia157_utt3,0,0,0,0,1,0,0
test/0002/dia157_utt4,0,0,0,0,1,0,0
test/0004/dia157_utt5,0,0,0,0,1,0,0
test/0002/dia157_utt6,0,0,0,0,1,0,0
test/0004/dia157_utt7,0,0,0,0,1,0,0
test/0037/dia158_utt0,0,0,0,0,1,0,0
test/0002/dia158_utt1,0,0,0,0,0,1,0
test/0037/dia158_utt2,0,0,0,0,0,1,0
test/0071/dia158_utt3,0,0,0,0,1,0,0
test/0037/dia158_utt4,1,0,0,0,0,0,0
test/0002/dia158_utt5,0,0,0,0,1,0,0
test/0037/dia158_utt6,0,0,0,0,0,0,1
test/0037/dia159_utt0,1,0,0,0,0,0,0
test/0037/dia159_utt1,1,0,0,0,0,0,0
test/0000/dia15_utt0,0,0,0,1,0,0,0
test/0007/dia15_utt1,0,0,0,1,0,0,0
test/0000/dia15_utt2,0,0,0,1,0,0,0
test/0000/dia15_utt3,0,0,0,0,1,0,0
test/0004/dia15_utt4,0,0,0,0,1,0,0
test/0004/dia15_utt5,1,0,0,0,0,0,0
test/0003/dia160_utt0,0,0,0,0,0,1,0
test/0001/dia160_utt1,1,0,0,0,0,0,0
test/0004/dia160_utt10,0,0,0,0,0,1,0
test/0004/dia160_utt11,0,0,0,0,0,1,0
test/0004/dia160_utt12,0,0,0,0,0,1,0
test/0003/dia160_utt13,1,0,0,0,0,0,0
test/0001/dia160_utt2,1,0,0,0,0,0,0
test/0001/dia160_utt3,1,0,0,0,0,0,0
test/0001/dia160_utt4,1,0,0,0,0,0,0
test/0001/dia160_utt5,1,0,0,0,0,0,0
test/0001/dia160_utt6,0,0,0,0,0,1,0
test/0001/dia160_utt7,0,0,0,0,0,1,0
test/0004/dia160_utt8,1,0,0,0,0,0,0
test/0004/dia160_utt9,1,0,0,0,0,0,0
test/0072/dia161_utt0,0,0,0,0,1,0,0
test/0006/dia161_utt1,0,0,0,0,1,0,0
test/0006/dia161_utt10,0,0,0,1,0,0,0
test/0006/dia161_utt11,0,0,0,0,0,0,1
test/0006/dia161_utt2,0,0,0,0,1,0,0
test/0006/dia161_utt3,0,0,0,1,0,0,0
test/0072/dia161_utt4,0,0,0,1,0,0,0
test/0072/dia161_utt5,0,0,0,0,1,0,0
test/0006/dia161_utt6,0,0,0,1,0,0,0
test/0002/dia161_utt7,0,0,0,0,1,0,0
test/0006/dia161_utt8,0,0,0,0,1,0,0
test/0002/dia161_utt9,0,0,0,0,1,0,0
test/0001/dia162_utt0,0,0,0,1,0,0,0
test/0073/dia162_utt1,0,0,0,0,1,0,0
test/0001/dia162_utt2,0,0,0,0,1,0,0
test/0073/dia162_utt3,0,0,0,0,1,0,0
test/0001/dia162_utt4,0,0,0,0,1,0,0
test/0073/dia162_utt5,1,0,0,0,0,0,0
test/0006/dia163_utt0,0,0,0,0,0,1,0
test/0001/dia163_utt1,0,1,0,0,0,0,0
test/0006/dia163_utt2,0,0,0,0,0,1,0
test/0006/dia163_utt3,0,0,0,1,0,0,0
test/0006/dia163_utt4,0,0,0,0,1,0,0
test/0006/dia163_utt5,0,0,0,0,1,0,0
test/0006/dia163_utt6,0,0,0,0,0,1,0
test/0006/dia163_utt7,0,0,0,0,1,0,0
test/0006/dia163_utt8,0,0,0,0,1,0,0
test/0001/dia163_utt9,0,0,0,0,0,0,1
test/0004/dia164_utt0,0,0,0,0,1,0,0
test/0003/dia164_utt1,0,0,0,0,1,0,0
test/0006/dia164_utt2,0,0,0,0,1,0,0
test/0003/dia164_utt3,0,0,0,0,1,0,0
test/0004/dia164_utt4,0,0,0,0,1,0,0
test/0006/dia164_utt5,0,0,0,0,1,0,0
test/0003/dia164_utt6,0,0,0,0,1,0,0
test/0003/dia164_utt7,1,0,0,0,0,0,0
test/0006/dia164_utt8,0,0,0,0,1,0,0
test/0001/dia165_utt0,1,0,0,0,0,0,0
test/0002/dia165_utt1,0,0,0,0,1,0,0
test/0001/dia165_utt2,0,0,0,0,0,0,1
test/0002/dia165_utt3,0,1,0,0,0,0,0
test/0001/dia165_utt4,0,0,0,0,0,1,0
test/0003/dia166_utt0,0,0,0,0,0,0,1
test/0004/dia166_utt1,1,0,0,0,0,0,0
test/0004/dia166_utt10,0,0,0,0,1,0,0
test/0004/dia166_utt11,0,0,0,0,1,0,0
test/0004/dia166_utt12,0,0,0,0,1,0,0
test/0004/dia166_utt13,0,0,0,0,1,0,0
test/0003/dia166_utt2,0,0,0,0,0,0,1
test/0004/dia166_utt3,1,0,0,0,0,0,0
test/0003/dia166_utt4,0,0,0,0,0,1,0
test/0004/dia166_utt5,0,0,0,0,0,1,0
test/0003/dia166_utt6,0,0,0,0,1,0,0
test/0004/dia166_utt7,0,0,0,0,1,0,0
test/0004/dia166_utt8,0,0,0,0,1,0,0
test/0004/dia166_utt9,0,0,0,0,1,0,0
test/0000/dia167_utt0,0,0,0,0,0,1,0
test/0000/dia167_utt1,0,0,0,0,1,0,0
test/0074/dia167_utt10,0,0,0,0,1,0,0
test/0000/dia167_utt11,0,0,0,0,1,0,0
test/0074/dia167_utt12,0,0,0,0,1,0,0
test/0000/dia167_utt13,0,0,0,0,1,0,0
test/0074/dia167_utt14,1,0,0,0,0,0,0
test/0074/dia167_utt15,0,0,0,0,1,0,0
test/0000/dia167_utt16,0,0,0,0,1,0,0
test/0074/dia167_utt2,0,0,0,0,1,0,0
test/0002/dia167_utt3,0,0,0,0,1,0,0
test/0074/dia167_utt4,0,0,0,0,1,0,0
test/0002/dia167_utt5,0,0,0,1,0,0,0
test/0074/dia167_utt6,0,0,0,1,0,0,0
test/0000/dia167_utt7,1,0,0,0,0,0,0
test/0002/dia167_utt8,0,0,0,0,0,1,0
test/0000/dia167_utt9,1,0,0,0,0,0,0
test/0004/dia168_utt0,0,0,0,0,1,0,0
test/0004/dia168_utt1,0,0,0,0,1,0,0
test/0075/dia168_utt10,0,0,0,0,1,0,0
test/0004/dia168_utt11,1,0,0,0,0,0,0
test/0075/dia168_utt12,0,0,0,0,0,0,1
test/0006/dia168_utt13,1,0,0,0,0,0,0
test/0075/dia168_utt14,0,0,0,0,0,0,1
test/0075/dia168_utt15,1,0,0,0,0,0,0
test/0075/dia168_utt16,1,0,0,0,0,0,0
test/0075/dia168_utt17,1,0,0,0,0,0,0
test/0003/dia168_utt18,0,0,0,0,1,0,0
test/0004/dia168_utt2,0,0,0,0,1,0,0
test/0004/dia168_utt3,0,0,0,0,1,0,0
test/0006/dia168_utt4,0,0,0,0,1,0,0
test/0075/dia168_utt5,0,0,0,0,1,0,0
test/0003/dia168_utt6,0,0,0,0,1,0,0
test/0075/dia168_utt7,0,0,0,0,1,0,0
test/0006/dia168_utt8,0,0,1,0,0,0,0
test/0003/dia168_utt9,0,0,0,0,1,0,0
test/0001/dia169_utt0,0,0,0,0,0,0,1
test/0000/dia169_utt1,0,0,0,1,0,0,0
test/0001/dia169_utt10,1,0,0,0,0,0,0
test/0000/dia169_utt11,0,0,0,0,0,0,1
test/0004/dia169_utt12,0,0,0,0,0,0,1
test/0000/dia169_utt13,0,0,0,0,1,0,0
test/0004/dia169_utt14,0,0,0,0,1,0,0
test/0001/dia169_utt15,0,0,0,0,0,0,1
test/0004/dia169_utt16,0,0,0,0,1,0,0
test/0000/dia169_utt17,0,0,0,0,0,0,1
test/0004/dia169_utt18,0,1,0,0,0,0,0
test/0000/dia169_utt19,0,0,0,0,1,0,0
test/0001/dia169_utt2,1,0,0,0,0,0,0
test/0004/dia169_utt20,0,0,0,0,1,0,0
test/0000/dia169_utt21,0,0,0,0,0,0,1
test/0001/dia169_utt22,1,0,0,0,0,0,0
test/0000/dia169_utt3,1,0,0,0,0,0,0
test/0001/dia169_utt4,0,0,0,0,0,0,1
test/0004/dia169_utt5,0,0,0,0,0,0,1
test/0000/dia169_utt6,1,0,0,0,0,0,0
test/0001/dia169_utt7,0,0,0,0,1,0,0
test/0004/dia169_utt8,0,0,0,0,0,0,1
test/0000/dia169_utt9,1,0,0,0,0,0,0
test/0001/dia16_utt0,0,0,0,0,1,0,0
test/0004/dia16_utt1,0,0,0,0,1,0,0
test/0004/dia16_utt2,0,0,0,0,1,0,0
test/0076/dia16_utt3,0,0,0,0,1,0,0
test/0004/dia16_utt4,0,0,0,0,0,0,1
test/0077/dia16_utt5,0,0,0,0,1,0,0
test/0001/dia16_utt6,0,0,0,0,1,0,0
test/0001/dia16_utt7,0,0,0,0,1,0,0
test/0077/dia16_utt8,0,0,0,0,1,0,0
test/0001/dia16_utt9,1,0,0,0,0,0,0
test/0004/dia170_utt0,0,0,0,0,0,0,1
test/0000/dia170_utt1,0,0,0,0,0,0,1
test/0001/dia170_utt2,0,0,0,0,1,0,0
test/0000/dia170_utt3,0,1,0,0,0,0,0
test/0000/dia170_utt4,0,1,0,0,0,0,0
test/0006/dia171_utt0,1,0,0,0,0,0,0
test/0001/dia171_utt1,0,0,0,1,0,0,0
test/0006/dia171_utt2,0,0,0,0,1,0,0
test/0001/dia171_utt3,0,0,0,1,0,0,0
test/0058/dia171_utt4,0,0,0,1,0,0,0
test/0016/dia171_utt5,0,0,0,0,1,0,0
test/0058/dia171_utt6,0,0,0,0,1,0,0
test/0004/dia171_utt7,0,0,0,1,0,0,0
test/0058/dia171_utt8,0,0,0,1,0,0,0
test/0056/dia172_utt0,0,0,0,0,1,0,0
test/0041/dia172_utt1,0,0,0,0,1,0,0
test/0056/dia172_utt2,0,0,0,0,1,0,0
test/0003/dia173_utt0,0,0,0,0,1,0,0
test/0001/dia173_utt1,0,0,0,0,0,0,1
test/0003/dia173_utt10,0,0,0,0,1,0,0
test/0001/dia173_utt11,0,0,0,0,0,1,0
test/0001/dia173_utt12,0,0,0,0,0,1,0
test/0001/dia173_utt13,0,0,0,0,0,1,0
test/0001/dia173_utt14,0,0,0,0,0,1,0
test/0001/dia173_utt15,0,0,0,1,0,0,0
test/0001/dia173_utt16,0,0,0,0,0,1,0
test/0001/dia173_utt17,0,0,0,0,1,0,0
test/0003/dia173_utt18,0,0,0,0,1,0,0
test/0001/dia173_utt2,0,0,0,0,1,0,0
test/0001/dia173_utt3,0,0,0,0,1,0,0
test/0001/dia173_utt4,1,0,0,0,0,0,0
test/0001/dia173_utt5,0,0,0,0,0,0,1
test/0001/dia173_utt6,0,0,0,0,0,0,1
test/0001/dia173_utt7,0,0,0,0,0,1,0
test/0001/dia173_utt8,0,0,0,0,0,1,0
test/0001/dia173_utt9,0,0,0,0,1,0,0
test/0002/dia174_utt0,0,0,0,0,1,0,0
test/0022/dia174_utt1,0,0,0,0,1,0,0
test/0022/dia174_utt10,0,0,0,0,1,0,0
test/0006/dia174_utt11,0,0,0,0,1,0,0
test/0002/dia174_utt12,0,0,0,0,1,0,0
test/0006/dia174_utt13,1,0,0,0,0,0,0
test/0072/dia174_utt14,0,0,0,0,1,0,0
test/0006/dia174_utt15,0,0,0,0,0,1,0
test/0072/dia174_utt16,0,0,0,0,1,0,0
test/0006/dia174_utt17,0,0,0,0,0,1,0
test/0072/dia174_utt18,0,0,0,0,1,0,0
test/0002/dia174_utt2,0,0,0,0,1,0,0
test/0002/dia174_utt3,0,0,0,0,1,0,0
test/0006/dia174_utt4,0,0,0,0,0,1,0
test/0002/dia174_utt5,0,0,0,1,0,0,0
test/0006/dia174_utt6,0,0,0,0,0,1,0
test/0022/dia174_utt7,0,0,0,0,1,0,0
test/0006/dia174_utt8,0,0,0,0,0,0,1
test/0002/dia174_utt9,0,0,0,0,1,0,0
test/0002/dia175_utt0,0,0,0,0,1,0,0
test/0038/dia175_utt1,0,0,0,0,1,0,0
test/0002/dia175_utt10,1,0,0,0,0,0,0
test/0002/dia175_utt11,1,0,0,0,0,0,0
test/0002/dia175_utt12,1,0,0,0,0,0,0
test/0038/dia175_utt13,0,0,0,0,0,0,1
test/0002/dia175_utt14,1,0,0,0,0,0,0
test/0038/dia175_utt15,0,0,0,0,1,0,0
test/0002/dia175_utt16,1,0,0,0,0,0,0
test/0038/dia175_utt17,1,0,0,0,0,0,0
test/0002/dia175_utt18,0,1,0,0,0,0,0
test/0038/dia175_utt19,0,0,0,0,1,0,0
test/0002/dia175_utt2,0,0,0,0,0,0,1
test/0002/dia175_utt20,1,0,0,0,0,0,0
test/0038/dia175_utt21,0,0,0,0,1,0,0
test/0002/dia175_utt22,0,0,0,1,0,0,0
test/0038/dia175_utt3,0,0,0,0,0,0,1
test/0002/dia175_utt4,0,0,1,0,0,0,0
test/0038/dia175_utt5,0,0,0,0,1,0,0
test/0002/dia175_utt6,0,0,0,1,0,0,0
test/0038/dia175_utt7,0,0,0,0,1,0,0
test/0002/dia175_utt8,0,1,0,0,0,0,0
test/0002/dia175_utt9,1,0,0,0,0,0,0
test/0004/dia176_utt0,0,0,0,0,1,0,0
test/0006/dia176_utt1,0,0,0,0,1,0,0
test/0000/dia177_utt0,0,0,0,0,1,0,0
test/0001/dia177_utt1,0,0,0,0,1,0,0
test/0000/dia177_utt2,0,0,0,0,1,0,0
test/0001/dia178_utt0,0,0,0,0,1,0,0
test/0000/dia178_utt1,0,0,0,0,1,0,0
test/0001/dia178_utt2,0,0,0,1,0,0,0
test/0003/dia178_utt3,0,0,0,0,1,0,0
test/0003/dia178_utt4,0,0,0,0,1,0,0
test/0003/dia178_utt5,0,0,0,0,1,0,0
test/0003/dia178_utt6,0,0,1,0,0,0,0
test/0000/dia178_utt7,0,0,0,0,1,0,0
test/0003/dia178_utt8,0,0,0,0,1,0,0
test/0001/dia178_utt9,0,0,0,0,0,0,1
test/0003/dia179_utt0,1,0,0,0,0,0,0
test/0004/dia179_utt1,1,0,0,0,0,0,0
test/0003/dia179_utt2,0,0,0,0,0,0,1
test/0004/dia179_utt3,0,0,0,0,1,0,0
test/0006/dia17_utt0,0,0,0,0,1,0,0
test/0001/dia17_utt1,0,0,0,0,1,0,0
test/0001/dia17_utt10,1,0,0,0,0,0,0
test/0002/dia17_utt11,0,0,0,0,0,1,0
test/0006/dia17_utt12,0,1,0,0,0,0,0
test/0002/dia17_utt13,1,0,0,0,0,0,0
test/0006/dia17_utt14,0,1,0,0,0,0,0
test/0006/dia17_utt15,0,0,0,0,1,0,0
test/0000/dia17_utt16,0,0,1,0,0,0,0
test/0000/dia17_utt17,0,0,1,0,0,0,0
test/0000/dia17_utt18,0,0,0,0,1,0,0
test/0000/dia17_utt19,0,0,0,0,1,0,0
test/0004/dia17_utt2,0,0,0,0,1,0,0
test/0002/dia17_utt20,0,0,0,0,1,0,0
test/0000/dia17_utt21,0,0,0,0,1,0,0
test/0002/dia17_utt22,0,0,0,0,1,0,0
test/0002/dia17_utt23,0,0,0,0,1,0,0
test/0006/dia17_utt24,1,0,0,0,0,0,0
test/0002/dia17_utt25,0,0,0,0,1,0,0
test/0006/dia17_utt26,1,0,0,0,0,0,0
test/0006/dia17_utt27,1,0,0,0,0,0,0
test/0002/dia17_utt28,0,0,0,0,0,1,0
test/0006/dia17_utt29,1,0,0,0,0,0,0
test/0000/dia17_utt3,0,1,0,0,0,0,0
test/0002/dia17_utt30,1,0,0,0,0,0,0
test/0002/dia17_utt31,1,0,0,0,0,0,0
test/0006/dia17_utt32,0,0,0,0,1,0,0
test/0003/dia17_utt4,0,1,0,0,0,0,0
test/0049/dia17_utt5,0,0,0,1,0,0,0
test/0003/dia17_utt6,1,0,0,0,0,0,0
test/0049/dia17_utt7,1,0,0,0,0,0,0
test/0001/dia17_utt8,1,0,0,0,0,0,0
test/0001/dia17_utt9,1,0,0,0,0,0,0
test/0003/dia180_utt0,0,0,0,0,1,0,0
test/0003/dia180_utt1,0,0,0,0,1,0,0
test/0003/dia180_utt2,0,0,0,0,1,0,0
test/0016/dia180_utt3,0,0,0,0,1,0,0
test/0000/dia180_utt4,0,0,0,1,0,0,0
test/0001/dia180_utt5,0,0,0,1,0,0,0
test/0006/dia180_utt6,0,0,0,1,0,0,0
test/0003/dia180_utt7,0,0,0,0,1,0,0
test/0003/dia180_utt8,1,0,0,0,0,0,0
test/0003/dia180_utt9,0,1,0,0,0,0,0
test/0004/dia181_utt0,0,0,0,0,1,0,0
test/0002/dia181_utt1,0,0,0,1,0,0,0
test/0000/dia181_utt2,0,0,0,1,0,0,0
test/0016/dia181_utt3,0,0,0,0,1,0,0
test/0000/dia181_utt4,0,0,0,0,1,0,0
test/0004/dia181_utt5,0,0,0,0,0,0,1
test/0000/dia182_utt0,0,0,0,1,0,0,0
test/0000/dia182_utt1,1,0,0,0,0,0,0
test/0000/dia182_utt2,1,0,0,0,0,0,0
test/0000/dia182_utt3,0,0,1,0,0,0,0
test/0000/dia182_utt4,0,0,1,0,0,0,0
test/0000/dia182_utt5,0,0,0,1,0,0,0
test/0000/dia182_utt6,0,0,0,1,0,0,0
test/0000/dia182_utt7,0,0,0,0,0,0,1
test/0000/dia182_utt8,0,0,0,0,0,0,1
test/0000/dia182_utt9,0,0,0,0,0,0,1
test/0078/dia183_utt0,0,0,0,0,1,0,0
test/0004/dia183_utt1,0,0,0,0,1,0,0
test/0078/dia183_utt2,0,0,0,0,1,0,0
test/0004/dia183_utt3,1,0,0,0,0,0,0
test/0004/dia183_utt4,0,0,0,0,1,0,0
test/0004/dia183_utt5,0,0,0,0,1,0,0
test/0004/dia183_utt6,0,0,0,0,1,0,0
test/0078/dia183_utt7,0,0,0,0,1,0,0
test/0004/dia183_utt8,0,0,0,0,1,0,0
test/0000/dia184_utt0,0,0,0,0,0,1,0
test/0001/dia184_utt1,0,0,0,0,0,0,1
test/0000/dia184_utt10,0,0,0,0,1,0,0
test/0001/dia184_utt11,0,0,0,0,0,0,1
test/0000/dia184_utt12,0,0,0,0,1,0,0
test/0001/dia184_utt13,0,0,0,0,1,0,0
test/0000/dia184_utt14,0,0,0,1,0,0,0
test/0000/dia184_utt2,1,0,0,0,0,0,0
test/0000/dia184_utt3,0,0,0,0,0,1,0
test/0000/dia184_utt4,1,0,0,0,0,0,0
test/0000/dia184_utt5,0,0,0,0,1,0,0
test/0001/dia184_utt6,0,0,1,0,0,0,0
test/0000/dia184_utt7,0,0,0,0,0,1,0
test/0000/dia184_utt8,0,0,0,0,1,0,0
test/0001/dia184_utt9,0,0,0,0,0,0,1
test/0006/dia185_utt0,0,0,0,0,1,0,0
test/0006/dia185_utt1,0,0,0,0,1,0,0
test/0006/dia185_utt2,0,0,0,0,0,0,1
test/0004/dia185_utt3,0,0,0,1,0,0,0
test/0006/dia185_utt4,0,0,0,0,0,0,1
test/0004/dia185_utt5,0,0,0,0,1,0,0
test/0006/dia185_utt6,0,0,0,1,0,0,0
test/0004/dia185_utt7,0,0,0,0,1,0,0
test/0003/dia186_utt0,0,1,0,0,0,0,0
test/0006/dia186_utt1,0,0,0,0,1,0,0
test/0003/dia186_utt2,0,0,0,0,1,0,0
test/0004/dia186_utt3,0,0,0,0,0,1,0
test/0079/dia187_utt0,0,0,0,0,1,0,0
test/0002/dia187_utt1,0,0,0,0,1,0,0
test/0079/dia187_utt2,0,0,0,0,1,0,0
test/0080/dia187_utt3,0,0,0,1,0,0,0
test/0002/dia187_utt4,0,0,0,1,0,0,0
test/0079/dia187_utt5,0,0,0,0,1,0,0
test/0079/dia187_utt6,0,0,0,0,1,0,0
test/0079/dia187_utt7,0,0,0,0,1,0,0
test/0002/dia187_utt8,0,0,0,0,1,0,0
test/0004/dia188_utt0,0,0,0,0,1,0,0
test/0006/dia188_utt1,0,0,0,0,1,0,0
test/0003/dia188_utt2,0,0,0,0,1,0,0
test/0006/dia188_utt3,0,0,0,0,1,0,0
test/0004/dia188_utt4,0,0,0,0,1,0,0
test/0006/dia188_utt5,0,0,0,0,1,0,0
test/0003/dia188_utt6,0,0,0,0,1,0,0
test/0006/dia188_utt7,0,0,0,0,1,0,0
test/0004/dia188_utt8,0,0,0,1,0,0,0
test/0004/dia189_utt0,0,0,0,1,0,0,0
test/0004/dia189_utt1,0,0,0,1,0,0,0
test/0004/dia189_utt2,0,0,0,1,0,0,0
test/0004/dia189_utt3,0,0,0,1,0,0,0
test/0004/dia189_utt4,0,0,0,0,1,0,0
test/0004/dia189_utt5,0,0,0,0,1,0,0
test/0003/dia189_utt6,0,0,0,0,1,0,0
test/0004/dia189_utt7,0,0,0,0,0,0,1
test/0003/dia189_utt8,1,0,0,0,0,0,0
test/0004/dia189_utt9,0,0,0,0,1,0,0
test/0002/dia18_utt0,0,0,0,0,1,0,0
test/0004/dia18_utt1,0,0,0,0,1,0,0
test/0002/dia18_utt2,0,0,0,0,1,0,0
test/0003/dia190_utt0,0,0,0,0,0,0,1
test/0002/dia190_utt1,0,0,0,0,1,0,0
test/0003/dia190_utt2,0,0,0,0,0,0,1
test/0002/dia190_utt3,0,0,0,0,1,0,0
test/0003/dia190_utt4,0,0,0,0,1,0,0
test/0003/dia191_utt0,0,0,0,0,0,1,0
test/0002/dia191_utt1,0,0,0,0,1,0,0
test/0003/dia191_utt2,0,0,0,0,0,1,0
test/0068/dia191_utt3,0,0,0,0,1,0,0
test/0002/dia191_utt4,0,0,0,0,1,0,0
test/0068/dia191_utt5,0,0,0,0,1,0,0
test/0002/dia191_utt6,0,0,0,1,0,0,0
test/0068/dia191_utt7,0,0,0,0,1,0,0
test/0002/dia191_utt8,0,0,0,0,0,0,1
test/0003/dia191_utt9,0,0,0,0,1,0,0
test/0003/dia192_utt0,1,0,0,0,0,0,0
test/0001/dia192_utt1,0,0,0,0,1,0,0
test/0000/dia192_utt10,0,0,0,0,1,0,0
test/0000/dia192_utt11,0,0,0,0,1,0,0
test/0003/dia192_utt2,1,0,0,0,0,0,0
test/0001/dia192_utt3,0,0,0,0,1,0,0
test/0003/dia192_utt4,1,0,0,0,0,0,0
test/0001/dia192_utt5,1,0,0,0,0,0,0
test/0000/dia192_utt6,0,0,0,0,1,0,0
test/0003/dia192_utt7,0,0,0,0,0,0,1
test/0000/dia192_utt8,0,0,0,1,0,0,0
test/0001/dia192_utt9,0,0,0,0,0,0,1
test/0006/dia193_utt0,0,0,0,1,0,0,0
test/0006/dia193_utt1,0,0,0,1,0,0,0
test/0006/dia193_utt2,0,0,0,0,1,0,0
test/0006/dia193_utt3,0,0,0,0,1,0,0
test/0006/dia193_utt4,0,0,0,0,1,0,0
test/0002/dia194_utt0,1,0,0,0,0,0,0
test/0002/dia194_utt1,0,0,0,0,1,0,0
test/0006/dia194_utt2,0,0,0,0,1,0,0
test/0006/dia194_utt3,0,0,0,0,0,0,1
test/0081/dia194_utt4,0,0,0,0,1,0,0
test/0003/dia195_utt0,0,0,1,0,0,0,0
test/0003/dia195_utt1,0,0,0,0,1,0,0
test/0003/dia195_utt10,0,0,0,1,0,0,0
test/0001/dia195_utt11,0,0,0,0,1,0,0
test/0003/dia195_utt2,0,0,0,0,0,1,0
test/0001/dia195_utt3,0,0,0,0,1,0,0
test/0003/dia195_utt4,0,0,0,0,1,0,0
test/0001/dia195_utt5,0,0,0,0,1,0,0
test/0001/dia195_utt6,0,0,0,1,0,0,0
test/0001/dia195_utt7,0,0,0,1,0,0,0
test/0003/dia195_utt8,0,0,0,0,0,0,1
test/0001/dia195_utt9,0,0,0,0,1,0,0
test/0006/dia196_utt0,1,0,0,0,0,0,0
test/0001/dia196_utt1,0,1,0,0,0,0,0
test/0006/dia196_utt10,0,0,0,0,1,0,0
test/0006/dia196_utt11,0,0,0,0,1,0,0
test/0006/dia196_utt12,1,0,0,0,0,0,0
test/0006/dia196_utt13,0,0,0,0,1,0,0
test/0006/dia196_utt14,1,0,0,0,0,0,0
test/0006/dia196_utt15,1,0,0,0,0,0,0
test/0006/dia196_utt16,1,0,0,0,0,0,0
test/0001/dia196_utt17,0,0,0,0,1,0,0
test/0000/dia196_utt2,1,0,0,0,0,0,0
test/0006/dia196_utt3,0,0,0,0,0,1,0
test/0006/dia196_utt4,1,0,0,0,0,0,0
test/0006/dia196_utt5,1,0,0,0,0,0,0
test/0006/dia196_utt6,1,0,0,0,0,0,0
test/0006/dia196_utt7,1,0,0,0,0,0,0
test/0006/dia196_utt8,0,0,0,0,1,0,0
test/0006/dia196_utt9,0,0,0,0,1,0,0
test/0082/dia197_utt0,0,0,0,0,1,0,0
test/0000/dia197_utt1,0,0,0,0,1,0,0
test/0082/dia197_utt2,0,0,0,0,1,0,0
test/0000/dia197_utt3,0,0,0,0,1,0,0
test/0082/dia197_utt4,0,0,0,1,0,0,0
test/0000/dia198_utt0,0,0,0,0,1,0,0
test/0006/dia198_utt1,0,0,0,1,0,0,0
test/0003/dia198_utt10,0,0,0,0,1,0,0
test/0003/dia198_utt11,0,0,0,0,1,0,0
test/0003/dia198_utt12,0,0,0,1,0,0,0
test/0004/dia198_utt2,1,0,0,0,0,0,0
test/0006/dia198_utt3,0,0,0,0,1,0,0
test/0003/dia198_utt4,0,0,0,0,0,0,1
test/0006/dia198_utt5,0,0,0,0,0,0,1
test/0004/dia198_utt6,0,0,0,1,0,0,0
test/0004/dia198_utt7,0,0,0,1,0,0,0
test/0004/dia198_utt8,1,0,0,0,0,0,0
test/0003/dia198_utt9,0,0,0,0,1,0,0
test/0002/dia199_utt0,0,0,0,0,1,0,0
test/0000/dia199_utt1,0,0,0,0,0,1,0
test/0002/dia199_utt10,0,0,0,0,0,1,0
test/0000/dia199_utt11,0,0,0,0,0,1,0
test/0002/dia199_utt12,0,0,0,0,0,1,0
test/0002/dia199_utt13,0,0,0,0,0,1,0
test/0001/dia199_utt14,0,0,0,0,0,1,0
test/0006/dia199_utt15,0,0,0,1,0,0,0
test/0002/dia199_utt2,0,0,0,0,1,0,0
test/0000/dia199_utt3,0,0,0,0,1,0,0
test/0002/dia199_utt4,0,0,0,0,0,1,0
test/0001/dia199_utt5,0,0,0,0,0,1,0
test/0002/dia199_utt6,0,0,0,0,0,1,0
test/0002/dia199_utt7,0,0,0,0,0,1,0
test/0002/dia199_utt8,0,0,0,0,0,1,0
test/0000/dia199_utt9,0,0,0,0,0,1,0
test/0004/dia19_utt0,0,0,0,0,0,0,1
test/0004/dia1_utt0,0,0,0,0,1,0,0
test/0004/dia1_utt1,0,0,0,1,0,0,0
test/0004/dia1_utt2,0,0,0,1,0,0,0
test/0004/dia1_utt3,0,0,0,1,0,0,0
test/0004/dia1_utt4,0,0,0,1,0,0,0
test/0004/dia1_utt5,0,0,0,1,0,0,0
test/0004/dia1_utt6,0,0,0,1,0,0,0
test/0004/dia1_utt7,0,0,0,1,0,0,0
test/0004/dia200_utt0,0,0,0,0,0,0,1
test/0004/dia200_utt1,1,0,0,0,0,0,0
test/0004/dia200_utt2,1,0,0,0,0,0,0
test/0004/dia200_utt3,1,0,0,0,0,0,0
test/0004/dia200_utt4,1,0,0,0,0,0,0
test/0004/dia201_utt0,0,0,0,0,1,0,0
test/0027/dia201_utt1,0,0,0,0,0,0,1
test/0004/dia201_utt10,0,0,0,0,0,0,1
test/0004/dia201_utt11,1,0,0,0,0,0,0
test/0004/dia201_utt2,0,0,0,1,0,0,0
test/0004/dia201_utt3,0,0,0,0,1,0,0
test/0004/dia201_utt4,0,0,0,0,1,0,0
test/0004/dia201_utt5,0,0,0,0,1,0,0
test/0004/dia201_utt6,0,0,0,0,1,0,0
test/0027/dia201_utt7,0,0,0,0,1,0,0
test/0004/dia201_utt8,1,0,0,0,0,0,0
test/0027/dia201_utt9,0,0,0,0,1,0,0
test/0004/dia202_utt0,0,0,0,0,1,0,0
test/0002/dia202_utt1,0,0,0,1,0,0,0
test/0004/dia202_utt2,0,0,0,1,0,0,0
test/0083/dia202_utt3,0,0,0,1,0,0,0
test/0004/dia202_utt4,0,0,0,1,0,0,0
test/0002/dia202_utt5,0,0,0,1,0,0,0
test/0004/dia202_utt6,0,0,0,1,0,0,0
test/0083/dia202_utt7,0,0,0,1,0,0,0
test/0062/dia203_utt0,1,0,0,0,0,0,0
test/0002/dia203_utt1,0,0,0,0,1,0,0
test/0062/dia203_utt10,0,0,0,1,0,0,0
test/0002/dia203_utt11,0,0,0,0,1,0,0
test/0062/dia203_utt12,0,0,0,0,1,0,0
test/0062/dia203_utt2,0,0,0,0,0,0,1
test/0002/dia203_utt3,0,0,0,0,0,0,1
test/0062/dia203_utt4,0,0,0,0,1,0,0
test/0002/dia203_utt5,0,0,0,0,0,0,1
test/0062/dia203_utt6,0,0,0,1,0,0,0
test/0002/dia203_utt7,0,0,0,0,1,0,0
test/0062/dia203_utt8,0,0,0,1,0,0,0
test/0002/dia203_utt9,0,0,0,1,0,0,0
test/0002/dia204_utt0,0,0,0,0,0,1,0
test/0001/dia204_utt1,1,0,0,0,0,0,0
test/0002/dia204_utt2,0,0,0,0,0,0,1
test/0001/dia204_utt3,1,0,0,0,0,0,0
test/0001/dia204_utt4,1,0,0,0,0,0,0
test/0001/dia204_utt5,1,0,0,0,0,0,0
test/0001/dia204_utt6,1,0,0,0,0,0,0
test/0001/dia204_utt7,1,0,0,0,0,0,0
test/0002/dia204_utt8,0,0,0,0,1,0,0
test/0001/dia204_utt9,1,0,0,0,0,0,0
test/0003/dia205_utt0,0,0,0,0,0,0,1
test/0004/dia205_utt1,1,0,0,0,0,0,0
test/0006/dia205_utt2,0,0,0,0,1,0,0
test/0001/dia205_utt3,0,0,1,0,0,0,0
test/0006/dia205_utt4,0,0,0,0,0,0,1
test/0002/dia205_utt5,0,1,0,0,0,0,0
test/0003/dia205_utt6,0,1,0,0,0,0,0
test/0000/dia205_utt7,0,0,0,0,0,0,1
test/0004/dia206_utt0,0,0,0,1,0,0,0
test/0002/dia206_utt1,0,0,0,0,1,0,0
test/0006/dia206_utt2,0,0,0,0,1,0,0
test/0002/dia206_utt3,0,0,0,0,1,0,0
test/0003/dia206_utt4,1,0,0,0,0,0,0
test/0002/dia207_utt0,0,0,0,0,0,1,0
test/0006/dia207_utt1,0,0,0,0,0,1,0
test/0004/dia208_utt0,0,0,0,0,1,0,0
test/0004/dia208_utt1,0,0,0,0,1,0,0
test/0004/dia208_utt10,0,0,0,0,1,0,0
test/0002/dia208_utt11,0,0,0,0,0,1,0
test/0004/dia208_utt12,0,0,0,0,1,0,0
test/0002/dia208_utt13,0,0,0,0,0,1,0
test/0004/dia208_utt2,0,0,0,0,1,0,0
test/0002/dia208_utt3,0,0,0,0,1,0,0
test/0004/dia208_utt4,0,0,0,0,0,1,0
test/0002/dia208_utt5,0,0,0,0,0,1,0
test/0004/dia208_utt6,0,0,0,0,1,0,0
test/0002/dia208_utt7,0,0,0,0,0,1,0
test/0004/dia208_utt8,0,0,0,0,0,0,1
test/0002/dia208_utt9,0,0,0,0,0,1,0
test/0003/dia209_utt0,0,0,0,0,0,0,1
test/0011/dia209_utt1,0,0,0,1,0,0,0
test/0002/dia20_utt0,1,0,0,0,0,0,0
test/0004/dia20_utt1,0,0,0,0,1,0,0
test/0002/dia20_utt2,0,0,0,0,1,0,0
test/0004/dia20_utt3,0,0,0,0,1,0,0
test/0002/dia20_utt4,0,0,0,0,1,0,0
test/0004/dia20_utt5,0,0,0,0,1,0,0
test/0002/dia20_utt6,0,0,0,1,0,0,0
test/0004/dia20_utt7,0,0,0,0,1,0,0
test/0001/dia210_utt0,1,0,0,0,0,0,0
test/0003/dia210_utt1,1,0,0,0,0,0,0
test/0001/dia210_utt2,1,0,0,0,0,0,0
test/0003/dia210_utt3,0,0,0,0,1,0,0
test/0001/dia210_utt4,1,0,0,0,0,0,0
test/0000/dia210_utt5,0,0,0,1,0,0,0
test/0003/dia210_utt6,0,1,0,0,0,0,0
test/0000/dia210_utt7,0,0,0,1,0,0,0
test/0003/dia210_utt8,0,0,0,0,0,0,1
test/0000/dia210_utt9,0,0,0,0,1,0,0
test/0029/dia211_utt0,1,0,0,0,0,0,0
test/0000/dia211_utt1,0,0,0,0,0,0,1
test/0029/dia211_utt2,1,0,0,0,0,0,0
test/0000/dia211_utt3,0,0,0,0,0,0,1
test/0004/dia211_utt4,1,0,0,0,0,0,0
test/0029/dia211_utt5,1,0,0,0,0,0,0
test/0000/dia211_utt6,0,0,0,0,1,0,0
test/0004/dia211_utt7,0,0,0,0,1,0,0
test/0003/dia212_utt0,0,0,0,0,1,0,0
test/0049/dia212_utt1,0,0,0,0,1,0,0
test/0049/dia212_utt2,0,0,0,0,0,1,0
test/0049/dia212_utt3,0,0,0,0,1,0,0
test/0049/dia212_utt4,0,0,0,0,0,1,0
test/0003/dia212_utt5,0,0,0,0,1,0,0
test/0049/dia212_utt6,0,0,0,0,0,1,0
test/0003/dia213_utt0,1,0,0,0,0,0,0
test/0006/dia213_utt1,0,0,0,0,1,0,0
test/0002/dia213_utt10,0,0,0,0,1,0,0
test/0003/dia213_utt11,0,0,0,0,1,0,0
test/0003/dia213_utt2,0,0,0,0,1,0,0
test/0001/dia213_utt3,0,0,0,0,1,0,0
test/0003/dia213_utt4,0,0,0,0,1,0,0
test/0001/dia213_utt5,0,0,0,1,0,0,0
test/0003/dia213_utt6,0,0,0,0,0,0,1
test/0002/dia213_utt7,0,0,0,1,0,0,0
test/0006/dia213_utt8,0,0,0,0,1,0,0
test/0001/dia213_utt9,0,0,0,0,1,0,0
test/0084/dia214_utt0,0,0,0,0,0,1,0
test/0004/dia214_utt1,0,0,0,0,0,1,0
test/0004/dia214_utt2,0,0,0,0,1,0,0
test/0004/dia214_utt3,0,0,0,0,1,0,0
test/0004/dia214_utt4,0,0,0,0,0,1,0
test/0004/dia214_utt5,0,0,0,1,0,0,0
test/0004/dia214_utt6,0,0,0,1,0,0,0
test/0084/dia214_utt7,0,0,0,1,0,0,0
test/0000/dia215_utt0,0,0,0,0,1,0,0
test/0085/dia215_utt1,0,0,0,0,1,0,0
test/0000/dia215_utt10,0,0,0,0,0,1,0
test/0000/dia215_utt2,0,0,0,1,0,0,0
test/0085/dia215_utt3,0,0,0,0,1,0,0
test/0000/dia215_utt4,0,0,0,1,0,0,0
test/0085/dia215_utt5,0,0,0,0,1,0,0
test/0000/dia215_utt6,0,0,0,0,0,1,0
test/0085/dia215_utt7,0,0,0,0,0,1,0
test/0000/dia215_utt8,0,0,0,0,0,1,0
test/0085/dia215_utt9,0,0,0,0,1,0,0
test/0002/dia216_utt0,0,0,0,1,0,0,0
test/0001/dia216_utt1,0,0,0,1,0,0,0
test/0006/dia216_utt2,0,0,0,0,1,0,0
test/0004/dia216_utt3,0,0,0,0,1,0,0
test/0002/dia217_utt0,0,0,0,0,0,0,1
test/0006/dia217_utt1,0,0,0,0,0,0,1
test/0002/dia217_utt10,0,0,0,0,1,0,0
test/0006/dia217_utt11,0,0,0,0,1,0,0
test/0002/dia217_utt2,0,0,0,0,1,0,0
test/0006/dia217_utt3,0,0,0,0,1,0,0
test/0002/dia217_utt4,0,0,0,0,0,0,1
test/0006/dia217_utt5,0,0,0,0,1,0,0
test/0006/dia217_utt6,0,0,1,0,0,0,0
test/0006/dia217_utt7,0,0,0,0,1,0,0
test/0002/dia217_utt8,0,0,0,1,0,0,0
test/0006/dia217_utt9,0,0,0,0,1,0,0
test/0001/dia218_utt0,0,0,0,0,1,0,0
test/0003/dia218_utt1,0,0,0,0,1,0,0
test/0049/dia218_utt2,0,0,0,0,1,0,0
test/0003/dia219_utt0,0,0,0,0,1,0,0
test/0001/dia219_utt1,0,0,0,0,0,1,0
test/0000/dia21_utt0,0,0,0,0,1,0,0
test/0086/dia21_utt1,0,0,0,0,1,0,0
test/0000/dia21_utt2,0,0,0,0,1,0,0
test/0000/dia21_utt3,0,0,0,0,1,0,0
test/0000/dia21_utt4,0,0,0,0,0,1,0
test/0086/dia21_utt5,0,0,0,1,0,0,0
test/0000/dia21_utt6,0,0,0,0,0,0,1
test/0000/dia220_utt0,0,1,0,0,0,0,0
test/0004/dia220_utt1,1,0,0,0,0,0,0
test/0002/dia221_utt0,0,0,0,0,1,0,0
test/0001/dia221_utt1,0,0,0,0,1,0,0
test/0001/dia221_utt2,0,0,0,0,1,0,0
test/0002/dia221_utt3,0,0,0,0,1,0,0
test/0002/dia221_utt4,0,0,0,0,0,1,0
test/0002/dia222_utt0,0,0,0,0,1,0,0
test/0001/dia222_utt1,0,0,0,0,1,0,0
test/0002/dia222_utt10,0,0,0,0,0,0,1
test/0001/dia222_utt11,0,0,0,0,1,0,0
test/0001/dia222_utt12,1,0,0,0,0,0,0
test/0002/dia222_utt13,0,0,0,0,0,0,1
test/0002/dia222_utt2,0,0,0,0,1,0,0
test/0002/dia222_utt3,0,0,0,1,0,0,0
test/0002/dia222_utt4,0,0,0,1,0,0,0
test/0002/dia222_utt5,0,0,0,1,0,0,0
test/0002/dia222_utt6,0,0,0,1,0,0,0
test/0002/dia222_utt7,0,0,0,1,0,0,0
test/0002/dia222_utt8,0,0,0,0,1,0,0
test/0001/dia222_utt9,0,0,0,0,1,0,0
test/0001/dia223_utt0,0,0,0,0,0,1,0
test/0003/dia223_utt1,0,0,1,0,0,0,0
test/0003/dia223_utt2,0,0,0,0,1,0,0
test/0003/dia223_utt3,0,0,1,0,0,0,0
test/0000/dia223_utt4,0,0,0,0,1,0,0
test/0001/dia223_utt5,0,0,0,1,0,0,0
test/0000/dia223_utt6,0,0,0,0,1,0,0
test/0087/dia224_utt0,0,0,0,0,1,0,0
test/0087/dia224_utt1,0,0,0,0,1,0,0
test/0087/dia224_utt2,0,0,0,0,1,0,0
test/0087/dia224_utt3,0,0,0,0,1,0,0
test/0087/dia224_utt4,0,0,0,0,1,0,0
test/0087/dia224_utt5,0,0,0,0,1,0,0
test/0087/dia224_utt6,0,0,0,0,1,0,0
test/0087/dia224_utt7,0,0,0,0,1,0,0
test/0087/dia224_utt8,0,0,0,0,1,0,0
test/0088/dia225_utt0,0,0,0,0,1,0,0
test/0000/dia225_utt1,0,0,0,1,0,0,0
test/0003/dia225_utt2,0,0,0,0,1,0,0
test/0001/dia225_utt3,0,0,0,0,0,1,0
test/0000/dia225_utt4,0,0,0,0,1,0,0
test/0003/dia225_utt5,0,0,0,0,1,0,0
test/0000/dia226_utt0,0,0,0,0,1,0,0
test/0002/dia226_utt1,0,0,0,1,0,0,0
test/0002/dia226_utt2,0,0,0,0,1,0,0
test/0002/dia226_utt3,0,0,0,0,0,1,0
test/0000/dia226_utt4,0,0,0,0,1,0,0
test/0002/dia226_utt5,0,0,0,0,0,0,1
test/0000/dia226_utt6,0,0,0,0,1,0,0
test/0056/dia226_utt7,0,0,0,0,1,0,0
test/0002/dia226_utt8,0,0,0,1,0,0,0
test/0001/dia227_utt0,0,0,1,0,0,0,0
test/0002/dia227_utt1,0,0,0,0,0,0,1
test/0004/dia227_utt2,0,0,0,0,1,0,0
test/0002/dia227_utt3,0,0,0,0,1,0,0
test/0068/dia228_utt0,0,0,0,0,1,0,0
test/0002/dia228_utt1,0,0,0,0,1,0,0
test/0068/dia228_utt10,0,0,0,0,0,0,1
test/0002/dia228_utt11,0,0,0,0,0,1,0
test/0003/dia228_utt12,0,0,0,0,0,0,1
test/0068/dia228_utt2,0,0,0,0,1,0,0
test/0002/dia228_utt3,0,0,0,0,1,0,0
test/0002/dia228_utt4,1,0,0,0,0,0,0
test/0002/dia228_utt5,0,0,0,0,1,0,0
test/0002/dia228_utt6,0,0,0,0,1,0,0
test/0002/dia228_utt7,1,0,0,0,0,0,0
test/0002/dia228_utt8,0,0,0,0,0,1,0
test/0002/dia228_utt9,0,0,0,0,0,1,0
test/0002/dia229_utt0,0,0,0,1,0,0,0
test/0004/dia229_utt1,0,0,0,0,1,0,0
test/0004/dia229_utt10,0,0,0,1,0,0,0
test/0002/dia229_utt2,0,0,0,1,0,0,0
test/0004/dia229_utt3,0,0,0,0,1,0,0
test/0002/dia229_utt4,0,0,0,0,0,0,1
test/0004/dia229_utt5,0,0,0,1,0,0,0
test/0004/dia229_utt6,0,0,0,0,1,0,0
test/0002/dia229_utt7,0,0,0,0,1,0,0
test/0004/dia229_utt8,0,0,0,0,1,0,0
test/0002/dia229_utt9,0,0,0,1,0,0,0
test/0003/dia22_utt0,0,0,0,1,0,0,0
test/0001/dia22_utt1,0,0,0,0,1,0,0
test/0001/dia22_utt10,1,0,0,0,0,0,0
test/0003/dia22_utt11,0,0,0,0,1,0,0
test/0001/dia22_utt12,0,0,0,1,0,0,0
test/0001/dia22_utt13,0,0,0,1,0,0,0
test/0001/dia22_utt14,0,0,0,0,1,0,0
test/0001/dia22_utt15,0,0,0,1,0,0,0
test/0001/dia22_utt16,0,0,0,0,1,0,0
test/0003/dia22_utt17,0,0,0,1,0,0,0
test/0001/dia22_utt18,0,0,0,1,0,0,0
test/0003/dia22_utt19,0,0,0,0,0,0,1
test/0003/dia22_utt2,0,0,0,0,1,0,0
test/0001/dia22_utt20,0,0,0,0,1,0,0
test/0003/dia22_utt21,0,0,0,0,1,0,0
test/0001/dia22_utt3,0,0,0,1,0,0,0
test/0003/dia22_utt4,0,0,0,0,0,1,0
test/0001/dia22_utt5,0,0,0,0,1,0,0
test/0003/dia22_utt6,0,0,0,0,0,1,0
test/0001/dia22_utt7,0,0,0,0,0,0,1
test/0003/dia22_utt8,0,0,0,0,0,1,0
test/0001/dia22_utt9,0,0,0,0,0,0,1
test/0004/dia230_utt0,0,0,0,0,1,0,0
test/0001/dia230_utt1,0,0,0,0,1,0,0
test/0000/dia230_utt2,0,0,0,0,1,0,0
test/0002/dia230_utt3,0,0,0,0,1,0,0
test/0004/dia230_utt4,1,0,0,0,0,0,0
test/0000/dia230_utt5,0,0,0,0,1,0,0
test/0002/dia230_utt6,0,0,0,0,1,0,0
test/0003/dia230_utt7,0,0,0,0,1,0,0
test/0000/dia230_utt8,0,1,0,0,0,0,0
test/0003/dia231_utt0,0,0,0,0,1,0,0
test/0003/dia231_utt1,0,0,0,0,1,0,0
test/0003/dia231_utt10,0,1,0,0,0,0,0
test/0004/dia231_utt11,0,1,0,0,0,0,0
test/0003/dia231_utt12,0,0,0,1,0,0,0
test/0003/dia231_utt13,0,0,0,1,0,0,0
test/0003/dia231_utt2,0,0,0,0,1,0,0
test/0003/dia231_utt3,0,0,0,0,1,0,0
test/0003/dia231_utt4,0,0,0,0,1,0,0
test/0004/dia231_utt5,0,0,0,0,0,0,1
test/0003/dia231_utt6,0,0,0,0,0,0,1
test/0003/dia231_utt7,1,0,0,0,0,0,0
test/0003/dia231_utt8,1,0,0,0,0,0,0
test/0004/dia231_utt9,0,0,1,0,0,0,0
test/0002/dia232_utt0,0,0,0,0,1,0,0
test/0003/dia232_utt1,0,0,0,0,1,0,0
test/0002/dia232_utt2,0,0,0,0,1,0,0
test/0001/dia232_utt3,0,0,0,0,1,0,0
test/0003/dia232_utt4,0,0,0,0,1,0,0
test/0002/dia232_utt5,0,0,0,1,0,0,0
test/0003/dia232_utt6,0,0,0,0,0,0,1
test/0001/dia232_utt7,0,0,0,0,1,0,0
test/0003/dia232_utt8,0,0,0,1,0,0,0
test/0006/dia232_utt9,0,0,0,0,0,1,0
test/0002/dia233_utt0,1,0,0,0,0,0,0
test/0002/dia233_utt1,0,1,0,0,0,0,0
test/0000/dia233_utt10,0,0,0,1,0,0,0
test/0002/dia233_utt11,0,0,0,1,0,0,0
test/0000/dia233_utt12,0,0,0,0,1,0,0
test/0002/dia233_utt13,0,0,0,0,1,0,0
test/0000/dia233_utt2,0,0,0,0,0,0,1
test/0002/dia233_utt3,0,0,0,0,1,0,0
test/0000/dia233_utt4,0,0,0,0,0,1,0
test/0002/dia233_utt5,0,0,0,1,0,0,0
test/0000/dia233_utt6,0,0,0,1,0,0,0
test/0002/dia233_utt7,0,0,0,1,0,0,0
test/0000/dia233_utt8,0,0,0,0,1,0,0
test/0002/dia233_utt9,0,0,0,1,0,0,0
test/0006/dia234_utt0,0,0,0,0,1,0,0
test/0089/dia234_utt1,0,0,0,0,0,0,1
test/0002/dia234_utt10,0,0,0,0,1,0,0
test/0089/dia234_utt11,0,0,0,0,0,0,1
test/0002/dia234_utt12,0,0,0,1,0,0,0
test/0089/dia234_utt13,0,0,0,0,1,0,0
test/0003/dia234_utt14,0,0,0,1,0,0,0
test/0006/dia234_utt2,0,0,0,0,1,0,0
test/0089/dia234_utt3,0,0,0,0,0,0,1
test/0089/dia234_utt4,1,0,0,0,0,0,0
test/0089/dia234_utt5,1,0,0,0,0,0,0
test/0089/dia234_utt6,1,0,0,0,0,0,0
test/0089/dia234_utt7,1,0,0,0,0,0,0
test/0002/dia234_utt8,0,0,0,0,1,0,0
test/0001/dia234_utt9,0,0,0,0,1,0,0
test/0001/dia235_utt0,0,0,0,0,1,0,0
test/0004/dia236_utt0,0,0,0,1,0,0,0
test/0001/dia237_utt0,0,0,0,0,1,0,0
test/0004/dia237_utt1,0,0,0,0,1,0,0
test/0001/dia237_utt10,0,0,0,1,0,0,0
test/0003/dia237_utt11,0,0,0,0,1,0,0
test/0001/dia237_utt2,0,0,0,0,1,0,0
test/0004/dia237_utt3,0,1,0,0,0,0,0
test/0002/dia237_utt4,0,0,0,0,0,0,1
test/0003/dia237_utt5,0,1,0,0,0,0,0
test/0003/dia237_utt6,1,0,0,0,0,0,0
test/0000/dia237_utt7,0,0,0,1,0,0,0
test/0003/dia237_utt8,1,0,0,0,0,0,0
test/0002/dia237_utt9,0,0,0,0,0,1,0
test/0006/dia238_utt0,0,0,0,0,1,0,0
test/0036/dia238_utt1,0,0,0,0,0,1,0
test/0036/dia238_utt2,0,0,0,0,1,0,0
test/0006/dia238_utt3,0,0,0,0,1,0,0
test/0006/dia238_utt4,0,0,0,0,1,0,0
test/0068/dia239_utt0,0,0,0,0,1,0,0
test/0003/dia239_utt1,1,0,0,0,0,0,0
test/0003/dia239_utt10,0,0,0,0,1,0,0
test/0068/dia239_utt11,0,0,0,0,1,0,0
test/0003/dia239_utt2,0,0,0,0,0,0,1
test/0028/dia239_utt3,0,0,0,0,1,0,0
test/0003/dia239_utt4,0,0,0,0,1,0,0
test/0028/dia239_utt5,0,0,0,0,1,0,0
test/0003/dia239_utt6,0,0,0,0,1,0,0
test/0090/dia239_utt7,0,0,0,0,1,0,0
test/0003/dia239_utt8,0,0,0,0,1,0,0
test/0003/dia239_utt9,0,0,0,0,1,0,0
test/0002/dia23_utt0,0,0,0,1,0,0,0
test/0091/dia23_utt1,0,0,0,0,1,0,0
test/0002/dia23_utt2,0,0,0,0,1,0,0
test/0092/dia240_utt0,1,0,0,0,0,0,0
test/0093/dia240_utt1,1,0,0,0,0,0,0
test/0094/dia240_utt10,0,0,0,0,0,0,1
test/0004/dia240_utt11,0,0,0,0,1,0,0
test/0094/dia240_utt12,0,0,0,0,0,0,1
test/0004/dia240_utt13,0,0,0,0,1,0,0
test/0094/dia240_utt14,0,0,0,0,0,0,1
test/0004/dia240_utt15,0,0,0,0,0,1,0
test/0094/dia240_utt16,0,0,0,0,0,0,1
test/0092/dia240_utt2,1,0,0,0,0,0,0
test/0093/dia240_utt3,0,0,0,0,0,1,0
test/0004/dia240_utt4,0,0,0,0,0,0,1
test/0094/dia240_utt5,0,0,0,0,1,0,0
test/0092/dia240_utt6,0,0,0,0,0,1,0
test/0004/dia240_utt7,0,0,0,1,0,0,0
test/0094/dia240_utt8,0,0,0,0,1,0,0
test/0004/dia240_utt9,0,0,0,1,0,0,0
test/0000/dia241_utt0,0,0,0,0,1,0,0
test/0004/dia241_utt1,0,0,0,1,0,0,0
test/0028/dia241_utt10,0,0,0,0,0,0,1
test/0004/dia241_utt11,0,0,0,0,1,0,0
test/0028/dia241_utt12,0,0,0,0,0,0,1
test/0031/dia241_utt13,0,0,0,0,1,0,0
test/0004/dia241_utt14,0,0,0,0,1,0,0
test/0004/dia241_utt2,0,0,0,1,0,0,0
test/0004/dia241_utt3,0,0,0,0,1,0,0
test/0000/dia241_utt4,0,0,0,0,1,0,0
test/0004/dia241_utt5,0,0,0,1,0,0,0
test/0028/dia241_utt6,0,0,0,1,0,0,0
test/0004/dia241_utt7,0,0,0,0,0,0,1
test/0028/dia241_utt8,0,0,0,0,1,0,0
test/0004/dia241_utt9,0,0,0,1,0,0,0
test/0003/dia242_utt0,0,0,0,0,1,0,0
test/0003/dia242_utt1,1,0,0,0,0,0,0
test/0003/dia242_utt2,1,0,0,0,0,0,0
test/0003/dia242_utt3,1,0,0,0,0,0,0
test/0003/dia242_utt4,0,0,0,1,0,0,0
test/0003/dia242_utt5,0,0,0,0,1,0,0
test/0064/dia242_utt6,0,0,0,0,1,0,0
test/0003/dia242_utt7,0,0,0,0,1,0,0
test/0038/dia243_utt0,1,0,0,0,0,0,0
test/0002/dia243_utt1,0,0,0,0,1,0,0
test/0038/dia243_utt2,0,0,0,0,1,0,0
test/0002/dia243_utt3,0,0,0,0,1,0,0
test/0038/dia243_utt4,1,0,0,0,0,0,0
test/0002/dia243_utt5,0,0,0,0,1,0,0
test/0006/dia244_utt0,0,0,0,0,1,0,0
test/0000/dia244_utt1,0,0,0,0,1,0,0
test/0006/dia244_utt10,0,0,0,0,1,0,0
test/0003/dia244_utt11,0,0,0,0,1,0,0
test/0003/dia244_utt12,0,0,0,0,1,0,0
test/0003/dia244_utt13,0,0,0,0,1,0,0
test/0001/dia244_utt14,0,0,0,0,1,0,0
test/0006/dia244_utt15,1,0,0,0,0,0,0
test/0001/dia244_utt16,0,0,0,0,1,0,0
test/0006/dia244_utt17,0,0,0,0,1,0,0
test/0003/dia244_utt18,0,0,0,0,1,0,0
test/0006/dia244_utt19,0,0,0,0,1,0,0
test/0003/dia244_utt2,0,0,0,0,1,0,0
test/0000/dia244_utt20,0,0,0,0,0,0,1
test/0006/dia244_utt21,0,0,0,1,0,0,0
test/0006/dia244_utt3,0,0,0,0,1,0,0
test/0003/dia244_utt4,0,0,0,0,0,1,0
test/0000/dia244_utt5,0,0,0,0,1,0,0
test/0003/dia244_utt6,0,1,0,0,0,0,0
test/0003/dia244_utt7,0,1,0,0,0,0,0
test/0003/dia244_utt8,1,0,0,0,0,0,0
test/0003/dia244_utt9,0,0,0,0,1,0,0
test/0002/dia245_utt0,0,0,0,0,1,0,0
test/0001/dia245_utt1,0,0,0,0,1,0,0
test/0002/dia245_utt2,0,0,0,0,0,0,1
test/0001/dia245_utt3,0,0,0,1,0,0,0
test/0001/dia245_utt4,0,0,1,0,0,0,0
test/0004/dia246_utt0,0,0,0,0,1,0,0
test/0095/dia246_utt1,0,0,0,0,1,0,0
test/0004/dia246_utt10,0,0,0,0,1,0,0
test/0004/dia246_utt11,0,0,0,0,1,0,0
test/0006/dia246_utt12,0,0,0,0,1,0,0
test/0095/dia246_utt13,0,0,0,0,1,0,0
test/0004/dia246_utt2,0,0,0,0,0,0,1
test/0095/dia246_utt3,0,0,0,0,1,0,0
test/0095/dia246_utt4,0,0,0,0,1,0,0
test/0095/dia246_utt5,0,0,0,0,1,0,0
test/0095/dia246_utt6,0,0,0,0,1,0,0
test/0095/dia246_utt7,0,0,0,0,1,0,0
test/0095/dia246_utt8,1,0,0,0,0,0,0
test/0095/dia246_utt9,0,0,0,0,1,0,0
test/0096/dia247_utt0,0,0,0,0,1,0,0
test/0002/dia247_utt1,0,0,0,0,1,0,0
test/0096/dia247_utt2,0,0,0,0,1,0,0
test/0002/dia247_utt3,0,0,0,1,0,0,0
test/0096/dia247_utt4,0,0,0,0,0,0,1
test/0002/dia248_utt0,0,0,0,0,1,0,0
test/0096/dia249_utt0,0,0,0,1,0,0,0
test/0002/dia249_utt1,0,0,0,0,1,0,0
test/0096/dia249_utt2,0,0,0,0,1,0,0
test/0096/dia249_utt3,0,0,0,0,1,0,0
test/0096/dia249_utt4,0,0,0,0,1,0,0
test/0002/dia249_utt5,0,0,0,1,0,0,0
test/0096/dia249_utt6,0,0,0,0,1,0,0
test/0002/dia249_utt7,0,0,0,1,0,0,0
test/0000/dia24_utt0,0,0,0,0,1,0,0
test/0002/dia24_utt1,0,0,0,1,0,0,0
test/0000/dia24_utt2,0,0,0,0,1,0,0
test/0002/dia24_utt3,0,0,0,1,0,0,0
test/0097/dia250_utt0,0,0,1,0,0,0,0
test/0000/dia250_utt1,0,0,0,0,1,0,0
test/0097/dia250_utt2,0,0,0,0,0,1,0
test/0000/dia250_utt3,0,0,0,0,1,0,0
test/0097/dia250_utt4,0,0,0,0,1,0,0
test/0004/dia250_utt5,0,0,0,0,0,0,1
test/0000/dia250_utt6,0,0,0,0,1,0,0
test/0000/dia250_utt7,0,0,0,0,1,0,0
test/0000/dia250_utt8,0,0,0,0,1,0,0
test/0098/dia251_utt0,0,0,0,0,0,0,1
test/0001/dia251_utt1,0,0,0,0,1,0,0
test/0098/dia251_utt2,0,0,0,0,1,0,0
test/0001/dia251_utt3,0,0,0,0,0,0,1
test/0098/dia251_utt4,0,0,0,0,1,0,0
test/0003/dia252_utt0,1,0,0,0,0,0,0
test/0006/dia252_utt1,1,0,0,0,0,0,0
test/0006/dia252_utt10,0,0,0,0,0,1,0
test/0006/dia252_utt11,0,0,0,0,0,1,0
test/0006/dia252_utt12,0,0,0,0,1,0,0
test/0006/dia252_utt13,0,0,0,0,0,1,0
test/0004/dia252_utt14,0,0,0,0,1,0,0
test/0004/dia252_utt15,0,0,0,0,1,0,0
test/0004/dia252_utt16,0,0,0,0,1,0,0
test/0006/dia252_utt17,0,0,0,0,0,0,1
test/0004/dia252_utt18,0,0,0,0,1,0,0
test/0006/dia252_utt2,1,0,0,0,0,0,0
test/0006/dia252_utt3,1,0,0,0,0,0,0
test/0006/dia252_utt4,1,0,0,0,0,0,0
test/0006/dia252_utt5,1,0,0,0,0,0,0
test/0006/dia252_utt6,1,0,0,0,0,0,0
test/0004/dia252_utt7,0,0,0,0,0,0,1
test/0003/dia252_utt8,0,0,0,0,1,0,0
test/0003/dia252_utt9,0,0,0,0,1,0,0
test/0099/dia253_utt0,0,0,0,1,0,0,0
test/0003/dia253_utt1,0,0,0,0,1,0,0
test/0003/dia253_utt10,0,0,0,1,0,0,0
test/0073/dia253_utt11,0,0,0,0,1,0,0
test/0003/dia253_utt12,0,0,0,0,1,0,0
test/0099/dia253_utt2,0,0,0,0,0,1,0
test/0003/dia253_utt3,0,0,0,0,1,0,0
test/0073/dia253_utt4,0,0,0,0,0,0,1
test/0003/dia253_utt5,0,0,0,0,1,0,0
test/0073/dia253_utt6,0,0,0,1,0,0,0
test/0099/dia253_utt7,0,0,0,0,0,0,1
test/0073/dia253_utt8,0,0,0,0,1,0,0
test/0099/dia253_utt9,0,0,0,0,1,0,0
test/0006/dia254_utt0,0,0,0,0,1,0,0
test/0003/dia254_utt1,0,0,0,0,1,0,0
test/0006/dia254_utt10,0,0,0,0,1,0,0
test/0003/dia254_utt11,0,1,0,0,0,0,0
test/0006/dia254_utt12,0,0,0,0,1,0,0
test/0001/dia254_utt13,0,0,0,1,0,0,0
test/0006/dia254_utt14,0,1,0,0,0,0,0
test/0004/dia254_utt15,1,0,0,0,0,0,0
test/0003/dia254_utt16,0,0,0,0,1,0,0
test/0002/dia254_utt17,0,0,0,0,1,0,0
test/0006/dia254_utt2,0,1,0,0,0,0,0
test/0006/dia254_utt3,0,0,0,0,0,0,1
test/0002/dia254_utt4,0,0,0,0,1,0,0
test/0006/dia254_utt5,1,0,0,0,0,0,0
test/0004/dia254_utt6,1,0,0,0,0,0,0
test/0006/dia254_utt7,0,0,0,0,0,0,1
test/0004/dia254_utt8,0,0,0,0,1,0,0
test/0003/dia254_utt9,0,0,0,0,1,0,0
test/0003/dia255_utt0,1,0,0,0,0,0,0
test/0001/dia255_utt1,0,0,0,1,0,0,0
test/0016/dia255_utt2,0,0,0,0,1,0,0
test/0003/dia255_utt3,0,0,0,0,1,0,0
test/0001/dia255_utt4,0,0,0,1,0,0,0
test/0002/dia255_utt5,0,0,0,0,0,0,1
test/0006/dia255_utt6,0,0,0,0,1,0,0
test/0002/dia255_utt7,0,0,0,1,0,0,0
test/0001/dia255_utt8,0,0,0,0,0,1,0
test/0000/dia256_utt0,0,0,0,1,0,0,0
test/0086/dia256_utt1,0,0,0,0,1,0,0
test/0004/dia257_utt0,0,0,0,0,1,0,0
test/0003/dia257_utt1,0,0,0,0,0,0,1
test/0004/dia257_utt2,0,0,0,0,1,0,0
test/0003/dia257_utt3,0,0,0,0,1,0,0
test/0004/dia257_utt4,0,0,0,1,0,0,0
test/0003/dia258_utt0,0,0,0,0,1,0,0
test/0004/dia258_utt1,0,0,0,0,1,0,0
test/0003/dia258_utt10,0,0,0,0,1,0,0
test/0004/dia258_utt11,0,0,0,1,0,0,0
test/0003/dia258_utt12,0,0,0,1,0,0,0
test/0003/dia258_utt2,0,0,0,0,1,0,0
test/0004/dia258_utt3,0,0,0,0,1,0,0
test/0004/dia258_utt4,0,0,0,0,1,0,0
test/0004/dia258_utt5,0,0,0,0,1,0,0
test/0003/dia258_utt6,0,0,0,0,1,0,0
test/0004/dia258_utt7,0,0,0,0,1,0,0
test/0003/dia258_utt8,0,0,0,0,1,0,0
test/0004/dia258_utt9,0,0,0,1,0,0,0
test/0006/dia259_utt0,0,0,0,0,0,0,1
test/0006/dia259_utt1,0,0,0,0,1,0,0
test/0001/dia259_utt10,0,1,0,0,0,0,0
test/0001/dia259_utt11,1,0,0,0,0,0,0
test/0001/dia259_utt12,1,0,0,0,0,0,0
test/0001/dia259_utt13,1,0,0,0,0,0,0
test/0006/dia259_utt14,0,0,0,0,1,0,0
test/0003/dia259_utt15,1,0,0,0,0,0,0
test/0006/dia259_utt2,0,0,0,1,0,0,0
test/0006/dia259_utt3,0,0,0,1,0,0,0
test/0006/dia259_utt4,1,0,0,0,0,0,0
test/0006/dia259_utt5,0,0,0,0,1,0,0
test/0006/dia259_utt6,1,0,0,0,0,0,0
test/0003/dia259_utt7,0,0,0,0,1,0,0
test/0001/dia259_utt8,0,0,0,0,1,0,0
test/0001/dia259_utt9,0,1,0,0,0,0,0
test/0001/dia25_utt0,0,0,0,0,1,0,0
test/0002/dia25_utt1,0,0,0,0,1,0,0
test/0002/dia25_utt10,1,0,0,0,0,0,0
test/0006/dia25_utt11,0,0,0,0,1,0,0
test/0001/dia25_utt12,0,0,0,0,1,0,0
test/0002/dia25_utt13,0,0,0,0,1,0,0
test/0001/dia25_utt14,0,0,0,0,1,0,0
test/0002/dia25_utt15,0,0,0,0,1,0,0
test/0006/dia25_utt16,1,0,0,0,0,0,0
test/0001/dia25_utt2,0,0,0,0,0,1,0
test/0002/dia25_utt3,0,0,0,0,1,0,0
test/0002/dia25_utt4,1,0,0,0,0,0,0
test/0001/dia25_utt5,0,0,0,0,0,0,1
test/0006/dia25_utt6,0,0,0,1,0,0,0
test/0002/dia25_utt7,0,0,0,0,1,0,0
test/0006/dia25_utt8,1,0,0,0,0,0,0
test/0002/dia25_utt9,0,0,0,0,1,0,0
test/0000/dia260_utt0,0,0,0,1,0,0,0
test/0002/dia260_utt1,0,0,0,1,0,0,0
test/0000/dia260_utt10,1,0,0,0,0,0,0
test/0002/dia260_utt2,0,0,0,0,1,0,0
test/0004/dia260_utt3,0,0,0,1,0,0,0
test/0000/dia260_utt4,0,0,0,0,0,0,1
test/0004/dia260_utt5,0,0,0,0,1,0,0
test/0000/dia260_utt6,1,0,0,0,0,0,0
test/0004/dia260_utt7,0,0,0,0,1,0,0
test/0000/dia260_utt8,1,0,0,0,0,0,0
test/0004/dia260_utt9,0,0,0,1,0,0,0
test/0004/dia261_utt0,0,0,0,0,0,0,1
test/0006/dia261_utt1,0,0,0,1,0,0,0
test/0004/dia261_utt2,0,0,0,1,0,0,0
test/0006/dia261_utt3,0,0,0,0,1,0,0
test/0004/dia261_utt4,0,0,0,1,0,0,0
test/0006/dia261_utt5,0,0,0,0,1,0,0
test/0004/dia261_utt6,0,0,0,0,1,0,0
test/0006/dia261_utt7,0,0,0,0,1,0,0
test/0004/dia261_utt8,0,0,0,0,1,0,0
test/0100/dia262_utt0,0,0,0,0,1,0,0
test/0001/dia262_utt1,0,0,0,1,0,0,0
test/0001/dia262_utt10,0,0,0,0,1,0,0
test/0100/dia262_utt11,0,0,0,0,1,0,0
test/0001/dia262_utt12,0,0,0,0,1,0,0
test/0100/dia262_utt13,0,0,0,0,1,0,0
test/0001/dia262_utt14,0,0,0,0,1,0,0
test/0100/dia262_utt15,0,0,0,1,0,0,0
test/0001/dia262_utt16,0,0,0,0,0,0,1
test/0100/dia262_utt2,0,0,0,1,0,0,0
test/0001/dia262_utt3,0,0,0,0,0,0,1
test/0100/dia262_utt4,0,0,0,0,1,0,0
test/0001/dia262_utt5,0,0,0,1,0,0,0
test/0001/dia262_utt6,0,0,0,1,0,0,0
test/0001/dia262_utt7,0,0,0,1,0,0,0
test/0001/dia262_utt8,0,0,0,0,1,0,0
test/0100/dia262_utt9,0,0,0,0,1,0,0
test/0006/dia263_utt0,0,0,0,0,1,0,0
test/0004/dia263_utt1,0,0,0,0,1,0,0
test/0004/dia263_utt2,0,0,0,0,1,0,0
test/0006/dia263_utt3,0,0,0,0,1,0,0
test/0003/dia263_utt4,0,0,1,0,0,0,0
test/0006/dia263_utt5,0,0,0,0,0,1,0
test/0004/dia263_utt6,0,0,0,1,0,0,0
test/0006/dia263_utt7,0,0,0,0,0,1,0
test/0003/dia263_utt8,0,0,0,0,1,0,0
test/0006/dia263_utt9,0,0,0,0,0,1,0
test/0004/dia264_utt0,1,0,0,0,0,0,0
test/0003/dia264_utt1,1,0,0,0,0,0,0
test/0004/dia264_utt2,0,0,0,0,0,0,1
test/0003/dia264_utt3,0,0,0,0,1,0,0
test/0006/dia265_utt0,0,0,0,0,0,0,1
test/0002/dia265_utt1,0,0,0,1,0,0,0
test/0006/dia266_utt0,0,0,0,0,1,0,0
test/0002/dia266_utt1,0,0,0,0,1,0,0
test/0006/dia266_utt10,0,0,0,1,0,0,0
test/0002/dia266_utt11,0,0,0,0,0,0,1
test/0006/dia266_utt12,0,0,0,0,0,0,1
test/0002/dia266_utt13,0,0,0,0,0,0,1
test/0006/dia266_utt14,0,0,0,1,0,0,0
test/0002/dia266_utt15,1,0,0,0,0,0,0
test/0006/dia266_utt16,0,0,0,1,0,0,0
test/0006/dia266_utt2,0,0,0,0,1,0,0
test/0002/dia266_utt3,0,0,0,0,1,0,0
test/0006/dia266_utt4,0,0,0,0,1,0,0
test/0006/dia266_utt5,0,0,0,0,1,0,0
test/0006/dia266_utt6,0,0,0,0,1,0,0
test/0006/dia266_utt7,0,0,0,0,1,0,0
test/0006/dia266_utt8,0,0,0,1,0,0,0
test/0002/dia266_utt9,0,0,0,0,1,0,0
test/0058/dia267_utt0,0,0,0,0,1,0,0
test/0058/dia267_utt1,0,0,0,0,1,0,0
test/0004/dia267_utt10,0,0,0,0,1,0,0
test/0058/dia267_utt2,0,0,0,0,1,0,0
test/0004/dia267_utt3,0,0,0,0,0,1,0
test/0058/dia267_utt4,0,0,0,0,1,0,0
test/0004/dia267_utt5,0,0,0,0,0,0,1
test/0058/dia267_utt6,0,0,0,0,1,0,0
test/0058/dia267_utt7,0,0,0,0,1,0,0
test/0004/dia267_utt8,0,0,0,0,0,1,0
test/0058/dia267_utt9,0,0,0,0,1,0,0
test/0003/dia268_utt0,0,0,0,0,0,0,1
test/0001/dia268_utt1,0,0,0,0,0,0,1
test/0003/dia268_utt10,1,0,0,0,0,0,0
test/0001/dia268_utt11,0,0,0,0,1,0,0
test/0101/dia268_utt12,0,0,0,0,1,0,0
test/0001/dia268_utt13,0,0,0,0,1,0,0
test/0003/dia268_utt2,0,0,0,0,0,0,1
test/0101/dia268_utt3,0,0,0,0,1,0,0
test/0003/dia268_utt4,0,0,0,0,1,0,0
test/0001/dia268_utt5,0,0,0,0,1,0,0
test/0101/dia268_utt6,0,0,0,0,1,0,0
test/0001/dia268_utt7,0,0,0,0,1,0,0
test/0101/dia268_utt8,0,0,0,0,1,0,0
test/0101/dia268_utt9,0,0,0,0,1,0,0
test/0006/dia269_utt0,0,0,0,0,1,0,0
test/0006/dia269_utt1,1,0,0,0,0,0,0
test/0001/dia269_utt2,0,0,0,1,0,0,0
test/0016/dia269_utt3,0,0,0,1,0,0,0
test/0006/dia269_utt4,0,0,0,0,1,0,0
test/0004/dia26_utt0,0,0,0,1,0,0,0
test/0006/dia270_utt0,0,0,0,0,1,0,0
test/0015/dia270_utt1,0,0,0,0,1,0,0
test/0006/dia270_utt10,0,0,0,1,0,0,0
test/0015/dia270_utt11,0,0,0,0,1,0,0
test/0006/dia270_utt12,0,0,0,0,0,0,1
test/0015/dia270_utt13,0,0,0,1,0,0,0
test/0006/dia270_utt14,0,0,0,0,0,0,1
test/0006/dia270_utt2,0,0,0,0,1,0,0
test/0015/dia270_utt3,0,0,0,0,1,0,0
test/0006/dia270_utt4,0,0,0,0,1,0,0
test/0015/dia270_utt5,0,0,0,0,1,0,0
test/0006/dia270_utt6,0,0,0,0,1,0,0
test/0015/dia270_utt7,0,0,0,0,1,0,0
test/0006/dia270_utt8,0,0,0,0,0,0,1
test/0015/dia270_utt9,0,0,0,0,1,0,0
test/0001/dia271_utt0,0,0,0,0,1,0,0
test/0003/dia271_utt1,0,0,0,0,1,0,0
test/0004/dia271_utt2,0,0,0,0,1,0,0
test/0003/dia271_utt3,0,0,1,0,0,0,0
test/0004/dia271_utt4,0,0,0,0,0,0,1
test/0003/dia271_utt5,0,0,0,0,1,0,0
test/0059/dia272_utt0,0,0,0,0,1,0,0
test/0059/dia272_utt1,0,0,0,0,1,0,0
test/0059/dia272_utt2,0,0,0,0,1,0,0
test/0059/dia272_utt3,0,0,0,0,1,0,0
test/0006/dia272_utt4,0,0,0,0,0,0,1
test/0059/dia272_utt5,1,0,0,0,0,0,0
test/0000/dia273_utt0,0,0,0,0,1,0,0
test/0004/dia273_utt1,0,0,0,0,0,0,1
test/0090/dia273_utt2,0,0,0,0,1,0,0
test/0090/dia273_utt3,0,0,0,0,1,0,0
test/0003/dia274_utt0,0,0,0,0,1,0,0
test/0001/dia274_utt1,0,0,0,0,1,0,0
test/0004/dia274_utt2,1,0,0,0,0,0,0
test/0003/dia274_utt3,0,0,0,1,0,0,0
test/0004/dia274_utt4,0,0,0,1,0,0,0
test/0006/dia275_utt0,0,0,0,0,1,0,0
test/0004/dia275_utt1,0,0,0,0,1,0,0
test/0002/dia275_utt2,0,0,0,0,1,0,0
test/0001/dia275_utt3,0,0,0,0,1,0,0
test/0003/dia276_utt0,0,0,0,0,1,0,0
test/0001/dia277_utt0,0,0,0,0,0,1,0
test/0003/dia278_utt0,0,1,0,0,0,0,0
test/0000/dia278_utt1,0,0,0,0,0,0,1
test/0003/dia278_utt10,0,0,0,0,1,0,0
test/0001/dia278_utt11,0,0,0,1,0,0,0
test/0000/dia278_utt12,0,0,0,0,1,0,0
test/0001/dia278_utt13,0,0,0,1,0,0,0
test/0000/dia278_utt14,0,0,0,0,1,0,0
test/0001/dia278_utt15,0,0,0,0,1,0,0
test/0003/dia278_utt16,0,0,0,0,1,0,0
test/0003/dia278_utt2,0,0,0,0,1,0,0
test/0001/dia278_utt3,0,0,0,1,0,0,0
test/0003/dia278_utt4,0,0,0,0,1,0,0
test/0001/dia278_utt5,0,0,0,0,0,0,1
test/0003/dia278_utt6,0,0,0,0,1,0,0
test/0000/dia278_utt7,0,0,0,0,0,0,1
test/0003/dia278_utt8,0,0,0,0,0,1,0
test/0001/dia278_utt9,0,0,0,1,0,0,0
test/0001/dia279_utt0,1,0,0,0,0,0,0
test/0002/dia279_utt1,1,0,0,0,0,0,0
test/0001/dia279_utt10,1,0,0,0,0,0,0
test/0002/dia279_utt11,0,0,0,0,1,0,0
test/0006/dia279_utt12,0,0,0,0,0,0,1
test/0002/dia279_utt13,0,0,0,0,1,0,0
test/0006/dia279_utt14,0,0,0,0,1,0,0
test/0001/dia279_utt15,0,0,0,0,1,0,0
test/0001/dia279_utt2,1,0,0,0,0,0,0
test/0002/dia279_utt3,1,0,0,0,0,0,0
test/0001/dia279_utt4,1,0,0,0,0,0,0
test/0001/dia279_utt5,0,0,0,0,1,0,0
test/0002/dia279_utt6,0,0,0,0,1,0,0
test/0006/dia279_utt7,1,0,0,0,0,0,0
test/0002/dia279_utt8,0,0,0,0,1,0,0
test/0001/dia279_utt9,0,0,0,0,1,0,0
test/0102/dia27_utt0,0,0,0,1,0,0,0
test/0000/dia27_utt1,0,0,0,0,1,0,0
test/0102/dia28_utt0,0,0,0,0,1,0,0
test/0000/dia28_utt1,0,0,0,1,0,0,0
test/0102/dia28_utt10,0,0,0,0,1,0,0
test/0102/dia28_utt11,0,0,0,0,1,0,0
test/0000/dia28_utt12,0,0,0,0,1,0,0
test/0102/dia28_utt13,0,0,0,0,1,0,0
test/0000/dia28_utt14,0,0,0,1,0,0,0
test/0000/dia28_utt15,1,0,0,0,0,0,0
test/0004/dia28_utt16,0,0,0,0,1,0,0
test/0102/dia28_utt2,0,0,0,0,1,0,0
test/0000/dia28_utt3,0,0,0,0,0,1,0
test/0102/dia28_utt4,0,0,0,0,1,0,0
test/0000/dia28_utt5,0,0,0,0,1,0,0
test/0000/dia28_utt6,0,0,0,0,1,0,0
test/0000/dia28_utt7,0,0,0,1,0,0,0
test/0000/dia28_utt8,0,0,0,0,1,0,0
test/0102/dia28_utt9,0,0,0,0,0,1,0
test/0003/dia29_utt0,0,0,0,0,1,0,0
test/0003/dia29_utt1,0,0,0,0,0,0,1
test/0003/dia29_utt10,0,0,1,0,0,0,0
test/0006/dia29_utt11,0,0,0,1,0,0,0
test/0006/dia29_utt12,0,0,0,1,0,0,0
test/0006/dia29_utt2,0,0,0,0,1,0,0
test/0006/dia29_utt3,0,0,0,0,0,0,1
test/0003/dia29_utt4,0,0,0,0,0,0,1
test/0006/dia29_utt5,0,0,0,0,0,0,1
test/0003/dia29_utt6,0,0,1,0,0,0,0
test/0006/dia29_utt7,0,0,0,1,0,0,0
test/0003/dia29_utt8,0,0,0,0,1,0,0
test/0006/dia29_utt9,0,0,0,0,1,0,0
test/0006/dia2_utt0,0,0,0,0,1,0,0
test/0002/dia2_utt1,0,0,0,0,1,0,0
test/0006/dia2_utt10,0,0,0,0,1,0,0
test/0006/dia2_utt2,0,0,0,0,0,1,0
test/0006/dia2_utt3,0,0,0,0,0,0,1
test/0002/dia2_utt4,1,0,0,0,0,0,0
test/0006/dia2_utt5,1,0,0,0,0,0,0
test/0006/dia2_utt6,1,0,0,0,0,0,0
test/0006/dia2_utt7,0,0,0,1,0,0,0
test/0006/dia2_utt8,0,0,0,1,0,0,0
test/0006/dia2_utt9,0,0,0,0,1,0,0
test/0002/dia30_utt0,0,0,0,0,0,0,1
test/0049/dia30_utt1,0,0,0,1,0,0,0
test/0002/dia30_utt2,0,0,0,1,0,0,0
test/0049/dia30_utt3,0,0,0,1,0,0,0
test/0002/dia30_utt4,0,0,0,0,0,0,1
test/0049/dia30_utt5,0,1,0,0,0,0,0
test/0002/dia31_utt0,0,0,0,0,1,0,0
test/0000/dia32_utt0,0,0,0,0,0,0,1
test/0047/dia32_utt1,0,0,0,1,0,0,0
test/0047/dia32_utt10,0,0,0,0,0,1,0
test/0047/dia32_utt11,0,0,0,0,0,1,0
test/0000/dia32_utt12,0,0,0,1,0,0,0
test/0000/dia32_utt2,0,0,0,0,1,0,0
test/0047/dia32_utt3,0,0,0,0,1,0,0
test/0000/dia32_utt4,0,0,0,0,1,0,0
test/0047/dia32_utt5,0,0,0,0,0,1,0
test/0000/dia32_utt6,0,0,0,0,1,0,0
test/0047/dia32_utt7,0,0,0,0,1,0,0
test/0000/dia32_utt8,0,0,0,0,0,0,1
test/0047/dia32_utt9,0,0,0,0,0,1,0
test/0000/dia33_utt0,0,0,0,0,0,1,0
test/0000/dia33_utt1,1,0,0,0,0,0,0
test/0000/dia33_utt10,1,0,0,0,0,0,0
test/0001/dia33_utt2,0,0,0,0,1,0,0
test/0002/dia33_utt3,0,0,0,0,1,0,0
test/0001/dia33_utt4,0,0,0,0,0,0,1
test/0002/dia33_utt5,0,0,0,0,0,1,0
test/0002/dia33_utt6,0,0,0,0,0,1,0
test/0001/dia33_utt7,0,0,0,0,1,0,0
test/0002/dia33_utt8,0,0,0,0,1,0,0
test/0001/dia33_utt9,1,0,0,0,0,0,0
test/0001/dia34_utt0,0,0,0,0,1,0,0
test/0002/dia34_utt1,0,1,0,0,0,0,0
test/0001/dia34_utt10,0,0,0,0,1,0,0
test/0001/dia34_utt11,0,0,0,0,1,0,0
test/0002/dia34_utt12,0,0,0,0,0,0,1
test/0001/dia34_utt13,0,0,0,0,0,0,1
test/0002/dia34_utt14,1,0,0,0,0,0,0
test/0002/dia34_utt15,1,0,0,0,0,0,0
test/0002/dia34_utt16,0,0,0,0,1,0,0
test/0001/dia34_utt17,1,0,0,0,0,0,0
test/0002/dia34_utt18,1,0,0,0,0,0,0
test/0001/dia34_utt2,0,0,0,1,0,0,0
test/0002/dia34_utt3,0,0,0,0,0,0,1
test/0001/dia34_utt4,1,0,0,0,0,0,0
test/0002/dia34_utt5,0,0,0,0,0,0,1
test/0001/dia34_utt6,0,1,0,0,0,0,0
test/0001/dia34_utt7,1,0,0,0,0,0,0
test/0001/dia34_utt8,0,0,0,0,1,0,0
test/0001/dia34_utt9,0,0,0,0,1,0,0
test/0016/dia35_utt0,0,0,0,0,1,0,0
test/0006/dia35_utt1,0,0,0,1,0,0,0
test/0021/dia35_utt2,0,0,0,0,1,0,0
test/0006/dia35_utt3,0,0,0,0,1,0,0
test/0103/dia35_utt4,0,0,0,0,1,0,0
test/0002/dia36_utt0,0,0,0,0,1,0,0
test/0001/dia36_utt1,1,0,0,0,0,0,0
test/0049/dia37_utt0,1,0,0,0,0,0,0
test/0004/dia37_utt1,0,0,0,0,1,0,0
test/0049/dia37_utt2,1,0,0,0,0,0,0
test/0004/dia37_utt3,0,0,1,0,0,0,0
test/0049/dia37_utt4,1,0,0,0,0,0,0
test/0049/dia37_utt5,0,0,0,0,1,0,0
test/0004/dia37_utt6,1,0,0,0,0,0,0
test/0049/dia37_utt7,1,0,0,0,0,0,0
test/0104/dia38_utt0,0,0,0,1,0,0,0
test/0004/dia38_utt1,0,0,0,1,0,0,0
test/0104/dia38_utt2,0,0,0,0,1,0,0
test/0004/dia38_utt3,0,0,0,1,0,0,0
test/0104/dia38_utt4,0,0,0,1,0,0,0
test/0006/dia39_utt0,0,0,0,0,1,0,0
test/0105/dia39_utt1,0,0,0,0,1,0,0
test/0001/dia39_utt10,0,0,0,0,1,0,0
test/0006/dia39_utt11,0,0,0,0,1,0,0
test/0006/dia39_utt2,0,0,0,0,1,0,0
test/0105/dia39_utt3,0,0,0,0,1,0,0
test/0006/dia39_utt4,0,0,0,0,1,0,0
test/0036/dia39_utt5,0,0,0,0,1,0,0
test/0050/dia39_utt6,0,0,0,1,0,0,0
test/0106/dia39_utt7,0,0,0,0,1,0,0
test/0050/dia39_utt8,0,0,0,0,1,0,0
test/0006/dia39_utt9,0,0,0,0,0,0,1
test/0107/dia3_utt0,0,0,0,0,1,0,0
test/0006/dia3_utt1,0,0,1,0,0,0,0
test/0107/dia3_utt2,0,0,0,0,1,0,0
test/0006/dia3_utt3,0,0,0,0,1,0,0
test/0107/dia3_utt4,1,0,0,0,0,0,0
test/0006/dia3_utt5,0,1,0,0,0,0,0
test/0000/dia3_utt6,0,0,0,0,1,0,0
test/0001/dia40_utt0,0,0,0,1,0,0,0
test/0000/dia40_utt1,0,0,0,0,1,0,0
test/0001/dia41_utt0,0,0,0,0,1,0,0
test/0003/dia41_utt1,1,0,0,0,0,0,0
test/0000/dia41_utt10,0,0,0,0,0,1,0
test/0000/dia41_utt11,0,0,0,0,0,1,0
test/0000/dia41_utt12,0,0,0,0,1,0,0
test/0002/dia41_utt2,1,0,0,0,0,0,0
test/0000/dia41_utt3,0,0,0,0,0,0,1
test/0002/dia41_utt4,1,0,0,0,0,0,0
test/0001/dia41_utt5,0,0,0,0,0,0,1
test/0002/dia41_utt6,0,1,0,0,0,0,0
test/0003/dia41_utt7,0,0,0,0,1,0,0
test/0000/dia41_utt8,0,0,0,0,0,0,1
test/0000/dia41_utt9,0,0,0,0,0,0,1
test/0006/dia42_utt0,0,0,0,1,0,0,0
test/0006/dia42_utt1,0,0,0,0,0,1,0
test/0006/dia42_utt2,0,0,0,0,1,0,0
test/0000/dia42_utt3,0,0,0,0,0,0,1
test/0006/dia42_utt4,0,0,0,0,1,0,0
test/0002/dia42_utt5,0,0,0,0,0,0,1
test/0006/dia42_utt6,0,0,0,1,0,0,0
test/0001/dia42_utt7,0,0,0,0,0,0,1
test/0006/dia42_utt8,0,0,0,0,1,0,0
test/0001/dia43_utt0,0,0,0,0,1,0,0
test/0004/dia43_utt1,0,0,0,0,1,0,0
test/0001/dia43_utt2,0,0,0,0,1,0,0
test/0006/dia43_utt3,0,0,0,0,1,0,0
test/0001/dia43_utt4,0,0,0,0,1,0,0
test/0004/dia43_utt5,0,0,0,0,1,0,0
test/0000/dia43_utt6,0,0,0,0,1,0,0
test/0003/dia44_utt0,0,0,0,0,1,0,0
test/0002/dia44_utt1,0,0,0,0,1,0,0
test/0003/dia44_utt2,0,0,0,1,0,0,0
test/0002/dia44_utt3,0,0,0,0,1,0,0
test/0001/dia45_utt0,1,0,0,0,0,0,0
test/0000/dia45_utt1,0,0,0,0,1,0,0
test/0001/dia45_utt2,0,0,0,0,1,0,0
test/0000/dia45_utt3,0,0,0,0,0,0,1
test/0000/dia45_utt4,0,0,0,1,0,0,0
test/0000/dia45_utt5,0,0,0,1,0,0,0
test/0000/dia45_utt6,1,0,0,0,0,0,0
test/0001/dia45_utt7,0,0,0,0,1,0,0
test/0001/dia45_utt8,0,0,0,0,1,0,0
test/0097/dia46_utt0,0,0,0,1,0,0,0
test/0097/dia46_utt1,0,0,0,1,0,0,0
test/0097/dia46_utt2,0,0,0,1,0,0,0
test/0097/dia46_utt3,0,0,0,1,0,0,0
test/0097/dia46_utt4,0,0,0,1,0,0,0
test/0097/dia46_utt5,0,0,0,1,0,0,0
test/0097/dia46_utt6,0,0,0,0,1,0,0
test/0000/dia46_utt7,0,0,0,1,0,0,0
test/0108/dia46_utt8,0,0,0,1,0,0,0
test/0004/dia47_utt0,0,0,0,0,0,1,0
test/0004/dia47_utt1,0,0,0,0,0,1,0
test/0004/dia47_utt10,0,0,0,0,1,0,0
test/0001/dia47_utt11,0,0,0,0,1,0,0
test/0003/dia47_utt12,0,0,0,0,1,0,0
test/0001/dia47_utt13,0,0,0,0,1,0,0
test/0004/dia47_utt2,0,0,0,0,0,1,0
test/0004/dia47_utt3,0,0,0,0,1,0,0
test/0004/dia47_utt4,0,0,0,0,1,0,0
test/0003/dia47_utt5,0,0,0,0,1,0,0
test/0004/dia47_utt6,0,0,0,0,0,1,0
test/0003/dia47_utt7,0,0,0,0,1,0,0
test/0001/dia47_utt8,0,0,0,0,1,0,0
test/0003/dia47_utt9,0,0,0,0,1,0,0
test/0001/dia48_utt0,0,0,0,0,1,0,0
test/0000/dia48_utt1,0,0,0,0,1,0,0
test/0001/dia48_utt2,0,0,0,0,1,0,0
test/0003/dia48_utt3,0,0,0,1,0,0,0
test/0004/dia48_utt4,0,0,0,1,0,0,0
test/0006/dia48_utt5,0,0,0,1,0,0,0
test/0004/dia48_utt6,0,0,0,1,0,0,0
test/0001/dia49_utt0,0,0,0,1,0,0,0
test/0003/dia49_utt1,0,0,0,1,0,0,0
test/0003/dia49_utt10,0,0,0,0,1,0,0
test/0003/dia49_utt11,0,0,0,1,0,0,0
test/0001/dia49_utt12,0,0,0,0,0,0,1
test/0003/dia49_utt13,0,0,0,0,1,0,0
test/0001/dia49_utt14,0,0,0,1,0,0,0
test/0003/dia49_utt15,0,0,0,0,1,0,0
test/0001/dia49_utt16,0,0,0,0,1,0,0
test/0004/dia49_utt2,0,0,0,0,1,0,0
test/0003/dia49_utt3,0,0,0,0,1,0,0
test/0004/dia49_utt4,0,0,0,0,1,0,0
test/0001/dia49_utt5,0,0,0,0,1,0,0
test/0004/dia49_utt6,0,0,0,0,1,0,0
test/0001/dia49_utt7,0,0,0,0,1,0,0
test/0003/dia49_utt8,0,0,0,0,1,0,0
test/0003/dia49_utt9,0,0,0,1,0,0,0
test/0000/dia4_utt0,0,0,0,0,0,0,1
test/0001/dia4_utt1,0,0,0,0,1,0,0
test/0000/dia4_utt2,0,0,0,0,0,0,1
test/0001/dia4_utt3,0,0,0,0,0,0,1
test/0000/dia4_utt4,0,0,0,0,1,0,0
test/0004/dia4_utt5,0,0,1,0,0,0,0
test/0001/dia4_utt6,0,1,0,0,0,0,0
test/0004/dia4_utt7,1,0,0,0,0,0,0
test/0004/dia4_utt8,0,0,0,0,1,0,0
test/0006/dia50_utt0,0,0,0,0,1,0,0
test/0003/dia50_utt1,0,0,0,0,1,0,0
test/0109/dia50_utt2,0,0,1,0,0,0,0
test/0003/dia50_utt3,0,0,0,0,1,0,0
test/0004/dia51_utt0,0,0,0,1,0,0,0
test/0002/dia51_utt1,0,0,0,1,0,0,0
test/0004/dia51_utt2,0,0,0,0,1,0,0
test/0006/dia52_utt0,0,0,0,0,1,0,0
test/0004/dia52_utt1,0,1,0,0,0,0,0
test/0006/dia52_utt10,1,0,0,0,0,0,0
test/0006/dia52_utt11,1,0,0,0,0,0,0
test/0006/dia52_utt2,0,0,0,0,1,0,0
test/0004/dia52_utt3,0,0,0,0,0,0,1
test/0006/dia52_utt4,0,0,0,0,1,0,0
test/0004/dia52_utt5,0,0,0,0,1,0,0
test/0006/dia52_utt6,0,0,0,0,1,0,0
test/0004/dia52_utt7,0,0,0,0,0,0,1
test/0006/dia52_utt8,0,0,0,0,0,0,1
test/0004/dia52_utt9,0,0,0,0,1,0,0
test/0001/dia53_utt0,0,0,0,0,0,0,1
test/0002/dia53_utt1,0,0,0,0,1,0,0
test/0001/dia53_utt10,0,0,0,0,1,0,0
test/0002/dia53_utt11,0,0,0,1,0,0,0
test/0001/dia53_utt12,0,0,0,1,0,0,0
test/0001/dia53_utt2,0,0,0,1,0,0,0
test/0002/dia53_utt3,0,0,0,1,0,0,0
test/0001/dia53_utt4,0,0,0,1,0,0,0
test/0002/dia53_utt5,0,0,0,0,1,0,0
test/0001/dia53_utt6,0,0,0,0,0,1,0
test/0002/dia53_utt7,0,0,0,0,0,1,0
test/0001/dia53_utt8,0,0,0,0,0,0,1
test/0001/dia53_utt9,0,0,0,1,0,0,0
test/0110/dia54_utt0,0,0,0,0,1,0,0
test/0002/dia54_utt1,0,0,0,0,1,0,0
test/0006/dia54_utt10,0,0,0,0,0,1,0
test/0002/dia54_utt11,0,0,0,0,0,1,0
test/0110/dia54_utt2,0,0,0,0,1,0,0
test/0006/dia54_utt3,1,0,0,0,0,0,0
test/0110/dia54_utt4,0,0,0,0,1,0,0
test/0006/dia54_utt5,0,0,0,0,0,0,1
test/0002/dia54_utt6,0,0,0,0,1,0,0
test/0006/dia54_utt7,1,0,0,0,0,0,0
test/0002/dia54_utt8,0,0,0,0,1,0,0
test/0110/dia54_utt9,0,0,0,0,1,0,0
test/0002/dia55_utt0,0,0,0,0,1,0,0
test/0002/dia55_utt1,0,0,0,0,1,0,0
test/0000/dia55_utt2,0,0,0,1,0,0,0
test/0002/dia56_utt0,0,0,0,0,0,1,0
test/0006/dia56_utt1,0,0,0,0,1,0,0
test/0002/dia56_utt10,0,0,0,0,0,0,1
test/0006/dia56_utt11,0,0,0,1,0,0,0
test/0002/dia56_utt2,0,0,0,1,0,0,0
test/0006/dia56_utt3,0,0,0,0,1,0,0
test/0002/dia56_utt4,1,0,0,0,0,0,0
test/0006/dia56_utt5,0,0,0,1,0,0,0
test/0002/dia56_utt6,0,0,0,0,1,0,0
test/0006/dia56_utt7,0,0,0,1,0,0,0
test/0002/dia56_utt8,0,0,0,1,0,0,0
test/0006/dia56_utt9,0,0,0,0,1,0,0
test/0001/dia57_utt0,0,0,0,0,1,0,0
test/0003/dia57_utt1,0,0,0,1,0,0,0
test/0001/dia57_utt2,0,0,0,1,0,0,0
test/0003/dia57_utt3,0,0,0,0,1,0,0
test/0001/dia57_utt4,0,0,0,1,0,0,0
test/0001/dia57_utt5,0,1,0,0,0,0,0
test/0003/dia58_utt0,0,0,0,1,0,0,0
test/0001/dia58_utt1,0,0,0,1,0,0,0
test/0003/dia58_utt10,0,0,0,0,0,1,0
test/0001/dia58_utt11,0,0,0,0,1,0,0
test/0003/dia58_utt12,0,0,0,1,0,0,0
test/0001/dia58_utt13,0,0,0,1,0,0,0
test/0003/dia58_utt14,0,0,0,0,1,0,0
test/0001/dia58_utt15,0,0,0,0,1,0,0
test/0003/dia58_utt16,0,0,0,0,0,1,0
test/0003/dia58_utt2,0,0,0,1,0,0,0
test/0001/dia58_utt3,0,0,0,1,0,0,0
test/0003/dia58_utt4,0,0,0,0,1,0,0
test/0001/dia58_utt5,0,0,0,0,1,0,0
test/0003/dia58_utt6,0,0,0,0,1,0,0
test/0003/dia58_utt7,0,0,0,0,0,0,1
test/0003/dia58_utt8,0,0,0,0,0,0,1
test/0003/dia58_utt9,0,0,0,0,0,1,0
test/0006/dia59_utt0,0,0,0,0,1,0,0
test/0002/dia59_utt1,0,0,0,0,1,0,0
test/0002/dia59_utt2,1,0,0,0,0,0,0
test/0003/dia5_utt0,1,0,0,0,0,0,0
test/0003/dia5_utt1,0,0,0,0,1,0,0
test/0111/dia5_utt2,0,0,0,0,1,0,0
test/0003/dia5_utt3,0,0,0,0,1,0,0
test/0111/dia5_utt4,0,0,0,0,1,0,0
test/0003/dia5_utt5,0,0,0,0,1,0,0
test/0111/dia5_utt6,0,0,0,0,1,0,0
test/0003/dia5_utt7,0,0,0,0,1,0,0
test/0004/dia5_utt8,0,0,0,0,1,0,0
test/0003/dia60_utt0,0,0,1,0,0,0,0
test/0049/dia60_utt1,0,0,0,0,1,0,0
test/0003/dia60_utt2,0,0,0,1,0,0,0
test/0003/dia60_utt3,0,0,0,0,0,0,1
test/0003/dia60_utt4,0,0,0,0,0,1,0
test/0049/dia60_utt5,1,0,0,0,0,0,0
test/0003/dia60_utt6,1,0,0,0,0,0,0
test/0112/dia61_utt0,0,0,0,0,0,0,1
test/0001/dia61_utt1,0,1,0,0,0,0,0
test/0001/dia61_utt2,0,0,0,0,0,0,1
test/0113/dia62_utt0,0,0,0,0,1,0,0
test/0003/dia62_utt1,1,0,0,0,0,0,0
test/0000/dia63_utt0,0,0,0,0,1,0,0
test/0006/dia63_utt1,0,0,0,0,1,0,0
test/0003/dia64_utt0,1,0,0,0,0,0,0
test/0006/dia64_utt1,0,0,0,0,1,0,0
test/0004/dia64_utt10,0,0,0,0,1,0,0
test/0004/dia64_utt11,0,0,0,0,1,0,0
test/0004/dia64_utt12,0,0,0,0,0,1,0
test/0068/dia64_utt13,0,0,0,0,1,0,0
test/0004/dia64_utt14,0,0,0,0,0,0,1
test/0068/dia64_utt15,0,0,0,0,1,0,0
test/0004/dia64_utt16,0,0,0,0,1,0,0
test/0003/dia64_utt2,1,0,0,0,0,0,0
test/0006/dia64_utt3,1,0,0,0,0,0,0
test/0003/dia64_utt4,1,0,0,0,0,0,0
test/0006/dia64_utt5,0,0,0,0,1,0,0
test/0003/dia64_utt6,0,0,0,0,1,0,0
test/0068/dia64_utt7,0,0,0,0,1,0,0
test/0004/dia64_utt8,0,0,0,0,1,0,0
test/0068/dia64_utt9,0,0,0,0,1,0,0
test/0003/dia65_utt0,0,0,0,0,1,0,0
test/0000/dia65_utt1,0,0,0,0,1,0,0
test/0004/dia65_utt10,0,0,0,0,0,0,1
test/0003/dia65_utt2,0,0,0,0,1,0,0
test/0004/dia65_utt3,0,1,0,0,0,0,0
test/0003/dia65_utt4,0,0,0,0,0,0,1
test/0000/dia65_utt5,0,0,0,0,1,0,0
test/0003/dia65_utt6,1,0,0,0,0,0,0
test/0004/dia65_utt7,0,0,0,0,1,0,0
test/0000/dia65_utt8,0,0,0,0,1,0,0
test/0003/dia65_utt9,1,0,0,0,0,0,0
test/0081/dia66_utt0,0,0,0,0,1,0,0
test/0081/dia66_utt1,0,0,0,1,0,0,0
test/0002/dia66_utt2,0,0,0,1,0,0,0
test/0081/dia66_utt3,0,0,0,0,1,0,0
test/0006/dia66_utt4,0,0,0,1,0,0,0
test/0001/dia67_utt0,0,0,0,0,1,0,0
test/0000/dia67_utt1,0,0,0,0,1,0,0
test/0114/dia67_utt2,0,0,0,0,1,0,0
test/0000/dia67_utt3,0,0,0,1,0,0,0
test/0002/dia68_utt0,1,0,0,0,0,0,0
test/0004/dia68_utt1,1,0,0,0,0,0,0
test/0004/dia68_utt10,0,0,0,0,1,0,0
test/0002/dia68_utt11,1,0,0,0,0,0,0
test/0004/dia68_utt12,0,0,0,1,0,0,0
test/0002/dia68_utt13,0,0,0,1,0,0,0
test/0004/dia68_utt14,0,0,0,0,1,0,0
test/0004/dia68_utt2,0,0,0,0,1,0,0
test/0002/dia68_utt3,0,0,0,0,0,1,0
test/0004/dia68_utt4,0,0,0,0,1,0,0
test/0002/dia68_utt5,1,0,0,0,0,0,0
test/0004/dia68_utt6,0,0,0,0,1,0,0
test/0002/dia68_utt7,0,0,0,1,0,0,0
test/0004/dia68_utt8,0,0,0,0,1,0,0
test/0002/dia68_utt9,0,0,0,1,0,0,0
test/0003/dia69_utt0,1,0,0,0,0,0,0
test/0003/dia69_utt1,1,0,0,0,0,0,0
test/0003/dia69_utt2,0,0,0,0,1,0,0
test/0003/dia69_utt3,0,0,0,0,1,0,0
test/0003/dia69_utt4,0,0,0,0,1,0,0
test/0003/dia69_utt5,0,0,0,1,0,0,0
test/0004/dia6_utt0,0,0,0,0,1,0,0
test/0001/dia6_utt1,0,0,0,0,1,0,0
test/0000/dia6_utt2,0,0,0,0,0,0,1
test/0004/dia70_utt0,0,0,0,0,1,0,0
test/0115/dia70_utt1,0,0,0,0,1,0,0
test/0004/dia70_utt10,0,1,0,0,0,0,0
test/0004/dia70_utt11,1,0,0,0,0,0,0
test/0004/dia70_utt12,1,0,0,0,0,0,0
test/0004/dia70_utt13,1,0,0,0,0,0,0
test/0004/dia70_utt14,1,0,0,0,0,0,0
test/0004/dia70_utt15,0,0,0,0,0,1,0
test/0004/dia70_utt16,0,0,0,0,0,1,0
test/0116/dia70_utt17,0,0,0,1,0,0,0
test/0028/dia70_utt18,0,0,0,0,1,0,0
test/0006/dia70_utt19,0,0,0,0,1,0,0
test/0004/dia70_utt2,0,0,0,0,1,0,0
test/0115/dia70_utt20,0,0,0,0,1,0,0
test/0006/dia70_utt21,0,0,0,0,1,0,0
test/0004/dia70_utt22,0,0,0,1,0,0,0
test/0115/dia70_utt3,0,0,0,0,1,0,0
test/0004/dia70_utt4,0,0,0,0,1,0,0
test/0006/dia70_utt5,0,0,0,0,1,0,0
test/0115/dia70_utt6,0,0,0,0,1,0,0
test/0006/dia70_utt7,0,0,0,0,1,0,0
test/0004/dia70_utt8,0,0,0,0,0,1,0
test/0006/dia70_utt9,0,1,0,0,0,0,0
test/0004/dia71_utt0,0,0,0,1,0,0,0
test/0117/dia71_utt1,0,0,0,0,1,0,0
test/0004/dia71_utt10,0,0,0,0,1,0,0
test/0004/dia71_utt11,0,0,0,0,1,0,0
test/0004/dia71_utt12,0,0,0,1,0,0,0
test/0004/dia71_utt13,0,0,1,0,0,0,0
test/0004/dia71_utt2,0,0,0,1,0,0,0
test/0117/dia71_utt3,0,0,0,0,0,0,1
test/0118/dia71_utt4,0,0,0,1,0,0,0
test/0004/dia71_utt5,0,0,0,0,0,0,1
test/0004/dia71_utt6,0,0,0,0,0,0,1
test/0004/dia71_utt7,0,0,0,0,1,0,0
test/0004/dia71_utt8,0,0,0,0,1,0,0
test/0004/dia71_utt9,0,0,0,0,1,0,0
test/0060/dia72_utt0,0,0,0,0,1,0,0
test/0002/dia72_utt1,0,0,0,1,0,0,0
test/0002/dia72_utt10,1,0,0,0,0,0,0
test/0002/dia72_utt11,1,0,0,0,0,0,0
test/0006/dia72_utt12,0,0,0,0,1,0,0
test/0002/dia72_utt13,1,0,0,0,0,0,0
test/0060/dia72_utt14,0,0,0,0,1,0,0
test/0002/dia72_utt15,0,0,0,0,1,0,0
test/0028/dia72_utt16,0,0,0,0,0,0,1
test/0002/dia72_utt2,1,0,0,0,0,0,0
test/0002/dia72_utt3,1,0,0,0,0,0,0
test/0002/dia72_utt4,1,0,0,0,0,0,0
test/0002/dia72_utt5,1,0,0,0,0,0,0
test/0002/dia72_utt6,1,0,0,0,0,0,0
test/0002/dia72_utt7,1,0,0,0,0,0,0
test/0002/dia72_utt8,1,0,0,0,0,0,0
test/0002/dia72_utt9,1,0,0,0,0,0,0
test/0004/dia73_utt0,0,0,1,0,0,0,0
test/0006/dia73_utt1,0,0,0,0,1,0,0
test/0006/dia73_utt10,1,0,0,0,0,0,0
test/0004/dia73_utt2,1,0,0,0,0,0,0
test/0059/dia73_utt3,0,0,0,0,1,0,0
test/0006/dia73_utt4,0,0,0,0,1,0,0
test/0059/dia73_utt5,0,0,0,0,1,0,0
test/0000/dia73_utt6,0,0,0,0,1,0,0
test/0000/dia73_utt7,0,0,0,1,0,0,0
test/0006/dia73_utt8,1,0,0,0,0,0,0
test/0004/dia73_utt9,0,0,0,0,1,0,0
test/0000/dia74_utt0,0,0,0,1,0,0,0
test/0004/dia74_utt1,0,0,0,0,1,0,0
test/0001/dia74_utt2,0,0,0,0,1,0,0
test/0002/dia74_utt3,0,0,0,0,1,0,0
test/0000/dia74_utt4,0,0,0,0,1,0,0
test/0000/dia75_utt0,0,0,0,0,1,0,0
test/0119/dia75_utt1,0,0,0,0,1,0,0
test/0000/dia75_utt2,0,0,0,0,1,0,0
test/0000/dia75_utt3,0,0,0,0,1,0,0
test/0000/dia75_utt4,1,0,0,0,0,0,0
test/0000/dia75_utt5,0,0,0,0,1,0,0
test/0006/dia76_utt0,0,0,0,0,1,0,0
test/0002/dia76_utt1,0,0,0,0,1,0,0
test/0002/dia76_utt10,0,0,0,0,1,0,0
test/0006/dia76_utt11,0,0,0,0,1,0,0
test/0002/dia76_utt12,0,0,0,0,1,0,0
test/0006/dia76_utt13,0,0,0,0,1,0,0
test/0000/dia76_utt14,0,0,0,0,1,0,0
test/0002/dia76_utt15,0,0,0,0,1,0,0
test/0000/dia76_utt16,0,0,0,1,0,0,0
test/0002/dia76_utt17,0,0,0,0,1,0,0
test/0000/dia76_utt18,0,0,0,1,0,0,0
test/0001/dia76_utt2,0,0,0,0,1,0,0
test/0002/dia76_utt3,0,0,0,0,1,0,0
test/0001/dia76_utt4,0,0,0,0,1,0,0
test/0002/dia76_utt5,0,0,0,0,1,0,0
test/0001/dia76_utt6,0,0,0,0,1,0,0
test/0002/dia76_utt7,0,0,0,0,1,0,0
test/0002/dia76_utt8,0,0,0,0,0,0,1
test/0006/dia76_utt9,0,0,0,0,1,0,0
test/0006/dia77_utt0,0,0,0,0,0,0,1
test/0001/dia77_utt1,0,0,0,0,1,0,0
test/0006/dia77_utt2,1,0,0,0,0,0,0
test/0001/dia77_utt3,1,0,0,0,0,0,0
test/0002/dia77_utt4,0,0,0,0,0,1,0
test/0002/dia78_utt0,0,0,0,0,0,1,0
test/0001/dia78_utt1,0,0,0,0,1,0,0
test/0002/dia78_utt2,0,0,0,0,1,0,0
test/0001/dia78_utt3,0,0,0,0,1,0,0
test/0006/dia78_utt4,0,0,0,0,1,0,0
test/0002/dia78_utt5,0,0,0,0,1,0,0
test/0006/dia78_utt6,0,0,0,0,1,0,0
test/0006/dia78_utt7,0,0,0,1,0,0,0
test/0002/dia78_utt8,0,0,0,1,0,0,0
test/0000/dia78_utt9,0,0,0,1,0,0,0
test/0001/dia79_utt0,0,0,0,0,1,0,0
test/0002/dia79_utt1,0,0,0,0,1,0,0
test/0001/dia7_utt0,0,0,0,0,1,0,0
test/0000/dia7_utt1,0,0,0,0,1,0,0
test/0004/dia7_utt2,0,0,0,0,1,0,0
test/0003/dia7_utt3,0,0,0,0,1,0,0
test/0001/dia7_utt4,0,0,0,0,0,0,1
test/0006/dia7_utt5,0,0,0,0,1,0,0
test/0001/dia7_utt6,0,0,0,0,0,0,1
test/0006/dia7_utt7,0,0,0,0,1,0,0
test/0004/dia7_utt8,0,0,0,0,1,0,0
test/0002/dia80_utt0,1,0,0,0,0,0,0
test/0001/dia80_utt1,1,0,0,0,0,0,0
test/0004/dia80_utt2,0,1,0,0,0,0,0
test/0001/dia80_utt3,1,0,0,0,0,0,0
test/0002/dia80_utt4,1,0,0,0,0,0,0
test/0001/dia80_utt5,0,0,0,0,1,0,0
test/0004/dia80_utt6,0,0,0,0,1,0,0
test/0002/dia80_utt7,1,0,0,0,0,0,0
test/0004/dia80_utt8,0,0,0,0,1,0,0
test/0004/dia80_utt9,0,0,0,0,1,0,0
test/0006/dia81_utt0,0,0,0,1,0,0,0
test/0002/dia81_utt1,0,0,0,0,1,0,0
test/0001/dia82_utt0,0,0,0,0,1,0,0
test/0003/dia83_utt0,0,0,0,0,1,0,0
test/0000/dia83_utt1,0,0,0,0,1,0,0
test/0006/dia83_utt10,1,0,0,0,0,0,0
test/0006/dia83_utt2,0,0,0,0,1,0,0
test/0003/dia83_utt3,0,0,0,0,1,0,0
test/0016/dia83_utt4,0,0,0,1,0,0,0
test/0003/dia83_utt5,1,0,0,0,0,0,0
test/0000/dia83_utt6,0,0,0,0,0,0,1
test/0003/dia83_utt7,0,0,0,0,0,1,0
test/0001/dia83_utt8,0,0,0,0,1,0,0
test/0003/dia83_utt9,0,0,0,0,0,1,0
test/0003/dia84_utt0,1,0,0,0,0,0,0
test/0004/dia84_utt1,1,0,0,0,0,0,0
test/0004/dia84_utt2,0,0,0,0,0,1,0
test/0004/dia85_utt0,0,0,0,0,1,0,0
test/0003/dia85_utt1,0,0,0,0,0,0,1
test/0004/dia85_utt2,1,0,0,0,0,0,0
test/0004/dia85_utt3,1,0,0,0,0,0,0
test/0004/dia85_utt4,0,1,0,0,0,0,0
test/0004/dia85_utt5,1,0,0,0,0,0,0
test/0002/dia86_utt0,0,0,0,0,1,0,0
test/0002/dia86_utt1,0,0,0,0,1,0,0
test/0002/dia86_utt2,0,0,0,0,1,0,0
test/0002/dia86_utt3,0,0,0,0,1,0,0
test/0002/dia86_utt4,0,0,0,0,1,0,0
test/0006/dia86_utt5,0,1,0,0,0,0,0
test/0004/dia86_utt6,0,0,0,1,0,0,0
test/0006/dia86_utt7,0,0,0,0,0,0,1
test/0003/dia87_utt0,0,0,0,0,1,0,0
test/0001/dia87_utt1,0,0,0,0,1,0,0
test/0120/dia88_utt0,0,0,0,1,0,0,0
test/0000/dia88_utt1,0,0,0,1,0,0,0
test/0073/dia88_utt10,0,0,0,0,1,0,0
test/0006/dia88_utt11,0,0,0,0,0,0,1
test/0003/dia88_utt12,0,0,0,1,0,0,0
test/0073/dia88_utt13,0,0,0,0,1,0,0
test/0004/dia88_utt2,0,1,0,0,0,0,0
test/0016/dia88_utt3,1,0,0,0,0,0,0
test/0120/dia88_utt4,0,0,0,0,1,0,0
test/0120/dia88_utt5,0,0,0,0,1,0,0
test/0004/dia88_utt6,1,0,0,0,0,0,0
test/0073/dia88_utt7,0,0,0,0,1,0,0
test/0004/dia88_utt8,0,0,0,0,0,1,0
test/0002/dia88_utt9,0,0,0,1,0,0,0
test/0073/dia89_utt0,0,0,0,0,1,0,0
test/0073/dia89_utt1,0,0,0,0,1,0,0
test/0004/dia89_utt2,0,0,0,0,0,0,1
test/0121/dia8_utt0,0,0,0,0,0,1,0
test/0003/dia8_utt1,0,0,0,1,0,0,0
test/0121/dia8_utt2,0,0,0,0,1,0,0
test/0006/dia8_utt3,0,0,0,0,0,0,1
test/0003/dia8_utt4,0,0,0,0,1,0,0
test/0003/dia8_utt5,0,0,0,0,1,0,0
test/0121/dia8_utt6,0,0,0,1,0,0,0
test/0002/dia90_utt0,0,0,0,0,1,0,0
test/0006/dia90_utt1,1,0,0,0,0,0,0
test/0002/dia90_utt2,0,0,0,0,0,0,1
test/0006/dia90_utt3,0,0,0,0,0,1,0
test/0002/dia90_utt4,0,0,0,0,0,1,0
test/0006/dia90_utt5,0,0,0,0,0,1,0
test/0004/dia91_utt0,0,0,0,0,1,0,0
test/0001/dia92_utt0,0,0,0,1,0,0,0
test/0001/dia92_utt1,0,0,0,0,1,0,0
test/0001/dia92_utt2,0,0,0,0,1,0,0
test/0003/dia92_utt3,0,0,0,1,0,0,0
test/0001/dia92_utt4,0,0,0,1,0,0,0
test/0002/dia92_utt5,0,1,0,0,0,0,0
test/0004/dia93_utt0,0,0,0,0,0,1,0
test/0003/dia93_utt1,0,0,0,0,0,1,0
test/0003/dia93_utt10,0,0,0,0,1,0,0
test/0122/dia93_utt11,0,0,0,0,1,0,0
test/0004/dia93_utt12,1,0,0,0,0,0,0
test/0003/dia93_utt13,0,0,0,0,1,0,0
test/0004/dia93_utt14,0,0,0,0,1,0,0
test/0122/dia93_utt15,0,0,0,0,1,0,0
test/0004/dia93_utt2,0,0,0,0,1,0,0
test/0122/dia93_utt3,0,0,0,0,1,0,0
test/0004/dia93_utt4,0,0,0,0,1,0,0
test/0004/dia93_utt8,0,0,0,0,1,0,0
test/0004/dia93_utt9,0,0,0,0,1,0,0
test/0056/dia94_utt0,0,0,0,0,0,0,1
test/0006/dia94_utt1,0,0,0,0,1,0,0
test/0056/dia94_utt2,0,0,0,0,1,0,0
test/0000/dia95_utt0,0,0,0,0,0,0,1
test/0123/dia95_utt1,0,0,0,1,0,0,0
test/0000/dia95_utt10,0,0,0,0,1,0,0
test/0000/dia95_utt11,0,0,0,0,0,0,1
test/0000/dia95_utt12,0,0,0,1,0,0,0
test/0000/dia95_utt13,0,0,0,1,0,0,0
test/0107/dia95_utt14,0,0,0,1,0,0,0
test/0000/dia95_utt15,0,0,0,1,0,0,0
test/0107/dia95_utt16,0,0,0,0,1,0,0
test/0107/dia95_utt17,0,0,1,0,0,0,0
test/0107/dia95_utt18,0,0,0,0,1,0,0
test/0000/dia95_utt19,0,0,0,1,0,0,0
test/0006/dia95_utt2,0,0,0,0,0,0,1
test/0000/dia95_utt3,0,0,0,0,1,0,0
test/0006/dia95_utt4,0,0,0,0,0,0,1
test/0000/dia95_utt5,1,0,0,0,0,0,0
test/0000/dia95_utt6,0,0,0,0,1,0,0
test/0000/dia95_utt7,0,0,0,1,0,0,0
test/0000/dia95_utt8,0,0,0,1,0,0,0
test/0006/dia95_utt9,1,0,0,0,0,0,0
test/0004/dia96_utt0,0,0,0,0,1,0,0
test/0001/dia96_utt1,0,0,0,0,1,0,0
test/0003/dia96_utt10,0,0,0,0,1,0,0
test/0003/dia96_utt11,0,0,0,0,1,0,0
test/0001/dia96_utt12,0,0,0,0,0,0,1
test/0003/dia96_utt13,0,0,0,0,1,0,0
test/0002/dia96_utt14,0,0,0,0,0,0,1
test/0003/dia96_utt15,0,0,0,0,1,0,0
test/0003/dia96_utt16,0,0,0,0,1,0,0
test/0003/dia96_utt17,0,0,0,0,1,0,0
test/0003/dia96_utt18,0,0,0,0,1,0,0
test/0001/dia96_utt19,0,0,0,0,1,0,0
test/0004/dia96_utt2,0,0,0,1,0,0,0
test/0001/dia96_utt20,0,0,0,0,1,0,0
test/0001/dia96_utt3,0,1,0,0,0,0,0
test/0004/dia96_utt4,0,0,0,1,0,0,0
test/0003/dia96_utt5,0,0,0,0,1,0,0
test/0001/dia96_utt6,1,0,0,0,0,0,0
test/0003/dia96_utt7,0,1,0,0,0,0,0
test/0001/dia96_utt8,0,0,0,0,1,0,0
test/0002/dia96_utt9,1,0,0,0,0,0,0
test/0004/dia97_utt0,0,0,0,1,0,0,0
test/0001/dia97_utt1,0,0,0,1,0,0,0
test/0004/dia97_utt10,0,0,0,0,1,0,0
test/0004/dia97_utt11,0,0,0,1,0,0,0
test/0004/dia97_utt2,0,0,0,0,1,0,0
test/0001/dia97_utt3,0,0,0,0,1,0,0
test/0001/dia97_utt4,0,0,0,0,1,0,0
test/0001/dia97_utt5,0,0,0,0,1,0,0
test/0004/dia97_utt6,0,0,0,0,1,0,0
test/0004/dia97_utt7,0,0,0,0,1,0,0
test/0004/dia97_utt8,0,0,1,0,0,0,0
test/0004/dia97_utt9,0,0,0,0,1,0,0
test/0002/dia98_utt0,0,0,0,0,0,0,1
test/0001/dia98_utt1,1,0,0,0,0,0,0
test/0000/dia98_utt10,0,0,0,0,1,0,0
test/0000/dia98_utt11,0,0,0,0,1,0,0
test/0002/dia98_utt2,0,0,0,0,0,0,1
test/0001/dia98_utt3,1,0,0,0,0,0,0
test/0001/dia98_utt4,1,0,0,0,0,0,0
test/0001/dia98_utt5,1,0,0,0,0,0,0
test/0001/dia98_utt6,1,0,0,0,0,0,0
test/0001/dia98_utt7,1,0,0,0,0,0,0
test/0001/dia98_utt8,1,0,0,0,0,0,0
test/0001/dia98_utt9,0,0,0,0,1,0,0
test/0004/dia99_utt0,0,0,0,0,1,0,0
test/0003/dia99_utt1,0,0,0,0,1,0,0
test/0004/dia99_utt2,0,0,0,0,1,0,0
test/0003/dia99_utt3,0,0,0,0,1,0,0
test/0004/dia99_utt4,0,0,0,0,1,0,0
test/0003/dia99_utt5,0,0,0,0,1,0,0
test/0004/dia99_utt6,0,0,0,0,1,0,0
test/0003/dia99_utt7,0,0,0,0,1,0,0
test/0004/dia99_utt8,0,0,0,0,1,0,0
test/0003/dia99_utt9,0,0,1,0,0,0,0
test/0000/dia9_utt0,0,0,1,0,0,0,0
test/0001/dia9_utt1,0,0,0,0,1,0,0
test/0003/dia9_utt10,0,0,0,0,1,0,0
test/0002/dia9_utt11,0,0,0,0,0,1,0
test/0001/dia9_utt12,0,0,0,0,1,0,0
test/0002/dia9_utt13,1,0,0,0,0,0,0
test/0124/dia9_utt14,0,0,0,0,1,0,0
test/0002/dia9_utt15,0,0,0,1,0,0,0
test/0001/dia9_utt16,0,0,0,0,1,0,0
test/0003/dia9_utt17,0,0,0,0,1,0,0
test/0124/dia9_utt2,0,0,0,0,0,1,0
test/0000/dia9_utt3,0,0,0,0,0,0,1
test/0002/dia9_utt4,0,0,0,0,0,0,1
test/0004/dia9_utt5,0,0,0,0,1,0,0
test/0124/dia9_utt6,0,0,0,0,0,0,1
test/0001/dia9_utt7,1,0,0,0,0,0,0
test/0004/dia9_utt8,0,0,0,0,0,1,0
test/0000/dia9_utt9,0,0,0,0,0,1,0
train/0003/dia0_utt0,0,0,0,0,1,0,0
train/0125/dia0_utt1,0,0,0,0,1,0,0
train/0003/dia0_utt10,0,0,1,0,0,0,0
train/0125/dia0_utt11,0,0,0,0,1,0,0
train/0003/dia0_utt12,0,0,0,0,0,0,1
train/0125/dia0_utt13,0,0,0,0,1,0,0
train/0003/dia0_utt2,0,0,0,0,1,0,0
train/0125/dia0_utt3,0,0,0,0,1,0,0
train/0003/dia0_utt4,0,0,0,0,0,0,1
train/0125/dia0_utt5,0,0,0,0,1,0,0
train/0003/dia0_utt6,0,0,0,0,1,0,0
train/0125/dia0_utt7,0,0,0,0,1,0,0
train/0003/dia0_utt8,0,0,0,0,1,0,0
train/0125/dia0_utt9,0,0,0,0,1,0,0
train/0001/dia1000_utt0,0,1,0,0,0,0,0
train/0002/dia1000_utt1,0,1,0,0,0,0,0
train/0003/dia1000_utt2,1,0,0,0,0,0,0
train/0004/dia1000_utt3,0,0,0,0,1,0,0
train/0002/dia1001_utt0,0,0,0,0,1,0,0
train/0001/dia1001_utt1,0,0,0,0,1,0,0
train/0002/dia1001_utt10,0,0,0,1,0,0,0
train/0004/dia1001_utt11,0,0,0,0,1,0,0
train/0001/dia1001_utt2,0,0,0,0,1,0,0
train/0001/dia1001_utt3,0,0,0,1,0,0,0
train/0004/dia1001_utt4,0,0,0,0,0,1,0
train/0001/dia1001_utt5,0,0,0,1,0,0,0
train/0001/dia1001_utt6,0,0,0,1,0,0,0
train/0001/dia1001_utt7,0,0,0,1,0,0,0
train/0001/dia1001_utt8,0,0,0,0,1,0,0
train/0004/dia1001_utt9,0,0,0,0,1,0,0
train/0003/dia1002_utt0,0,0,0,0,1,0,0
train/0006/dia1002_utt1,0,0,0,1,0,0,0
train/0003/dia1002_utt2,0,0,0,1,0,0,0
train/0001/dia1002_utt3,0,0,0,0,1,0,0
train/0004/dia1002_utt4,0,0,0,1,0,0,0
train/0001/dia1002_utt5,0,0,0,1,0,0,0
train/0001/dia1003_utt0,0,0,0,0,1,0,0
train/0004/dia1003_utt1,0,0,0,0,1,0,0
train/0001/dia1003_utt2,0,0,0,0,1,0,0
train/0001/dia1003_utt3,0,0,0,0,1,0,0
train/0001/dia1003_utt4,0,0,0,0,1,0,0
train/0001/dia1003_utt5,0,0,0,0,1,0,0
train/0004/dia1003_utt6,0,0,0,1,0,0,0
train/0001/dia1003_utt7,0,0,0,0,0,0,1
train/0006/dia1004_utt0,0,0,0,0,1,0,0
train/0002/dia1004_utt1,0,0,0,1,0,0,0
train/0056/dia1004_utt2,0,0,0,0,1,0,0
train/0114/dia1005_utt0,0,0,0,0,1,0,0
train/0000/dia1005_utt1,0,0,0,1,0,0,0
train/0000/dia1005_utt10,0,0,0,1,0,0,0
train/0114/dia1005_utt11,1,0,0,0,0,0,0
train/0068/dia1005_utt12,0,0,0,0,1,0,0
train/0114/dia1005_utt13,0,1,0,0,0,0,0
train/0000/dia1005_utt14,1,0,0,0,0,0,0
train/0000/dia1005_utt15,0,0,0,0,1,0,0
train/0000/dia1005_utt16,1,0,0,0,0,0,0
train/0114/dia1005_utt17,0,0,0,0,1,0,0
train/0000/dia1005_utt18,0,0,0,1,0,0,0
train/0000/dia1005_utt19,0,0,0,0,1,0,0
train/0114/dia1005_utt2,0,0,0,1,0,0,0
train/0000/dia1005_utt20,1,0,0,0,0,0,0
train/0000/dia1005_utt21,0,1,0,0,0,0,0
train/0000/dia1005_utt3,0,0,0,0,1,0,0
train/0114/dia1005_utt4,0,0,0,0,1,0,0
train/0000/dia1005_utt5,0,0,0,0,1,0,0
train/0114/dia1005_utt6,0,1,0,0,0,0,0
train/0000/dia1005_utt7,0,0,0,0,1,0,0
train/0000/dia1005_utt8,0,0,0,0,1,0,0
train/0000/dia1005_utt9,0,0,0,0,1,0,0
train/0002/dia1006_utt0,0,0,0,0,0,1,0
train/0000/dia1006_utt1,0,0,0,1,0,0,0
train/0002/dia1006_utt2,0,0,0,0,0,1,0
train/0000/dia1006_utt3,0,0,0,0,1,0,0
train/0004/dia1006_utt4,0,0,0,0,1,0,0
train/0000/dia1006_utt5,0,0,0,0,1,0,0
train/0003/dia1007_utt0,0,0,0,0,1,0,0
train/0006/dia1007_utt1,0,0,0,0,0,1,0
train/0002/dia1007_utt10,1,0,0,0,0,0,0
train/0002/dia1007_utt11,1,0,0,0,0,0,0
train/0002/dia1007_utt12,0,0,0,0,0,1,0
train/0002/dia1007_utt13,0,0,0,0,0,1,0
train/0002/dia1007_utt14,0,0,0,0,0,1,0
train/0006/dia1007_utt15,0,0,0,0,1,0,0
train/0006/dia1007_utt2,0,0,0,0,0,1,0
train/0006/dia1007_utt3,1,0,0,0,0,0,0
train/0003/dia1007_utt4,0,0,0,1,0,0,0
train/0002/dia1007_utt5,0,0,0,0,0,1,0
train/0006/dia1007_utt6,0,0,0,0,0,1,0
train/0006/dia1007_utt7,0,0,0,0,0,1,0
train/0000/dia1007_utt8,0,0,0,0,0,1,0
train/0003/dia1007_utt9,0,0,0,0,1,0,0
train/0126/dia1008_utt0,0,0,0,0,0,0,1
train/0127/dia1008_utt1,0,0,0,0,0,0,1
train/0001/dia1008_utt2,0,0,0,1,0,0,0
train/0128/dia1008_utt3,0,0,0,0,1,0,0
train/0128/dia1008_utt4,0,0,0,0,1,0,0
train/0128/dia1008_utt5,0,0,0,0,1,0,0
train/0128/dia1008_utt6,0,0,0,0,1,0,0
train/0126/dia1008_utt7,0,0,0,0,1,0,0
train/0002/dia1008_utt8,0,0,0,0,0,0,1
train/0127/dia1008_utt9,0,0,0,0,1,0,0
train/0002/dia1009_utt0,0,0,0,0,0,1,0
train/0001/dia1009_utt1,0,0,0,0,1,0,0
train/0001/dia1009_utt10,0,0,0,1,0,0,0
train/0000/dia1009_utt11,0,0,0,1,0,0,0
train/0001/dia1009_utt12,0,0,0,0,0,0,1
train/0001/dia1009_utt13,0,0,0,0,0,0,1
train/0002/dia1009_utt14,0,0,0,0,1,0,0
train/0000/dia1009_utt15,0,0,0,0,1,0,0
train/0001/dia1009_utt16,0,0,0,1,0,0,0
train/0000/dia1009_utt17,0,0,0,1,0,0,0
train/0002/dia1009_utt18,0,0,0,0,0,1,0
train/0002/dia1009_utt2,0,0,0,1,0,0,0
train/0001/dia1009_utt3,0,0,0,0,1,0,0
train/0000/dia1009_utt4,0,0,0,0,1,0,0
train/0001/dia1009_utt5,0,0,0,0,1,0,0
train/0000/dia1009_utt6,0,0,0,1,0,0,0
train/0002/dia1009_utt7,0,0,0,0,0,1,0
train/0001/dia1009_utt8,0,0,0,0,0,0,1
train/0001/dia1009_utt9,0,0,0,0,0,0,1
train/0006/dia100_utt0,0,0,0,0,1,0,0
train/0006/dia100_utt1,0,0,0,0,1,0,0
train/0006/dia100_utt2,0,0,0,0,1,0,0
train/0006/dia100_utt3,0,0,1,0,0,0,0
train/0129/dia100_utt4,0,0,0,0,1,0,0
train/0006/dia100_utt5,0,0,0,0,1,0,0
train/0129/dia100_utt6,0,0,0,0,1,0,0
train/0006/dia100_utt7,0,0,0,0,0,0,1
train/0004/dia1010_utt0,0,0,0,0,1,0,0
train/0001/dia1010_utt1,0,0,0,0,1,0,0
train/0002/dia1010_utt10,0,0,0,0,1,0,0
train/0006/dia1010_utt11,0,0,0,1,0,0,0
train/0004/dia1010_utt2,0,0,0,1,0,0,0
train/0016/dia1010_utt3,0,1,0,0,0,0,0
train/0001/dia1010_utt4,0,1,0,0,0,0,0
train/0004/dia1010_utt5,0,0,0,0,0,1,0
train/0002/dia1010_utt6,0,0,0,0,1,0,0
train/0001/dia1010_utt7,0,0,0,1,0,0,0
train/0002/dia1010_utt8,0,0,0,0,1,0,0
train/0006/dia1010_utt9,0,1,0,0,0,0,0
train/0001/dia1011_utt0,0,0,0,0,0,0,1
train/0003/dia1011_utt1,0,0,0,0,1,0,0
train/0002/dia1011_utt10,0,0,0,0,1,0,0
train/0006/dia1011_utt11,1,0,0,0,0,0,0
train/0002/dia1011_utt12,0,0,0,0,1,0,0
train/0006/dia1011_utt2,0,0,0,1,0,0,0
train/0003/dia1011_utt3,0,0,0,0,1,0,0
train/0006/dia1011_utt4,0,0,0,0,1,0,0
train/0002/dia1011_utt5,1,0,0,0,0,0,0
train/0004/dia1011_utt6,0,0,0,0,1,0,0
train/0006/dia1011_utt7,0,0,0,0,1,0,0
train/0001/dia1011_utt8,0,0,0,0,1,0,0
train/0006/dia1011_utt9,0,0,0,0,1,0,0
train/0006/dia1012_utt0,0,0,0,0,1,0,0
train/0000/dia1012_utt1,0,0,0,0,0,0,1
train/0000/dia1012_utt10,1,0,0,0,0,0,0
train/0005/dia1012_utt11,0,0,0,1,0,0,0
train/0130/dia1012_utt2,0,0,0,1,0,0,0
train/0000/dia1012_utt3,0,0,0,1,0,0,0
train/0130/dia1012_utt4,0,0,0,1,0,0,0
train/0000/dia1012_utt5,1,0,0,0,0,0,0
train/0000/dia1012_utt6,1,0,0,0,0,0,0
train/0000/dia1012_utt7,0,0,0,0,0,0,1
train/0000/dia1012_utt8,0,0,0,0,0,0,1
train/0000/dia1012_utt9,1,0,0,0,0,0,0
train/0006/dia1013_utt0,0,0,0,0,1,0,0
train/0001/dia1013_utt1,1,0,0,0,0,0,0
train/0006/dia1013_utt2,0,0,0,0,1,0,0
train/0001/dia1013_utt3,1,0,0,0,0,0,0
train/0131/dia1014_utt0,0,0,0,0,1,0,0
train/0006/dia1014_utt1,0,0,0,0,1,0,0
train/0131/dia1014_utt2,0,0,0,0,1,0,0
train/0002/dia1014_utt3,0,0,0,0,0,0,1
train/0006/dia1014_utt4,0,0,0,0,1,0,0
train/0132/dia1015_utt0,0,0,0,0,1,0,0
train/0133/dia1015_utt1,0,0,0,0,1,0,0
train/0134/dia1015_utt2,0,0,0,1,0,0,0
train/0003/dia1015_utt3,0,0,0,0,1,0,0
train/0133/dia1015_utt4,0,0,0,0,1,0,0
train/0132/dia1015_utt5,0,0,0,0,1,0,0
train/0003/dia1015_utt6,0,0,0,1,0,0,0
train/0003/dia1015_utt7,0,0,0,0,1,0,0
train/0000/dia1015_utt8,0,0,0,0,1,0,0
train/0003/dia1015_utt9,0,0,0,0,1,0,0
train/0006/dia1016_utt0,1,0,0,0,0,0,0
train/0006/dia1016_utt1,1,0,0,0,0,0,0
train/0001/dia1016_utt10,0,0,0,1,0,0,0
train/0000/dia1016_utt11,0,0,1,0,0,0,0
train/0006/dia1016_utt12,0,0,0,1,0,0,0
train/0000/dia1016_utt13,0,0,0,0,1,0,0
train/0006/dia1016_utt14,1,0,0,0,0,0,0
train/0021/dia1016_utt15,0,0,0,0,1,0,0
train/0006/dia1016_utt16,1,0,0,0,0,0,0
train/0021/dia1016_utt17,0,0,0,0,1,0,0
train/0021/dia1016_utt18,1,0,0,0,0,0,0
train/0006/dia1016_utt19,1,0,0,0,0,0,0
train/0006/dia1016_utt2,1,0,0,0,0,0,0
train/0021/dia1016_utt20,0,0,0,0,1,0,0
train/0006/dia1016_utt21,0,0,0,0,1,0,0
train/0006/dia1016_utt3,1,0,0,0,0,0,0
train/0021/dia1016_utt4,0,0,0,1,0,0,0
train/0006/dia1016_utt5,0,0,0,0,0,0,1
train/0021/dia1016_utt6,0,0,0,0,1,0,0
train/0000/dia1016_utt7,0,0,0,1,0,0,0
train/0006/dia1016_utt8,0,0,0,0,0,0,1
train/0000/dia1016_utt9,0,1,0,0,0,0,0
train/0001/dia1017_utt0,0,0,0,0,0,1,0
train/0000/dia1017_utt1,0,0,0,0,0,1,0
train/0000/dia1017_utt10,0,0,0,1,0,0,0
train/0000/dia1017_utt11,0,0,0,1,0,0,0
train/0000/dia1017_utt12,0,0,0,0,1,0,0
train/0000/dia1017_utt13,0,0,0,1,0,0,0
train/0004/dia1017_utt2,0,0,0,0,0,1,0
train/0003/dia1017_utt3,1,0,0,0,0,0,0
train/0004/dia1017_utt4,1,0,0,0,0,0,0
train/0003/dia1017_utt5,1,0,0,0,0,0,0
train/0000/dia1017_utt6,0,0,0,0,1,0,0
train/0003/dia1017_utt7,1,0,0,0,0,0,0
train/0000/dia1017_utt8,1,0,0,0,0,0,0
train/0000/dia1017_utt9,1,0,0,0,0,0,0
train/0006/dia1018_utt0,0,0,0,1,0,0,0
train/0002/dia1018_utt1,0,0,1,0,0,0,0
train/0006/dia1018_utt10,1,0,0,0,0,0,0
train/0000/dia1018_utt11,1,0,0,0,0,0,0
train/0000/dia1018_utt12,0,0,0,0,0,0,1
train/0000/dia1018_utt13,1,0,0,0,0,0,0
train/0000/dia1018_utt14,1,0,0,0,0,0,0
train/0000/dia1018_utt15,1,0,0,0,0,0,0
train/0000/dia1018_utt16,0,0,0,0,0,0,1
train/0000/dia1018_utt2,0,0,0,0,1,0,0
train/0002/dia1018_utt3,0,0,0,0,0,1,0
train/0006/dia1018_utt4,1,0,0,0,0,0,0
train/0002/dia1018_utt5,0,0,0,0,1,0,0
train/0006/dia1018_utt6,1,0,0,0,0,0,0
train/0002/dia1018_utt7,0,0,1,0,0,0,0
train/0006/dia1018_utt8,1,0,0,0,0,0,0
train/0002/dia1018_utt9,0,0,0,0,1,0,0
train/0003/dia1019_utt0,0,0,0,0,1,0,0
train/0001/dia1019_utt1,0,0,0,0,1,0,0
train/0001/dia1019_utt10,1,0,0,0,0,0,0
train/0003/dia1019_utt11,0,0,0,0,1,0,0
train/0001/dia1019_utt12,0,0,0,0,1,0,0
train/0003/dia1019_utt13,0,0,0,0,1,0,0
train/0003/dia1019_utt14,0,0,0,0,1,0,0
train/0135/dia1019_utt15,0,0,0,0,1,0,0
train/0003/dia1019_utt16,0,0,0,0,1,0,0
train/0001/dia1019_utt2,0,0,0,0,1,0,0
train/0001/dia1019_utt3,0,0,0,0,1,0,0
train/0135/dia1019_utt4,0,0,0,0,1,0,0
train/0003/dia1019_utt5,0,0,0,0,0,0,1
train/0135/dia1019_utt6,0,0,0,0,1,0,0
train/0003/dia1019_utt7,0,0,0,0,0,1,0
train/0001/dia1019_utt8,0,0,0,0,1,0,0
train/0003/dia1019_utt9,0,0,0,0,0,0,1
train/0129/dia101_utt0,0,0,0,0,1,0,0
train/0006/dia101_utt1,0,0,0,0,0,0,1
train/0038/dia1020_utt0,0,0,0,0,1,0,0
train/0002/dia1020_utt1,0,0,0,1,0,0,0
train/0038/dia1020_utt2,0,0,0,0,0,0,1
train/0002/dia1020_utt3,0,0,0,0,1,0,0
train/0002/dia1020_utt4,0,0,0,0,1,0,0
train/0038/dia1020_utt5,0,0,0,0,0,0,1
train/0002/dia1020_utt6,0,0,0,0,1,0,0
train/0003/dia1021_utt0,0,0,0,0,1,0,0
train/0003/dia1021_utt1,0,0,0,0,1,0,0
train/0003/dia1021_utt2,0,0,0,0,1,0,0
train/0003/dia1021_utt3,0,1,0,0,0,0,0
train/0003/dia1021_utt4,0,0,0,0,0,1,0
train/0006/dia1021_utt5,0,1,0,0,0,0,0
train/0003/dia1021_utt6,0,0,0,0,1,0,0
train/0002/dia1022_utt0,0,0,0,0,1,0,0
train/0004/dia1022_utt1,0,0,0,0,1,0,0
train/0002/dia1022_utt10,1,0,0,0,0,0,0
train/0004/dia1022_utt11,0,0,0,0,0,0,1
train/0002/dia1022_utt12,1,0,0,0,0,0,0
train/0002/dia1022_utt15,0,0,0,0,1,0,0
train/0002/dia1022_utt16,1,0,0,0,0,0,0
train/0004/dia1022_utt17,0,0,0,1,0,0,0
train/0002/dia1022_utt2,0,0,0,0,1,0,0
train/0004/dia1022_utt3,0,0,0,1,0,0,0
train/0002/dia1022_utt4,0,0,0,0,1,0,0
train/0004/dia1022_utt5,0,0,0,1,0,0,0
train/0002/dia1022_utt6,0,0,0,0,0,0,1
train/0004/dia1022_utt7,0,0,0,0,1,0,0
train/0002/dia1022_utt8,1,0,0,0,0,0,0
train/0004/dia1022_utt9,0,0,0,1,0,0,0
train/0003/dia1023_utt0,0,0,0,1,0,0,0
train/0001/dia1023_utt1,0,0,0,0,1,0,0
train/0003/dia1023_utt2,0,0,0,0,1,0,0
train/0006/dia1023_utt3,0,0,0,0,0,0,1
train/0003/dia1023_utt4,0,0,0,0,0,1,0
train/0006/dia1023_utt5,0,0,0,0,1,0,0
train/0001/dia1023_utt6,1,0,0,0,0,0,0
train/0006/dia1023_utt7,0,0,0,0,0,0,1
train/0004/dia1024_utt0,0,0,0,1,0,0,0
train/0136/dia1024_utt1,0,0,0,1,0,0,0
train/0136/dia1024_utt10,0,0,0,0,1,0,0
train/0004/dia1024_utt11,0,0,0,1,0,0,0
train/0136/dia1024_utt12,0,0,0,0,1,0,0
train/0004/dia1024_utt13,0,0,0,1,0,0,0
train/0136/dia1024_utt14,0,0,0,0,1,0,0
train/0004/dia1024_utt15,0,0,0,0,0,1,0
train/0004/dia1024_utt2,0,0,0,0,1,0,0
train/0004/dia1024_utt3,0,0,0,0,1,0,0
train/0136/dia1024_utt4,0,0,0,1,0,0,0
train/0004/dia1024_utt5,0,0,0,0,1,0,0
train/0004/dia1024_utt6,0,0,0,0,1,0,0
train/0004/dia1024_utt7,0,0,0,0,1,0,0
train/0136/dia1024_utt8,0,0,0,0,1,0,0
train/0004/dia1024_utt9,0,0,0,0,1,0,0
train/0001/dia1025_utt0,0,1,0,0,0,0,0
train/0001/dia1025_utt1,0,1,0,0,0,0,0
train/0002/dia1025_utt10,1,0,0,0,0,0,0
train/0002/dia1025_utt11,0,0,1,0,0,0,0
train/0002/dia1025_utt12,0,0,0,0,1,0,0
train/0004/dia1025_utt13,0,0,0,1,0,0,0
train/0001/dia1025_utt14,1,0,0,0,0,0,0
train/0006/dia1025_utt15,1,0,0,0,0,0,0
train/0004/dia1025_utt16,0,0,0,0,1,0,0
train/0006/dia1025_utt17,0,0,0,0,1,0,0
train/0000/dia1025_utt2,1,0,0,0,0,0,0
train/0004/dia1025_utt3,0,0,0,0,0,1,0
train/0004/dia1025_utt4,0,0,0,0,0,0,1
train/0004/dia1025_utt5,1,0,0,0,0,0,0
train/0002/dia1025_utt6,0,0,0,0,1,0,0
train/0004/dia1025_utt7,1,0,0,0,0,0,0
train/0002/dia1025_utt8,1,0,0,0,0,0,0
train/0002/dia1025_utt9,1,0,0,0,0,0,0
train/0001/dia1026_utt0,0,0,0,1,0,0,0
train/0003/dia1026_utt1,0,0,0,1,0,0,0
train/0001/dia1026_utt10,0,0,0,1,0,0,0
train/0003/dia1026_utt11,1,0,0,0,0,0,0
train/0001/dia1026_utt12,0,0,0,0,0,1,0
train/0003/dia1026_utt13,1,0,0,0,0,0,0
train/0001/dia1026_utt14,0,0,0,0,0,0,1
train/0003/dia1026_utt15,1,0,0,0,0,0,0
train/0001/dia1026_utt2,0,0,0,1,0,0,0
train/0003/dia1026_utt3,0,0,0,0,1,0,0
train/0001/dia1026_utt4,0,0,0,0,0,0,1
train/0003/dia1026_utt5,0,0,0,0,0,0,1
train/0001/dia1026_utt6,0,0,0,0,0,0,1
train/0003/dia1026_utt7,0,0,0,1,0,0,0
train/0001/dia1026_utt8,0,0,0,1,0,0,0
train/0003/dia1026_utt9,0,0,0,0,0,0,1
train/0000/dia1027_utt0,0,0,0,0,1,0,0
train/0000/dia1027_utt1,0,0,0,0,0,1,0
train/0000/dia1027_utt2,0,0,0,0,0,1,0
train/0000/dia1027_utt3,0,0,0,0,0,1,0
train/0000/dia1027_utt4,0,0,0,1,0,0,0
train/0000/dia1027_utt5,1,0,0,0,0,0,0
train/0000/dia1027_utt6,0,1,0,0,0,0,0
train/0137/dia1028_utt0,0,0,0,0,1,0,0
train/0137/dia1028_utt1,0,0,0,0,1,0,0
train/0137/dia1028_utt2,0,0,0,0,1,0,0
train/0137/dia1028_utt3,0,0,0,0,1,0,0
train/0137/dia1028_utt4,0,0,0,0,1,0,0
train/0002/dia1028_utt5,0,0,0,1,0,0,0
train/0138/dia1029_utt0,0,0,0,0,0,0,1
train/0002/dia1029_utt1,0,0,0,0,1,0,0
train/0002/dia1029_utt10,0,0,0,0,1,0,0
train/0002/dia1029_utt11,0,0,0,0,1,0,0
train/0002/dia1029_utt12,0,0,0,0,1,0,0
train/0138/dia1029_utt13,0,0,0,0,1,0,0
train/0002/dia1029_utt14,0,0,0,1,0,0,0
train/0138/dia1029_utt2,0,0,0,1,0,0,0
train/0002/dia1029_utt3,0,0,0,0,0,0,1
train/0138/dia1029_utt4,0,0,0,1,0,0,0
train/0002/dia1029_utt5,0,0,0,0,0,0,1
train/0002/dia1029_utt6,0,0,0,1,0,0,0
train/0002/dia1029_utt7,0,0,0,1,0,0,0
train/0002/dia1029_utt8,0,0,0,0,1,0,0
train/0002/dia1029_utt9,0,0,0,0,1,0,0
train/0129/dia102_utt0,0,0,0,0,1,0,0
train/0139/dia102_utt1,0,0,0,0,1,0,0
train/0129/dia102_utt2,0,0,0,0,1,0,0
train/0006/dia1030_utt0,0,0,0,0,1,0,0
train/0072/dia1030_utt1,0,0,0,0,0,1,0
train/0006/dia1030_utt2,0,0,0,0,0,0,1
train/0072/dia1030_utt3,0,0,0,0,0,1,0
train/0006/dia1030_utt4,0,0,0,0,0,1,0
train/0072/dia1030_utt5,0,0,0,0,1,0,0
train/0100/dia1031_utt0,0,0,0,0,1,0,0
train/0001/dia1031_utt1,0,0,0,0,1,0,0
train/0003/dia1031_utt2,0,0,0,1,0,0,0
train/0070/dia1031_utt3,0,0,0,1,0,0,0
train/0112/dia1032_utt0,0,0,0,0,1,0,0
train/0001/dia1032_utt1,0,0,0,0,1,0,0
train/0001/dia1032_utt10,0,0,0,0,1,0,0
train/0112/dia1032_utt11,0,0,0,0,1,0,0
train/0112/dia1032_utt2,0,0,0,0,1,0,0
train/0112/dia1032_utt3,0,0,0,0,1,0,0
train/0112/dia1032_utt4,0,0,0,0,1,0,0
train/0112/dia1032_utt5,0,0,0,0,1,0,0
train/0001/dia1032_utt6,0,0,0,0,1,0,0
train/0112/dia1032_utt7,0,0,0,1,0,0,0
train/0001/dia1032_utt8,0,0,0,0,0,0,1
train/0112/dia1032_utt9,0,0,0,0,1,0,0
train/0004/dia1033_utt0,0,0,0,0,1,0,0
train/0003/dia1033_utt1,0,0,0,0,1,0,0
train/0004/dia1033_utt2,0,0,0,1,0,0,0
train/0001/dia1033_utt3,0,0,0,0,0,0,1
train/0002/dia1034_utt0,0,0,0,0,1,0,0
train/0006/dia1034_utt1,0,0,0,1,0,0,0
train/0002/dia1034_utt2,0,0,0,0,0,0,1
train/0004/dia1035_utt0,1,0,0,0,0,0,0
train/0003/dia1035_utt1,0,0,0,0,1,0,0
train/0004/dia1035_utt2,1,0,0,0,0,0,0
train/0006/dia1035_utt3,0,0,0,0,1,0,0
train/0003/dia1035_utt4,0,0,0,0,1,0,0
train/0006/dia1035_utt5,1,0,0,0,0,0,0
train/0004/dia1035_utt6,0,0,0,1,0,0,0
train/0004/dia1036_utt0,0,0,0,1,0,0,0
train/0140/dia1036_utt1,0,0,0,0,0,1,0
train/0140/dia1036_utt10,1,0,0,0,0,0,0
train/0140/dia1036_utt11,0,0,0,0,1,0,0
train/0140/dia1036_utt12,0,0,0,0,1,0,0
train/0140/dia1036_utt13,0,0,0,0,1,0,0
train/0140/dia1036_utt14,0,0,0,0,1,0,0
train/0004/dia1036_utt15,1,0,0,0,0,0,0
train/0140/dia1036_utt16,0,0,0,0,1,0,0
train/0141/dia1036_utt17,0,0,0,0,1,0,0
train/0004/dia1036_utt18,0,0,0,0,1,0,0
train/0141/dia1036_utt19,0,0,0,0,1,0,0
train/0004/dia1036_utt2,0,0,0,0,0,0,1
train/0004/dia1036_utt20,0,0,0,0,0,1,0
train/0140/dia1036_utt3,0,0,0,0,0,1,0
train/0004/dia1036_utt4,0,0,0,0,0,0,1
train/0140/dia1036_utt5,0,0,0,0,1,0,0
train/0004/dia1036_utt6,0,0,0,0,0,0,1
train/0140/dia1036_utt7,0,0,0,0,1,0,0
train/0004/dia1036_utt8,0,0,0,0,0,1,0
train/0140/dia1036_utt9,0,0,0,0,1,0,0
train/0142/dia1037_utt0,0,0,0,0,1,0,0
train/0002/dia1037_utt1,0,0,0,0,1,0,0
train/0142/dia1037_utt2,0,0,0,0,1,0,0
train/0003/dia1038_utt0,0,0,0,0,1,0,0
train/0016/dia1038_utt1,0,0,0,1,0,0,0
train/0004/dia1038_utt10,0,0,0,0,1,0,0
train/0004/dia1038_utt11,0,1,0,0,0,0,0
train/0004/dia1038_utt12,0,1,0,0,0,0,0
train/0003/dia1038_utt13,0,0,0,0,1,0,0
train/0006/dia1038_utt14,0,0,0,0,1,0,0
train/0004/dia1038_utt15,0,0,0,0,0,0,1
train/0016/dia1038_utt16,0,0,0,0,1,0,0
train/0004/dia1038_utt17,0,0,0,1,0,0,0
train/0001/dia1038_utt2,0,0,0,0,1,0,0
train/0003/dia1038_utt3,0,0,0,0,1,0,0
train/0006/dia1038_utt4,0,0,0,0,0,0,1
train/0003/dia1038_utt5,0,1,0,0,0,0,0
train/0002/dia1038_utt6,0,0,0,0,1,0,0
train/0003/dia1038_utt7,0,1,0,0,0,0,0
train/0001/dia1038_utt8,0,0,0,0,0,0,1
train/0004/dia1038_utt9,0,0,0,0,1,0,0
train/0143/dia103_utt0,0,0,0,1,0,0,0
train/0006/dia103_utt1,0,0,0,0,1,0,0
train/0143/dia103_utt2,0,0,0,0,0,0,1
train/0006/dia103_utt3,0,0,0,1,0,0,0
train/0143/dia103_utt4,0,0,0,0,1,0,0
train/0006/dia103_utt5,0,0,0,0,1,0,0
train/0143/dia103_utt6,0,0,0,1,0,0,0
train/0006/dia103_utt7,0,0,0,1,0,0,0
train/0049/dia104_utt0,0,0,0,0,0,0,1
train/0002/dia104_utt1,0,0,0,1,0,0,0
train/0006/dia105_utt0,0,0,1,0,0,0,0
train/0049/dia105_utt1,0,0,0,0,0,0,1
train/0006/dia106_utt0,0,0,0,0,1,0,0
train/0049/dia106_utt1,0,0,0,0,0,0,1
train/0006/dia106_utt2,0,0,0,0,1,0,0
train/0049/dia106_utt3,0,0,0,0,1,0,0
train/0002/dia106_utt4,0,0,0,0,1,0,0
train/0049/dia106_utt5,0,0,1,0,0,0,0
train/0004/dia107_utt0,0,0,0,0,1,0,0
train/0006/dia107_utt1,0,0,0,0,1,0,0
train/0000/dia107_utt10,0,0,0,0,1,0,0
train/0001/dia107_utt2,0,0,0,0,1,0,0
train/0001/dia107_utt4,0,0,0,0,1,0,0
train/0004/dia107_utt5,0,0,0,1,0,0,0
train/0006/dia107_utt6,0,0,0,0,1,0,0
train/0000/dia107_utt7,0,0,0,0,1,0,0
train/0000/dia107_utt8,0,0,0,0,1,0,0
train/0000/dia107_utt9,0,0,0,0,1,0,0
train/0003/dia108_utt0,0,0,0,0,1,0,0
train/0001/dia108_utt1,0,0,0,0,1,0,0
train/0002/dia108_utt2,0,0,0,1,0,0,0
train/0001/dia108_utt3,0,0,0,0,1,0,0
train/0002/dia108_utt4,0,0,0,1,0,0,0
train/0003/dia108_utt5,0,0,0,0,1,0,0
train/0002/dia108_utt6,0,0,0,0,1,0,0
train/0001/dia109_utt0,0,0,0,0,1,0,0
train/0003/dia109_utt1,0,1,0,0,0,0,0
train/0001/dia109_utt10,0,0,0,0,1,0,0
train/0000/dia109_utt11,0,0,0,0,1,0,0
train/0001/dia109_utt12,0,0,0,0,1,0,0
train/0003/dia109_utt13,0,0,0,0,1,0,0
train/0000/dia109_utt14,0,0,0,0,1,0,0
train/0003/dia109_utt15,1,0,0,0,0,0,0
train/0003/dia109_utt16,0,0,1,0,0,0,0
train/0003/dia109_utt17,0,0,1,0,0,0,0
train/0003/dia109_utt18,0,0,1,0,0,0,0
train/0000/dia109_utt19,0,0,0,0,0,0,1
train/0003/dia109_utt20,1,0,0,0,0,0,0
train/0001/dia109_utt21,0,0,0,1,0,0,0
train/0000/dia109_utt3,1,0,0,0,0,0,0
train/0001/dia109_utt4,0,0,0,1,0,0,0
train/0000/dia109_utt5,0,0,0,1,0,0,0
train/0002/dia109_utt6,0,0,0,0,0,1,0
train/0002/dia109_utt7,0,0,0,0,0,1,0
train/0002/dia109_utt8,0,0,0,0,0,1,0
train/0000/dia109_utt9,0,0,0,1,0,0,0
train/0000/dia10_utt0,1,0,0,0,0,0,0
train/0000/dia10_utt1,1,0,0,0,0,0,0
train/0000/dia10_utt2,1,0,0,0,0,0,0
train/0000/dia10_utt3,1,0,0,0,0,0,0
train/0000/dia10_utt4,1,0,0,0,0,0,0
train/0001/dia10_utt5,0,0,0,0,1,0,0
train/0001/dia110_utt0,0,0,0,0,1,0,0
train/0000/dia110_utt1,0,0,0,0,0,0,1
train/0001/dia110_utt2,0,0,0,0,0,0,1
train/0000/dia110_utt3,1,0,0,0,0,0,0
train/0004/dia110_utt4,0,0,0,0,1,0,0
train/0001/dia110_utt5,0,0,0,1,0,0,0
train/0004/dia111_utt0,0,0,0,1,0,0,0
train/0003/dia111_utt1,0,0,1,0,0,0,0
train/0003/dia111_utt10,0,0,0,0,0,0,1
train/0004/dia111_utt11,0,0,0,0,1,0,0
train/0004/dia111_utt12,0,0,0,0,1,0,0
train/0003/dia111_utt13,0,0,1,0,0,0,0
train/0004/dia111_utt14,0,0,0,0,1,0,0
train/0003/dia111_utt15,0,1,0,0,0,0,0
train/0004/dia111_utt16,0,0,0,0,0,0,1
train/0003/dia111_utt17,0,1,0,0,0,0,0
train/0004/dia111_utt2,0,0,0,1,0,0,0
train/0003/dia111_utt3,0,0,0,0,1,0,0
train/0004/dia111_utt4,0,0,0,0,0,0,1
train/0003/dia111_utt5,0,0,1,0,0,0,0
train/0003/dia111_utt6,0,0,1,0,0,0,0
train/0004/dia111_utt7,0,0,0,0,1,0,0
train/0003/dia111_utt8,0,0,0,0,0,0,1
train/0004/dia111_utt9,0,0,0,0,1,0,0
train/0006/dia112_utt0,0,0,0,0,0,0,1
train/0000/dia112_utt1,0,0,0,0,0,0,1
train/0006/dia112_utt2,1,0,0,0,0,0,0
train/0000/dia112_utt3,1,0,0,0,0,0,0
train/0006/dia112_utt4,0,1,0,0,0,0,0
train/0006/dia113_utt0,0,0,0,0,1,0,0
train/0001/dia113_utt1,1,0,0,0,0,0,0
train/0003/dia113_utt10,0,0,0,0,1,0,0
train/0006/dia113_utt2,0,0,0,0,1,0,0
train/0006/dia113_utt3,0,0,0,0,1,0,0
train/0006/dia113_utt4,0,0,0,0,1,0,0
train/0006/dia113_utt5,0,0,0,0,1,0,0
train/0006/dia113_utt6,0,0,0,0,1,0,0
train/0003/dia113_utt7,0,0,0,0,1,0,0
train/0006/dia113_utt8,0,0,0,1,0,0,0
train/0006/dia113_utt9,0,0,0,0,1,0,0
train/0003/dia114_utt0,0,0,0,0,1,0,0
train/0003/dia114_utt1,0,0,0,0,0,0,1
train/0003/dia114_utt2,0,0,0,0,1,0,0
train/0004/dia114_utt3,0,0,0,1,0,0,0
train/0004/dia114_utt4,0,0,0,1,0,0,0
train/0144/dia115_utt0,0,0,0,0,1,0,0
train/0001/dia115_utt1,0,0,0,0,1,0,0
train/0144/dia115_utt2,0,0,0,0,1,0,0
train/0004/dia115_utt3,0,0,0,0,1,0,0
train/0144/dia115_utt4,1,0,0,0,0,0,0
train/0004/dia115_utt5,0,0,0,0,1,0,0
train/0144/dia115_utt6,0,0,0,0,0,0,1
train/0049/dia115_utt7,0,0,0,0,0,0,1
train/0006/dia116_utt0,0,0,0,0,1,0,0
train/0006/dia116_utt1,0,0,0,0,1,0,0
train/0051/dia116_utt2,0,0,0,0,0,1,0
train/0006/dia116_utt3,0,0,0,0,0,0,1
train/0051/dia116_utt4,0,0,0,0,1,0,0
train/0051/dia116_utt5,0,0,0,0,1,0,0
train/0006/dia116_utt6,0,0,0,0,1,0,0
train/0051/dia116_utt7,0,0,0,0,0,1,0
train/0001/dia117_utt0,0,0,0,1,0,0,0
train/0145/dia117_utt1,0,0,0,0,1,0,0
train/0001/dia117_utt2,0,0,0,1,0,0,0
train/0145/dia117_utt3,0,0,0,0,1,0,0
train/0003/dia118_utt0,0,0,0,0,1,0,0
train/0006/dia118_utt1,0,0,0,0,0,0,1
train/0003/dia118_utt2,0,0,0,0,1,0,0
train/0006/dia118_utt3,0,0,0,1,0,0,0
train/0003/dia118_utt4,1,0,0,0,0,0,0
train/0006/dia118_utt5,0,0,0,1,0,0,0
train/0004/dia119_utt0,0,0,0,0,1,0,0
train/0004/dia119_utt1,0,0,0,0,1,0,0
train/0001/dia119_utt10,0,0,0,0,1,0,0
train/0001/dia119_utt11,0,0,0,0,1,0,0
train/0004/dia119_utt12,1,0,0,0,0,0,0
train/0004/dia119_utt2,0,0,0,0,1,0,0
train/0004/dia119_utt3,0,0,0,0,1,0,0
train/0004/dia119_utt4,0,0,0,0,0,1,0
train/0001/dia119_utt5,0,0,0,0,1,0,0
train/0004/dia119_utt6,0,0,0,0,0,1,0
train/0001/dia119_utt7,0,0,0,0,0,0,1
train/0004/dia119_utt8,0,0,0,0,1,0,0
train/0001/dia119_utt9,0,0,0,0,1,0,0
train/0006/dia11_utt0,0,0,0,0,1,0,0
train/0001/dia11_utt1,1,0,0,0,0,0,0
train/0006/dia11_utt2,0,0,0,0,1,0,0
train/0003/dia11_utt3,0,0,0,1,0,0,0
train/0000/dia11_utt4,0,0,0,0,1,0,0
train/0000/dia11_utt5,0,0,0,0,1,0,0
train/0006/dia11_utt6,0,0,0,1,0,0,0
train/0004/dia11_utt7,0,0,0,1,0,0,0
train/0004/dia11_utt8,0,0,0,1,0,0,0
train/0000/dia11_utt9,0,0,0,1,0,0,0
train/0002/dia120_utt0,0,0,1,0,0,0,0
train/0001/dia120_utt1,0,0,0,1,0,0,0
train/0006/dia120_utt10,0,0,0,0,1,0,0
train/0004/dia120_utt11,0,0,0,0,1,0,0
train/0006/dia120_utt12,0,0,0,0,1,0,0
train/0003/dia120_utt13,0,0,0,0,1,0,0
train/0006/dia120_utt14,0,0,0,0,1,0,0
train/0004/dia120_utt15,0,0,0,0,1,0,0
train/0002/dia120_utt2,0,0,0,0,0,0,1
train/0001/dia120_utt3,0,0,0,0,1,0,0
train/0002/dia120_utt4,0,0,1,0,0,0,0
train/0006/dia120_utt7,0,0,0,0,1,0,0
train/0004/dia120_utt8,0,0,0,0,1,0,0
train/0003/dia120_utt9,0,0,0,0,1,0,0
train/0000/dia121_utt0,0,0,0,0,1,0,0
train/0001/dia121_utt1,0,0,0,1,0,0,0
train/0003/dia121_utt2,0,0,0,1,0,0,0
train/0003/dia121_utt4,0,1,0,0,0,0,0
train/0000/dia121_utt5,1,0,0,0,0,0,0
train/0003/dia121_utt6,0,0,0,0,1,0,0
train/0000/dia121_utt7,0,0,0,0,0,1,0
train/0001/dia122_utt0,0,0,0,0,0,0,1
train/0001/dia122_utt1,0,0,1,0,0,0,0
train/0100/dia122_utt10,0,0,0,0,1,0,0
train/0002/dia122_utt11,0,0,0,0,1,0,0
train/0002/dia122_utt12,0,1,0,0,0,0,0
train/0002/dia122_utt13,0,1,0,0,0,0,0
train/0001/dia122_utt14,0,0,0,0,1,0,0
train/0100/dia122_utt15,0,0,0,0,1,0,0
train/0002/dia122_utt2,0,0,0,0,1,0,0
train/0001/dia122_utt3,0,0,0,0,1,0,0
train/0100/dia122_utt4,0,0,0,0,1,0,0
train/0001/dia122_utt5,0,0,0,0,1,0,0
train/0100/dia122_utt6,0,0,0,0,1,0,0
train/0001/dia122_utt7,0,0,0,1,0,0,0
train/0100/dia122_utt8,0,0,0,1,0,0,0
train/0100/dia122_utt9,0,1,0,0,0,0,0
train/0003/dia123_utt0,0,0,0,0,0,0,1
train/0006/dia123_utt1,1,0,0,0,0,0,0
train/0006/dia123_utt10,1,0,0,0,0,0,0
train/0006/dia123_utt2,1,0,0,0,0,0,0
train/0006/dia123_utt3,1,0,0,0,0,0,0
train/0006/dia123_utt4,1,0,0,0,0,0,0
train/0003/dia123_utt5,0,0,0,0,1,0,0
train/0006/dia123_utt6,1,0,0,0,0,0,0
train/0003/dia123_utt7,0,0,0,0,1,0,0
train/0006/dia123_utt8,1,0,0,0,0,0,0
train/0003/dia123_utt9,0,0,0,0,1,0,0
train/0006/dia124_utt0,0,0,0,1,0,0,0
train/0003/dia124_utt1,0,0,0,0,0,0,1
train/0006/dia124_utt10,0,0,0,0,1,0,0
train/0004/dia124_utt11,0,0,0,1,0,0,0
train/0006/dia124_utt2,0,0,0,0,1,0,0
train/0003/dia124_utt3,0,1,0,0,0,0,0
train/0006/dia124_utt4,0,0,0,0,0,1,0
train/0004/dia124_utt5,0,0,0,1,0,0,0
train/0006/dia124_utt6,0,0,0,1,0,0,0
train/0004/dia124_utt7,0,0,0,0,0,0,1
train/0006/dia124_utt8,0,0,0,0,0,1,0
train/0004/dia124_utt9,0,0,0,0,1,0,0
train/0059/dia125_utt0,0,0,0,1,0,0,0
train/0006/dia125_utt1,0,0,0,0,1,0,0
train/0059/dia125_utt2,0,0,0,0,1,0,0
train/0006/dia125_utt3,0,0,0,0,1,0,0
train/0006/dia125_utt4,0,0,0,0,1,0,0
train/0006/dia125_utt5,0,0,0,0,1,0,0
train/0059/dia125_utt6,0,0,0,0,1,0,0
train/0006/dia125_utt7,0,0,0,0,1,0,0
train/0059/dia125_utt8,0,0,0,0,0,0,1
train/0146/dia126_utt0,0,0,0,1,0,0,0
train/0002/dia126_utt1,1,0,0,0,0,0,0
train/0001/dia126_utt10,0,0,0,0,1,0,0
train/0004/dia126_utt11,0,0,0,0,1,0,0
train/0001/dia126_utt12,1,0,0,0,0,0,0
train/0146/dia126_utt2,0,0,0,1,0,0,0
train/0002/dia126_utt3,0,0,0,0,1,0,0
train/0004/dia126_utt4,0,0,0,1,0,0,0
train/0002/dia126_utt5,1,0,0,0,0,0,0
train/0001/dia126_utt6,0,0,0,0,1,0,0
train/0002/dia126_utt7,1,0,0,0,0,0,0
train/0001/dia126_utt8,0,0,0,0,1,0,0
train/0002/dia126_utt9,0,0,0,0,0,1,0
train/0003/dia127_utt0,0,0,0,0,1,0,0
train/0003/dia127_utt1,0,0,1,0,0,0,0
train/0003/dia127_utt2,0,0,1,0,0,0,0
train/0003/dia127_utt3,0,1,0,0,0,0,0
train/0003/dia127_utt4,0,1,0,0,0,0,0
train/0000/dia128_utt0,0,0,0,0,1,0,0
train/0001/dia128_utt1,0,0,0,0,1,0,0
train/0000/dia128_utt2,0,0,0,1,0,0,0
train/0001/dia128_utt3,0,0,0,1,0,0,0
train/0000/dia128_utt4,0,0,0,1,0,0,0
train/0001/dia128_utt5,0,0,0,1,0,0,0
train/0000/dia128_utt6,0,0,0,0,1,0,0
train/0001/dia128_utt7,0,0,0,1,0,0,0
train/0000/dia128_utt8,0,0,0,0,1,0,0
train/0001/dia128_utt9,0,0,0,1,0,0,0
train/0033/dia129_utt0,0,0,0,1,0,0,0
train/0117/dia129_utt1,0,0,0,0,0,1,0
train/0004/dia129_utt10,1,0,0,0,0,0,0
train/0033/dia129_utt11,0,0,0,0,0,0,1
train/0004/dia129_utt12,0,0,0,0,0,0,1
train/0033/dia129_utt13,0,0,0,0,1,0,0
train/0004/dia129_utt14,0,0,0,0,1,0,0
train/0033/dia129_utt2,0,0,0,0,0,1,0
train/0004/dia129_utt3,0,1,0,0,0,0,0
train/0033/dia129_utt4,0,0,0,0,0,1,0
train/0004/dia129_utt5,1,0,0,0,0,0,0
train/0033/dia129_utt6,0,0,0,0,0,0,1
train/0004/dia129_utt7,1,0,0,0,0,0,0
train/0004/dia129_utt8,0,0,0,0,1,0,0
train/0004/dia129_utt9,0,0,0,0,1,0,0
train/0003/dia12_utt0,0,0,0,0,1,0,0
train/0004/dia12_utt1,0,0,0,1,0,0,0
train/0003/dia12_utt10,0,1,0,0,0,0,0
train/0004/dia12_utt11,1,0,0,0,0,0,0
train/0003/dia12_utt2,0,1,0,0,0,0,0
train/0004/dia12_utt3,0,0,0,0,0,0,1
train/0003/dia12_utt4,0,1,0,0,0,0,0
train/0004/dia12_utt5,0,0,0,0,1,0,0
train/0004/dia12_utt6,0,0,1,0,0,0,0
train/0004/dia12_utt7,0,0,0,0,1,0,0
train/0003/dia12_utt8,0,0,0,0,0,0,1
train/0004/dia12_utt9,0,0,1,0,0,0,0
train/0002/dia130_utt0,0,0,0,1,0,0,0
train/0004/dia130_utt1,0,0,0,0,1,0,0
train/0002/dia130_utt10,0,0,0,0,1,0,0
train/0004/dia130_utt11,0,0,0,0,0,0,1
train/0002/dia130_utt12,0,0,0,0,1,0,0
train/0002/dia130_utt13,0,0,0,0,1,0,0
train/0002/dia130_utt14,0,0,0,0,1,0,0
train/0004/dia130_utt15,0,0,0,0,1,0,0
train/0002/dia130_utt16,0,0,0,0,0,0,1
train/0004/dia130_utt17,0,0,0,1,0,0,0
train/0002/dia130_utt2,0,0,0,0,1,0,0
train/0004/dia130_utt3,0,1,0,0,0,0,0
train/0002/dia130_utt4,0,0,0,0,1,0,0
train/0004/dia130_utt5,0,0,0,0,1,0,0
train/0002/dia130_utt6,0,0,0,0,1,0,0
train/0004/dia130_utt7,0,0,0,0,1,0,0
train/0002/dia130_utt8,0,0,0,0,1,0,0
train/0004/dia130_utt9,0,1,0,0,0,0,0
train/0147/dia131_utt0,0,0,0,0,1,0,0
train/0001/dia131_utt1,0,0,0,0,0,1,0
train/0004/dia131_utt2,0,0,0,0,1,0,0
train/0002/dia132_utt0,0,0,0,0,0,0,1
train/0022/dia132_utt1,0,0,0,0,1,0,0
train/0002/dia132_utt10,0,0,0,0,1,0,0
train/0002/dia132_utt2,0,0,0,0,0,1,0
train/0022/dia132_utt3,0,0,0,0,0,0,1
train/0002/dia132_utt4,0,0,0,0,0,1,0
train/0022/dia132_utt5,0,0,0,0,1,0,0
train/0002/dia132_utt6,0,0,0,0,0,1,0
train/0022/dia132_utt7,0,0,0,0,1,0,0
train/0002/dia132_utt8,0,0,0,0,0,1,0
train/0022/dia132_utt9,0,0,0,0,1,0,0
train/0003/dia133_utt0,0,0,1,0,0,0,0
train/0003/dia134_utt0,0,0,0,0,1,0,0
train/0003/dia135_utt0,0,0,0,0,1,0,0
train/0003/dia135_utt1,0,0,0,0,1,0,0
train/0003/dia135_utt2,0,0,0,0,1,0,0
train/0004/dia135_utt4,0,0,0,0,1,0,0
train/0004/dia135_utt5,0,0,0,0,1,0,0
train/0004/dia135_utt6,0,0,0,0,1,0,0
train/0004/dia135_utt7,0,0,0,0,1,0,0
train/0004/dia135_utt8,0,0,0,0,1,0,0
train/0006/dia136_utt0,0,0,0,0,1,0,0
train/0006/dia136_utt1,0,0,0,0,1,0,0
train/0004/dia136_utt2,0,0,0,0,0,0,1
train/0006/dia136_utt4,0,0,0,0,1,0,0
train/0006/dia136_utt5,0,0,0,0,1,0,0
train/0006/dia137_utt0,0,0,0,0,1,0,0
train/0006/dia137_utt1,0,0,0,0,1,0,0
train/0006/dia137_utt2,0,0,0,0,1,0,0
train/0006/dia137_utt3,0,0,0,0,1,0,0
train/0006/dia137_utt4,0,0,0,1,0,0,0
train/0006/dia137_utt5,0,0,0,0,1,0,0
train/0006/dia137_utt6,0,0,0,1,0,0,0
train/0006/dia137_utt7,0,0,0,0,1,0,0
train/0002/dia138_utt0,1,0,0,0,0,0,0
train/0002/dia138_utt1,1,0,0,0,0,0,0
train/0001/dia138_utt10,0,0,0,1,0,0,0
train/0002/dia138_utt11,1,0,0,0,0,0,0
train/0001/dia138_utt12,0,0,0,0,1,0,0
train/0002/dia138_utt13,0,0,0,0,0,0,1
train/0001/dia138_utt14,0,0,0,0,1,0,0
train/0002/dia138_utt15,1,0,0,0,0,0,0
train/0001/dia138_utt16,0,0,0,0,0,0,1
train/0002/dia138_utt2,0,0,0,1,0,0,0
train/0002/dia138_utt3,1,0,0,0,0,0,0
train/0001/dia138_utt4,0,0,0,0,0,0,1
train/0002/dia138_utt5,0,1,0,0,0,0,0
train/0001/dia138_utt6,0,0,0,0,0,0,1
train/0002/dia138_utt7,0,0,0,0,1,0,0
train/0002/dia138_utt8,0,0,0,0,1,0,0
train/0002/dia138_utt9,0,0,0,0,1,0,0
train/0000/dia139_utt0,0,0,0,0,1,0,0
train/0148/dia139_utt1,0,0,0,0,1,0,0
train/0000/dia139_utt2,1,0,0,0,0,0,0
train/0001/dia139_utt3,0,0,0,1,0,0,0
train/0016/dia139_utt4,0,0,0,0,0,0,1
train/0001/dia139_utt5,0,0,0,1,0,0,0
train/0069/dia13_utt0,0,0,0,1,0,0,0
train/0006/dia13_utt1,0,0,0,0,1,0,0
train/0069/dia13_utt2,0,0,0,0,0,0,1
train/0006/dia13_utt3,0,0,0,0,1,0,0
train/0000/dia140_utt0,0,0,0,0,1,0,0
train/0044/dia140_utt1,0,0,0,0,1,0,0
train/0000/dia140_utt2,0,0,0,0,0,0,1
train/0149/dia141_utt0,0,0,0,0,1,0,0
train/0003/dia141_utt1,0,0,0,0,1,0,0
train/0149/dia141_utt2,0,0,0,0,1,0,0
train/0149/dia141_utt3,0,0,0,0,1,0,0
train/0149/dia141_utt4,0,0,0,0,1,0,0
train/0003/dia141_utt5,0,0,0,0,1,0,0
train/0149/dia141_utt6,0,0,0,0,1,0,0
train/0003/dia141_utt7,0,0,0,0,1,0,0
train/0006/dia142_utt0,0,0,0,0,1,0,0
train/0016/dia142_utt1,0,0,0,1,0,0,0
train/0000/dia143_utt0,0,0,0,0,1,0,0
train/0003/dia143_utt1,0,0,0,0,1,0,0
train/0002/dia143_utt2,0,0,0,0,0,1,0
train/0000/dia143_utt3,0,0,0,1,0,0,0
train/0004/dia143_utt4,0,0,0,0,1,0,0
train/0038/dia144_utt0,0,0,0,0,1,0,0
train/0004/dia144_utt1,0,0,0,0,1,0,0
train/0038/dia144_utt2,0,0,0,0,1,0,0
train/0004/dia144_utt3,0,0,0,0,1,0,0
train/0038/dia144_utt4,0,0,0,0,0,0,1
train/0004/dia144_utt5,0,0,0,1,0,0,0
train/0003/dia145_utt0,0,0,0,0,0,0,1
train/0001/dia145_utt1,0,0,0,0,1,0,0
train/0004/dia145_utt10,0,1,0,0,0,0,0
train/0004/dia145_utt11,0,1,0,0,0,0,0
train/0004/dia145_utt12,1,0,0,0,0,0,0
train/0004/dia145_utt13,1,0,0,0,0,0,0
train/0001/dia145_utt14,0,0,0,1,0,0,0
train/0004/dia145_utt15,0,1,0,0,0,0,0
train/0000/dia145_utt16,0,0,0,0,0,0,1
train/0004/dia145_utt17,0,0,0,0,1,0,0
train/0003/dia145_utt18,0,0,0,0,0,0,1
train/0003/dia145_utt2,1,0,0,0,0,0,0
train/0006/dia145_utt3,0,0,0,0,1,0,0
train/0003/dia145_utt4,0,0,1,0,0,0,0
train/0003/dia145_utt5,0,0,1,0,0,0,0
train/0003/dia145_utt6,1,0,0,0,0,0,0
train/0001/dia145_utt7,0,0,0,0,0,0,1
train/0000/dia145_utt8,1,0,0,0,0,0,0
train/0001/dia145_utt9,0,1,0,0,0,0,0
train/0001/dia146_utt0,0,0,0,0,1,0,0
train/0000/dia146_utt1,0,0,0,0,0,1,0
train/0000/dia146_utt10,0,0,0,0,0,1,0
train/0000/dia146_utt11,0,0,0,0,0,1,0
train/0000/dia146_utt12,0,0,0,0,0,1,0
train/0001/dia146_utt2,0,0,0,0,1,0,0
train/0000/dia146_utt3,1,0,0,0,0,0,0
train/0001/dia146_utt4,0,0,0,0,1,0,0
train/0000/dia146_utt5,0,0,0,0,1,0,0
train/0001/dia146_utt6,0,0,0,0,1,0,0
train/0000/dia146_utt7,0,0,0,0,1,0,0
train/0001/dia146_utt8,0,0,0,0,1,0,0
train/0000/dia146_utt9,0,0,0,0,0,1,0
train/0006/dia147_utt0,0,0,0,0,1,0,0
train/0003/dia147_utt1,0,0,0,0,1,0,0
train/0003/dia147_utt10,0,0,0,0,1,0,0
train/0006/dia147_utt11,1,0,0,0,0,0,0
train/0006/dia147_utt2,0,0,0,0,1,0,0
train/0003/dia147_utt3,0,0,0,1,0,0,0
train/0006/dia147_utt4,0,0,1,0,0,0,0
train/0003/dia147_utt5,0,0,0,1,0,0,0
train/0006/dia147_utt6,0,0,0,0,0,0,1
train/0003/dia147_utt7,0,1,0,0,0,0,0
train/0003/dia147_utt8,0,0,0,0,0,0,1
train/0006/dia147_utt9,0,0,0,0,1,0,0
train/0003/dia148_utt0,1,0,0,0,0,0,0
train/0004/dia148_utt1,0,0,0,0,1,0,0
train/0003/dia148_utt10,0,0,0,0,1,0,0
train/0004/dia148_utt11,0,0,0,0,1,0,0
train/0003/dia148_utt12,0,0,0,0,1,0,0
train/0004/dia148_utt13,0,0,0,0,0,0,1
train/0003/dia148_utt14,0,0,0,0,1,0,0
train/0004/dia148_utt15,0,0,1,0,0,0,0
train/0003/dia148_utt16,0,0,0,0,1,0,0
train/0004/dia148_utt17,1,0,0,0,0,0,0
train/0003/dia148_utt18,1,0,0,0,0,0,0
train/0004/dia148_utt19,0,0,0,0,0,1,0
train/0003/dia148_utt2,1,0,0,0,0,0,0
train/0003/dia148_utt20,0,0,0,0,0,1,0
train/0004/dia148_utt3,1,0,0,0,0,0,0
train/0003/dia148_utt4,1,0,0,0,0,0,0
train/0004/dia148_utt5,0,0,0,0,0,0,1
train/0003/dia148_utt6,0,1,0,0,0,0,0
train/0004/dia148_utt7,0,0,0,0,1,0,0
train/0003/dia148_utt8,0,0,0,0,1,0,0
train/0004/dia148_utt9,0,0,0,0,1,0,0
train/0000/dia149_utt0,0,0,0,0,0,1,0
train/0066/dia149_utt1,0,0,0,0,1,0,0
train/0000/dia149_utt2,0,0,0,0,1,0,0
train/0066/dia149_utt3,0,0,0,1,0,0,0
train/0006/dia14_utt0,0,0,0,0,1,0,0
train/0069/dia14_utt1,0,0,0,0,1,0,0
train/0006/dia14_utt2,0,0,0,0,1,0,0
train/0069/dia14_utt3,0,0,0,0,0,0,1
train/0006/dia14_utt4,0,0,0,0,1,0,0
train/0069/dia14_utt5,0,0,0,0,1,0,0
train/0069/dia150_utt0,0,0,1,0,0,0,0
train/0006/dia150_utt1,0,0,0,0,1,0,0
train/0150/dia150_utt2,1,0,0,0,0,0,0
train/0006/dia150_utt3,0,0,0,0,0,1,0
train/0002/dia151_utt0,0,0,0,1,0,0,0
train/0006/dia151_utt1,0,0,0,1,0,0,0
train/0006/dia151_utt10,0,0,0,0,1,0,0
train/0002/dia151_utt11,0,0,0,0,0,1,0
train/0002/dia151_utt12,0,0,0,0,1,0,0
train/0002/dia151_utt13,0,0,0,0,1,0,0
train/0006/dia151_utt15,0,0,0,0,1,0,0
train/0002/dia151_utt16,1,0,0,0,0,0,0
train/0006/dia151_utt17,0,0,0,0,1,0,0
train/0002/dia151_utt2,0,0,0,1,0,0,0
train/0006/dia151_utt3,0,0,0,1,0,0,0
train/0002/dia151_utt6,0,0,0,0,0,0,1
train/0006/dia151_utt7,0,0,0,0,1,0,0
train/0006/dia151_utt8,1,0,0,0,0,0,0
train/0006/dia151_utt9,0,0,0,1,0,0,0
train/0001/dia152_utt0,0,0,0,0,0,0,1
train/0056/dia152_utt1,0,0,0,1,0,0,0
train/0002/dia152_utt10,0,0,0,0,0,1,0
train/0002/dia152_utt11,0,0,0,0,0,1,0
train/0001/dia152_utt4,0,0,0,0,1,0,0
train/0056/dia152_utt5,0,0,0,0,1,0,0
train/0001/dia152_utt6,0,0,0,0,1,0,0
train/0056/dia152_utt7,0,0,0,0,1,0,0
train/0001/dia152_utt8,0,0,0,0,0,0,1
train/0002/dia152_utt9,0,0,0,0,0,1,0
train/0006/dia153_utt0,0,0,0,0,1,0,0
train/0006/dia153_utt1,0,0,0,1,0,0,0
train/0151/dia153_utt10,1,0,0,0,0,0,0
train/0000/dia153_utt11,1,0,0,0,0,0,0
train/0151/dia153_utt12,1,0,0,0,0,0,0
train/0006/dia153_utt2,0,0,0,0,1,0,0
train/0000/dia153_utt3,0,0,0,0,1,0,0
train/0006/dia153_utt4,0,0,0,1,0,0,0
train/0000/dia153_utt5,0,0,0,0,1,0,0
train/0001/dia153_utt6,0,0,0,0,0,0,1
train/0000/dia153_utt7,0,0,0,0,1,0,0
train/0001/dia153_utt8,0,1,0,0,0,0,0
train/0000/dia153_utt9,0,0,0,0,1,0,0
train/0002/dia154_utt0,0,0,0,1,0,0,0
train/0022/dia154_utt1,0,0,0,1,0,0,0
train/0006/dia154_utt2,1,0,0,0,0,0,0
train/0022/dia154_utt3,0,0,0,0,0,0,1
train/0006/dia154_utt4,1,0,0,0,0,0,0
train/0002/dia154_utt5,0,0,0,0,0,0,1
train/0006/dia154_utt6,1,0,0,0,0,0,0
train/0006/dia154_utt7,1,0,0,0,0,0,0
train/0006/dia154_utt8,0,0,0,0,1,0,0
train/0069/dia155_utt0,0,0,0,0,1,0,0
train/0006/dia155_utt1,0,0,0,0,1,0,0
train/0069/dia155_utt10,0,0,0,0,1,0,0
train/0006/dia155_utt11,0,0,0,0,1,0,0
train/0069/dia155_utt12,0,0,0,0,1,0,0
train/0069/dia155_utt2,0,0,0,1,0,0,0
train/0006/dia155_utt3,0,0,0,1,0,0,0
train/0069/dia155_utt4,0,0,0,1,0,0,0
train/0006/dia155_utt5,0,0,0,0,0,0,1
train/0069/dia155_utt6,0,0,0,0,1,0,0
train/0006/dia155_utt7,0,0,0,1,0,0,0
train/0069/dia155_utt8,0,0,0,0,0,0,1
train/0006/dia155_utt9,0,0,0,1,0,0,0
train/0000/dia156_utt0,0,0,0,0,0,1,0
train/0000/dia156_utt1,1,0,0,0,0,0,0
train/0000/dia156_utt10,0,0,0,0,1,0,0
train/0038/dia156_utt11,0,0,0,0,1,0,0
train/0002/dia156_utt2,0,0,0,0,0,0,1
train/0000/dia156_utt3,1,0,0,0,0,0,0
train/0000/dia156_utt4,0,0,0,0,1,0,0
train/0002/dia156_utt5,0,0,0,0,0,0,1
train/0000/dia156_utt6,0,0,0,0,1,0,0
train/0002/dia156_utt7,0,0,1,0,0,0,0
train/0000/dia156_utt8,0,0,0,0,0,0,1
train/0002/dia156_utt9,0,0,0,1,0,0,0
train/0000/dia157_utt0,0,0,0,1,0,0,0
train/0003/dia157_utt1,0,0,0,1,0,0,0
train/0001/dia157_utt2,0,0,0,1,0,0,0
train/0004/dia158_utt1,0,0,0,0,1,0,0
train/0105/dia158_utt2,0,0,0,0,1,0,0
train/0006/dia158_utt3,0,1,0,0,0,0,0
train/0105/dia158_utt4,0,0,0,0,0,0,1
train/0004/dia158_utt6,0,0,0,0,0,1,0
train/0105/dia158_utt7,0,0,0,0,0,0,1
train/0003/dia158_utt8,0,0,0,0,1,0,0
train/0037/dia159_utt0,0,0,0,1,0,0,0
train/0002/dia159_utt1,0,0,0,0,0,0,1
train/0037/dia159_utt2,0,0,0,1,0,0,0
train/0037/dia159_utt3,0,0,0,1,0,0,0
train/0037/dia159_utt4,0,0,0,0,0,0,1
train/0037/dia159_utt5,0,0,0,1,0,0,0
train/0002/dia159_utt6,0,0,0,1,0,0,0
train/0037/dia159_utt7,0,0,0,1,0,0,0
train/0071/dia159_utt8,0,0,0,1,0,0,0
train/0037/dia159_utt9,0,0,0,0,1,0,0
train/0006/dia15_utt0,1,0,0,0,0,0,0
train/0042/dia15_utt1,0,0,0,0,1,0,0
train/0042/dia15_utt10,0,0,0,0,1,0,0
train/0042/dia15_utt11,0,0,0,0,1,0,0
train/0152/dia15_utt12,0,0,0,0,1,0,0
train/0006/dia15_utt13,0,0,0,0,1,0,0
train/0042/dia15_utt14,0,0,0,0,1,0,0
train/0153/dia15_utt15,0,0,0,1,0,0,0
train/0006/dia15_utt16,1,0,0,0,0,0,0
train/0006/dia15_utt17,1,0,0,0,0,0,0
train/0006/dia15_utt18,1,0,0,0,0,0,0
train/0006/dia15_utt19,0,0,0,0,1,0,0
train/0006/dia15_utt2,0,0,0,0,1,0,0
train/0006/dia15_utt20,1,0,0,0,0,0,0
train/0006/dia15_utt21,0,0,0,1,0,0,0
train/0006/dia15_utt22,0,0,0,1,0,0,0
train/0042/dia15_utt3,0,0,0,0,0,1,0
train/0006/dia15_utt4,0,0,0,0,0,0,1
train/0042/dia15_utt5,0,0,0,0,0,1,0
train/0006/dia15_utt6,1,0,0,0,0,0,0
train/0042/dia15_utt7,0,0,0,0,0,1,0
train/0006/dia15_utt8,0,0,0,0,1,0,0
train/0042/dia15_utt9,0,0,0,0,0,1,0
train/0006/dia160_utt0,0,0,0,0,1,0,0
train/0002/dia160_utt1,0,0,0,1,0,0,0
train/0006/dia160_utt10,0,0,0,1,0,0,0
train/0002/dia160_utt11,0,0,0,0,1,0,0
train/0006/dia160_utt12,0,0,0,1,0,0,0
train/0022/dia160_utt13,0,0,0,0,1,0,0
train/0006/dia160_utt14,0,0,0,0,1,0,0
train/0002/dia160_utt15,0,0,0,0,0,1,0
train/0022/dia160_utt16,0,0,0,0,0,1,0
train/0022/dia160_utt17,0,0,0,0,1,0,0
train/0002/dia160_utt18,0,0,0,0,1,0,0
train/0006/dia160_utt2,0,0,0,0,1,0,0
train/0022/dia160_utt3,0,0,0,0,1,0,0
train/0006/dia160_utt4,0,0,0,0,1,0,0
train/0002/dia160_utt5,0,0,0,0,0,1,0
train/0006/dia160_utt6,0,0,1,0,0,0,0
train/0002/dia160_utt7,0,0,0,0,1,0,0
train/0006/dia160_utt8,0,0,0,0,0,1,0
train/0006/dia161_utt0,0,0,0,0,1,0,0
train/0003/dia161_utt1,0,0,0,1,0,0,0
train/0006/dia161_utt2,0,0,0,0,1,0,0
train/0006/dia161_utt3,0,0,0,0,1,0,0
train/0006/dia161_utt4,0,0,0,0,1,0,0
train/0003/dia161_utt5,0,0,0,0,0,0,1
train/0006/dia162_utt0,0,0,0,0,1,0,0
train/0002/dia162_utt1,0,0,0,0,1,0,0
train/0004/dia163_utt0,0,0,0,0,1,0,0
train/0001/dia163_utt1,1,0,0,0,0,0,0
train/0004/dia163_utt10,0,0,0,0,1,0,0
train/0004/dia163_utt2,0,0,0,0,0,0,1
train/0001/dia163_utt3,1,0,0,0,0,0,0
train/0004/dia163_utt4,0,0,0,0,0,0,1
train/0001/dia163_utt5,0,0,0,0,1,0,0
train/0004/dia163_utt6,0,0,0,0,1,0,0
train/0001/dia163_utt7,0,0,0,0,0,0,1
train/0001/dia163_utt8,1,0,0,0,0,0,0
train/0001/dia163_utt9,1,0,0,0,0,0,0
train/0006/dia164_utt0,0,0,1,0,0,0,0
train/0002/dia164_utt1,0,0,0,0,1,0,0
train/0006/dia164_utt2,0,0,0,0,0,0,1
train/0002/dia164_utt3,0,0,0,0,1,0,0
train/0006/dia164_utt4,0,0,0,0,0,1,0
train/0006/dia164_utt5,0,0,1,0,0,0,0
train/0006/dia164_utt6,0,0,0,0,1,0,0
train/0006/dia164_utt7,0,0,0,0,1,0,0
train/0002/dia164_utt8,0,0,0,1,0,0,0
train/0006/dia164_utt9,0,0,0,1,0,0,0
train/0003/dia165_utt0,0,0,0,0,1,0,0
train/0004/dia165_utt1,0,0,0,1,0,0,0
train/0004/dia165_utt10,0,0,0,0,1,0,0
train/0003/dia165_utt11,0,0,0,0,1,0,0
train/0004/dia165_utt12,0,0,0,0,1,0,0
train/0003/dia165_utt13,0,0,0,0,1,0,0
train/0004/dia165_utt14,0,0,0,0,1,0,0
train/0003/dia165_utt15,0,0,0,0,1,0,0
train/0004/dia165_utt16,0,0,0,1,0,0,0
train/0004/dia165_utt17,0,0,0,1,0,0,0
train/0004/dia165_utt18,0,0,0,1,0,0,0
train/0003/dia165_utt19,0,0,0,1,0,0,0
train/0003/dia165_utt2,0,0,0,0,1,0,0
train/0004/dia165_utt3,0,0,0,0,0,0,1
train/0003/dia165_utt4,0,0,0,0,1,0,0
train/0004/dia165_utt5,0,0,0,1,0,0,0
train/0003/dia165_utt6,0,0,1,0,0,0,0
train/0004/dia165_utt7,0,0,0,1,0,0,0
train/0004/dia165_utt8,0,0,0,1,0,0,0
train/0003/dia165_utt9,0,0,0,0,1,0,0
train/0003/dia166_utt0,0,0,0,0,1,0,0
train/0001/dia166_utt1,0,0,0,0,1,0,0
train/0003/dia166_utt2,0,0,0,0,1,0,0
train/0154/dia167_utt0,0,0,0,1,0,0,0
train/0004/dia167_utt1,0,0,0,0,0,0,1
train/0154/dia167_utt10,0,0,0,0,1,0,0
train/0154/dia167_utt11,0,0,0,0,1,0,0
train/0000/dia167_utt12,0,0,0,0,1,0,0
train/0000/dia167_utt2,1,0,0,0,0,0,0
train/0003/dia167_utt3,0,0,0,0,1,0,0
train/0000/dia167_utt4,0,0,0,0,1,0,0
train/0003/dia167_utt5,0,0,0,0,1,0,0
train/0001/dia167_utt6,1,0,0,0,0,0,0
train/0006/dia167_utt7,0,0,0,0,1,0,0
train/0004/dia167_utt8,0,0,0,0,0,1,0
train/0000/dia167_utt9,1,0,0,0,0,0,0
train/0006/dia168_utt0,0,0,0,0,1,0,0
train/0006/dia168_utt1,0,0,0,0,1,0,0
train/0006/dia168_utt10,0,0,0,0,1,0,0
train/0002/dia168_utt11,1,0,0,0,0,0,0
train/0006/dia168_utt12,0,0,0,0,1,0,0
train/0006/dia168_utt13,0,0,0,0,1,0,0
train/0006/dia168_utt14,0,0,0,0,1,0,0
train/0006/dia168_utt2,0,0,0,0,1,0,0
train/0006/dia168_utt3,0,0,0,0,1,0,0
train/0006/dia168_utt4,0,0,0,0,1,0,0
train/0006/dia168_utt5,0,0,0,0,1,0,0
train/0002/dia168_utt6,0,0,0,0,0,0,1
train/0006/dia168_utt7,0,0,0,0,1,0,0
train/0006/dia168_utt8,0,0,0,0,1,0,0
train/0002/dia168_utt9,1,0,0,0,0,0,0
train/0006/dia169_utt0,0,0,0,1,0,0,0
train/0002/dia169_utt1,0,0,0,1,0,0,0
train/0006/dia169_utt2,0,0,0,0,1,0,0
train/0006/dia16_utt0,0,0,0,1,0,0,0
train/0002/dia16_utt1,0,0,0,1,0,0,0
train/0000/dia16_utt2,0,1,0,0,0,0,0
train/0001/dia16_utt3,0,0,0,0,0,0,1
train/0000/dia16_utt4,0,0,0,0,1,0,0
train/0006/dia16_utt5,0,0,0,0,1,0,0
train/0001/dia170_utt0,0,0,0,0,0,0,1
train/0004/dia170_utt1,0,0,0,0,1,0,0
train/0004/dia170_utt10,0,0,0,0,0,1,0
train/0001/dia170_utt11,0,0,0,0,1,0,0
train/0001/dia170_utt2,0,1,0,0,0,0,0
train/0004/dia170_utt3,0,0,0,0,0,0,1
train/0001/dia170_utt4,0,1,0,0,0,0,0
train/0004/dia170_utt5,0,0,0,0,1,0,0
train/0001/dia170_utt6,0,1,0,0,0,0,0
train/0004/dia170_utt7,0,0,0,0,0,0,1
train/0004/dia170_utt8,0,0,0,0,1,0,0
train/0004/dia170_utt9,0,0,0,0,1,0,0
train/0002/dia171_utt0,0,0,0,1,0,0,0
train/0006/dia171_utt1,0,0,0,0,1,0,0
train/0002/dia171_utt2,0,0,0,0,1,0,0
train/0006/dia171_utt3,0,0,0,0,1,0,0
train/0002/dia171_utt4,0,0,0,0,0,0,1
train/0006/dia171_utt5,0,0,0,0,1,0,0
train/0002/dia171_utt6,0,0,0,0,0,0,1
train/0006/dia171_utt7,0,0,0,0,0,0,1
train/0085/dia172_utt0,0,0,0,0,1,0,0
train/0003/dia172_utt1,0,0,0,0,1,0,0
train/0003/dia172_utt10,0,0,0,0,1,0,0
train/0085/dia172_utt3,0,0,0,1,0,0,0
train/0085/dia172_utt4,0,0,0,1,0,0,0
train/0085/dia172_utt5,0,0,0,0,1,0,0
train/0085/dia172_utt6,0,0,0,0,1,0,0
train/0085/dia172_utt7,0,0,0,0,1,0,0
train/0003/dia172_utt8,0,0,0,1,0,0,0
train/0000/dia173_utt0,0,0,0,1,0,0,0
train/0004/dia173_utt1,0,0,0,0,0,0,1
train/0155/dia173_utt10,0,0,0,1,0,0,0
train/0000/dia173_utt2,0,0,0,1,0,0,0
train/0000/dia173_utt3,1,0,0,0,0,0,0
train/0000/dia173_utt4,1,0,0,0,0,0,0
train/0004/dia173_utt5,0,0,0,0,1,0,0
train/0000/dia173_utt6,1,0,0,0,0,0,0
train/0004/dia173_utt7,0,0,0,0,0,0,1
train/0000/dia173_utt8,1,0,0,0,0,0,0
train/0156/dia174_utt0,0,0,0,1,0,0,0
train/0001/dia174_utt1,0,0,0,1,0,0,0
train/0157/dia174_utt2,0,0,0,1,0,0,0
train/0001/dia174_utt3,0,0,0,1,0,0,0
train/0158/dia174_utt4,0,0,0,0,1,0,0
train/0001/dia174_utt5,0,0,0,0,1,0,0
train/0158/dia174_utt6,0,0,0,0,0,1,0
train/0001/dia174_utt7,0,0,0,0,0,0,1
train/0004/dia175_utt0,0,0,0,0,1,0,0
train/0001/dia175_utt1,0,0,0,1,0,0,0
train/0002/dia175_utt10,0,0,0,0,0,0,1
train/0003/dia175_utt11,0,0,0,0,0,1,0
train/0002/dia175_utt2,0,0,0,1,0,0,0
train/0001/dia175_utt3,0,0,0,0,1,0,0
train/0002/dia175_utt4,0,0,0,0,0,0,1
train/0002/dia175_utt5,1,0,0,0,0,0,0
train/0003/dia175_utt6,0,0,0,0,1,0,0
train/0006/dia175_utt7,0,0,0,0,0,1,0
train/0003/dia175_utt8,0,0,0,0,1,0,0
train/0003/dia175_utt9,0,0,0,0,0,1,0
train/0002/dia176_utt0,0,0,0,0,0,0,1
train/0006/dia176_utt1,0,0,0,0,1,0,0
train/0004/dia176_utt10,0,0,0,1,0,0,0
train/0002/dia176_utt2,0,0,0,0,0,0,1
train/0003/dia176_utt4,0,0,0,0,0,0,1
train/0006/dia176_utt5,0,0,0,0,0,0,1
train/0001/dia176_utt6,0,0,0,0,1,0,0
train/0002/dia176_utt7,0,0,0,0,0,0,1
train/0001/dia176_utt8,0,0,0,0,1,0,0
train/0006/dia176_utt9,0,0,0,0,1,0,0
train/0038/dia177_utt0,0,0,0,1,0,0,0
train/0000/dia177_utt1,0,0,0,0,1,0,0
train/0002/dia177_utt10,0,0,0,0,1,0,0
train/0038/dia177_utt2,0,0,0,0,1,0,0
train/0000/dia177_utt3,0,0,1,0,0,0,0
train/0038/dia177_utt4,0,0,0,1,0,0,0
train/0002/dia177_utt5,0,0,1,0,0,0,0
train/0038/dia177_utt6,0,0,0,1,0,0,0
train/0038/dia177_utt7,0,0,0,1,0,0,0
train/0002/dia177_utt8,0,0,0,0,0,1,0
train/0038/dia177_utt9,0,0,0,1,0,0,0
train/0004/dia178_utt0,0,0,0,1,0,0,0
train/0159/dia178_utt1,0,0,0,0,1,0,0
train/0004/dia178_utt2,0,0,0,0,0,0,1
train/0002/dia179_utt0,0,0,0,0,1,0,0
train/0131/dia179_utt1,0,0,0,0,1,0,0
train/0002/dia179_utt10,0,0,0,1,0,0,0
train/0131/dia179_utt11,0,0,0,0,1,0,0
train/0002/dia179_utt12,0,0,0,0,1,0,0
train/0131/dia179_utt13,0,0,0,0,1,0,0
train/0002/dia179_utt14,0,0,0,0,1,0,0
train/0131/dia179_utt15,0,0,0,0,1,0,0
train/0002/dia179_utt16,0,0,0,0,1,0,0
train/0131/dia179_utt17,0,0,0,0,1,0,0
train/0002/dia179_utt18,0,0,0,0,1,0,0
train/0006/dia179_utt19,1,0,0,0,0,0,0
train/0002/dia179_utt2,0,0,0,0,1,0,0
train/0131/dia179_utt3,0,0,0,0,1,0,0
train/0002/dia179_utt4,0,0,0,0,1,0,0
train/0131/dia179_utt5,0,0,0,0,1,0,0
train/0002/dia179_utt6,0,0,0,0,1,0,0
train/0131/dia179_utt7,0,0,0,0,1,0,0
train/0002/dia179_utt8,0,0,0,0,1,0,0
train/0131/dia179_utt9,0,0,0,0,1,0,0
train/0004/dia17_utt0,1,0,0,0,0,0,0
train/0004/dia17_utt1,0,0,0,1,0,0,0
train/0006/dia17_utt10,0,0,0,1,0,0,0
train/0003/dia17_utt2,0,0,0,0,1,0,0
train/0001/dia17_utt3,0,0,0,0,1,0,0
train/0002/dia17_utt4,0,0,1,0,0,0,0
train/0001/dia17_utt5,0,0,0,0,1,0,0
train/0002/dia17_utt6,0,0,1,0,0,0,0
train/0160/dia17_utt7,0,0,0,1,0,0,0
train/0006/dia17_utt8,0,0,0,1,0,0,0
train/0160/dia17_utt9,0,0,0,1,0,0,0
train/0001/dia180_utt0,0,0,0,1,0,0,0
train/0049/dia180_utt10,0,0,0,0,1,0,0
train/0003/dia180_utt11,0,0,0,0,0,0,1
train/0049/dia180_utt12,0,0,0,0,1,0,0
train/0003/dia180_utt13,0,0,0,0,0,0,1
train/0049/dia180_utt14,0,0,0,1,0,0,0
train/0003/dia180_utt15,0,0,1,0,0,0,0
train/0001/dia180_utt4,0,0,0,0,0,1,0
train/0002/dia180_utt5,0,0,0,0,0,1,0
train/0003/dia180_utt6,0,0,0,0,0,0,1
train/0049/dia180_utt7,0,0,0,0,0,0,1
train/0004/dia180_utt8,0,0,0,0,0,0,1
train/0006/dia180_utt9,0,0,0,1,0,0,0
train/0004/dia181_utt0,1,0,0,0,0,0,0
train/0006/dia181_utt1,0,0,0,0,1,0,0
train/0006/dia181_utt2,0,0,0,0,1,0,0
train/0004/dia181_utt3,0,0,0,0,0,0,1
train/0006/dia181_utt4,0,0,0,0,1,0,0
train/0001/dia182_utt0,0,0,0,0,1,0,0
train/0002/dia182_utt1,0,0,0,0,0,1,0
train/0001/dia182_utt10,0,0,0,0,1,0,0
train/0002/dia182_utt11,0,0,0,0,1,0,0
train/0002/dia182_utt12,0,0,0,0,1,0,0
train/0002/dia182_utt13,0,0,0,0,1,0,0
train/0002/dia182_utt14,0,0,0,0,1,0,0
train/0002/dia182_utt15,0,0,0,0,1,0,0
train/0001/dia182_utt2,0,0,0,0,0,1,0
train/0002/dia182_utt3,1,0,0,0,0,0,0
train/0001/dia182_utt4,1,0,0,0,0,0,0
train/0002/dia182_utt5,1,0,0,0,0,0,0
train/0001/dia182_utt6,1,0,0,0,0,0,0
train/0001/dia182_utt7,0,0,0,0,1,0,0
train/0001/dia182_utt8,1,0,0,0,0,0,0
train/0001/dia182_utt9,1,0,0,0,0,0,0
train/0000/dia183_utt0,0,0,0,0,1,0,0
train/0086/dia183_utt1,0,0,0,0,0,0,1
train/0000/dia183_utt10,0,0,0,0,1,0,0
train/0000/dia183_utt11,0,0,0,0,1,0,0
train/0086/dia183_utt12,0,0,0,1,0,0,0
train/0000/dia183_utt13,0,0,0,0,1,0,0
train/0086/dia183_utt14,0,0,0,0,1,0,0
train/0000/dia183_utt15,0,0,0,0,1,0,0
train/0086/dia183_utt16,0,0,0,0,1,0,0
train/0000/dia183_utt17,0,0,0,0,1,0,0
train/0086/dia183_utt18,0,0,0,0,1,0,0
train/0000/dia183_utt19,0,0,0,1,0,0,0
train/0000/dia183_utt2,0,0,0,1,0,0,0
train/0086/dia183_utt3,0,0,0,0,1,0,0
train/0000/dia183_utt4,0,0,0,0,1,0,0
train/0086/dia183_utt5,0,0,0,1,0,0,0
train/0000/dia183_utt6,0,0,0,0,1,0,0
train/0086/dia183_utt7,0,0,0,0,1,0,0
train/0000/dia183_utt8,0,0,0,0,1,0,0
train/0000/dia183_utt9,0,0,0,1,0,0,0
train/0161/dia184_utt0,0,0,0,1,0,0,0
train/0161/dia184_utt1,0,0,0,0,1,0,0
train/0004/dia184_utt10,1,0,0,0,0,0,0
train/0002/dia184_utt11,0,0,0,0,0,0,1
train/0004/dia184_utt12,0,0,0,0,1,0,0
train/0002/dia184_utt13,1,0,0,0,0,0,0
train/0004/dia184_utt14,0,0,0,0,1,0,0
train/0002/dia184_utt15,0,0,0,0,0,0,1
train/0004/dia184_utt16,1,0,0,0,0,0,0
train/0002/dia184_utt17,1,0,0,0,0,0,0
train/0004/dia184_utt18,0,0,0,0,1,0,0
train/0002/dia184_utt19,1,0,0,0,0,0,0
train/0161/dia184_utt2,0,0,0,0,1,0,0
train/0004/dia184_utt20,0,0,0,0,1,0,0
train/0002/dia184_utt21,1,0,0,0,0,0,0
train/0004/dia184_utt3,0,0,0,1,0,0,0
train/0002/dia184_utt4,0,0,0,1,0,0,0
train/0004/dia184_utt5,0,0,0,1,0,0,0
train/0002/dia184_utt6,0,0,0,0,0,1,0
train/0004/dia184_utt7,0,0,0,0,1,0,0
train/0002/dia184_utt8,0,0,0,0,1,0,0
train/0162/dia184_utt9,0,0,0,1,0,0,0
train/0002/dia185_utt0,0,0,0,0,0,0,1
train/0003/dia185_utt1,0,0,0,0,1,0,0
train/0003/dia185_utt10,0,0,0,0,1,0,0
train/0002/dia185_utt11,0,0,0,0,0,0,1
train/0003/dia185_utt12,0,0,1,0,0,0,0
train/0002/dia185_utt13,0,0,0,0,0,0,1
train/0002/dia185_utt2,0,0,0,0,0,0,1
train/0000/dia185_utt3,0,0,0,0,1,0,0
train/0002/dia185_utt4,0,0,0,0,0,0,1
train/0002/dia185_utt5,0,0,0,0,0,1,0
train/0002/dia185_utt6,0,0,0,0,0,0,1
train/0002/dia185_utt7,0,0,0,0,0,0,1
train/0000/dia185_utt8,0,0,0,0,0,0,1
train/0001/dia185_utt9,0,0,0,0,0,0,1
train/0007/dia186_utt0,0,0,0,1,0,0,0
train/0000/dia186_utt1,0,0,0,1,0,0,0
train/0007/dia186_utt2,0,0,0,1,0,0,0
train/0000/dia186_utt3,0,0,0,1,0,0,0
train/0007/dia186_utt4,0,0,0,0,1,0,0
train/0000/dia186_utt5,0,0,0,0,0,0,1
train/0002/dia187_utt0,0,0,0,0,0,1,0
train/0000/dia187_utt1,0,0,0,0,0,0,1
train/0062/dia187_utt2,0,0,0,1,0,0,0
train/0002/dia187_utt3,0,0,0,0,0,0,1
train/0062/dia187_utt4,0,0,0,0,1,0,0
train/0002/dia187_utt5,0,0,0,0,0,0,1
train/0062/dia187_utt6,0,0,0,0,1,0,0
train/0002/dia187_utt7,0,0,0,0,1,0,0
train/0000/dia187_utt8,0,0,0,0,1,0,0
train/0062/dia187_utt9,0,0,0,1,0,0,0
train/0002/dia188_utt0,0,0,0,0,1,0,0
train/0002/dia188_utt2,0,0,0,0,1,0,0
train/0006/dia188_utt3,1,0,0,0,0,0,0
train/0002/dia188_utt4,1,0,0,0,0,0,0
train/0006/dia188_utt5,1,0,0,0,0,0,0
train/0002/dia188_utt6,0,0,0,0,1,0,0
train/0001/dia189_utt0,0,0,1,0,0,0,0
train/0004/dia189_utt1,0,0,0,0,1,0,0
train/0006/dia189_utt10,0,0,0,0,1,0,0
train/0004/dia189_utt12,0,0,0,0,0,0,1
train/0006/dia189_utt13,1,0,0,0,0,0,0
train/0004/dia189_utt14,0,0,0,1,0,0,0
train/0049/dia189_utt15,0,0,0,0,1,0,0
train/0002/dia189_utt2,0,0,0,0,1,0,0
train/0004/dia189_utt3,0,0,0,0,1,0,0
train/0000/dia189_utt4,0,0,0,0,1,0,0
train/0002/dia189_utt5,0,0,0,1,0,0,0
train/0001/dia189_utt6,1,0,0,0,0,0,0
train/0006/dia189_utt7,0,0,0,0,1,0,0
train/0002/dia189_utt8,1,0,0,0,0,0,0
train/0000/dia189_utt9,0,0,0,0,1,0,0
train/0006/dia18_utt0,0,0,0,0,1,0,0
train/0004/dia18_utt1,0,0,0,0,1,0,0
train/0006/dia18_utt10,0,0,1,0,0,0,0
train/0006/dia18_utt2,0,0,0,0,1,0,0
train/0004/dia18_utt3,0,0,0,1,0,0,0
train/0006/dia18_utt4,0,0,0,0,1,0,0
train/0004/dia18_utt5,0,0,0,1,0,0,0
train/0004/dia18_utt6,0,0,1,0,0,0,0
train/0006/dia18_utt7,0,0,0,0,1,0,0
train/0004/dia18_utt8,0,0,0,0,0,1,0
train/0004/dia18_utt9,0,0,0,0,0,0,1
train/0003/dia190_utt0,0,0,0,0,1,0,0
train/0000/dia190_utt1,0,0,0,0,1,0,0
train/0004/dia190_utt2,0,0,0,1,0,0,0
train/0003/dia190_utt3,0,0,0,0,1,0,0
train/0001/dia190_utt4,0,0,0,1,0,0,0
train/0004/dia190_utt5,0,0,0,0,1,0,0
train/0003/dia190_utt6,0,0,0,1,0,0,0
train/0004/dia190_utt7,0,0,0,0,1,0,0
train/0004/dia191_utt0,1,0,0,0,0,0,0
train/0028/dia191_utt1,0,0,0,0,1,0,0
train/0004/dia191_utt2,0,0,0,0,1,0,0
train/0028/dia191_utt3,0,0,0,1,0,0,0
train/0004/dia191_utt4,0,0,0,0,1,0,0
train/0004/dia191_utt5,0,0,0,0,1,0,0
train/0004/dia191_utt6,0,0,0,0,1,0,0
train/0006/dia192_utt0,0,0,0,0,0,1,0
train/0006/dia192_utt1,0,0,0,0,1,0,0
train/0006/dia192_utt2,0,0,0,0,1,0,0
train/0006/dia192_utt3,0,0,0,1,0,0,0
train/0006/dia192_utt4,0,0,0,1,0,0,0
train/0002/dia192_utt5,0,1,0,0,0,0,0
train/0004/dia192_utt6,0,0,0,1,0,0,0
train/0006/dia192_utt7,0,1,0,0,0,0,0
train/0000/dia193_utt0,0,0,0,0,1,0,0
train/0097/dia193_utt1,0,0,0,1,0,0,0
train/0000/dia193_utt2,0,0,0,1,0,0,0
train/0097/dia193_utt3,0,0,0,0,1,0,0
train/0000/dia193_utt4,0,0,0,0,1,0,0
train/0097/dia193_utt5,0,0,0,0,0,0,1
train/0000/dia193_utt6,0,0,0,0,1,0,0
train/0000/dia193_utt7,0,0,0,0,1,0,0
train/0097/dia194_utt0,0,0,0,0,1,0,0
train/0000/dia194_utt1,0,0,0,1,0,0,0
train/0002/dia195_utt0,0,0,0,0,1,0,0
train/0002/dia195_utt1,0,0,0,0,1,0,0
train/0006/dia195_utt10,0,0,0,0,1,0,0
train/0002/dia195_utt11,0,1,0,0,0,0,0
train/0006/dia195_utt12,0,0,0,0,1,0,0
train/0002/dia195_utt13,0,0,0,0,1,0,0
train/0006/dia195_utt14,1,0,0,0,0,0,0
train/0002/dia195_utt15,0,0,0,0,1,0,0
train/0006/dia195_utt16,0,0,0,0,1,0,0
train/0002/dia195_utt17,0,0,0,0,1,0,0
train/0001/dia195_utt18,0,0,0,0,0,0,1
train/0002/dia195_utt19,0,0,0,1,0,0,0
train/0002/dia195_utt2,0,0,0,1,0,0,0
train/0002/dia195_utt3,0,1,0,0,0,0,0
train/0006/dia195_utt4,0,0,0,1,0,0,0
train/0163/dia195_utt5,0,0,0,0,1,0,0
train/0006/dia195_utt6,0,0,0,0,1,0,0
train/0001/dia195_utt7,0,0,0,0,0,0,1
train/0006/dia195_utt8,1,0,0,0,0,0,0
train/0001/dia195_utt9,0,0,0,0,1,0,0
train/0006/dia196_utt0,0,0,0,0,1,0,0
train/0006/dia196_utt1,0,0,0,0,1,0,0
train/0001/dia196_utt2,0,0,0,0,0,0,1
train/0004/dia197_utt0,0,0,0,1,0,0,0
train/0164/dia197_utt1,0,0,0,0,0,0,1
train/0004/dia197_utt2,0,0,0,1,0,0,0
train/0164/dia197_utt3,0,0,0,0,0,0,1
train/0004/dia197_utt4,0,0,0,1,0,0,0
train/0164/dia197_utt5,0,0,0,0,1,0,0
train/0004/dia197_utt6,0,0,0,0,1,0,0
train/0006/dia197_utt7,0,0,0,0,1,0,0
train/0000/dia198_utt0,0,0,0,0,1,0,0
train/0002/dia198_utt1,0,0,0,0,1,0,0
train/0000/dia198_utt2,0,0,0,1,0,0,0
train/0002/dia198_utt3,0,0,0,0,1,0,0
train/0000/dia198_utt4,0,0,0,0,0,0,1
train/0002/dia198_utt5,0,0,0,0,1,0,0
train/0000/dia198_utt6,0,0,0,1,0,0,0
train/0000/dia199_utt0,0,0,0,0,0,1,0
train/0002/dia199_utt1,0,0,0,1,0,0,0
train/0002/dia199_utt10,0,0,0,0,1,0,0
train/0004/dia199_utt11,0,0,0,0,1,0,0
train/0002/dia199_utt2,0,0,0,1,0,0,0
train/0002/dia199_utt3,0,0,0,1,0,0,0
train/0003/dia199_utt4,0,0,0,0,1,0,0
train/0002/dia199_utt5,0,0,0,0,1,0,0
train/0004/dia199_utt6,0,0,0,0,0,0,1
train/0016/dia199_utt7,0,0,0,0,0,0,1
train/0004/dia199_utt8,0,0,0,0,1,0,0
train/0000/dia199_utt9,0,0,0,0,0,0,1
train/0004/dia19_utt0,0,0,0,0,1,0,0
train/0000/dia19_utt1,0,0,0,0,1,0,0
train/0004/dia1_utt0,0,0,0,0,0,0,1
train/0002/dia1_utt1,0,0,0,0,0,1,0
train/0004/dia1_utt2,0,0,0,0,0,0,1
train/0002/dia1_utt3,0,0,1,0,0,0,0
train/0004/dia1_utt4,0,0,0,0,1,0,0
train/0004/dia1_utt5,0,0,0,0,1,0,0
train/0002/dia1_utt8,0,0,0,0,1,0,0
train/0006/dia200_utt0,0,0,0,0,1,0,0
train/0004/dia200_utt1,1,0,0,0,0,0,0
train/0006/dia200_utt2,0,0,0,0,0,0,1
train/0004/dia200_utt3,0,0,0,0,0,0,1
train/0006/dia200_utt4,1,0,0,0,0,0,0
train/0004/dia200_utt5,1,0,0,0,0,0,0
train/0006/dia200_utt6,1,0,0,0,0,0,0
train/0004/dia200_utt7,0,0,0,1,0,0,0
train/0006/dia200_utt8,0,0,0,1,0,0,0
train/0004/dia200_utt9,0,0,0,1,0,0,0
train/0041/dia201_utt0,0,0,0,0,1,0,0
train/0006/dia201_utt1,0,0,0,0,1,0,0
train/0041/dia201_utt2,0,0,0,1,0,0,0
train/0006/dia201_utt3,0,0,1,0,0,0,0
train/0006/dia201_utt4,0,0,0,0,0,1,0
train/0006/dia201_utt5,0,0,1,0,0,0,0
train/0041/dia201_utt6,0,0,0,0,0,0,1
train/0006/dia201_utt7,0,0,0,0,0,0,1
train/0041/dia201_utt8,0,0,0,1,0,0,0
train/0006/dia201_utt9,0,0,0,1,0,0,0
train/0003/dia202_utt0,0,0,0,1,0,0,0
train/0000/dia202_utt1,0,0,0,0,1,0,0
train/0003/dia202_utt12,0,0,0,0,1,0,0
train/0001/dia202_utt13,0,0,0,0,1,0,0
train/0001/dia202_utt14,0,0,0,0,1,0,0
train/0001/dia202_utt15,0,0,0,0,1,0,0
train/0003/dia202_utt16,1,0,0,0,0,0,0
train/0003/dia202_utt2,0,0,0,0,1,0,0
train/0000/dia202_utt3,0,0,0,0,1,0,0
train/0003/dia202_utt4,0,0,0,0,1,0,0
train/0001/dia202_utt5,0,0,0,0,0,0,1
train/0000/dia202_utt6,0,0,0,0,1,0,0
train/0001/dia202_utt7,0,0,0,0,0,0,1
train/0000/dia202_utt8,0,0,0,1,0,0,0
train/0001/dia202_utt9,0,0,0,0,0,0,1
train/0004/dia203_utt0,0,0,0,1,0,0,0
train/0006/dia203_utt1,0,0,0,0,0,0,1
train/0002/dia203_utt2,0,0,0,1,0,0,0
train/0006/dia203_utt3,0,0,0,1,0,0,0
train/0002/dia203_utt4,0,0,0,1,0,0,0
train/0004/dia203_utt5,0,0,0,0,1,0,0
train/0002/dia204_utt0,0,0,0,1,0,0,0
train/0165/dia204_utt1,0,0,0,0,1,0,0
train/0002/dia204_utt10,0,0,0,0,1,0,0
train/0002/dia204_utt11,0,0,0,0,1,0,0
train/0002/dia204_utt12,0,0,0,0,1,0,0
train/0002/dia204_utt13,0,0,0,0,0,1,0
train/0166/dia204_utt2,0,0,0,0,1,0,0
train/0002/dia204_utt3,0,0,0,0,1,0,0
train/0166/dia204_utt4,0,0,0,0,1,0,0
train/0002/dia204_utt5,0,0,0,0,0,0,1
train/0166/dia204_utt6,0,0,0,0,1,0,0
train/0002/dia204_utt7,0,0,0,0,1,0,0
train/0165/dia204_utt8,0,0,0,0,0,0,1
train/0002/dia204_utt9,0,0,0,0,1,0,0
train/0128/dia205_utt0,0,0,0,0,1,0,0
train/0002/dia205_utt1,0,0,0,0,1,0,0
train/0128/dia205_utt2,0,0,0,0,1,0,0
train/0002/dia205_utt3,0,0,0,0,0,0,1
train/0000/dia205_utt4,0,0,0,1,0,0,0
train/0001/dia205_utt5,0,0,0,0,1,0,0
train/0002/dia205_utt6,0,0,0,1,0,0,0
train/0015/dia206_utt0,0,0,0,0,1,0,0
train/0006/dia206_utt1,1,0,0,0,0,0,0
train/0006/dia206_utt10,0,0,0,0,0,0,1
train/0015/dia206_utt11,1,0,0,0,0,0,0
train/0006/dia206_utt12,1,0,0,0,0,0,0
train/0021/dia206_utt13,1,0,0,0,0,0,0
train/0021/dia206_utt14,1,0,0,0,0,0,0
train/0006/dia206_utt15,1,0,0,0,0,0,0
train/0015/dia206_utt16,1,0,0,0,0,0,0
train/0006/dia206_utt17,0,0,0,0,1,0,0
train/0021/dia206_utt18,1,0,0,0,0,0,0
train/0021/dia206_utt2,0,0,0,0,1,0,0
train/0006/dia206_utt3,0,0,0,0,0,0,1
train/0021/dia206_utt4,1,0,0,0,0,0,0
train/0006/dia206_utt5,0,0,0,0,1,0,0
train/0015/dia206_utt6,0,0,0,0,1,0,0
train/0006/dia206_utt7,1,0,0,0,0,0,0
train/0015/dia206_utt8,0,0,0,0,1,0,0
train/0021/dia206_utt9,1,0,0,0,0,0,0
train/0001/dia207_utt0,0,0,0,1,0,0,0
train/0167/dia207_utt1,0,0,0,0,1,0,0
train/0000/dia207_utt10,0,0,0,1,0,0,0
train/0167/dia207_utt11,0,0,0,1,0,0,0
train/0167/dia207_utt12,0,0,0,0,1,0,0
train/0001/dia207_utt13,0,0,0,1,0,0,0
train/0167/dia207_utt14,0,0,0,0,0,0,1
train/0000/dia207_utt15,0,0,0,0,1,0,0
train/0001/dia207_utt16,0,0,0,0,1,0,0
train/0000/dia207_utt17,1,0,0,0,0,0,0
train/0001/dia207_utt18,1,0,0,0,0,0,0
train/0000/dia207_utt19,0,0,0,0,1,0,0
train/0001/dia207_utt2,0,0,0,0,0,0,1
train/0000/dia207_utt3,0,0,0,0,1,0,0
train/0000/dia207_utt4,0,0,0,0,1,0,0
train/0000/dia207_utt5,0,0,0,0,1,0,0
train/0167/dia207_utt6,0,0,0,0,1,0,0
train/0167/dia207_utt7,0,0,0,0,1,0,0
train/0000/dia207_utt8,0,0,0,0,1,0,0
train/0167/dia207_utt9,0,0,0,0,1,0,0
train/0091/dia208_utt0,0,1,0,0,0,0,0
train/0004/dia208_utt1,0,0,0,0,1,0,0
train/0002/dia208_utt10,0,0,0,0,0,0,1
train/0003/dia208_utt11,0,0,0,1,0,0,0
train/0001/dia208_utt12,0,0,0,0,0,0,1
train/0004/dia208_utt14,0,0,0,0,0,1,0
train/0003/dia208_utt15,0,0,0,0,0,0,1
train/0004/dia208_utt16,0,0,0,0,0,0,1
train/0003/dia208_utt2,0,0,0,0,0,0,1
train/0004/dia208_utt3,0,0,0,0,1,0,0
train/0003/dia208_utt4,0,1,0,0,0,0,0
train/0168/dia208_utt5,0,0,0,1,0,0,0
train/0091/dia208_utt6,1,0,0,0,0,0,0
train/0168/dia208_utt7,0,0,0,0,1,0,0
train/0168/dia208_utt8,0,0,0,0,1,0,0
train/0091/dia208_utt9,0,0,0,1,0,0,0
train/0117/dia209_utt0,0,0,0,0,1,0,0
train/0002/dia20_utt0,0,0,0,0,1,0,0
train/0004/dia20_utt1,0,0,0,1,0,0,0
train/0000/dia20_utt10,0,0,0,0,1,0,0
train/0004/dia20_utt11,0,0,0,0,1,0,0
train/0004/dia20_utt12,0,0,0,1,0,0,0
train/0004/dia20_utt13,0,0,0,1,0,0,0
train/0004/dia20_utt14,0,0,0,1,0,0,0
train/0002/dia20_utt15,0,0,0,0,0,0,1
train/0004/dia20_utt16,0,0,0,0,1,0,0
train/0000/dia20_utt2,0,0,0,1,0,0,0
train/0004/dia20_utt3,0,0,0,1,0,0,0
train/0004/dia20_utt4,0,0,0,1,0,0,0
train/0004/dia20_utt5,0,0,0,1,0,0,0
train/0004/dia20_utt6,0,0,0,1,0,0,0
train/0004/dia20_utt7,0,0,0,1,0,0,0
train/0004/dia20_utt8,0,0,0,0,1,0,0
train/0004/dia20_utt9,0,0,0,0,1,0,0
train/0145/dia210_utt0,1,0,0,0,0,0,0
train/0004/dia210_utt1,0,0,0,0,0,0,1
train/0000/dia210_utt10,0,0,0,0,1,0,0
train/0145/dia210_utt2,1,0,0,0,0,0,0
train/0004/dia210_utt3,1,0,0,0,0,0,0
train/0145/dia210_utt4,1,0,0,0,0,0,0
train/0004/dia210_utt5,1,0,0,0,0,0,0
train/0117/dia210_utt6,0,0,0,1,0,0,0
train/0004/dia210_utt7,0,0,0,1,0,0,0
train/0145/dia210_utt8,0,0,0,1,0,0,0
train/0169/dia210_utt9,0,0,0,0,1,0,0
train/0036/dia211_utt0,0,0,0,1,0,0,0
train/0003/dia211_utt1,0,0,0,0,1,0,0
train/0001/dia211_utt10,0,0,0,1,0,0,0
train/0001/dia211_utt11,0,0,0,0,0,0,1
train/0036/dia211_utt12,0,0,1,0,0,0,0
train/0001/dia211_utt13,0,0,0,0,0,0,1
train/0105/dia211_utt14,0,0,0,0,1,0,0
train/0105/dia211_utt2,0,0,0,1,0,0,0
train/0003/dia211_utt3,0,0,0,0,1,0,0
train/0105/dia211_utt5,0,0,0,1,0,0,0
train/0036/dia211_utt6,0,1,0,0,0,0,0
train/0003/dia211_utt7,0,0,0,0,1,0,0
train/0001/dia211_utt8,0,1,0,0,0,0,0
train/0105/dia211_utt9,0,0,0,0,0,0,1
train/0000/dia212_utt0,0,0,0,0,1,0,0
train/0001/dia212_utt1,0,0,0,1,0,0,0
train/0000/dia212_utt2,0,0,0,0,1,0,0
train/0001/dia212_utt3,0,0,0,0,0,0,1
train/0000/dia212_utt4,0,0,0,0,0,0,1
train/0001/dia212_utt5,0,1,0,0,0,0,0
train/0000/dia212_utt6,0,0,0,0,1,0,0
train/0001/dia212_utt7,1,0,0,0,0,0,0
train/0001/dia212_utt8,0,0,0,0,1,0,0
train/0000/dia212_utt9,0,0,0,0,0,0,1
train/0006/dia213_utt0,0,0,0,0,1,0,0
train/0006/dia213_utt1,0,0,0,0,1,0,0
train/0006/dia213_utt2,0,0,0,1,0,0,0
train/0006/dia213_utt3,0,0,0,0,1,0,0
train/0003/dia213_utt4,0,0,0,0,0,1,0
train/0000/dia214_utt0,0,0,0,0,0,0,1
train/0001/dia214_utt1,0,0,0,0,1,0,0
train/0000/dia214_utt10,0,0,0,0,1,0,0
train/0000/dia214_utt2,0,0,0,0,0,1,0
train/0085/dia214_utt3,0,0,0,0,0,0,1
train/0000/dia214_utt4,0,0,0,0,1,0,0
train/0085/dia214_utt5,0,0,0,0,0,0,1
train/0000/dia214_utt6,0,0,0,0,0,0,1
train/0085/dia214_utt7,0,0,0,0,1,0,0
train/0000/dia214_utt8,0,0,0,1,0,0,0
train/0085/dia214_utt9,0,0,0,0,1,0,0
train/0006/dia215_utt0,0,0,0,1,0,0,0
train/0006/dia216_utt0,0,0,0,0,0,1,0
train/0004/dia216_utt1,0,0,0,0,1,0,0
train/0006/dia216_utt2,0,0,0,0,1,0,0
train/0004/dia217_utt0,0,0,0,0,1,0,0
train/0006/dia218_utt1,0,0,0,0,1,0,0
train/0004/dia218_utt10,0,0,0,0,1,0,0
train/0004/dia218_utt11,0,0,0,0,1,0,0
train/0002/dia218_utt12,0,0,0,0,1,0,0
train/0006/dia218_utt2,0,0,0,0,1,0,0
train/0006/dia218_utt3,0,0,0,0,1,0,0
train/0001/dia218_utt4,0,0,0,0,0,1,0
train/0004/dia218_utt5,0,0,0,0,1,0,0
train/0004/dia218_utt6,0,0,0,0,0,1,0
train/0004/dia218_utt7,0,0,0,0,1,0,0
train/0004/dia218_utt8,0,0,0,0,1,0,0
train/0004/dia218_utt9,0,0,0,0,1,0,0
train/0003/dia219_utt0,0,0,0,1,0,0,0
train/0004/dia219_utt1,0,0,0,0,1,0,0
train/0003/dia219_utt10,0,0,0,0,0,1,0
train/0003/dia219_utt11,0,0,0,0,0,1,0
train/0001/dia219_utt12,1,0,0,0,0,0,0
train/0004/dia219_utt2,0,0,0,0,1,0,0
train/0004/dia219_utt3,0,0,0,1,0,0,0
train/0004/dia219_utt4,0,0,0,1,0,0,0
train/0006/dia219_utt5,0,0,0,0,1,0,0
train/0001/dia219_utt6,0,0,0,0,0,1,0
train/0000/dia219_utt7,0,0,0,0,1,0,0
train/0001/dia219_utt8,0,0,0,0,0,1,0
train/0003/dia219_utt9,0,0,0,0,1,0,0
train/0001/dia21_utt0,0,0,0,0,0,0,1
train/0006/dia21_utt1,0,0,0,0,1,0,0
train/0000/dia21_utt10,0,0,0,0,1,0,0
train/0000/dia21_utt11,0,1,0,0,0,0,0
train/0001/dia21_utt12,0,0,0,0,1,0,0
train/0000/dia21_utt13,0,0,0,1,0,0,0
train/0001/dia21_utt2,0,0,0,1,0,0,0
train/0000/dia21_utt3,0,0,0,0,0,0,1
train/0006/dia21_utt4,0,0,0,0,1,0,0
train/0001/dia21_utt5,0,0,0,0,0,0,1
train/0000/dia21_utt6,1,0,0,0,0,0,0
train/0006/dia21_utt7,0,0,0,0,1,0,0
train/0000/dia21_utt8,0,1,0,0,0,0,0
train/0000/dia21_utt9,0,0,0,0,1,0,0
train/0000/dia220_utt0,0,0,0,0,1,0,0
train/0002/dia220_utt1,0,0,0,1,0,0,0
train/0001/dia220_utt2,0,0,0,0,1,0,0
train/0000/dia220_utt3,0,0,0,0,0,1,0
train/0002/dia220_utt4,0,0,0,0,1,0,0
train/0001/dia220_utt5,0,0,0,0,1,0,0
train/0002/dia220_utt6,0,0,0,0,1,0,0
train/0002/dia221_utt0,0,0,0,0,1,0,0
train/0170/dia221_utt1,0,0,0,0,1,0,0
train/0002/dia221_utt2,0,0,0,0,0,0,1
train/0170/dia221_utt3,0,0,0,0,1,0,0
train/0002/dia221_utt4,0,0,0,0,1,0,0
train/0170/dia221_utt5,0,0,1,0,0,0,0
train/0070/dia222_utt0,0,0,0,1,0,0,0
train/0003/dia222_utt1,0,0,0,0,1,0,0
train/0070/dia222_utt11,0,0,0,1,0,0,0
train/0070/dia222_utt12,0,0,0,1,0,0,0
train/0001/dia222_utt13,0,0,0,1,0,0,0
train/0001/dia222_utt14,0,0,0,0,1,0,0
train/0001/dia222_utt15,0,1,0,0,0,0,0
train/0001/dia222_utt16,0,1,0,0,0,0,0
train/0003/dia222_utt17,0,0,0,0,1,0,0
train/0001/dia222_utt18,0,1,0,0,0,0,0
train/0003/dia222_utt19,0,1,0,0,0,0,0
train/0001/dia222_utt2,0,0,0,0,1,0,0
train/0070/dia222_utt3,0,0,0,1,0,0,0
train/0003/dia222_utt4,0,0,0,0,0,1,0
train/0070/dia222_utt5,0,0,0,1,0,0,0
train/0001/dia222_utt6,0,0,0,0,1,0,0
train/0070/dia222_utt7,0,0,0,0,1,0,0
train/0070/dia222_utt8,0,0,0,1,0,0,0
train/0070/dia222_utt9,0,0,0,0,1,0,0
train/0171/dia223_utt0,0,0,0,0,1,0,0
train/0003/dia223_utt1,0,0,0,0,1,0,0
train/0003/dia223_utt10,0,0,0,0,1,0,0
train/0001/dia223_utt11,0,0,0,0,1,0,0
train/0003/dia223_utt12,0,0,0,0,0,0,1
train/0001/dia223_utt13,0,0,0,0,1,0,0
train/0003/dia223_utt14,0,0,0,0,1,0,0
train/0001/dia223_utt2,0,0,0,0,1,0,0
train/0003/dia223_utt3,0,0,0,0,1,0,0
train/0001/dia223_utt4,0,0,0,0,1,0,0
train/0003/dia223_utt5,0,0,0,0,0,1,0
train/0001/dia223_utt6,0,0,0,0,1,0,0
train/0003/dia223_utt7,0,0,0,0,1,0,0
train/0003/dia223_utt8,0,0,0,0,1,0,0
train/0001/dia223_utt9,0,0,0,0,1,0,0
train/0004/dia224_utt0,0,0,0,0,1,0,0
train/0102/dia224_utt1,0,0,0,0,1,0,0
train/0004/dia224_utt2,0,0,0,0,1,0,0
train/0172/dia224_utt3,0,0,0,0,1,0,0
train/0004/dia224_utt4,0,0,0,1,0,0,0
train/0172/dia224_utt5,0,0,0,1,0,0,0
train/0021/dia225_utt0,0,1,0,0,0,0,0
train/0006/dia225_utt1,0,0,0,0,1,0,0
train/0021/dia225_utt10,0,0,0,0,1,0,0
train/0006/dia225_utt11,0,0,0,0,1,0,0
train/0021/dia225_utt2,0,0,0,1,0,0,0
train/0006/dia225_utt3,0,0,0,1,0,0,0
train/0006/dia225_utt4,0,0,0,0,1,0,0
train/0006/dia225_utt5,0,0,0,0,1,0,0
train/0021/dia225_utt6,0,0,0,1,0,0,0
train/0006/dia225_utt7,0,0,0,0,1,0,0
train/0021/dia225_utt8,0,0,0,0,1,0,0
train/0006/dia225_utt9,0,0,0,0,0,1,0
train/0002/dia226_utt0,0,0,0,0,0,0,1
train/0091/dia226_utt1,0,0,0,1,0,0,0
train/0173/dia226_utt10,0,0,0,0,1,0,0
train/0002/dia226_utt11,0,0,0,0,1,0,0
train/0173/dia226_utt12,0,0,0,0,0,0,1
train/0002/dia226_utt13,0,0,0,0,1,0,0
train/0173/dia226_utt17,0,0,0,0,0,1,0
train/0002/dia226_utt18,0,1,0,0,0,0,0
train/0002/dia226_utt19,0,0,0,1,0,0,0
train/0002/dia226_utt2,0,0,0,0,1,0,0
train/0001/dia226_utt20,0,0,0,0,1,0,0
train/0002/dia226_utt21,0,0,0,1,0,0,0
train/0091/dia226_utt3,0,0,0,0,1,0,0
train/0002/dia226_utt4,0,0,0,0,1,0,0
train/0001/dia226_utt5,0,0,0,0,1,0,0
train/0002/dia226_utt6,0,0,0,0,1,0,0
train/0091/dia226_utt7,0,0,0,0,1,0,0
train/0002/dia226_utt8,0,0,0,0,0,0,1
train/0091/dia226_utt9,0,0,0,1,0,0,0
train/0004/dia227_utt0,0,0,0,0,1,0,0
train/0000/dia228_utt0,1,0,0,0,0,0,0
train/0004/dia228_utt1,0,0,0,0,0,1,0
train/0004/dia228_utt2,0,0,0,0,1,0,0
train/0004/dia228_utt3,0,0,0,0,0,0,1
train/0000/dia228_utt4,0,0,0,1,0,0,0
train/0004/dia228_utt5,0,0,0,1,0,0,0
train/0004/dia228_utt6,0,0,0,0,1,0,0
train/0000/dia228_utt7,1,0,0,0,0,0,0
train/0064/dia229_utt0,0,0,0,0,1,0,0
train/0003/dia229_utt1,0,0,0,1,0,0,0
train/0064/dia229_utt2,0,0,0,0,1,0,0
train/0003/dia229_utt3,0,0,0,0,1,0,0
train/0003/dia229_utt4,0,0,0,0,1,0,0
train/0004/dia22_utt0,0,1,0,0,0,0,0
train/0060/dia22_utt1,0,0,0,0,1,0,0
train/0004/dia22_utt2,0,0,0,0,0,0,1
train/0060/dia22_utt3,0,0,0,0,1,0,0
train/0174/dia230_utt0,0,0,0,0,1,0,0
train/0006/dia230_utt1,0,0,0,1,0,0,0
train/0006/dia231_utt0,0,0,0,0,1,0,0
train/0002/dia231_utt1,0,0,0,0,1,0,0
train/0006/dia231_utt10,0,0,0,0,0,1,0
train/0002/dia231_utt11,0,0,0,0,1,0,0
train/0006/dia231_utt12,0,0,0,0,1,0,0
train/0002/dia231_utt13,0,0,0,0,1,0,0
train/0071/dia231_utt14,0,0,0,0,1,0,0
train/0002/dia231_utt2,0,0,0,0,1,0,0
train/0006/dia231_utt3,0,0,0,0,1,0,0
train/0006/dia231_utt4,0,0,0,0,1,0,0
train/0002/dia231_utt5,0,0,0,0,1,0,0
train/0006/dia231_utt6,0,0,0,0,1,0,0
train/0002/dia231_utt7,1,0,0,0,0,0,0
train/0006/dia231_utt8,0,0,0,0,1,0,0
train/0002/dia231_utt9,1,0,0,0,0,0,0
train/0001/dia232_utt0,0,0,0,0,0,0,1
train/0003/dia232_utt1,0,0,0,0,1,0,0
train/0003/dia232_utt10,0,0,0,0,0,0,1
train/0002/dia232_utt11,0,0,0,0,1,0,0
train/0000/dia232_utt12,0,0,0,0,0,0,1
train/0001/dia232_utt13,0,0,0,0,0,0,1
train/0002/dia232_utt14,0,0,0,0,1,0,0
train/0001/dia232_utt15,0,0,0,0,1,0,0
train/0002/dia232_utt16,0,0,0,0,0,0,1
train/0003/dia232_utt17,0,0,0,0,1,0,0
train/0002/dia232_utt18,0,0,0,0,1,0,0
train/0003/dia232_utt19,0,0,0,0,1,0,0
train/0003/dia232_utt2,0,0,0,0,1,0,0
train/0001/dia232_utt3,0,0,0,0,0,0,1
train/0003/dia232_utt4,0,0,0,0,1,0,0
train/0001/dia232_utt5,1,0,0,0,0,0,0
train/0003/dia232_utt6,0,0,0,0,1,0,0
train/0001/dia232_utt7,1,0,0,0,0,0,0
train/0003/dia232_utt8,0,0,0,0,1,0,0
train/0001/dia232_utt9,0,0,0,0,0,0,1
train/0006/dia233_utt0,0,0,0,1,0,0,0
train/0001/dia233_utt1,0,0,0,0,0,0,1
train/0175/dia234_utt1,0,0,0,1,0,0,0
train/0003/dia234_utt10,0,0,0,0,0,0,1
train/0001/dia234_utt11,1,0,0,0,0,0,0
train/0003/dia234_utt2,0,0,0,0,1,0,0
train/0175/dia234_utt3,0,0,0,0,1,0,0
train/0001/dia234_utt4,0,0,0,0,0,0,1
train/0003/dia234_utt5,0,0,0,0,1,0,0
train/0003/dia234_utt6,1,0,0,0,0,0,0
train/0003/dia234_utt8,0,0,0,0,1,0,0
train/0001/dia234_utt9,0,0,0,0,1,0,0
train/0001/dia235_utt0,1,0,0,0,0,0,0
train/0002/dia235_utt1,0,0,0,0,0,0,1
train/0001/dia235_utt2,0,0,0,1,0,0,0
train/0002/dia235_utt3,0,0,0,1,0,0,0
train/0001/dia235_utt4,0,0,0,0,0,0,1
train/0006/dia235_utt5,0,0,0,1,0,0,0
train/0001/dia235_utt6,0,0,0,0,1,0,0
train/0176/dia235_utt7,0,0,0,0,1,0,0
train/0001/dia235_utt8,0,0,0,0,0,1,0
train/0003/dia235_utt9,0,0,0,0,1,0,0
train/0004/dia236_utt0,0,0,0,1,0,0,0
train/0177/dia236_utt1,0,0,0,0,1,0,0
train/0177/dia236_utt10,0,0,0,0,1,0,0
train/0003/dia236_utt11,0,1,0,0,0,0,0
train/0004/dia236_utt12,0,0,0,0,1,0,0
train/0177/dia236_utt13,1,0,0,0,0,0,0
train/0004/dia236_utt14,0,0,0,1,0,0,0
train/0003/dia236_utt15,1,0,0,0,0,0,0
train/0004/dia236_utt2,0,0,0,0,1,0,0
train/0003/dia236_utt3,0,0,0,0,1,0,0
train/0004/dia236_utt4,0,0,0,0,1,0,0
train/0003/dia236_utt5,1,0,0,0,0,0,0
train/0004/dia236_utt6,0,0,0,0,0,0,1
train/0003/dia236_utt7,0,0,0,0,1,0,0
train/0003/dia236_utt9,0,0,0,0,1,0,0
train/0001/dia237_utt0,0,0,0,0,0,0,1
train/0178/dia237_utt1,0,0,0,0,0,0,1
train/0178/dia237_utt10,0,0,0,0,1,0,0
train/0001/dia237_utt11,0,0,0,0,1,0,0
train/0001/dia237_utt2,1,0,0,0,0,0,0
train/0001/dia237_utt3,0,0,0,0,1,0,0
train/0178/dia237_utt4,0,0,0,0,0,0,1
train/0001/dia237_utt5,1,0,0,0,0,0,0
train/0178/dia237_utt6,0,0,0,0,0,0,1
train/0001/dia237_utt7,0,0,0,0,0,0,1
train/0178/dia237_utt8,0,0,0,0,0,1,0
train/0001/dia237_utt9,0,0,0,0,0,1,0
train/0006/dia238_utt0,0,0,0,0,1,0,0
train/0000/dia238_utt1,0,0,0,0,1,0,0
train/0000/dia238_utt2,0,0,0,0,1,0,0
train/0000/dia238_utt3,0,0,0,0,1,0,0
train/0000/dia238_utt4,0,0,0,0,1,0,0
train/0000/dia238_utt5,0,0,0,0,1,0,0
train/0000/dia238_utt6,0,0,0,0,1,0,0
train/0006/dia239_utt0,0,0,0,0,1,0,0
train/0006/dia239_utt1,0,0,0,0,1,0,0
train/0032/dia239_utt2,0,0,0,1,0,0,0
train/0006/dia239_utt3,0,0,0,1,0,0,0
train/0006/dia239_utt4,0,0,0,0,1,0,0
train/0032/dia239_utt5,0,0,1,0,0,0,0
train/0003/dia239_utt6,0,0,0,1,0,0,0
train/0001/dia23_utt0,0,0,0,0,0,0,1
train/0003/dia23_utt1,1,0,0,0,0,0,0
train/0000/dia23_utt2,0,0,0,0,0,0,1
train/0002/dia23_utt3,0,0,0,1,0,0,0
train/0001/dia23_utt4,0,0,0,0,1,0,0
train/0006/dia23_utt5,0,0,0,0,1,0,0
train/0002/dia23_utt6,0,0,0,0,1,0,0
train/0001/dia23_utt7,0,0,0,0,1,0,0
train/0003/dia23_utt8,0,0,0,0,0,0,1
train/0001/dia240_utt0,0,0,0,0,1,0,0
train/0085/dia240_utt1,0,0,0,0,1,0,0
train/0001/dia240_utt2,0,0,0,0,1,0,0
train/0003/dia240_utt3,0,0,1,0,0,0,0
train/0001/dia240_utt4,0,0,0,0,1,0,0
train/0000/dia240_utt5,0,0,0,0,1,0,0
train/0000/dia240_utt6,0,0,0,0,1,0,0
train/0000/dia241_utt0,1,0,0,0,0,0,0
train/0000/dia241_utt1,0,0,0,0,0,1,0
train/0000/dia241_utt10,0,0,0,1,0,0,0
train/0004/dia241_utt11,0,1,0,0,0,0,0
train/0002/dia241_utt12,0,1,0,0,0,0,0
train/0004/dia241_utt13,0,1,0,0,0,0,0
train/0000/dia241_utt2,0,0,0,0,1,0,0
train/0000/dia241_utt3,1,0,0,0,0,0,0
train/0000/dia241_utt4,0,0,0,1,0,0,0
train/0002/dia241_utt5,1,0,0,0,0,0,0
train/0000/dia241_utt6,0,0,0,0,1,0,0
train/0002/dia241_utt7,0,0,0,0,1,0,0
train/0000/dia241_utt8,1,0,0,0,0,0,0
train/0002/dia241_utt9,0,0,0,0,1,0,0
train/0003/dia242_utt0,0,0,0,1,0,0,0
train/0142/dia242_utt1,0,0,0,0,1,0,0
train/0003/dia242_utt2,0,0,0,0,1,0,0
train/0001/dia242_utt3,0,0,0,0,1,0,0
train/0003/dia242_utt4,0,0,0,0,1,0,0
train/0142/dia242_utt5,0,0,0,0,0,0,1
train/0003/dia242_utt6,0,0,0,0,0,1,0
train/0006/dia243_utt0,0,0,0,1,0,0,0
train/0002/dia243_utt1,0,0,0,0,0,0,1
train/0006/dia244_utt0,0,0,0,0,1,0,0
train/0006/dia244_utt1,0,0,0,0,1,0,0
train/0006/dia244_utt3,0,0,0,0,1,0,0
train/0002/dia244_utt4,0,0,1,0,0,0,0
train/0006/dia244_utt5,0,0,0,0,1,0,0
train/0006/dia244_utt6,0,0,0,0,1,0,0
train/0000/dia245_utt0,0,0,0,1,0,0,0
train/0000/dia245_utt1,0,0,0,1,0,0,0
train/0000/dia245_utt10,0,1,0,0,0,0,0
train/0001/dia245_utt11,0,1,0,0,0,0,0
train/0001/dia245_utt12,0,0,0,0,0,0,1
train/0001/dia245_utt13,0,0,0,0,0,1,0
train/0001/dia245_utt14,0,0,0,0,0,0,1
train/0001/dia245_utt15,0,0,0,0,0,1,0
train/0000/dia245_utt16,0,0,0,0,1,0,0
train/0001/dia245_utt2,0,0,0,1,0,0,0
train/0000/dia245_utt3,0,0,0,1,0,0,0
train/0001/dia245_utt4,0,0,0,0,1,0,0
train/0000/dia245_utt5,0,0,0,1,0,0,0
train/0001/dia245_utt6,0,0,0,0,1,0,0
train/0000/dia245_utt7,0,0,0,1,0,0,0
train/0001/dia245_utt8,0,0,0,1,0,0,0
train/0001/dia245_utt9,0,0,0,0,0,1,0
train/0006/dia246_utt0,0,0,0,1,0,0,0
train/0069/dia246_utt1,0,0,0,0,0,1,0
train/0002/dia246_utt2,0,0,0,0,1,0,0
train/0002/dia246_utt3,0,0,0,0,1,0,0
train/0002/dia246_utt4,0,0,0,0,1,0,0
train/0006/dia246_utt5,0,0,0,0,1,0,0
train/0002/dia246_utt6,0,0,0,0,1,0,0
train/0004/dia247_utt0,0,0,0,0,1,0,0
train/0000/dia247_utt1,0,0,0,0,0,0,1
train/0004/dia247_utt2,0,0,0,1,0,0,0
train/0000/dia248_utt0,0,0,0,0,1,0,0
train/0000/dia248_utt1,1,0,0,0,0,0,0
train/0000/dia248_utt3,0,0,0,1,0,0,0
train/0000/dia248_utt4,0,0,0,1,0,0,0
train/0001/dia248_utt5,1,0,0,0,0,0,0
train/0000/dia248_utt6,0,0,0,1,0,0,0
train/0001/dia248_utt7,1,0,0,0,0,0,0
train/0002/dia249_utt0,0,0,0,0,1,0,0
train/0004/dia249_utt1,0,0,0,0,1,0,0
train/0004/dia249_utt10,0,0,0,1,0,0,0
train/0004/dia249_utt11,0,0,0,0,1,0,0
train/0004/dia249_utt13,0,0,0,1,0,0,0
train/0001/dia249_utt2,0,0,0,0,1,0,0
train/0004/dia249_utt3,0,0,0,1,0,0,0
train/0004/dia249_utt4,0,0,0,0,0,1,0
train/0004/dia249_utt5,0,0,0,0,0,1,0
train/0001/dia249_utt6,0,0,0,0,0,1,0
train/0004/dia249_utt7,0,0,0,1,0,0,0
train/0001/dia249_utt8,0,0,0,0,1,0,0
train/0004/dia249_utt9,0,0,0,1,0,0,0
train/0002/dia24_utt0,0,0,0,0,1,0,0
train/0002/dia24_utt1,0,0,0,0,1,0,0
train/0002/dia24_utt2,0,0,0,0,1,0,0
train/0006/dia24_utt3,0,0,0,1,0,0,0
train/0002/dia24_utt4,0,0,0,0,0,0,1
train/0006/dia24_utt5,0,0,0,0,1,0,0
train/0006/dia24_utt6,0,0,0,0,1,0,0
train/0002/dia24_utt7,0,0,0,1,0,0,0
train/0006/dia24_utt8,0,0,1,0,0,0,0
train/0000/dia250_utt0,0,0,0,0,0,0,1
train/0003/dia250_utt1,0,0,0,1,0,0,0
train/0000/dia250_utt2,0,0,0,0,0,0,1
train/0003/dia250_utt3,0,0,0,1,0,0,0
train/0000/dia250_utt4,0,0,0,0,0,0,1
train/0001/dia250_utt5,0,0,0,0,1,0,0
train/0002/dia250_utt6,0,0,0,0,1,0,0
train/0002/dia251_utt0,1,0,0,0,0,0,0
train/0002/dia251_utt1,0,0,0,0,1,0,0
train/0006/dia251_utt2,0,0,0,0,1,0,0
train/0002/dia251_utt3,0,0,0,0,1,0,0
train/0006/dia251_utt4,0,0,0,0,1,0,0
train/0002/dia251_utt5,0,0,0,0,1,0,0
train/0004/dia251_utt6,0,0,0,0,0,1,0
train/0006/dia252_utt0,0,0,0,0,1,0,0
train/0179/dia252_utt1,0,0,0,0,1,0,0
train/0179/dia252_utt10,0,0,0,0,1,0,0
train/0179/dia252_utt13,0,0,0,0,1,0,0
train/0004/dia252_utt14,0,0,0,1,0,0,0
train/0004/dia252_utt15,0,0,0,0,1,0,0
train/0003/dia252_utt16,0,0,0,0,1,0,0
train/0006/dia252_utt17,0,0,0,1,0,0,0
train/0179/dia252_utt18,0,1,0,0,0,0,0
train/0179/dia252_utt19,0,0,0,0,1,0,0
train/0179/dia252_utt2,0,0,0,0,1,0,0
train/0006/dia252_utt3,0,0,0,0,1,0,0
train/0179/dia252_utt4,0,0,0,0,1,0,0
train/0006/dia252_utt5,0,0,0,0,1,0,0
train/0179/dia252_utt6,0,0,0,0,1,0,0
train/0006/dia252_utt7,0,0,0,0,1,0,0
train/0179/dia252_utt8,0,0,0,0,1,0,0
train/0006/dia252_utt9,0,0,0,0,1,0,0
train/0003/dia253_utt0,0,0,0,0,1,0,0
train/0003/dia253_utt1,0,0,0,1,0,0,0
train/0003/dia253_utt10,0,0,0,1,0,0,0
train/0049/dia253_utt11,0,0,0,0,1,0,0
train/0003/dia253_utt2,0,0,0,0,0,0,1
train/0003/dia253_utt3,0,0,0,0,0,0,1
train/0049/dia253_utt4,0,0,0,0,1,0,0
train/0049/dia253_utt5,0,0,0,1,0,0,0
train/0049/dia253_utt6,0,0,0,0,0,0,1
train/0049/dia253_utt7,0,0,0,0,1,0,0
train/0003/dia253_utt8,0,0,0,1,0,0,0
train/0049/dia253_utt9,0,0,1,0,0,0,0
train/0001/dia254_utt0,0,0,1,0,0,0,0
train/0001/dia254_utt1,1,0,0,0,0,0,0
train/0000/dia254_utt2,1,0,0,0,0,0,0
train/0001/dia254_utt3,1,0,0,0,0,0,0
train/0000/dia254_utt4,1,0,0,0,0,0,0
train/0001/dia254_utt5,1,0,0,0,0,0,0
train/0000/dia254_utt6,1,0,0,0,0,0,0
train/0001/dia254_utt7,0,0,0,0,1,0,0
train/0001/dia254_utt8,0,0,0,1,0,0,0
train/0000/dia254_utt9,1,0,0,0,0,0,0
train/0001/dia255_utt0,0,1,0,0,0,0,0
train/0180/dia255_utt1,0,0,0,0,1,0,0
train/0001/dia255_utt10,1,0,0,0,0,0,0
train/0001/dia255_utt11,1,0,0,0,0,0,0
train/0001/dia255_utt12,0,0,0,1,0,0,0
train/0001/dia255_utt13,0,1,0,0,0,0,0
train/0001/dia255_utt14,0,1,0,0,0,0,0
train/0180/dia255_utt15,0,0,0,0,1,0,0
train/0001/dia255_utt2,0,0,0,0,0,0,1
train/0180/dia255_utt3,0,0,0,0,1,0,0
train/0001/dia255_utt4,0,1,0,0,0,0,0
train/0180/dia255_utt5,0,0,0,1,0,0,0
train/0001/dia255_utt6,0,0,1,0,0,0,0
train/0180/dia255_utt7,0,0,0,1,0,0,0
train/0001/dia255_utt8,0,0,0,0,0,0,1
train/0180/dia255_utt9,0,0,0,0,0,1,0
train/0002/dia256_utt0,0,0,0,0,0,1,0
train/0006/dia256_utt1,0,0,0,0,1,0,0
train/0002/dia256_utt10,0,0,0,0,0,1,0
train/0002/dia256_utt11,1,0,0,0,0,0,0
train/0002/dia256_utt12,1,0,0,0,0,0,0
train/0002/dia256_utt13,1,0,0,0,0,0,0
train/0002/dia256_utt14,1,0,0,0,0,0,0
train/0003/dia256_utt15,0,0,0,0,1,0,0
train/0002/dia256_utt2,1,0,0,0,0,0,0
train/0006/dia256_utt3,0,0,0,0,1,0,0
train/0006/dia256_utt4,0,0,0,0,1,0,0
train/0006/dia256_utt5,0,0,0,0,1,0,0
train/0006/dia256_utt6,1,0,0,0,0,0,0
train/0002/dia256_utt7,0,0,0,1,0,0,0
train/0000/dia256_utt8,0,0,0,0,1,0,0
train/0002/dia256_utt9,0,0,0,0,1,0,0
train/0004/dia257_utt0,0,0,0,1,0,0,0
train/0002/dia257_utt1,0,0,1,0,0,0,0
train/0002/dia257_utt2,0,0,1,0,0,0,0
train/0002/dia257_utt3,0,0,0,0,1,0,0
train/0002/dia257_utt4,0,0,0,0,0,1,0
train/0002/dia257_utt5,0,0,1,0,0,0,0
train/0004/dia257_utt6,0,0,1,0,0,0,0
train/0003/dia258_utt0,0,0,0,1,0,0,0
train/0001/dia258_utt1,0,0,0,0,1,0,0
train/0003/dia258_utt2,0,0,0,0,0,0,1
train/0003/dia258_utt3,0,0,0,0,1,0,0
train/0003/dia258_utt4,0,0,0,0,1,0,0
train/0001/dia258_utt5,0,0,0,0,1,0,0
train/0003/dia258_utt6,0,0,0,1,0,0,0
train/0181/dia259_utt0,0,0,1,0,0,0,0
train/0006/dia259_utt1,0,0,1,0,0,0,0
train/0006/dia259_utt2,1,0,0,0,0,0,0
train/0006/dia259_utt3,1,0,0,0,0,0,0
train/0084/dia25_utt0,0,0,0,1,0,0,0
train/0004/dia25_utt1,0,0,0,1,0,0,0
train/0084/dia25_utt10,0,0,0,0,1,0,0
train/0004/dia25_utt11,0,0,0,0,0,0,1
train/0084/dia25_utt12,0,0,0,0,1,0,0
train/0004/dia25_utt13,0,0,0,0,1,0,0
train/0084/dia25_utt2,0,0,0,1,0,0,0
train/0004/dia25_utt3,0,0,0,1,0,0,0
train/0084/dia25_utt4,0,0,0,0,1,0,0
train/0004/dia25_utt5,0,0,0,0,1,0,0
train/0084/dia25_utt6,0,0,0,0,1,0,0
train/0004/dia25_utt7,0,0,0,0,1,0,0
train/0084/dia25_utt8,0,0,0,0,1,0,0
train/0004/dia25_utt9,0,0,0,0,1,0,0
train/0004/dia260_utt0,0,0,0,0,1,0,0
train/0000/dia260_utt1,1,0,0,0,0,0,0
train/0006/dia260_utt10,0,0,1,0,0,0,0
train/0000/dia260_utt11,1,0,0,0,0,0,0
train/0004/dia260_utt2,0,0,0,0,0,0,1
train/0000/dia260_utt3,0,0,0,0,0,1,0
train/0000/dia260_utt4,0,0,0,0,0,1,0
train/0000/dia260_utt5,0,0,0,0,0,1,0
train/0002/dia260_utt6,0,0,0,0,0,1,0
train/0000/dia260_utt7,0,0,0,0,0,1,0
train/0003/dia260_utt8,0,0,0,0,1,0,0
train/0000/dia260_utt9,0,0,0,0,1,0,0
train/0000/dia261_utt0,0,0,0,0,0,0,1
train/0182/dia261_utt1,0,0,0,0,0,0,1
train/0000/dia261_utt2,0,0,0,0,1,0,0
train/0182/dia261_utt3,0,0,0,1,0,0,0
train/0000/dia261_utt4,1,0,0,0,0,0,0
train/0182/dia261_utt5,1,0,0,0,0,0,0
train/0000/dia261_utt6,0,0,0,0,1,0,0
train/0182/dia261_utt7,0,0,0,0,0,0,1
train/0000/dia261_utt8,0,0,0,0,0,1,0
train/0000/dia262_utt0,0,0,0,0,1,0,0
train/0000/dia262_utt1,0,0,0,0,1,0,0
train/0000/dia262_utt2,0,0,0,0,1,0,0
train/0003/dia262_utt3,0,0,0,0,0,1,0
train/0049/dia262_utt4,1,0,0,0,0,0,0
train/0000/dia263_utt0,0,0,0,0,0,0,1
train/0001/dia263_utt1,0,0,0,0,0,0,1
train/0000/dia263_utt2,0,0,0,0,1,0,0
train/0001/dia263_utt3,0,0,0,0,0,0,1
train/0000/dia263_utt4,0,0,0,0,1,0,0
train/0000/dia263_utt5,0,0,0,0,1,0,0
train/0001/dia263_utt6,0,0,0,1,0,0,0
train/0001/dia263_utt7,0,1,0,0,0,0,0
train/0000/dia263_utt8,0,0,0,1,0,0,0
train/0003/dia264_utt0,0,0,0,0,1,0,0
train/0006/dia264_utt1,0,0,0,0,1,0,0
train/0006/dia264_utt10,0,0,0,0,1,0,0
train/0006/dia264_utt11,0,0,0,0,1,0,0
train/0006/dia264_utt12,0,0,0,0,1,0,0
train/0003/dia264_utt13,0,0,0,0,1,0,0
train/0006/dia264_utt14,0,0,0,0,1,0,0
train/0006/dia264_utt15,0,0,0,1,0,0,0
train/0003/dia264_utt16,0,0,0,0,1,0,0
train/0006/dia264_utt17,0,0,0,0,1,0,0
train/0003/dia264_utt18,0,0,0,0,1,0,0
train/0003/dia264_utt2,0,0,0,0,0,0,1
train/0006/dia264_utt3,0,0,0,0,1,0,0
train/0003/dia264_utt4,0,0,0,1,0,0,0
train/0006/dia264_utt5,0,0,0,0,1,0,0
train/0003/dia264_utt6,0,0,0,0,1,0,0
train/0006/dia264_utt7,1,0,0,0,0,0,0
train/0003/dia264_utt8,0,0,1,0,0,0,0
train/0006/dia264_utt9,0,0,0,0,1,0,0
train/0049/dia265_utt0,1,0,0,0,0,0,0
train/0001/dia265_utt1,0,0,0,0,1,0,0
train/0049/dia265_utt2,1,0,0,0,0,0,0
train/0001/dia265_utt3,0,0,0,0,1,0,0
train/0049/dia265_utt4,0,0,0,0,0,1,0
train/0003/dia266_utt0,0,0,0,0,1,0,0
train/0003/dia267_utt0,0,0,0,0,1,0,0
train/0003/dia268_utt0,0,0,0,0,0,0,1
train/0003/dia268_utt1,0,0,0,0,1,0,0
train/0001/dia269_utt0,0,0,0,0,1,0,0
train/0049/dia269_utt1,0,0,0,0,0,0,1
train/0006/dia26_utt0,0,0,0,0,0,0,1
train/0004/dia26_utt1,0,0,0,0,1,0,0
train/0118/dia26_utt10,0,0,0,0,1,0,0
train/0004/dia26_utt11,0,0,0,0,0,1,0
train/0006/dia26_utt12,0,0,0,0,1,0,0
train/0006/dia26_utt13,0,0,0,0,1,0,0
train/0021/dia26_utt2,0,0,0,0,0,0,1
train/0004/dia26_utt3,0,0,0,0,1,0,0
train/0118/dia26_utt4,0,0,0,0,1,0,0
train/0006/dia26_utt5,0,0,0,1,0,0,0
train/0004/dia26_utt6,0,0,0,1,0,0,0
train/0006/dia26_utt7,0,0,0,1,0,0,0
train/0118/dia26_utt8,0,0,0,0,1,0,0
train/0118/dia26_utt9,0,0,0,0,1,0,0
train/0006/dia270_utt0,0,0,0,0,1,0,0
train/0002/dia270_utt1,0,0,0,1,0,0,0
train/0006/dia270_utt2,0,0,0,1,0,0,0
train/0002/dia270_utt3,0,0,0,0,1,0,0
train/0002/dia271_utt0,0,0,0,0,0,0,1
train/0183/dia271_utt1,0,0,0,1,0,0,0
train/0004/dia271_utt10,0,0,0,0,1,0,0
train/0002/dia271_utt2,0,0,0,1,0,0,0
train/0183/dia271_utt3,0,0,0,1,0,0,0
train/0002/dia271_utt4,0,0,0,1,0,0,0
train/0183/dia271_utt5,0,0,0,0,0,0,1
train/0004/dia271_utt6,0,0,0,0,1,0,0
train/0183/dia271_utt7,0,0,0,0,1,0,0
train/0004/dia271_utt8,0,0,0,0,1,0,0
train/0183/dia271_utt9,1,0,0,0,0,0,0
train/0000/dia272_utt0,0,0,1,0,0,0,0
train/0004/dia272_utt1,0,0,0,0,0,0,1
train/0000/dia272_utt2,1,0,0,0,0,0,0
train/0155/dia272_utt3,1,0,0,0,0,0,0
train/0000/dia272_utt4,0,0,0,0,1,0,0
train/0155/dia272_utt5,0,0,0,0,1,0,0
train/0000/dia272_utt6,0,0,0,0,1,0,0
train/0004/dia272_utt7,0,0,0,1,0,0,0
train/0000/dia272_utt8,1,0,0,0,0,0,0
train/0003/dia273_utt0,0,0,0,0,1,0,0
train/0003/dia273_utt1,1,0,0,0,0,0,0
train/0003/dia273_utt10,0,0,0,0,1,0,0
train/0004/dia273_utt11,0,0,0,0,1,0,0
train/0003/dia273_utt12,0,0,0,0,1,0,0
train/0000/dia273_utt13,0,0,0,1,0,0,0
train/0003/dia273_utt14,0,0,0,0,1,0,0
train/0006/dia273_utt15,0,0,0,0,1,0,0
train/0003/dia273_utt16,0,0,0,0,1,0,0
train/0006/dia273_utt17,0,1,0,0,0,0,0
train/0004/dia273_utt18,0,0,0,0,0,0,1
train/0003/dia273_utt2,0,0,0,0,0,1,0
train/0003/dia273_utt3,0,0,0,0,0,1,0
train/0003/dia273_utt4,0,0,0,0,0,1,0
train/0000/dia273_utt5,0,0,0,0,1,0,0
train/0003/dia273_utt6,0,0,0,0,1,0,0
train/0000/dia273_utt7,0,0,0,0,0,0,1
train/0003/dia273_utt8,1,0,0,0,0,0,0
train/0000/dia273_utt9,0,0,0,0,0,0,1
train/0004/dia274_utt0,0,0,0,0,0,0,1
train/0003/dia274_utt1,0,0,0,0,0,0,1
train/0004/dia274_utt10,0,0,1,0,0,0,0
train/0003/dia274_utt11,0,0,0,0,0,0,1
train/0004/dia274_utt12,0,0,1,0,0,0,0
train/0004/dia274_utt2,0,0,0,0,0,0,1
train/0003/dia274_utt3,0,1,0,0,0,0,0
train/0003/dia274_utt4,0,0,0,0,1,0,0
train/0003/dia274_utt5,0,0,0,1,0,0,0
train/0003/dia274_utt6,1,0,0,0,0,0,0
train/0004/dia274_utt7,1,0,0,0,0,0,0
train/0004/dia274_utt8,0,0,1,0,0,0,0
train/0004/dia274_utt9,0,0,0,1,0,0,0
train/0006/dia275_utt0,1,0,0,0,0,0,0
train/0004/dia275_utt1,1,0,0,0,0,0,0
train/0004/dia275_utt10,0,0,1,0,0,0,0
train/0002/dia275_utt11,1,0,0,0,0,0,0
train/0004/dia275_utt12,0,1,0,0,0,0,0
train/0002/dia275_utt13,0,0,0,0,0,0,1
train/0004/dia275_utt14,0,1,0,0,0,0,0
train/0002/dia275_utt15,0,0,1,0,0,0,0
train/0004/dia275_utt16,1,0,0,0,0,0,0
train/0002/dia275_utt2,0,0,0,0,1,0,0
train/0006/dia275_utt3,0,0,1,0,0,0,0
train/0004/dia275_utt4,1,0,0,0,0,0,0
train/0002/dia275_utt5,0,0,1,0,0,0,0
train/0004/dia275_utt6,0,0,0,0,1,0,0
train/0002/dia275_utt7,0,0,0,0,1,0,0
train/0004/dia275_utt8,0,0,0,0,1,0,0
train/0002/dia275_utt9,0,0,0,0,0,0,1
train/0002/dia276_utt0,0,0,0,1,0,0,0
train/0002/dia276_utt2,1,0,0,0,0,0,0
train/0004/dia276_utt3,0,0,0,0,1,0,0
train/0004/dia277_utt0,0,0,0,0,1,0,0
train/0004/dia277_utt1,0,0,0,0,1,0,0
train/0125/dia277_utt2,0,0,0,0,1,0,0
train/0004/dia277_utt3,1,0,0,0,0,0,0
train/0004/dia277_utt4,0,0,0,0,1,0,0
train/0125/dia277_utt5,0,0,0,0,1,0,0
train/0004/dia277_utt6,0,0,0,0,1,0,0
train/0002/dia278_utt0,0,0,0,0,1,0,0
train/0000/dia278_utt1,0,0,0,1,0,0,0
train/0000/dia278_utt2,0,0,0,1,0,0,0
train/0000/dia278_utt3,0,0,0,0,1,0,0
train/0000/dia278_utt4,0,0,0,0,0,1,0
train/0000/dia278_utt5,0,0,0,1,0,0,0
train/0004/dia278_utt6,0,0,0,0,1,0,0
train/0004/dia278_utt7,0,0,0,1,0,0,0
train/0000/dia278_utt8,0,0,0,1,0,0,0
train/0004/dia279_utt0,0,0,0,0,0,0,1
train/0002/dia279_utt1,0,0,0,0,0,1,0
train/0006/dia279_utt10,0,0,0,0,1,0,0
train/0003/dia279_utt11,0,0,0,1,0,0,0
train/0006/dia279_utt12,0,0,0,0,1,0,0
train/0003/dia279_utt13,1,0,0,0,0,0,0
train/0006/dia279_utt14,0,0,0,0,1,0,0
train/0003/dia279_utt15,0,0,1,0,0,0,0
train/0004/dia279_utt2,1,0,0,0,0,0,0
train/0001/dia279_utt3,0,0,1,0,0,0,0
train/0002/dia279_utt4,1,0,0,0,0,0,0
train/0004/dia279_utt5,0,0,0,0,1,0,0
train/0001/dia279_utt6,0,0,0,0,0,0,1
train/0003/dia279_utt7,0,0,0,0,1,0,0
train/0006/dia279_utt8,0,0,0,0,1,0,0
train/0003/dia279_utt9,0,0,0,1,0,0,0
train/0001/dia27_utt0,0,0,0,0,0,1,0
train/0003/dia27_utt1,0,0,0,1,0,0,0
train/0002/dia280_utt0,0,0,0,0,1,0,0
train/0000/dia280_utt1,1,0,0,0,0,0,0
train/0004/dia280_utt2,0,0,0,0,1,0,0
train/0004/dia281_utt0,0,0,0,1,0,0,0
train/0000/dia281_utt1,0,0,0,1,0,0,0
train/0004/dia281_utt10,0,0,0,0,0,0,1
train/0004/dia281_utt2,0,0,0,0,1,0,0
train/0000/dia281_utt3,0,0,0,0,1,0,0
train/0004/dia281_utt4,0,0,0,0,0,0,1
train/0000/dia281_utt5,0,0,0,0,1,0,0
train/0004/dia281_utt6,0,1,0,0,0,0,0
train/0000/dia281_utt7,0,0,0,0,1,0,0
train/0004/dia281_utt8,0,1,0,0,0,0,0
train/0000/dia281_utt9,0,0,0,0,1,0,0
train/0000/dia282_utt0,0,0,0,1,0,0,0
train/0004/dia282_utt1,0,0,0,0,1,0,0
train/0000/dia282_utt2,0,0,0,1,0,0,0
train/0004/dia283_utt0,0,1,0,0,0,0,0
train/0000/dia283_utt1,0,0,0,0,1,0,0
train/0004/dia283_utt2,0,1,0,0,0,0,0
train/0000/dia283_utt3,0,0,0,0,1,0,0
train/0000/dia283_utt4,0,0,0,0,1,0,0
train/0004/dia283_utt5,0,0,0,0,1,0,0
train/0000/dia283_utt6,0,1,0,0,0,0,0
train/0000/dia284_utt0,0,0,0,0,1,0,0
train/0002/dia284_utt1,0,0,0,0,1,0,0
train/0000/dia284_utt2,0,0,0,0,1,0,0
train/0004/dia285_utt0,0,0,0,0,1,0,0
train/0002/dia285_utt1,0,0,0,1,0,0,0
train/0002/dia285_utt10,0,0,0,0,1,0,0
train/0004/dia285_utt11,0,0,0,0,1,0,0
train/0002/dia285_utt13,0,0,0,0,1,0,0
train/0002/dia285_utt14,0,0,0,0,1,0,0
train/0002/dia285_utt15,0,0,0,0,1,0,0
train/0004/dia285_utt16,0,0,0,0,1,0,0
train/0004/dia285_utt2,0,0,0,0,1,0,0
train/0002/dia285_utt3,0,0,0,1,0,0,0
train/0060/dia285_utt4,0,0,0,0,1,0,0
train/0002/dia285_utt5,0,0,0,0,1,0,0
train/0060/dia285_utt6,0,0,0,0,1,0,0
train/0004/dia285_utt7,1,0,0,0,0,0,0
train/0002/dia285_utt8,0,0,0,0,1,0,0
train/0004/dia285_utt9,0,0,0,0,0,0,1
train/0003/dia286_utt0,0,0,0,0,1,0,0
train/0002/dia286_utt1,0,0,0,0,1,0,0
train/0000/dia286_utt2,0,0,0,0,1,0,0
train/0003/dia286_utt3,0,0,0,0,1,0,0
train/0004/dia287_utt0,0,0,0,0,1,0,0
train/0003/dia287_utt1,0,0,0,0,0,1,0
train/0004/dia287_utt10,0,0,0,0,1,0,0
train/0006/dia287_utt11,0,0,0,0,1,0,0
train/0003/dia287_utt12,0,0,0,1,0,0,0
train/0004/dia287_utt2,1,0,0,0,0,0,0
train/0004/dia287_utt3,0,0,0,0,1,0,0
train/0003/dia287_utt4,1,0,0,0,0,0,0
train/0004/dia287_utt5,0,0,0,0,1,0,0
train/0004/dia287_utt6,0,0,0,0,1,0,0
train/0004/dia287_utt7,0,0,0,1,0,0,0
train/0004/dia287_utt8,0,0,0,0,1,0,0
train/0004/dia287_utt9,0,0,0,0,1,0,0
train/0004/dia288_utt0,0,0,0,1,0,0,0
train/0068/dia288_utt1,0,0,0,0,1,0,0
train/0002/dia288_utt10,0,0,0,0,1,0,0
train/0006/dia288_utt11,0,0,0,0,0,0,1
train/0006/dia288_utt12,0,0,0,0,0,0,1
train/0006/dia288_utt13,0,0,0,0,1,0,0
train/0002/dia288_utt14,0,0,0,0,0,0,1
train/0006/dia288_utt15,0,0,0,1,0,0,0
train/0002/dia288_utt16,0,0,0,0,1,0,0
train/0006/dia288_utt17,0,0,0,0,1,0,0
train/0006/dia288_utt18,0,0,0,0,1,0,0
train/0006/dia288_utt19,0,0,0,0,1,0,0
train/0004/dia288_utt2,0,0,0,0,0,0,1
train/0004/dia288_utt20,0,0,0,1,0,0,0
train/0068/dia288_utt3,0,0,0,0,0,0,1
train/0004/dia288_utt4,0,0,0,0,1,0,0
train/0068/dia288_utt5,0,0,0,0,1,0,0
train/0004/dia288_utt6,1,0,0,0,0,0,0
train/0006/dia288_utt7,0,0,0,1,0,0,0
train/0002/dia288_utt8,0,0,0,1,0,0,0
train/0006/dia288_utt9,0,0,0,0,1,0,0
train/0000/dia289_utt1,0,0,1,0,0,0,0
train/0184/dia289_utt2,0,0,0,0,1,0,0
train/0000/dia289_utt3,0,0,0,0,0,1,0
train/0184/dia289_utt4,0,0,0,0,0,1,0
train/0000/dia289_utt5,0,0,0,0,1,0,0
train/0006/dia28_utt0,1,0,0,0,0,0,0
train/0006/dia28_utt1,1,0,0,0,0,0,0
train/0006/dia28_utt2,1,0,0,0,0,0,0
train/0006/dia28_utt3,0,0,0,1,0,0,0
train/0059/dia28_utt4,0,0,1,0,0,0,0
train/0006/dia28_utt5,0,0,0,1,0,0,0
train/0059/dia28_utt6,0,0,1,0,0,0,0
train/0006/dia28_utt7,0,0,0,0,0,1,0
train/0184/dia290_utt0,0,0,0,0,0,1,0
train/0000/dia291_utt0,0,0,0,0,0,1,0
train/0184/dia291_utt1,0,0,0,0,0,1,0
train/0184/dia292_utt0,0,0,0,0,1,0,0
train/0184/dia292_utt1,0,0,0,0,0,1,0
train/0184/dia292_utt2,0,0,0,0,1,0,0
train/0184/dia292_utt3,0,0,0,0,1,0,0
train/0184/dia292_utt4,0,0,0,0,0,1,0
train/0184/dia292_utt5,0,0,0,0,1,0,0
train/0004/dia293_utt0,0,0,0,0,0,0,1
train/0004/dia293_utt1,0,0,0,0,0,0,1
train/0001/dia293_utt10,0,0,0,0,0,1,0
train/0003/dia293_utt11,0,0,0,0,1,0,0
train/0000/dia293_utt12,0,0,0,1,0,0,0
train/0004/dia293_utt2,0,0,1,0,0,0,0
train/0001/dia293_utt3,0,0,0,0,1,0,0
train/0004/dia293_utt4,0,0,1,0,0,0,0
train/0001/dia293_utt5,0,0,0,0,1,0,0
train/0004/dia293_utt6,0,0,0,0,1,0,0
train/0004/dia293_utt7,0,0,0,0,1,0,0
train/0004/dia293_utt8,0,0,0,1,0,0,0
train/0003/dia293_utt9,0,0,0,0,1,0,0
train/0056/dia294_utt0,0,0,0,1,0,0,0
train/0002/dia294_utt1,0,0,0,0,1,0,0
train/0004/dia295_utt0,0,0,0,0,0,0,1
train/0000/dia295_utt1,0,0,0,0,1,0,0
train/0000/dia295_utt10,1,0,0,0,0,0,0
train/0004/dia295_utt11,1,0,0,0,0,0,0
train/0000/dia295_utt12,0,0,0,0,0,0,1
train/0004/dia295_utt13,1,0,0,0,0,0,0
train/0000/dia295_utt14,0,0,0,1,0,0,0
train/0000/dia295_utt15,0,0,0,0,1,0,0
train/0000/dia295_utt16,1,0,0,0,0,0,0
train/0004/dia295_utt17,1,0,0,0,0,0,0
train/0000/dia295_utt18,1,0,0,0,0,0,0
train/0004/dia295_utt19,1,0,0,0,0,0,0
train/0004/dia295_utt2,0,0,0,0,0,0,1
train/0000/dia295_utt20,1,0,0,0,0,0,0
train/0004/dia295_utt21,1,0,0,0,0,0,0
train/0004/dia295_utt3,0,0,0,0,0,0,1
train/0000/dia295_utt4,0,0,0,0,0,1,0
train/0004/dia295_utt5,1,0,0,0,0,0,0
train/0004/dia295_utt6,1,0,0,0,0,0,0
train/0004/dia295_utt7,1,0,0,0,0,0,0
train/0004/dia295_utt8,1,0,0,0,0,0,0
train/0004/dia295_utt9,1,0,0,0,0,0,0
train/0006/dia296_utt0,0,0,0,0,1,0,0
train/0015/dia296_utt1,0,0,0,0,1,0,0
train/0021/dia296_utt10,0,0,0,0,1,0,0
train/0006/dia296_utt11,0,0,0,1,0,0,0
train/0021/dia296_utt12,0,0,0,0,1,0,0
train/0006/dia296_utt13,0,0,0,0,1,0,0
train/0021/dia296_utt14,0,0,0,0,0,0,1
train/0002/dia296_utt15,0,0,0,0,0,0,1
train/0185/dia296_utt16,0,0,0,0,1,0,0
train/0002/dia296_utt17,0,0,0,0,0,0,1
train/0185/dia296_utt18,0,0,0,0,1,0,0
train/0186/dia296_utt19,0,0,0,0,0,0,1
train/0021/dia296_utt2,0,0,0,0,1,0,0
train/0185/dia296_utt20,0,0,0,0,1,0,0
train/0006/dia296_utt3,0,0,0,0,0,0,1
train/0015/dia296_utt4,0,0,0,0,1,0,0
train/0006/dia296_utt5,1,0,0,0,0,0,0
train/0021/dia296_utt6,0,0,0,0,1,0,0
train/0006/dia296_utt7,0,0,0,0,1,0,0
train/0015/dia296_utt8,0,0,0,0,1,0,0
train/0006/dia296_utt9,0,0,0,0,1,0,0
train/0001/dia297_utt0,0,0,0,0,1,0,0
train/0001/dia297_utt1,0,0,0,1,0,0,0
train/0000/dia297_utt2,1,0,0,0,0,0,0
train/0001/dia297_utt3,0,0,0,0,1,0,0
train/0000/dia297_utt4,0,0,0,1,0,0,0
train/0001/dia297_utt5,0,0,0,0,1,0,0
train/0000/dia297_utt6,0,0,0,1,0,0,0
train/0001/dia297_utt7,0,0,0,0,1,0,0
train/0000/dia297_utt8,0,0,0,1,0,0,0
train/0001/dia297_utt9,0,0,0,0,1,0,0
train/0001/dia298_utt0,1,0,0,0,0,0,0
train/0006/dia298_utt1,1,0,0,0,0,0,0
train/0006/dia298_utt2,0,0,0,1,0,0,0
train/0001/dia298_utt3,0,0,0,0,1,0,0
train/0006/dia298_utt4,0,0,0,0,0,1,0
train/0006/dia298_utt5,1,0,0,0,0,0,0
train/0001/dia298_utt6,1,0,0,0,0,0,0
train/0004/dia299_utt0,0,0,0,0,1,0,0
train/0003/dia299_utt1,0,0,0,0,1,0,0
train/0004/dia299_utt2,0,0,0,0,1,0,0
train/0003/dia299_utt3,0,0,0,0,1,0,0
train/0001/dia29_utt0,0,0,0,0,0,0,1
train/0003/dia29_utt1,0,0,0,1,0,0,0
train/0001/dia29_utt10,1,0,0,0,0,0,0
train/0001/dia29_utt11,1,0,0,0,0,0,0
train/0003/dia29_utt12,0,0,0,0,0,0,1
train/0006/dia29_utt13,0,0,0,0,1,0,0
train/0001/dia29_utt2,0,0,0,0,1,0,0
train/0003/dia29_utt3,0,0,0,1,0,0,0
train/0001/dia29_utt4,0,0,0,0,0,0,1
train/0001/dia29_utt6,1,0,0,0,0,0,0
train/0001/dia29_utt7,1,0,0,0,0,0,0
train/0001/dia29_utt8,1,0,0,0,0,0,0
train/0003/dia29_utt9,0,0,0,0,1,0,0
train/0003/dia2_utt0,0,0,0,0,1,0,0
train/0001/dia2_utt1,0,0,0,0,1,0,0
train/0003/dia2_utt10,0,0,0,1,0,0,0
train/0001/dia2_utt11,0,0,0,0,1,0,0
train/0003/dia2_utt12,0,0,0,1,0,0,0
train/0003/dia2_utt2,0,0,0,1,0,0,0
train/0001/dia2_utt3,0,0,0,0,0,1,0
train/0003/dia2_utt4,0,0,0,0,0,0,1
train/0001/dia2_utt5,0,0,0,0,1,0,0
train/0003/dia2_utt6,0,1,0,0,0,0,0
train/0001/dia2_utt7,0,0,0,0,0,1,0
train/0003/dia2_utt8,0,0,0,0,1,0,0
train/0001/dia2_utt9,0,0,0,0,1,0,0
train/0004/dia300_utt0,0,0,0,1,0,0,0
train/0052/dia300_utt1,0,0,0,0,1,0,0
train/0004/dia300_utt10,1,0,0,0,0,0,0
train/0052/dia300_utt11,0,0,0,0,1,0,0
train/0004/dia300_utt12,0,0,1,0,0,0,0
train/0004/dia300_utt14,0,0,0,0,1,0,0
train/0052/dia300_utt15,0,0,0,0,1,0,0
train/0004/dia300_utt2,0,0,0,0,1,0,0
train/0052/dia300_utt3,1,0,0,0,0,0,0
train/0004/dia300_utt4,0,0,0,0,0,0,1
train/0052/dia300_utt5,0,1,0,0,0,0,0
train/0004/dia300_utt6,0,0,0,0,1,0,0
train/0052/dia300_utt7,0,0,0,0,1,0,0
train/0004/dia300_utt8,0,1,0,0,0,0,0
train/0052/dia300_utt9,1,0,0,0,0,0,0
train/0185/dia301_utt0,0,0,1,0,0,0,0
train/0187/dia301_utt1,0,0,1,0,0,0,0
train/0002/dia301_utt10,0,0,0,0,1,0,0
train/0188/dia301_utt11,0,0,0,1,0,0,0
train/0002/dia301_utt12,0,1,0,0,0,0,0
train/0188/dia301_utt13,0,0,0,0,1,0,0
train/0002/dia301_utt14,0,0,0,0,0,0,1
train/0188/dia301_utt15,0,0,1,0,0,0,0
train/0002/dia301_utt16,0,0,0,0,0,1,0
train/0185/dia301_utt2,0,0,1,0,0,0,0
train/0185/dia301_utt3,0,0,0,0,1,0,0
train/0185/dia301_utt4,0,0,1,0,0,0,0
train/0002/dia301_utt6,0,0,0,0,1,0,0
train/0002/dia301_utt7,0,0,0,0,1,0,0
train/0002/dia301_utt8,1,0,0,0,0,0,0
train/0002/dia301_utt9,0,0,0,0,0,0,1
train/0000/dia302_utt0,0,0,0,0,1,0,0
train/0006/dia302_utt1,0,0,0,0,0,1,0
train/0000/dia302_utt10,0,0,0,0,1,0,0
train/0000/dia302_utt2,0,0,1,0,0,0,0
train/0003/dia302_utt3,1,0,0,0,0,0,0
train/0006/dia302_utt4,0,0,0,0,1,0,0
train/0189/dia302_utt5,0,0,0,0,0,0,1
train/0000/dia302_utt6,0,0,0,0,1,0,0
train/0189/dia302_utt7,0,0,0,0,1,0,0
train/0000/dia302_utt8,0,0,0,0,1,0,0
train/0189/dia302_utt9,0,0,0,0,0,0,1
train/0000/dia303_utt0,1,0,0,0,0,0,0
train/0001/dia303_utt1,0,0,0,0,1,0,0
train/0000/dia304_utt0,0,0,0,0,1,0,0
train/0003/dia304_utt1,0,0,0,0,1,0,0
train/0000/dia304_utt10,1,0,0,0,0,0,0
train/0001/dia304_utt2,0,0,0,0,1,0,0
train/0003/dia304_utt3,0,0,0,0,1,0,0
train/0004/dia304_utt4,0,0,0,0,1,0,0
train/0003/dia304_utt5,0,0,0,0,0,0,1
train/0001/dia304_utt6,0,0,0,0,1,0,0
train/0003/dia304_utt7,0,0,0,0,1,0,0
train/0001/dia304_utt8,1,0,0,0,0,0,0
train/0003/dia304_utt9,1,0,0,0,0,0,0
train/0003/dia305_utt0,0,0,0,1,0,0,0
train/0190/dia305_utt1,0,0,0,0,1,0,0
train/0072/dia305_utt10,0,0,0,0,1,0,0
train/0072/dia305_utt11,0,0,0,0,1,0,0
train/0004/dia305_utt12,0,0,0,1,0,0,0
train/0072/dia305_utt13,0,0,0,1,0,0,0
train/0003/dia305_utt14,0,0,0,1,0,0,0
train/0003/dia305_utt2,0,0,1,0,0,0,0
train/0004/dia305_utt3,0,0,0,0,1,0,0
train/0190/dia305_utt4,0,0,0,0,1,0,0
train/0003/dia305_utt5,0,0,0,1,0,0,0
train/0072/dia305_utt6,0,0,0,0,1,0,0
train/0003/dia305_utt7,0,0,0,0,1,0,0
train/0072/dia305_utt8,0,0,0,0,1,0,0
train/0004/dia305_utt9,0,0,0,0,0,0,1
train/0006/dia306_utt0,0,0,0,1,0,0,0
train/0006/dia306_utt1,0,0,0,1,0,0,0
train/0006/dia306_utt2,0,0,0,0,0,1,0
train/0021/dia306_utt3,0,0,0,1,0,0,0
train/0021/dia306_utt4,0,0,0,0,1,0,0
train/0006/dia306_utt5,0,0,0,1,0,0,0
train/0021/dia306_utt6,0,0,0,1,0,0,0
train/0006/dia306_utt7,0,0,0,0,1,0,0
train/0006/dia307_utt0,0,0,0,0,1,0,0
train/0001/dia307_utt1,0,0,0,1,0,0,0
train/0001/dia307_utt10,0,0,0,0,1,0,0
train/0006/dia307_utt11,0,0,0,0,1,0,0
train/0001/dia307_utt12,0,0,0,0,1,0,0
train/0006/dia307_utt2,0,0,0,0,0,1,0
train/0001/dia307_utt3,0,0,0,0,1,0,0
train/0006/dia307_utt4,0,0,0,0,1,0,0
train/0001/dia307_utt5,0,0,0,0,1,0,0
train/0001/dia307_utt6,0,0,0,0,1,0,0
train/0006/dia307_utt7,0,0,0,0,1,0,0
train/0001/dia307_utt8,0,0,0,0,0,0,1
train/0006/dia307_utt9,0,0,0,0,1,0,0
train/0191/dia308_utt0,0,0,0,0,1,0,0
train/0000/dia308_utt1,0,0,0,1,0,0,0
train/0191/dia308_utt2,0,0,0,0,1,0,0
train/0000/dia308_utt3,0,0,0,0,1,0,0
train/0191/dia308_utt4,0,0,0,0,1,0,0
train/0000/dia308_utt5,0,0,0,0,1,0,0
train/0003/dia309_utt0,0,0,0,1,0,0,0
train/0113/dia309_utt1,0,0,0,0,0,0,1
train/0003/dia309_utt2,0,0,0,1,0,0,0
train/0113/dia309_utt3,0,0,0,0,1,0,0
train/0003/dia309_utt4,0,0,0,0,1,0,0
train/0041/dia30_utt0,0,0,0,0,1,0,0
train/0006/dia30_utt1,0,0,0,1,0,0,0
train/0006/dia30_utt10,0,0,0,0,1,0,0
train/0006/dia30_utt11,0,0,1,0,0,0,0
train/0056/dia30_utt12,0,0,0,0,1,0,0
train/0006/dia30_utt13,0,0,0,0,1,0,0
train/0056/dia30_utt14,1,0,0,0,0,0,0
train/0041/dia30_utt15,0,0,0,0,0,0,1
train/0056/dia30_utt2,0,0,0,0,1,0,0
train/0006/dia30_utt3,0,0,0,0,1,0,0
train/0056/dia30_utt4,1,0,0,0,0,0,0
train/0006/dia30_utt5,0,0,0,0,0,0,1
train/0056/dia30_utt6,1,0,0,0,0,0,0
train/0006/dia30_utt7,0,0,1,0,0,0,0
train/0056/dia30_utt8,0,0,0,0,1,0,0
train/0006/dia30_utt9,0,0,0,0,1,0,0
train/0000/dia310_utt0,0,0,0,0,1,0,0
train/0001/dia310_utt1,0,0,0,0,1,0,0
train/0000/dia310_utt2,0,0,0,1,0,0,0
train/0001/dia310_utt3,0,0,0,0,0,1,0
train/0002/dia310_utt4,0,0,0,0,1,0,0
train/0001/dia310_utt5,0,0,0,0,0,0,1
train/0002/dia310_utt6,0,0,0,0,0,1,0
train/0000/dia311_utt0,0,0,0,0,1,0,0
train/0001/dia311_utt1,0,0,0,1,0,0,0
train/0002/dia311_utt10,0,0,0,0,0,0,1
train/0000/dia311_utt11,0,0,0,0,1,0,0
train/0004/dia311_utt12,0,0,0,0,1,0,0
train/0003/dia311_utt2,0,0,0,1,0,0,0
train/0000/dia311_utt3,0,0,0,1,0,0,0
train/0006/dia311_utt4,0,0,0,0,1,0,0
train/0000/dia311_utt5,0,0,0,1,0,0,0
train/0004/dia311_utt6,0,0,0,0,1,0,0
train/0001/dia311_utt7,0,0,0,1,0,0,0
train/0002/dia311_utt8,0,0,0,0,0,0,1
train/0000/dia311_utt9,0,0,0,0,1,0,0
train/0006/dia312_utt0,0,0,0,0,1,0,0
train/0002/dia312_utt1,1,0,0,0,0,0,0
train/0002/dia312_utt10,0,0,0,0,0,0,1
train/0002/dia312_utt11,0,0,0,0,1,0,0
train/0002/dia312_utt12,0,0,0,0,0,1,0
train/0006/dia312_utt13,0,0,0,0,0,1,0
train/0002/dia312_utt14,0,0,0,0,1,0,0
train/0006/dia312_utt15,0,0,0,0,1,0,0
train/0002/dia312_utt16,0,0,0,0,1,0,0
train/0003/dia312_utt17,1,0,0,0,0,0,0
train/0004/dia312_utt18,0,0,0,0,0,1,0
train/0002/dia312_utt19,0,0,0,0,1,0,0
train/0006/dia312_utt2,1,0,0,0,0,0,0
train/0004/dia312_utt20,0,0,0,0,1,0,0
train/0004/dia312_utt21,0,0,0,0,0,1,0
train/0002/dia312_utt3,0,0,0,0,1,0,0
train/0006/dia312_utt4,0,0,0,0,0,1,0
train/0002/dia312_utt5,0,0,0,0,0,1,0
train/0006/dia312_utt6,0,0,0,0,1,0,0
train/0002/dia312_utt7,0,0,0,0,0,0,1
train/0006/dia312_utt8,0,0,0,0,0,0,1
train/0002/dia312_utt9,1,0,0,0,0,0,0
train/0004/dia313_utt0,0,0,0,0,1,0,0
train/0003/dia313_utt1,0,0,0,0,1,0,0
train/0004/dia313_utt2,0,0,0,0,1,0,0
train/0003/dia313_utt3,0,0,0,1,0,0,0
train/0002/dia314_utt0,0,0,0,1,0,0,0
train/0000/dia314_utt1,0,0,0,1,0,0,0
train/0002/dia314_utt10,0,0,0,0,1,0,0
train/0004/dia314_utt11,0,0,0,0,1,0,0
train/0002/dia314_utt12,0,0,0,0,1,0,0
train/0002/dia314_utt2,0,0,0,1,0,0,0
train/0000/dia314_utt3,0,0,0,0,1,0,0
train/0002/dia314_utt4,0,0,0,1,0,0,0
train/0000/dia314_utt5,0,0,0,1,0,0,0
train/0000/dia314_utt7,0,0,0,0,1,0,0
train/0002/dia314_utt8,0,0,0,0,1,0,0
train/0000/dia314_utt9,0,0,0,1,0,0,0
train/0001/dia315_utt0,0,0,0,0,1,0,0
train/0000/dia315_utt1,0,0,0,0,1,0,0
train/0001/dia315_utt2,0,0,0,1,0,0,0
train/0001/dia315_utt3,0,0,0,1,0,0,0
train/0000/dia315_utt4,1,0,0,0,0,0,0
train/0001/dia315_utt5,0,0,0,0,1,0,0
train/0016/dia315_utt6,0,0,0,1,0,0,0
train/0000/dia315_utt7,0,0,0,1,0,0,0
train/0001/dia315_utt8,0,0,0,1,0,0,0
train/0003/dia315_utt9,0,0,0,1,0,0,0
train/0004/dia316_utt0,0,0,0,0,1,0,0
train/0003/dia316_utt1,0,0,0,0,1,0,0
train/0003/dia316_utt2,0,0,0,0,0,1,0
train/0004/dia316_utt3,0,0,0,0,1,0,0
train/0003/dia316_utt4,0,0,1,0,0,0,0
train/0004/dia316_utt5,1,0,0,0,0,0,0
train/0192/dia316_utt6,0,0,0,1,0,0,0
train/0004/dia316_utt7,0,0,0,0,1,0,0
train/0192/dia316_utt8,0,0,0,0,1,0,0
train/0000/dia317_utt0,0,0,0,0,1,0,0
train/0002/dia317_utt1,0,0,0,1,0,0,0
train/0004/dia317_utt10,1,0,0,0,0,0,0
train/0006/dia317_utt11,0,0,0,0,1,0,0
train/0000/dia317_utt12,1,0,0,0,0,0,0
train/0000/dia317_utt13,1,0,0,0,0,0,0
train/0000/dia317_utt14,1,0,0,0,0,0,0
train/0000/dia317_utt15,1,0,0,0,0,0,0
train/0000/dia317_utt2,0,0,0,0,1,0,0
train/0002/dia317_utt3,1,0,0,0,0,0,0
train/0000/dia317_utt4,0,0,0,0,1,0,0
train/0006/dia317_utt5,0,0,0,1,0,0,0
train/0004/dia317_utt6,0,0,0,1,0,0,0
train/0000/dia317_utt7,0,0,0,1,0,0,0
train/0004/dia317_utt8,0,0,0,0,0,0,1
train/0000/dia317_utt9,1,0,0,0,0,0,0
train/0002/dia318_utt0,0,0,0,0,1,0,0
train/0001/dia318_utt1,0,0,0,0,1,0,0
train/0003/dia318_utt2,0,0,0,0,1,0,0
train/0001/dia318_utt3,0,0,0,0,1,0,0
train/0003/dia318_utt4,0,0,0,0,1,0,0
train/0100/dia319_utt0,0,0,0,0,1,0,0
train/0001/dia319_utt1,0,0,0,1,0,0,0
train/0100/dia319_utt10,0,0,0,0,1,0,0
train/0001/dia319_utt11,0,0,0,0,1,0,0
train/0100/dia319_utt12,0,0,0,0,1,0,0
train/0001/dia319_utt13,0,0,0,0,0,0,1
train/0100/dia319_utt14,0,0,0,1,0,0,0
train/0001/dia319_utt15,0,0,0,0,0,0,1
train/0100/dia319_utt16,0,0,0,0,1,0,0
train/0001/dia319_utt17,0,0,0,1,0,0,0
train/0100/dia319_utt18,0,0,0,0,1,0,0
train/0100/dia319_utt19,0,0,0,1,0,0,0
train/0100/dia319_utt2,0,0,0,0,1,0,0
train/0100/dia319_utt20,0,0,0,1,0,0,0
train/0100/dia319_utt21,0,0,0,0,1,0,0
train/0001/dia319_utt22,0,1,0,0,0,0,0
train/0001/dia319_utt3,0,0,0,0,1,0,0
train/0100/dia319_utt4,0,0,0,0,1,0,0
train/0001/dia319_utt5,0,0,0,0,1,0,0
train/0100/dia319_utt6,1,0,0,0,0,0,0
train/0001/dia319_utt7,0,0,0,0,0,0,1
train/0100/dia319_utt8,0,0,0,0,0,1,0
train/0001/dia319_utt9,0,0,0,0,1,0,0
train/0004/dia31_utt0,0,0,0,0,1,0,0
train/0029/dia31_utt1,0,0,0,0,1,0,0
train/0004/dia31_utt2,0,0,0,0,1,0,0
train/0000/dia31_utt3,0,0,0,0,1,0,0
train/0003/dia320_utt0,0,0,0,0,1,0,0
train/0001/dia320_utt1,0,0,0,0,1,0,0
train/0003/dia320_utt10,0,0,0,0,1,0,0
train/0003/dia320_utt11,0,0,0,0,1,0,0
train/0001/dia320_utt12,0,0,0,0,0,0,1
train/0003/dia320_utt13,0,0,0,0,0,1,0
train/0001/dia320_utt14,0,0,0,0,1,0,0
train/0003/dia320_utt15,0,0,0,0,1,0,0
train/0001/dia320_utt16,0,0,0,0,0,0,1
train/0003/dia320_utt17,0,0,0,1,0,0,0
train/0003/dia320_utt2,0,0,0,0,1,0,0
train/0001/dia320_utt3,0,0,0,0,0,0,1
train/0003/dia320_utt4,0,0,0,0,0,1,0
train/0001/dia320_utt5,0,0,0,1,0,0,0
train/0003/dia320_utt6,0,0,0,0,0,1,0
train/0001/dia320_utt7,0,0,0,0,0,0,1
train/0003/dia320_utt8,0,0,0,0,0,1,0
train/0003/dia320_utt9,0,0,0,0,1,0,0
train/0000/dia321_utt0,0,0,0,1,0,0,0
train/0066/dia321_utt1,0,0,0,1,0,0,0
train/0000/dia321_utt10,0,1,0,0,0,0,0
train/0066/dia321_utt11,0,1,0,0,0,0,0
train/0000/dia321_utt2,0,0,0,1,0,0,0
train/0066/dia321_utt3,0,0,0,0,1,0,0
train/0000/dia321_utt4,0,0,0,0,0,0,1
train/0066/dia321_utt5,0,0,0,0,1,0,0
train/0000/dia321_utt6,0,0,0,0,0,0,1
train/0066/dia321_utt7,0,0,0,1,0,0,0
train/0000/dia321_utt8,0,0,0,0,0,0,1
train/0066/dia321_utt9,0,0,0,0,1,0,0
train/0001/dia322_utt0,0,1,0,0,0,0,0
train/0193/dia322_utt1,0,0,0,0,0,0,1
train/0001/dia323_utt0,0,0,0,0,0,1,0
train/0182/dia324_utt0,0,0,0,0,1,0,0
train/0000/dia324_utt1,0,0,0,0,0,0,1
train/0004/dia324_utt2,0,0,0,0,1,0,0
train/0003/dia324_utt3,0,0,0,0,1,0,0
train/0004/dia324_utt4,0,0,0,0,1,0,0
train/0004/dia324_utt5,0,0,0,0,1,0,0
train/0004/dia324_utt6,0,0,0,0,1,0,0
train/0004/dia324_utt7,0,0,0,0,1,0,0
train/0006/dia325_utt0,0,0,0,0,1,0,0
train/0000/dia326_utt0,0,0,0,0,0,1,0
train/0002/dia326_utt1,0,0,0,0,0,0,1
train/0001/dia326_utt2,0,0,0,0,0,0,1
train/0000/dia326_utt3,0,0,0,0,1,0,0
train/0002/dia326_utt4,0,0,0,0,0,0,1
train/0001/dia326_utt5,0,0,1,0,0,0,0
train/0002/dia326_utt6,0,0,0,1,0,0,0
train/0000/dia326_utt7,0,0,0,0,1,0,0
train/0002/dia326_utt8,0,0,0,0,1,0,0
train/0000/dia327_utt0,1,0,0,0,0,0,0
train/0006/dia327_utt1,0,0,0,0,1,0,0
train/0000/dia327_utt2,0,0,0,0,0,0,1
train/0006/dia327_utt3,0,0,0,0,1,0,0
train/0000/dia327_utt4,0,0,0,1,0,0,0
train/0000/dia327_utt5,0,0,0,0,1,0,0
train/0000/dia327_utt6,1,0,0,0,0,0,0
train/0000/dia327_utt7,0,0,0,0,1,0,0
train/0064/dia328_utt0,1,0,0,0,0,0,0
train/0064/dia328_utt1,1,0,0,0,0,0,0
train/0064/dia328_utt2,1,0,0,0,0,0,0
train/0002/dia328_utt3,0,0,0,0,1,0,0
train/0064/dia328_utt4,1,0,0,0,0,0,0
train/0006/dia328_utt5,0,0,0,0,1,0,0
train/0064/dia328_utt6,0,0,0,1,0,0,0
train/0004/dia328_utt7,0,0,0,1,0,0,0
train/0003/dia328_utt8,0,0,0,0,0,1,0
train/0001/dia329_utt0,0,0,0,1,0,0,0
train/0002/dia329_utt1,1,0,0,0,0,0,0
train/0000/dia329_utt10,0,0,0,0,1,0,0
train/0000/dia329_utt2,0,0,0,0,1,0,0
train/0002/dia329_utt3,0,0,0,1,0,0,0
train/0001/dia329_utt4,1,0,0,0,0,0,0
train/0002/dia329_utt5,0,0,0,0,0,0,1
train/0000/dia329_utt6,0,0,0,0,1,0,0
train/0001/dia329_utt7,1,0,0,0,0,0,0
train/0000/dia329_utt8,0,0,0,0,1,0,0
train/0002/dia329_utt9,1,0,0,0,0,0,0
train/0194/dia32_utt0,0,0,0,0,0,0,1
train/0000/dia32_utt1,0,0,0,0,1,0,0
train/0006/dia32_utt10,0,0,0,1,0,0,0
train/0006/dia32_utt11,0,0,0,1,0,0,0
train/0006/dia32_utt12,1,0,0,0,0,0,0
train/0006/dia32_utt13,1,0,0,0,0,0,0
train/0006/dia32_utt14,1,0,0,0,0,0,0
train/0003/dia32_utt15,0,0,0,0,1,0,0
train/0004/dia32_utt16,0,0,0,0,1,0,0
train/0000/dia32_utt17,0,0,1,0,0,0,0
train/0006/dia32_utt18,0,0,0,0,1,0,0
train/0001/dia32_utt2,0,0,0,0,0,0,1
train/0000/dia32_utt3,0,0,0,0,1,0,0
train/0002/dia32_utt4,0,0,0,0,0,0,1
train/0000/dia32_utt5,0,0,0,0,1,0,0
train/0001/dia32_utt6,0,0,0,0,0,0,1
train/0006/dia32_utt7,0,0,0,0,0,0,1
train/0006/dia32_utt8,0,0,0,0,1,0,0
train/0003/dia32_utt9,0,0,0,0,0,0,1
train/0170/dia330_utt0,0,0,0,0,1,0,0
train/0002/dia330_utt1,0,0,0,0,1,0,0
train/0170/dia330_utt2,0,0,0,1,0,0,0
train/0002/dia330_utt3,0,0,0,0,1,0,0
train/0000/dia331_utt0,1,0,0,0,0,0,0
train/0003/dia331_utt1,0,0,0,0,1,0,0
train/0000/dia331_utt2,0,0,0,0,1,0,0
train/0000/dia331_utt3,0,0,0,0,1,0,0
train/0000/dia331_utt4,0,0,0,0,0,1,0
train/0016/dia331_utt5,0,0,0,0,1,0,0
train/0001/dia331_utt6,0,0,0,0,1,0,0
train/0002/dia331_utt7,0,0,0,0,1,0,0
train/0001/dia331_utt8,0,0,0,1,0,0,0
train/0068/dia331_utt9,0,0,0,1,0,0,0
train/0006/dia332_utt0,0,0,0,0,0,0,1
train/0004/dia332_utt1,0,0,0,0,1,0,0
train/0004/dia332_utt10,0,0,0,0,1,0,0
train/0006/dia332_utt11,0,0,0,0,0,0,1
train/0006/dia332_utt12,1,0,0,0,0,0,0
train/0006/dia332_utt13,0,0,0,0,0,0,1
train/0006/dia332_utt14,0,0,0,0,0,0,1
train/0006/dia332_utt15,0,0,0,0,1,0,0
train/0004/dia332_utt2,0,0,0,0,1,0,0
train/0004/dia332_utt3,0,0,0,0,1,0,0
train/0006/dia332_utt4,0,0,0,0,1,0,0
train/0069/dia332_utt5,0,0,0,1,0,0,0
train/0004/dia332_utt6,0,0,0,0,1,0,0
train/0069/dia332_utt7,1,0,0,0,0,0,0
train/0004/dia332_utt8,0,0,0,0,1,0,0
train/0069/dia332_utt9,0,0,0,0,1,0,0
train/0004/dia333_utt0,0,0,0,0,1,0,0
train/0095/dia333_utt1,0,0,0,0,1,0,0
train/0004/dia333_utt2,0,0,0,0,0,0,1
train/0095/dia333_utt3,0,0,0,0,1,0,0
train/0095/dia333_utt4,0,0,0,0,1,0,0
train/0004/dia334_utt0,0,0,0,1,0,0,0
train/0003/dia334_utt1,0,0,0,0,1,0,0
train/0113/dia334_utt10,0,0,0,0,1,0,0
train/0003/dia334_utt11,0,0,0,0,1,0,0
train/0113/dia334_utt12,0,0,0,0,1,0,0
train/0004/dia334_utt2,0,0,0,0,0,1,0
train/0003/dia334_utt3,0,0,0,0,1,0,0
train/0113/dia334_utt4,0,0,0,0,1,0,0
train/0113/dia334_utt5,0,0,0,0,1,0,0
train/0113/dia334_utt6,0,0,0,0,1,0,0
train/0113/dia334_utt7,0,0,0,0,1,0,0
train/0113/dia334_utt8,0,0,0,0,1,0,0
train/0003/dia334_utt9,0,0,0,0,1,0,0
train/0006/dia335_utt0,0,0,0,0,1,0,0
train/0195/dia335_utt1,0,0,0,1,0,0,0
train/0006/dia335_utt2,0,0,0,0,1,0,0
train/0195/dia335_utt3,0,0,0,0,1,0,0
train/0006/dia336_utt0,0,0,0,0,0,0,1
train/0003/dia336_utt1,0,0,0,1,0,0,0
train/0006/dia336_utt10,0,1,0,0,0,0,0
train/0001/dia336_utt11,0,0,0,0,0,1,0
train/0003/dia336_utt12,0,0,0,0,1,0,0
train/0006/dia336_utt13,0,0,0,0,0,0,1
train/0003/dia336_utt14,0,0,0,0,0,0,1
train/0006/dia336_utt15,0,0,0,1,0,0,0
train/0006/dia336_utt16,0,0,0,1,0,0,0
train/0006/dia336_utt17,0,0,0,1,0,0,0
train/0006/dia336_utt18,0,0,0,1,0,0,0
train/0002/dia336_utt19,0,0,0,0,1,0,0
train/0001/dia336_utt2,0,0,0,0,1,0,0
train/0006/dia336_utt20,0,0,0,0,0,0,1
train/0003/dia336_utt21,0,0,0,1,0,0,0
train/0006/dia336_utt3,0,0,0,0,1,0,0
train/0001/dia336_utt4,0,0,0,0,0,0,1
train/0001/dia336_utt6,0,0,0,0,0,1,0
train/0001/dia336_utt7,1,0,0,0,0,0,0
train/0001/dia336_utt8,0,0,1,0,0,0,0
train/0001/dia336_utt9,0,0,0,0,0,1,0
train/0006/dia337_utt0,0,0,0,0,1,0,0
train/0003/dia337_utt1,0,0,0,0,0,0,1
train/0006/dia337_utt10,0,0,0,0,1,0,0
train/0006/dia337_utt11,0,0,0,0,1,0,0
train/0006/dia337_utt12,0,0,0,0,1,0,0
train/0006/dia337_utt13,0,0,0,0,1,0,0
train/0003/dia337_utt14,0,0,0,0,0,0,1
train/0006/dia337_utt15,0,0,0,0,0,1,0
train/0003/dia337_utt16,0,0,0,0,0,0,1
train/0006/dia337_utt17,0,0,0,0,1,0,0
train/0003/dia337_utt18,1,0,0,0,0,0,0
train/0006/dia337_utt19,0,0,0,0,1,0,0
train/0006/dia337_utt2,0,0,0,0,1,0,0
train/0003/dia337_utt3,0,0,0,0,0,0,1
train/0006/dia337_utt4,0,0,0,1,0,0,0
train/0003/dia337_utt5,0,0,0,1,0,0,0
train/0006/dia337_utt6,0,0,0,0,0,1,0
train/0003/dia337_utt7,0,0,0,0,0,0,1
train/0006/dia337_utt8,0,0,0,0,1,0,0
train/0003/dia337_utt9,0,0,0,0,0,0,1
train/0170/dia338_utt0,0,0,0,0,1,0,0
train/0002/dia338_utt1,0,0,0,1,0,0,0
train/0196/dia338_utt10,0,0,0,0,1,0,0
train/0002/dia338_utt11,0,0,0,0,1,0,0
train/0196/dia338_utt12,0,0,0,0,1,0,0
train/0002/dia338_utt13,0,0,0,0,1,0,0
train/0196/dia338_utt14,0,0,0,0,1,0,0
train/0002/dia338_utt15,0,0,0,0,1,0,0
train/0196/dia338_utt16,0,0,0,0,1,0,0
train/0197/dia338_utt2,0,0,0,0,1,0,0
train/0002/dia338_utt3,0,0,0,0,0,0,1
train/0002/dia338_utt4,0,0,0,1,0,0,0
train/0002/dia338_utt5,0,0,0,0,1,0,0
train/0002/dia338_utt6,0,0,0,0,1,0,0
train/0197/dia338_utt7,0,0,0,0,1,0,0
train/0002/dia338_utt8,0,0,0,1,0,0,0
train/0170/dia338_utt9,0,0,0,0,1,0,0
train/0004/dia339_utt0,0,0,0,0,1,0,0
train/0001/dia339_utt1,0,0,0,0,1,0,0
train/0001/dia339_utt3,1,0,0,0,0,0,0
train/0004/dia339_utt4,0,0,0,1,0,0,0
train/0003/dia33_utt0,0,0,1,0,0,0,0
train/0004/dia33_utt1,0,0,0,1,0,0,0
train/0002/dia33_utt10,0,0,0,0,1,0,0
train/0006/dia33_utt2,0,0,0,0,1,0,0
train/0003/dia33_utt3,0,0,0,0,1,0,0
train/0000/dia33_utt4,0,0,0,0,0,0,1
train/0003/dia33_utt5,0,0,0,0,1,0,0
train/0006/dia33_utt6,0,0,0,0,1,0,0
train/0001/dia33_utt7,0,0,0,0,1,0,0
train/0003/dia33_utt8,0,0,0,1,0,0,0
train/0001/dia33_utt9,0,0,0,1,0,0,0
train/0003/dia340_utt0,0,0,0,0,1,0,0
train/0004/dia341_utt0,0,0,0,0,1,0,0
train/0003/dia342_utt0,0,0,0,0,1,0,0
train/0006/dia342_utt1,0,0,0,0,1,0,0
train/0003/dia342_utt10,1,0,0,0,0,0,0
train/0004/dia342_utt11,0,0,0,0,1,0,0
train/0003/dia342_utt12,0,0,0,0,1,0,0
train/0004/dia342_utt13,1,0,0,0,0,0,0
train/0003/dia342_utt14,0,0,0,0,1,0,0
train/0004/dia342_utt15,0,0,0,1,0,0,0
train/0006/dia342_utt16,0,0,0,0,0,0,1
train/0003/dia342_utt17,0,0,0,1,0,0,0
train/0006/dia342_utt18,0,0,0,0,1,0,0
train/0003/dia342_utt19,0,0,0,0,1,0,0
train/0004/dia342_utt2,0,0,0,0,1,0,0
train/0006/dia342_utt3,0,0,0,0,1,0,0
train/0004/dia342_utt4,0,0,0,0,1,0,0
train/0006/dia342_utt5,0,0,0,1,0,0,0
train/0003/dia342_utt6,1,0,0,0,0,0,0
train/0006/dia342_utt7,0,0,0,1,0,0,0
train/0003/dia342_utt8,0,0,0,0,1,0,0
train/0004/dia342_utt9,0,0,0,0,1,0,0
train/0001/dia343_utt0,0,0,0,0,0,0,1
train/0004/dia344_utt0,0,0,0,1,0,0,0
train/0004/dia344_utt1,0,0,0,0,1,0,0
train/0004/dia344_utt10,0,0,0,0,0,0,1
train/0004/dia344_utt11,0,0,0,1,0,0,0
train/0004/dia344_utt12,0,0,0,1,0,0,0
train/0004/dia344_utt13,0,0,0,0,1,0,0
train/0001/dia344_utt14,0,0,0,0,0,0,1
train/0004/dia344_utt15,0,1,0,0,0,0,0
train/0004/dia344_utt2,0,0,0,0,1,0,0
train/0004/dia344_utt3,0,0,0,0,1,0,0
train/0004/dia344_utt4,0,0,0,0,0,0,1
train/0001/dia344_utt6,0,0,0,1,0,0,0
train/0004/dia344_utt7,0,0,0,1,0,0,0
train/0004/dia344_utt8,0,0,1,0,0,0,0
train/0004/dia344_utt9,0,0,0,0,1,0,0
train/0002/dia345_utt0,0,0,0,0,1,0,0
train/0000/dia345_utt1,0,0,0,0,1,0,0
train/0002/dia345_utt2,0,0,0,1,0,0,0
train/0000/dia345_utt3,0,0,0,0,1,0,0
train/0002/dia345_utt4,0,0,0,1,0,0,0
train/0003/dia346_utt0,0,0,0,1,0,0,0
train/0001/dia346_utt1,0,0,0,0,0,0,1
train/0003/dia346_utt2,0,0,0,0,0,0,1
train/0001/dia346_utt3,0,0,0,0,1,0,0
train/0003/dia346_utt4,0,0,0,0,1,0,0
train/0001/dia346_utt5,0,0,0,0,0,0,1
train/0003/dia346_utt6,0,0,0,0,1,0,0
train/0001/dia347_utt0,0,0,0,0,0,1,0
train/0003/dia347_utt1,0,0,0,0,1,0,0
train/0000/dia347_utt10,0,0,0,0,0,1,0
train/0001/dia347_utt11,0,0,0,0,1,0,0
train/0001/dia347_utt2,0,0,0,0,0,0,1
train/0003/dia347_utt3,0,0,0,0,1,0,0
train/0000/dia347_utt4,0,0,0,0,0,1,0
train/0003/dia347_utt5,0,0,0,0,1,0,0
train/0001/dia347_utt6,0,0,0,0,0,0,1
train/0000/dia347_utt7,0,0,0,0,0,1,0
train/0004/dia347_utt8,0,0,0,0,0,0,1
train/0000/dia347_utt9,0,0,0,0,0,1,0
train/0002/dia348_utt0,0,0,0,1,0,0,0
train/0006/dia348_utt1,0,0,0,1,0,0,0
train/0102/dia348_utt2,0,0,0,1,0,0,0
train/0006/dia348_utt4,0,0,0,0,1,0,0
train/0001/dia349_utt0,0,0,0,1,0,0,0
train/0000/dia349_utt1,0,0,0,1,0,0,0
train/0003/dia349_utt10,0,0,0,1,0,0,0
train/0000/dia349_utt11,0,0,0,0,0,0,1
train/0006/dia349_utt2,0,0,0,1,0,0,0
train/0001/dia349_utt3,0,0,0,0,1,0,0
train/0000/dia349_utt4,0,0,0,1,0,0,0
train/0006/dia349_utt5,0,0,0,1,0,0,0
train/0001/dia349_utt6,0,0,0,0,1,0,0
train/0000/dia349_utt7,0,0,0,0,0,1,0
train/0006/dia349_utt8,0,0,0,0,1,0,0
train/0000/dia349_utt9,0,0,0,0,1,0,0
train/0002/dia34_utt0,0,0,0,0,1,0,0
train/0002/dia34_utt1,0,0,0,0,1,0,0
train/0002/dia34_utt10,0,0,0,0,1,0,0
train/0006/dia34_utt11,0,0,0,0,1,0,0
train/0002/dia34_utt12,0,0,0,0,1,0,0
train/0006/dia34_utt13,0,1,0,0,0,0,0
train/0002/dia34_utt2,0,0,0,0,1,0,0
train/0006/dia34_utt3,0,0,0,1,0,0,0
train/0002/dia34_utt4,0,0,0,0,1,0,0
train/0006/dia34_utt5,0,0,0,0,1,0,0
train/0002/dia34_utt6,0,0,0,0,1,0,0
train/0006/dia34_utt7,0,0,0,0,1,0,0
train/0002/dia34_utt8,0,0,0,0,1,0,0
train/0006/dia34_utt9,0,0,0,0,0,0,1
train/0003/dia350_utt0,0,0,0,0,1,0,0
train/0001/dia350_utt1,0,0,0,1,0,0,0
train/0003/dia350_utt2,0,0,0,1,0,0,0
train/0001/dia350_utt3,0,0,0,1,0,0,0
train/0003/dia350_utt4,0,0,0,0,1,0,0
train/0001/dia350_utt5,0,0,0,0,1,0,0
train/0003/dia350_utt6,0,0,0,0,1,0,0
train/0001/dia350_utt7,0,0,0,0,1,0,0
train/0150/dia351_utt0,1,0,0,0,0,0,0
train/0069/dia351_utt1,0,0,0,0,0,0,1
train/0006/dia351_utt10,1,0,0,0,0,0,0
train/0069/dia351_utt11,0,0,0,1,0,0,0
train/0006/dia351_utt12,1,0,0,0,0,0,0
train/0150/dia351_utt13,1,0,0,0,0,0,0
train/0069/dia351_utt14,0,0,0,0,0,0,1
train/0006/dia351_utt15,0,0,0,1,0,0,0
train/0006/dia351_utt2,0,0,0,0,0,0,1
train/0150/dia351_utt3,1,0,0,0,0,0,0
train/0006/dia351_utt4,0,0,1,0,0,0,0
train/0150/dia351_utt5,1,0,0,0,0,0,0
train/0006/dia351_utt6,0,0,1,0,0,0,0
train/0069/dia351_utt7,0,0,0,0,0,0,1
train/0006/dia351_utt8,0,0,0,1,0,0,0
train/0150/dia351_utt9,1,0,0,0,0,0,0
train/0003/dia352_utt0,0,0,0,0,1,0,0
train/0003/dia352_utt1,1,0,0,0,0,0,0
train/0003/dia352_utt2,0,0,0,1,0,0,0
train/0003/dia352_utt3,1,0,0,0,0,0,0
train/0003/dia352_utt4,0,0,0,0,1,0,0
train/0003/dia352_utt5,0,0,0,1,0,0,0
train/0003/dia352_utt6,0,0,0,0,0,0,1
train/0004/dia353_utt0,0,0,0,0,1,0,0
train/0198/dia353_utt1,0,0,0,0,1,0,0
train/0151/dia354_utt0,0,0,0,0,1,0,0
train/0001/dia354_utt1,0,0,0,0,1,0,0
train/0002/dia354_utt10,0,0,0,1,0,0,0
train/0001/dia354_utt11,0,0,0,0,1,0,0
train/0002/dia354_utt12,0,0,0,0,1,0,0
train/0084/dia354_utt13,0,0,0,0,1,0,0
train/0001/dia354_utt14,1,0,0,0,0,0,0
train/0084/dia354_utt15,0,0,0,0,1,0,0
train/0006/dia354_utt16,0,0,0,0,1,0,0
train/0084/dia354_utt17,0,0,0,0,1,0,0
train/0151/dia354_utt2,0,0,0,0,1,0,0
train/0002/dia354_utt3,0,0,0,0,1,0,0
train/0003/dia354_utt4,0,0,0,0,1,0,0
train/0006/dia354_utt5,0,0,0,0,1,0,0
train/0000/dia354_utt6,0,0,0,0,1,0,0
train/0002/dia354_utt7,0,0,0,0,0,0,1
train/0004/dia354_utt8,0,0,0,1,0,0,0
train/0001/dia354_utt9,0,0,0,0,1,0,0
train/0001/dia355_utt0,0,0,0,0,0,1,0
train/0002/dia355_utt1,0,0,0,0,1,0,0
train/0000/dia355_utt2,0,0,0,0,1,0,0
train/0003/dia355_utt3,0,0,0,1,0,0,0
train/0000/dia355_utt4,0,0,0,0,1,0,0
train/0001/dia356_utt0,0,0,0,0,0,1,0
train/0006/dia356_utt1,0,0,0,0,0,0,1
train/0003/dia356_utt10,1,0,0,0,0,0,0
train/0004/dia356_utt11,0,0,0,0,0,0,1
train/0002/dia356_utt12,0,0,0,0,1,0,0
train/0004/dia356_utt13,0,0,0,1,0,0,0
train/0003/dia356_utt14,0,0,0,0,1,0,0
train/0001/dia356_utt15,0,0,0,0,1,0,0
train/0001/dia356_utt16,0,0,0,0,1,0,0
train/0001/dia356_utt17,1,0,0,0,0,0,0
train/0001/dia356_utt18,0,0,0,0,1,0,0
train/0001/dia356_utt19,0,0,0,0,1,0,0
train/0001/dia356_utt2,0,0,0,0,1,0,0
train/0001/dia356_utt20,0,0,1,0,0,0,0
train/0001/dia356_utt21,1,0,0,0,0,0,0
train/0004/dia356_utt22,0,0,0,0,1,0,0
train/0002/dia356_utt3,0,0,0,0,0,0,1
train/0004/dia356_utt4,0,0,0,0,1,0,0
train/0003/dia356_utt5,0,0,0,0,1,0,0
train/0006/dia356_utt6,0,0,0,0,0,1,0
train/0004/dia356_utt7,0,0,0,1,0,0,0
train/0002/dia356_utt8,0,0,0,0,1,0,0
train/0004/dia356_utt9,0,0,0,0,0,1,0
train/0001/dia357_utt1,0,0,0,0,0,0,1
train/0003/dia357_utt2,0,0,0,0,1,0,0
train/0004/dia357_utt3,0,0,0,0,0,0,1
train/0002/dia358_utt0,0,0,0,0,1,0,0
train/0003/dia358_utt1,0,0,0,0,1,0,0
train/0003/dia358_utt10,0,0,0,1,0,0,0
train/0002/dia358_utt11,0,0,0,0,0,0,1
train/0000/dia358_utt12,0,0,0,0,1,0,0
train/0002/dia358_utt13,0,0,0,0,0,0,1
train/0000/dia358_utt14,0,0,0,0,0,1,0
train/0000/dia358_utt15,0,0,0,0,1,0,0
train/0006/dia358_utt16,0,0,0,0,1,0,0
train/0006/dia358_utt17,0,0,0,0,1,0,0
train/0000/dia358_utt18,0,0,0,0,0,1,0
train/0003/dia358_utt2,0,0,0,0,1,0,0
train/0000/dia358_utt3,0,0,0,0,0,1,0
train/0003/dia358_utt4,0,0,0,0,1,0,0
train/0006/dia358_utt5,0,0,0,0,1,0,0
train/0000/dia358_utt6,0,0,1,0,0,0,0
train/0003/dia358_utt7,0,0,0,0,1,0,0
train/0006/dia358_utt8,0,0,0,0,0,0,1
train/0000/dia358_utt9,1,0,0,0,0,0,0
train/0006/dia359_utt0,0,0,0,0,0,0,1
train/0059/dia359_utt1,0,0,0,0,1,0,0
train/0059/dia359_utt3,0,0,0,0,0,1,0
train/0006/dia359_utt4,0,0,0,1,0,0,0
train/0059/dia359_utt5,0,0,0,1,0,0,0
train/0006/dia359_utt6,0,0,0,0,0,1,0
train/0000/dia35_utt0,0,0,0,0,0,0,1
train/0000/dia35_utt1,0,0,0,1,0,0,0
train/0000/dia35_utt2,0,0,0,1,0,0,0
train/0000/dia35_utt3,0,0,0,1,0,0,0
train/0000/dia35_utt4,0,0,0,1,0,0,0
train/0006/dia35_utt5,0,0,0,1,0,0,0
train/0001/dia360_utt0,0,0,0,0,0,1,0
train/0006/dia360_utt1,0,0,0,0,0,1,0
train/0003/dia360_utt2,0,0,0,0,1,0,0
train/0006/dia360_utt3,0,0,0,0,1,0,0
train/0003/dia360_utt4,0,0,0,0,1,0,0
train/0001/dia360_utt5,0,0,0,0,1,0,0
train/0006/dia361_utt0,0,0,0,0,1,0,0
train/0002/dia361_utt1,0,0,0,0,1,0,0
train/0006/dia361_utt10,0,0,0,1,0,0,0
train/0003/dia361_utt11,0,0,0,1,0,0,0
train/0002/dia361_utt12,0,0,0,0,1,0,0
train/0003/dia361_utt13,0,0,0,0,1,0,0
train/0002/dia361_utt14,0,0,0,0,1,0,0
train/0006/dia361_utt2,0,0,0,0,1,0,0
train/0002/dia361_utt3,0,0,0,0,0,0,1
train/0006/dia361_utt4,0,0,0,0,1,0,0
train/0003/dia361_utt5,0,0,0,0,1,0,0
train/0006/dia361_utt6,0,0,0,1,0,0,0
train/0003/dia361_utt7,0,0,0,0,0,0,1
train/0006/dia361_utt8,0,0,0,0,1,0,0
train/0003/dia361_utt9,0,1,0,0,0,0,0
train/0002/dia362_utt0,0,0,0,0,0,1,0
train/0006/dia362_utt1,0,0,0,0,1,0,0
train/0006/dia362_utt2,0,0,0,0,1,0,0
train/0002/dia362_utt3,0,0,0,0,0,1,0
train/0020/dia362_utt4,0,0,0,0,1,0,0
train/0002/dia362_utt5,0,0,0,0,0,1,0
train/0020/dia362_utt6,0,0,0,0,1,0,0
train/0002/dia362_utt7,0,0,0,0,0,0,1
train/0020/dia362_utt8,0,0,0,0,1,0,0
train/0002/dia362_utt9,0,0,0,0,0,0,1
train/0021/dia363_utt0,0,0,0,0,1,0,0
train/0002/dia363_utt1,0,0,0,0,1,0,0
train/0021/dia364_utt0,0,0,0,0,1,0,0
train/0002/dia365_utt0,0,0,0,0,1,0,0
train/0081/dia365_utt1,0,0,0,0,1,0,0
train/0081/dia365_utt10,0,0,0,0,1,0,0
train/0102/dia365_utt11,0,0,0,0,1,0,0
train/0081/dia365_utt12,0,0,0,0,1,0,0
train/0102/dia365_utt13,0,0,0,0,0,0,1
train/0102/dia365_utt14,1,0,0,0,0,0,0
train/0002/dia365_utt2,0,0,0,0,1,0,0
train/0081/dia365_utt3,0,0,0,0,1,0,0
train/0002/dia365_utt4,0,0,0,0,1,0,0
train/0002/dia365_utt5,0,0,0,0,0,1,0
train/0081/dia365_utt6,1,0,0,0,0,0,0
train/0002/dia365_utt7,0,0,0,0,1,0,0
train/0081/dia365_utt8,0,0,0,0,1,0,0
train/0002/dia365_utt9,0,0,0,0,1,0,0
train/0003/dia366_utt0,0,0,0,0,1,0,0
train/0003/dia366_utt1,0,0,0,0,1,0,0
train/0000/dia366_utt10,0,0,0,0,1,0,0
train/0003/dia366_utt11,0,0,0,0,1,0,0
train/0000/dia366_utt12,0,0,0,0,1,0,0
train/0003/dia366_utt13,0,0,1,0,0,0,0
train/0000/dia366_utt14,0,0,0,0,1,0,0
train/0003/dia366_utt15,0,0,0,0,0,0,1
train/0000/dia366_utt16,0,0,0,0,1,0,0
train/0003/dia366_utt17,0,0,0,0,1,0,0
train/0000/dia366_utt18,0,0,0,0,1,0,0
train/0003/dia366_utt2,1,0,0,0,0,0,0
train/0003/dia366_utt3,0,0,0,0,1,0,0
train/0049/dia366_utt4,0,0,0,0,0,0,1
train/0003/dia366_utt5,1,0,0,0,0,0,0
train/0049/dia366_utt6,0,0,0,0,0,1,0
train/0003/dia366_utt7,0,0,0,0,0,1,0
train/0000/dia366_utt8,0,0,0,0,0,0,1
train/0003/dia366_utt9,1,0,0,0,0,0,0
train/0003/dia367_utt0,1,0,0,0,0,0,0
train/0004/dia367_utt1,0,0,0,0,1,0,0
train/0003/dia367_utt10,0,0,0,0,1,0,0
train/0004/dia367_utt11,0,0,0,0,0,0,1
train/0003/dia367_utt12,0,0,0,0,1,0,0
train/0003/dia367_utt13,0,0,0,0,1,0,0
train/0003/dia367_utt14,0,0,0,0,1,0,0
train/0003/dia367_utt15,0,0,0,0,0,0,1
train/0003/dia367_utt2,0,0,0,1,0,0,0
train/0003/dia367_utt3,0,0,0,0,1,0,0
train/0003/dia367_utt4,0,0,0,0,1,0,0
train/0004/dia367_utt5,0,0,0,0,0,0,1
train/0003/dia367_utt6,0,0,0,0,0,0,1
train/0004/dia367_utt7,0,0,0,0,1,0,0
train/0003/dia367_utt8,0,0,0,1,0,0,0
train/0004/dia367_utt9,0,0,0,0,0,0,1
train/0006/dia368_utt0,0,0,0,0,0,1,0
train/0006/dia368_utt1,0,0,0,1,0,0,0
train/0006/dia369_utt0,0,0,0,0,1,0,0
train/0006/dia36_utt0,0,0,0,0,1,0,0
train/0006/dia36_utt1,0,0,0,0,1,0,0
train/0003/dia36_utt2,0,0,0,0,1,0,0
train/0004/dia36_utt3,0,0,0,0,1,0,0
train/0003/dia36_utt4,0,0,0,0,0,1,0
train/0006/dia36_utt5,0,0,0,0,0,1,0
train/0051/dia370_utt0,0,0,0,0,1,0,0
train/0006/dia370_utt1,0,0,0,1,0,0,0
train/0003/dia370_utt2,0,0,0,0,1,0,0
train/0006/dia370_utt3,0,0,0,0,0,0,1
train/0004/dia371_utt0,0,0,0,0,1,0,0
train/0001/dia371_utt1,0,0,0,0,1,0,0
train/0004/dia371_utt10,0,0,0,0,0,0,1
train/0001/dia371_utt11,0,0,0,0,0,1,0
train/0004/dia371_utt2,0,0,0,0,1,0,0
train/0001/dia371_utt3,0,0,0,0,1,0,0
train/0004/dia371_utt4,0,0,0,0,1,0,0
train/0001/dia371_utt5,0,0,0,0,1,0,0
train/0004/dia371_utt6,0,0,0,0,0,0,1
train/0001/dia371_utt7,0,0,0,0,1,0,0
train/0004/dia371_utt8,0,0,0,0,1,0,0
train/0001/dia371_utt9,0,0,0,0,1,0,0
train/0065/dia372_utt0,0,0,0,0,1,0,0
train/0000/dia372_utt1,0,0,0,1,0,0,0
train/0000/dia372_utt10,0,0,0,1,0,0,0
train/0065/dia372_utt11,0,0,0,0,1,0,0
train/0000/dia372_utt12,0,0,0,0,1,0,0
train/0065/dia372_utt2,0,0,0,1,0,0,0
train/0000/dia372_utt3,0,0,0,0,0,1,0
train/0000/dia372_utt4,0,0,0,0,0,1,0
train/0000/dia372_utt5,0,0,0,0,0,1,0
train/0000/dia372_utt6,0,0,0,0,0,1,0
train/0065/dia372_utt7,0,0,0,0,0,0,1
train/0000/dia372_utt8,0,0,0,1,0,0,0
train/0000/dia372_utt9,0,0,0,0,0,1,0
train/0003/dia373_utt1,0,0,0,0,1,0,0
train/0003/dia373_utt3,0,0,0,0,1,0,0
train/0004/dia373_utt4,0,0,0,1,0,0,0
train/0001/dia374_utt0,0,0,0,1,0,0,0
train/0003/dia374_utt1,0,0,0,0,0,0,1
train/0028/dia374_utt10,0,0,0,0,1,0,0
train/0028/dia374_utt11,0,0,0,0,1,0,0
train/0028/dia374_utt12,1,0,0,0,0,0,0
train/0028/dia374_utt13,1,0,0,0,0,0,0
train/0028/dia374_utt14,0,0,0,1,0,0,0
train/0003/dia374_utt15,0,0,0,0,1,0,0
train/0001/dia374_utt2,0,0,0,0,0,0,1
train/0199/dia374_utt3,0,0,0,0,1,0,0
train/0001/dia374_utt4,1,0,0,0,0,0,0
train/0102/dia374_utt5,0,0,0,0,0,0,1
train/0003/dia374_utt6,0,0,0,0,1,0,0
train/0001/dia374_utt7,1,0,0,0,0,0,0
train/0001/dia374_utt8,1,0,0,0,0,0,0
train/0001/dia374_utt9,1,0,0,0,0,0,0
train/0200/dia375_utt0,0,0,0,1,0,0,0
train/0002/dia375_utt1,0,0,0,0,1,0,0
train/0002/dia375_utt2,0,0,0,1,0,0,0
train/0002/dia375_utt3,0,0,0,1,0,0,0
train/0002/dia375_utt4,0,0,1,0,0,0,0
train/0004/dia376_utt0,0,0,0,1,0,0,0
train/0000/dia376_utt1,0,0,0,1,0,0,0
train/0004/dia376_utt2,0,0,0,1,0,0,0
train/0000/dia376_utt3,0,0,1,0,0,0,0
train/0006/dia377_utt0,0,0,0,0,1,0,0
train/0006/dia377_utt1,0,0,0,0,1,0,0
train/0006/dia377_utt2,0,0,0,0,1,0,0
train/0104/dia377_utt3,0,0,0,0,1,0,0
train/0006/dia377_utt4,0,0,0,0,0,0,1
train/0104/dia377_utt5,0,0,0,0,1,0,0
train/0006/dia377_utt6,1,0,0,0,0,0,0
train/0000/dia378_utt0,0,0,0,0,1,0,0
train/0201/dia378_utt1,0,0,0,0,1,0,0
train/0201/dia378_utt2,0,0,0,0,1,0,0
train/0022/dia379_utt0,0,0,0,0,0,0,1
train/0002/dia379_utt1,0,0,0,0,0,1,0
train/0022/dia379_utt10,0,0,0,0,0,0,1
train/0022/dia379_utt2,0,0,0,0,0,1,0
train/0002/dia379_utt3,0,0,0,0,0,1,0
train/0002/dia379_utt4,0,0,0,0,0,1,0
train/0002/dia379_utt5,0,0,0,0,0,1,0
train/0022/dia379_utt6,0,0,0,0,0,0,1
train/0004/dia379_utt7,0,0,0,0,0,1,0
train/0022/dia379_utt8,0,0,0,0,1,0,0
train/0022/dia379_utt9,0,0,0,0,1,0,0
train/0001/dia37_utt0,0,0,0,0,1,0,0
train/0004/dia37_utt1,0,0,0,1,0,0,0
train/0001/dia37_utt2,0,0,0,1,0,0,0
train/0004/dia37_utt3,0,1,0,0,0,0,0
train/0022/dia380_utt0,0,0,0,0,1,0,0
train/0022/dia380_utt1,1,0,0,0,0,0,0
train/0002/dia380_utt2,0,0,0,0,0,1,0
train/0022/dia380_utt3,0,0,0,0,1,0,0
train/0002/dia380_utt4,0,0,0,1,0,0,0
train/0022/dia381_utt0,0,0,0,0,1,0,0
train/0004/dia382_utt0,0,0,0,1,0,0,0
train/0002/dia382_utt1,0,0,0,0,1,0,0
train/0004/dia382_utt2,0,0,0,1,0,0,0
train/0003/dia383_utt0,0,0,0,0,1,0,0
train/0004/dia383_utt1,0,1,0,0,0,0,0
train/0004/dia383_utt10,0,0,0,0,1,0,0
train/0004/dia383_utt11,0,0,0,0,0,0,1
train/0004/dia383_utt2,0,0,0,1,0,0,0
train/0004/dia383_utt3,1,0,0,0,0,0,0
train/0002/dia383_utt4,0,0,1,0,0,0,0
train/0004/dia383_utt5,0,0,0,0,1,0,0
train/0002/dia383_utt6,0,0,0,0,1,0,0
train/0004/dia383_utt7,0,0,0,0,1,0,0
train/0004/dia383_utt8,0,0,0,0,1,0,0
train/0004/dia383_utt9,0,0,0,0,1,0,0
train/0000/dia384_utt0,0,0,0,0,1,0,0
train/0027/dia384_utt1,0,0,0,0,0,0,1
train/0000/dia384_utt2,0,0,0,0,1,0,0
train/0202/dia384_utt3,0,0,0,0,1,0,0
train/0000/dia384_utt4,0,0,0,1,0,0,0
train/0000/dia385_utt0,1,0,0,0,0,0,0
train/0006/dia385_utt1,0,0,0,1,0,0,0
train/0000/dia385_utt2,0,0,0,0,0,1,0
train/0006/dia385_utt3,0,0,0,0,0,1,0
train/0006/dia385_utt4,0,0,0,0,1,0,0
train/0000/dia385_utt5,0,0,0,0,1,0,0
train/0006/dia386_utt0,0,0,0,1,0,0,0
train/0000/dia387_utt0,0,0,0,0,0,1,0
train/0001/dia387_utt1,0,0,0,1,0,0,0
train/0006/dia387_utt2,0,0,0,0,0,1,0
train/0004/dia387_utt3,0,0,0,1,0,0,0
train/0004/dia387_utt4,0,0,0,0,0,1,0
train/0001/dia388_utt0,0,0,0,1,0,0,0
train/0004/dia388_utt1,0,0,0,0,1,0,0
train/0004/dia388_utt10,0,0,0,0,0,0,1
train/0004/dia388_utt11,0,0,0,0,0,0,1
train/0004/dia388_utt12,0,0,0,1,0,0,0
train/0004/dia388_utt13,0,0,0,0,1,0,0
train/0001/dia388_utt14,1,0,0,0,0,0,0
train/0004/dia388_utt15,0,0,0,0,1,0,0
train/0001/dia388_utt16,1,0,0,0,0,0,0
train/0004/dia388_utt2,0,0,0,0,1,0,0
train/0001/dia388_utt3,0,0,0,0,0,0,1
train/0004/dia388_utt4,0,1,0,0,0,0,0
train/0001/dia388_utt5,1,0,0,0,0,0,0
train/0004/dia388_utt6,0,1,0,0,0,0,0
train/0001/dia388_utt7,0,0,1,0,0,0,0
train/0004/dia388_utt8,0,0,0,0,1,0,0
train/0001/dia388_utt9,0,1,0,0,0,0,0
train/0000/dia389_utt0,0,0,0,0,1,0,0
train/0001/dia389_utt1,1,0,0,0,0,0,0
train/0000/dia389_utt10,0,0,0,0,1,0,0
train/0002/dia389_utt11,0,0,0,1,0,0,0
train/0003/dia389_utt12,0,0,0,1,0,0,0
train/0016/dia389_utt2,0,0,0,1,0,0,0
train/0004/dia389_utt3,0,0,0,0,1,0,0
train/0000/dia389_utt4,0,0,0,0,0,0,1
train/0004/dia389_utt5,0,0,0,0,1,0,0
train/0000/dia389_utt6,0,0,0,1,0,0,0
train/0004/dia389_utt7,0,0,0,0,1,0,0
train/0001/dia389_utt8,0,0,0,0,0,0,1
train/0002/dia389_utt9,0,0,0,0,1,0,0
train/0001/dia38_utt0,1,0,0,0,0,0,0
train/0003/dia38_utt1,0,0,0,0,1,0,0
train/0000/dia38_utt10,0,0,0,0,0,0,1
train/0004/dia38_utt11,0,0,0,0,0,0,1
train/0001/dia38_utt2,0,0,0,1,0,0,0
train/0006/dia38_utt3,0,0,0,0,1,0,0
train/0000/dia38_utt4,0,0,0,0,0,0,1
train/0006/dia38_utt5,0,0,0,0,1,0,0
train/0006/dia38_utt6,1,0,0,0,0,0,0
train/0006/dia38_utt7,0,0,0,0,0,0,1
train/0006/dia38_utt8,0,0,0,0,0,0,1
train/0006/dia38_utt9,0,0,0,0,0,0,1
train/0002/dia390_utt0,0,0,0,0,0,0,1
train/0004/dia390_utt1,0,0,0,1,0,0,0
train/0004/dia390_utt2,0,0,0,0,0,0,1
train/0000/dia391_utt0,0,0,0,0,1,0,0
train/0004/dia392_utt0,0,0,0,1,0,0,0
train/0000/dia392_utt1,0,0,0,1,0,0,0
train/0000/dia392_utt10,0,0,0,0,0,0,1
train/0004/dia392_utt11,0,0,0,0,1,0,0
train/0000/dia392_utt12,0,0,0,1,0,0,0
train/0000/dia392_utt2,0,0,0,1,0,0,0
train/0000/dia392_utt3,0,0,0,1,0,0,0
train/0000/dia392_utt4,0,0,0,1,0,0,0
train/0000/dia392_utt5,0,0,0,0,1,0,0
train/0000/dia392_utt6,0,0,0,1,0,0,0
train/0004/dia392_utt7,0,0,0,0,1,0,0
train/0000/dia392_utt8,0,0,0,1,0,0,0
train/0004/dia392_utt9,0,0,0,1,0,0,0
train/0004/dia393_utt0,0,0,0,0,1,0,0
train/0006/dia393_utt1,0,0,0,0,1,0,0
train/0059/dia393_utt2,0,0,0,0,1,0,0
train/0203/dia393_utt3,0,0,0,0,0,0,1
train/0059/dia393_utt4,0,0,0,1,0,0,0
train/0203/dia393_utt5,0,0,0,1,0,0,0
train/0203/dia393_utt6,1,0,0,0,0,0,0
train/0006/dia393_utt7,0,0,0,1,0,0,0
train/0001/dia394_utt0,1,0,0,0,0,0,0
train/0036/dia394_utt1,0,0,0,0,1,0,0
train/0004/dia395_utt0,1,0,0,0,0,0,0
train/0006/dia395_utt1,0,0,0,0,1,0,0
train/0004/dia395_utt2,1,0,0,0,0,0,0
train/0006/dia395_utt3,0,0,0,1,0,0,0
train/0004/dia395_utt4,1,0,0,0,0,0,0
train/0006/dia395_utt5,1,0,0,0,0,0,0
train/0004/dia395_utt6,1,0,0,0,0,0,0
train/0006/dia395_utt7,0,0,0,0,1,0,0
train/0004/dia395_utt8,0,0,0,0,1,0,0
train/0006/dia396_utt0,0,1,0,0,0,0,0
train/0004/dia397_utt0,1,0,0,0,0,0,0
train/0006/dia397_utt1,0,0,0,0,1,0,0
train/0004/dia397_utt2,0,0,0,0,1,0,0
train/0000/dia398_utt0,0,0,0,0,1,0,0
train/0002/dia398_utt1,0,0,0,0,1,0,0
train/0002/dia398_utt10,0,1,0,0,0,0,0
train/0000/dia398_utt11,0,1,0,0,0,0,0
train/0002/dia398_utt12,0,1,0,0,0,0,0
train/0000/dia398_utt13,0,0,0,0,1,0,0
train/0000/dia398_utt2,1,0,0,0,0,0,0
train/0002/dia398_utt3,0,0,0,0,0,1,0
train/0000/dia398_utt4,0,0,0,0,0,0,1
train/0002/dia398_utt5,0,0,0,0,1,0,0
train/0000/dia398_utt6,0,0,0,0,0,1,0
train/0000/dia398_utt7,0,0,0,0,0,0,1
train/0002/dia398_utt8,0,0,0,0,0,1,0
train/0000/dia398_utt9,0,1,0,0,0,0,0
train/0002/dia399_utt0,0,1,0,0,0,0,0
train/0033/dia39_utt0,1,0,0,0,0,0,0
train/0004/dia39_utt1,1,0,0,0,0,0,0
train/0033/dia39_utt10,0,1,0,0,0,0,0
train/0117/dia39_utt11,0,0,0,0,1,0,0
train/0004/dia39_utt12,0,0,0,0,1,0,0
train/0033/dia39_utt13,0,0,0,0,1,0,0
train/0004/dia39_utt14,0,0,0,0,1,0,0
train/0004/dia39_utt15,1,0,0,0,0,0,0
train/0004/dia39_utt16,1,0,0,0,0,0,0
train/0033/dia39_utt17,1,0,0,0,0,0,0
train/0004/dia39_utt18,1,0,0,0,0,0,0
train/0004/dia39_utt2,0,0,0,0,0,0,1
train/0004/dia39_utt3,1,0,0,0,0,0,0
train/0004/dia39_utt4,1,0,0,0,0,0,0
train/0004/dia39_utt5,1,0,0,0,0,0,0
train/0004/dia39_utt6,1,0,0,0,0,0,0
train/0117/dia39_utt7,0,0,0,1,0,0,0
train/0033/dia39_utt8,0,0,0,0,1,0,0
train/0117/dia39_utt9,0,0,0,0,1,0,0
train/0000/dia3_utt0,0,0,0,0,0,0,1
train/0003/dia3_utt1,0,0,0,0,0,0,1
train/0000/dia3_utt2,0,0,0,0,0,0,1
train/0000/dia3_utt3,0,0,0,0,1,0,0
train/0000/dia3_utt4,0,0,0,0,1,0,0
train/0000/dia3_utt5,0,0,0,0,1,0,0
train/0000/dia3_utt6,0,0,0,0,0,0,1
train/0000/dia3_utt8,0,0,0,0,0,1,0
train/0004/dia3_utt9,0,0,0,0,1,0,0
train/0000/dia400_utt0,1,0,0,0,0,0,0
train/0002/dia400_utt1,1,0,0,0,0,0,0
train/0000/dia400_utt2,0,0,0,0,0,1,0
train/0002/dia400_utt3,0,0,0,0,1,0,0
train/0000/dia400_utt4,0,0,0,0,1,0,0
train/0002/dia400_utt5,0,0,0,1,0,0,0
train/0000/dia400_utt6,0,0,0,0,0,0,1
train/0002/dia400_utt7,0,0,0,0,1,0,0
train/0002/dia400_utt8,0,0,0,0,0,1,0
train/0047/dia401_utt0,0,0,0,0,1,0,0
train/0047/dia401_utt1,0,0,0,0,1,0,0
train/0047/dia401_utt10,0,0,0,0,0,0,1
train/0000/dia401_utt11,0,0,0,0,0,1,0
train/0047/dia401_utt12,0,0,0,0,0,0,1
train/0047/dia401_utt2,0,0,0,0,1,0,0
train/0000/dia401_utt3,0,0,0,0,1,0,0
train/0047/dia401_utt4,0,0,0,0,1,0,0
train/0000/dia401_utt5,0,0,0,0,1,0,0
train/0047/dia401_utt6,0,0,0,0,1,0,0
train/0000/dia401_utt7,0,0,0,1,0,0,0
train/0047/dia401_utt8,0,0,0,0,0,0,1
train/0000/dia401_utt9,0,0,0,0,1,0,0
train/0003/dia402_utt0,0,0,0,0,1,0,0
train/0004/dia402_utt1,0,0,0,0,1,0,0
train/0003/dia403_utt0,0,0,0,0,1,0,0
train/0004/dia404_utt0,0,0,0,1,0,0,0
train/0003/dia404_utt1,0,0,0,1,0,0,0
train/0003/dia404_utt10,0,0,0,1,0,0,0
train/0004/dia404_utt11,0,0,0,0,0,0,1
train/0004/dia404_utt12,0,0,0,0,1,0,0
train/0004/dia404_utt13,0,0,0,0,1,0,0
train/0004/dia404_utt14,0,0,0,0,1,0,0
train/0004/dia404_utt15,0,0,0,0,1,0,0
train/0004/dia404_utt17,0,0,0,0,1,0,0
train/0003/dia404_utt18,0,0,0,0,1,0,0
train/0004/dia404_utt19,0,0,0,0,1,0,0
train/0004/dia404_utt2,0,0,0,0,1,0,0
train/0003/dia404_utt3,0,0,0,0,0,1,0
train/0004/dia404_utt4,0,0,0,0,0,1,0
train/0003/dia404_utt5,0,0,0,0,1,0,0
train/0004/dia404_utt6,0,0,0,0,1,0,0
train/0004/dia404_utt7,1,0,0,0,0,0,0
train/0004/dia404_utt8,0,0,0,0,0,1,0
train/0004/dia404_utt9,0,0,0,1,0,0,0
train/0003/dia405_utt0,0,0,0,0,1,0,0
train/0003/dia405_utt1,1,0,0,0,0,0,0
train/0003/dia405_utt2,1,0,0,0,0,0,0
train/0003/dia405_utt3,1,0,0,0,0,0,0
train/0003/dia405_utt4,1,0,0,0,0,0,0
train/0003/dia405_utt5,0,0,0,0,0,0,1
train/0003/dia405_utt6,0,0,0,0,1,0,0
train/0006/dia406_utt0,0,0,0,1,0,0,0
train/0004/dia406_utt1,0,0,0,1,0,0,0
train/0003/dia406_utt2,0,0,0,1,0,0,0
train/0002/dia406_utt3,0,0,0,1,0,0,0
train/0004/dia407_utt0,1,0,0,0,0,0,0
train/0000/dia407_utt1,0,0,0,0,0,1,0
train/0204/dia407_utt10,0,0,0,0,1,0,0
train/0004/dia407_utt2,0,0,0,0,1,0,0
train/0000/dia407_utt3,0,0,0,0,0,0,1
train/0205/dia407_utt4,0,0,0,0,1,0,0
train/0004/dia407_utt5,0,0,0,0,1,0,0
train/0206/dia407_utt6,1,0,0,0,0,0,0
train/0004/dia407_utt7,1,0,0,0,0,0,0
train/0206/dia407_utt8,0,0,0,0,1,0,0
train/0205/dia407_utt9,0,0,0,0,1,0,0
train/0002/dia408_utt0,0,0,0,0,1,0,0
train/0000/dia408_utt1,0,0,0,0,1,0,0
train/0002/dia408_utt2,0,0,0,0,1,0,0
train/0002/dia408_utt3,0,0,0,0,1,0,0
train/0000/dia408_utt4,0,0,0,0,1,0,0
train/0003/dia409_utt0,0,0,0,0,1,0,0
train/0002/dia409_utt1,0,0,0,0,1,0,0
train/0059/dia409_utt10,0,0,0,0,0,0,1
train/0003/dia409_utt2,0,0,0,0,1,0,0
train/0003/dia409_utt3,0,0,0,1,0,0,0
train/0016/dia409_utt4,0,0,0,0,1,0,0
train/0004/dia409_utt5,0,0,0,0,1,0,0
train/0006/dia409_utt6,0,0,0,0,1,0,0
train/0003/dia409_utt7,0,0,0,0,0,0,1
train/0059/dia409_utt8,0,0,0,0,0,0,1
train/0006/dia409_utt9,0,0,0,0,1,0,0
train/0000/dia40_utt0,1,0,0,0,0,0,0
train/0004/dia40_utt1,1,0,0,0,0,0,0
train/0003/dia40_utt10,0,0,0,0,1,0,0
train/0001/dia40_utt11,0,0,0,0,0,0,1
train/0004/dia40_utt12,0,0,0,1,0,0,0
train/0001/dia40_utt13,0,0,0,0,0,1,0
train/0002/dia40_utt14,0,0,0,0,0,1,0
train/0003/dia40_utt2,0,0,0,0,1,0,0
train/0000/dia40_utt3,0,0,0,0,1,0,0
train/0001/dia40_utt4,0,0,0,0,1,0,0
train/0003/dia40_utt5,0,0,0,0,1,0,0
train/0004/dia40_utt6,0,0,0,1,0,0,0
train/0001/dia40_utt7,0,0,0,0,1,0,0
train/0004/dia40_utt8,0,1,0,0,0,0,0
train/0001/dia40_utt9,0,0,1,0,0,0,0
train/0030/dia410_utt0,0,1,0,0,0,0,0
train/0006/dia410_utt1,0,0,0,0,0,0,1
train/0002/dia410_utt10,0,0,0,0,0,1,0
train/0006/dia410_utt11,0,0,0,0,1,0,0
train/0006/dia410_utt12,0,0,0,0,1,0,0
train/0006/dia410_utt13,0,0,0,0,1,0,0
train/0006/dia410_utt14,0,0,0,0,1,0,0
train/0002/dia410_utt15,0,0,0,1,0,0,0
train/0006/dia410_utt16,0,0,0,0,1,0,0
train/0002/dia410_utt17,0,0,1,0,0,0,0
train/0002/dia410_utt18,0,0,0,0,0,1,0
train/0002/dia410_utt2,1,0,0,0,0,0,0
train/0006/dia410_utt3,0,0,0,1,0,0,0
train/0006/dia410_utt4,0,0,0,0,1,0,0
train/0002/dia410_utt5,0,0,0,0,1,0,0
train/0006/dia410_utt6,0,0,0,0,0,0,1
train/0002/dia410_utt7,0,0,0,0,1,0,0
train/0030/dia410_utt8,0,0,0,0,1,0,0
train/0006/dia410_utt9,0,0,0,0,1,0,0
train/0006/dia411_utt0,0,0,0,0,1,0,0
train/0000/dia411_utt1,0,0,1,0,0,0,0
train/0006/dia411_utt2,0,0,0,0,1,0,0
train/0000/dia411_utt3,0,0,0,1,0,0,0
train/0006/dia411_utt4,0,0,0,0,1,0,0
train/0000/dia412_utt0,1,0,0,0,0,0,0
train/0006/dia412_utt1,0,0,0,0,1,0,0
train/0207/dia412_utt10,0,1,0,0,0,0,0
train/0003/dia412_utt11,0,0,0,0,0,0,1
train/0004/dia412_utt12,0,0,0,0,1,0,0
train/0003/dia412_utt13,0,0,0,0,1,0,0
train/0004/dia412_utt14,1,0,0,0,0,0,0
train/0003/dia412_utt15,0,0,0,0,1,0,0
train/0004/dia412_utt16,0,0,0,0,0,0,1
train/0003/dia412_utt2,0,0,0,0,1,0,0
train/0006/dia412_utt3,0,0,0,0,1,0,0
train/0004/dia412_utt4,0,0,0,0,0,1,0
train/0006/dia412_utt5,0,0,0,0,1,0,0
train/0003/dia412_utt6,0,0,0,0,1,0,0
train/0000/dia412_utt7,0,0,0,0,0,0,1
train/0002/dia412_utt8,0,0,0,1,0,0,0
train/0003/dia412_utt9,0,0,0,0,1,0,0
train/0004/dia413_utt0,0,0,0,0,1,0,0
train/0004/dia413_utt1,0,0,0,0,1,0,0
train/0004/dia413_utt2,0,0,0,0,1,0,0
train/0001/dia413_utt3,0,0,0,0,1,0,0
train/0004/dia413_utt4,0,0,0,0,1,0,0
train/0004/dia414_utt0,0,0,0,0,1,0,0
train/0003/dia414_utt1,0,0,0,0,1,0,0
train/0004/dia414_utt10,0,0,0,0,1,0,0
train/0001/dia414_utt11,0,0,0,0,1,0,0
train/0001/dia414_utt2,0,0,0,0,1,0,0
train/0004/dia414_utt3,0,0,0,0,0,0,1
train/0003/dia414_utt4,0,0,0,0,1,0,0
train/0003/dia414_utt6,0,0,0,0,1,0,0
train/0001/dia414_utt7,0,0,0,1,0,0,0
train/0004/dia414_utt8,0,0,0,1,0,0,0
train/0001/dia414_utt9,0,0,0,0,1,0,0
train/0006/dia415_utt0,0,1,0,0,0,0,0
train/0004/dia415_utt1,0,0,0,0,1,0,0
train/0004/dia415_utt10,0,0,0,0,0,0,1
train/0004/dia415_utt2,0,0,0,0,1,0,0
train/0004/dia415_utt3,0,0,0,0,1,0,0
train/0004/dia415_utt4,0,0,0,0,1,0,0
train/0006/dia415_utt5,0,0,0,0,1,0,0
train/0004/dia415_utt6,0,0,0,0,1,0,0
train/0006/dia415_utt7,0,0,0,0,1,0,0
train/0004/dia415_utt8,0,0,0,0,1,0,0
train/0006/dia415_utt9,0,1,0,0,0,0,0
train/0002/dia416_utt0,0,0,0,0,0,0,1
train/0000/dia416_utt1,0,0,0,0,0,0,1
train/0003/dia416_utt2,0,0,0,0,1,0,0
train/0003/dia416_utt4,0,1,0,0,0,0,0
train/0002/dia417_utt0,0,0,0,0,1,0,0
train/0004/dia418_utt0,0,0,0,0,1,0,0
train/0102/dia418_utt1,0,0,0,0,0,0,1
train/0044/dia418_utt10,1,0,0,0,0,0,0
train/0004/dia418_utt11,0,0,0,0,1,0,0
train/0044/dia418_utt12,0,0,0,0,1,0,0
train/0004/dia418_utt13,0,0,0,0,1,0,0
train/0044/dia418_utt14,0,0,0,0,1,0,0
train/0004/dia418_utt15,0,0,0,0,0,0,1
train/0044/dia418_utt16,0,0,0,0,0,0,1
train/0004/dia418_utt17,0,0,0,0,1,0,0
train/0044/dia418_utt18,0,0,0,0,0,1,0
train/0004/dia418_utt19,0,0,0,0,0,1,0
train/0004/dia418_utt2,0,0,0,0,1,0,0
train/0044/dia418_utt20,0,0,0,0,1,0,0
train/0004/dia418_utt21,0,0,0,0,1,0,0
train/0044/dia418_utt22,0,0,0,0,1,0,0
train/0004/dia418_utt3,0,0,0,0,1,0,0
train/0102/dia418_utt4,0,0,0,0,0,0,1
train/0004/dia418_utt5,0,0,0,0,1,0,0
train/0102/dia418_utt6,0,0,0,0,1,0,0
train/0004/dia418_utt7,0,0,0,0,1,0,0
train/0044/dia418_utt8,0,0,0,0,1,0,0
train/0004/dia418_utt9,0,0,0,0,1,0,0
train/0006/dia419_utt0,0,0,0,0,1,0,0
train/0208/dia41_utt0,0,0,0,0,0,1,0
train/0004/dia41_utt1,0,0,0,0,0,0,1
train/0004/dia41_utt10,0,0,0,0,1,0,0
train/0208/dia41_utt11,0,0,0,0,1,0,0
train/0004/dia41_utt12,0,1,0,0,0,0,0
train/0208/dia41_utt13,0,0,0,0,1,0,0
train/0004/dia41_utt14,0,1,0,0,0,0,0
train/0208/dia41_utt15,0,0,0,0,0,0,1
train/0208/dia41_utt2,0,0,0,0,1,0,0
train/0004/dia41_utt3,0,0,0,0,1,0,0
train/0208/dia41_utt4,0,0,0,0,1,0,0
train/0004/dia41_utt5,0,0,0,0,0,0,1
train/0208/dia41_utt6,0,0,0,0,1,0,0
train/0208/dia41_utt7,0,0,0,0,1,0,0
train/0208/dia41_utt8,0,0,0,0,1,0,0
train/0208/dia41_utt9,0,0,0,0,1,0,0
train/0000/dia420_utt0,0,0,0,1,0,0,0
train/0002/dia420_utt1,0,0,0,1,0,0,0
train/0000/dia420_utt2,0,0,0,1,0,0,0
train/0002/dia420_utt3,0,0,0,0,1,0,0
train/0000/dia420_utt4,0,1,0,0,0,0,0
train/0004/dia420_utt5,0,0,0,0,1,0,0
train/0000/dia420_utt6,0,0,0,0,1,0,0
train/0001/dia420_utt7,0,0,0,0,1,0,0
train/0004/dia421_utt0,0,0,0,0,1,0,0
train/0004/dia421_utt1,0,0,0,0,1,0,0
train/0004/dia421_utt2,0,0,0,0,1,0,0
train/0004/dia421_utt3,0,0,1,0,0,0,0
train/0004/dia421_utt4,0,0,1,0,0,0,0
train/0004/dia421_utt5,0,0,1,0,0,0,0
train/0002/dia421_utt6,0,0,0,0,1,0,0
train/0004/dia421_utt7,0,0,1,0,0,0,0
train/0002/dia421_utt8,0,0,0,0,1,0,0
train/0003/dia422_utt0,0,0,0,0,1,0,0
train/0000/dia422_utt1,0,0,0,0,1,0,0
train/0003/dia422_utt2,0,0,0,0,1,0,0
train/0000/dia422_utt3,0,0,0,0,1,0,0
train/0003/dia422_utt4,0,0,0,0,1,0,0
train/0000/dia422_utt5,0,0,0,0,1,0,0
train/0003/dia422_utt6,0,0,0,0,0,0,1
train/0000/dia422_utt7,0,0,0,0,1,0,0
train/0001/dia423_utt0,0,0,0,0,1,0,0
train/0001/dia423_utt1,0,0,0,0,1,0,0
train/0003/dia423_utt10,0,0,0,1,0,0,0
train/0001/dia423_utt2,0,0,0,0,1,0,0
train/0001/dia423_utt3,0,0,0,0,1,0,0
train/0001/dia423_utt4,0,0,0,0,1,0,0
train/0001/dia423_utt5,0,0,0,0,0,0,1
train/0001/dia423_utt6,1,0,0,0,0,0,0
train/0001/dia423_utt7,1,0,0,0,0,0,0
train/0003/dia423_utt8,0,0,0,0,1,0,0
train/0004/dia423_utt9,0,0,0,1,0,0,0
train/0006/dia424_utt0,0,0,0,1,0,0,0
train/0003/dia424_utt1,0,0,0,0,0,0,1
train/0006/dia424_utt10,0,0,0,0,1,0,0
train/0006/dia424_utt11,0,0,0,0,1,0,0
train/0006/dia424_utt12,1,0,0,0,0,0,0
train/0006/dia424_utt14,0,0,0,1,0,0,0
train/0000/dia424_utt15,0,0,0,1,0,0,0
train/0004/dia424_utt16,0,0,0,1,0,0,0
train/0006/dia424_utt2,0,0,0,0,1,0,0
train/0006/dia424_utt3,0,0,0,0,1,0,0
train/0006/dia424_utt4,0,0,0,0,1,0,0
train/0006/dia424_utt5,0,0,0,0,1,0,0
train/0006/dia424_utt6,0,0,0,0,1,0,0
train/0006/dia424_utt7,0,0,0,0,1,0,0
train/0000/dia424_utt8,0,0,0,0,1,0,0
train/0006/dia424_utt9,0,0,0,0,1,0,0
train/0000/dia425_utt0,0,0,0,0,1,0,0
train/0002/dia425_utt1,0,0,0,0,1,0,0
train/0002/dia425_utt2,0,0,0,0,0,1,0
train/0000/dia425_utt3,0,0,0,0,0,0,1
train/0002/dia425_utt4,0,0,0,0,0,0,1
train/0000/dia425_utt5,0,0,0,0,0,0,1
train/0000/dia426_utt0,0,0,0,0,1,0,0
train/0000/dia426_utt1,0,0,0,0,0,1,0
train/0000/dia426_utt2,1,0,0,0,0,0,0
train/0000/dia426_utt3,0,0,0,0,1,0,0
train/0000/dia426_utt4,0,0,0,0,1,0,0
train/0000/dia426_utt5,0,0,0,0,1,0,0
train/0000/dia426_utt6,0,0,0,0,1,0,0
train/0000/dia426_utt7,0,0,0,0,0,1,0
train/0001/dia427_utt0,0,0,0,0,0,1,0
train/0004/dia427_utt1,0,0,0,0,1,0,0
train/0003/dia428_utt0,0,0,0,0,1,0,0
train/0000/dia428_utt1,1,0,0,0,0,0,0
train/0003/dia428_utt2,0,0,0,1,0,0,0
train/0001/dia428_utt3,0,0,0,0,0,0,1
train/0003/dia428_utt4,1,0,0,0,0,0,0
train/0209/dia428_utt5,0,0,0,0,1,0,0
train/0002/dia428_utt6,1,0,0,0,0,0,0
train/0003/dia428_utt7,0,0,0,0,0,0,1
train/0003/dia428_utt8,0,0,0,0,0,1,0
train/0004/dia429_utt0,0,0,0,0,1,0,0
train/0003/dia429_utt1,0,0,0,0,1,0,0
train/0049/dia429_utt10,0,0,0,0,0,0,1
train/0003/dia429_utt11,0,0,0,0,1,0,0
train/0003/dia429_utt2,0,0,0,0,1,0,0
train/0003/dia429_utt3,0,0,0,0,1,0,0
train/0048/dia429_utt4,0,0,0,1,0,0,0
train/0003/dia429_utt5,0,0,0,0,1,0,0
train/0048/dia429_utt6,0,0,0,0,1,0,0
train/0048/dia429_utt7,0,0,0,0,1,0,0
train/0048/dia429_utt8,0,0,0,0,1,0,0
train/0003/dia429_utt9,0,0,0,0,0,0,1
train/0003/dia42_utt0,0,0,0,0,1,0,0
train/0210/dia42_utt1,0,0,0,0,0,0,1
train/0006/dia430_utt0,1,0,0,0,0,0,0
train/0000/dia430_utt1,0,0,0,0,1,0,0
train/0002/dia430_utt2,0,0,0,0,0,1,0
train/0000/dia430_utt3,1,0,0,0,0,0,0
train/0002/dia430_utt4,0,0,0,0,0,0,1
train/0000/dia430_utt5,0,0,0,0,1,0,0
train/0002/dia430_utt6,0,0,0,0,1,0,0
train/0000/dia430_utt7,0,0,0,0,0,0,1
train/0004/dia430_utt8,1,0,0,0,0,0,0
train/0016/dia431_utt0,0,0,0,1,0,0,0
train/0004/dia431_utt1,0,0,0,0,1,0,0
train/0000/dia431_utt10,0,0,0,0,0,0,1
train/0000/dia431_utt11,1,0,0,0,0,0,0
train/0000/dia431_utt12,1,0,0,0,0,0,0
train/0000/dia431_utt13,1,0,0,0,0,0,0
train/0003/dia431_utt14,1,0,0,0,0,0,0
train/0002/dia431_utt15,0,0,0,0,0,0,1
train/0002/dia431_utt16,1,0,0,0,0,0,0
train/0003/dia431_utt17,0,0,0,0,0,1,0
train/0000/dia431_utt18,0,1,0,0,0,0,0
train/0001/dia431_utt19,0,1,0,0,0,0,0
train/0000/dia431_utt2,0,0,0,0,1,0,0
train/0004/dia431_utt3,0,0,0,0,1,0,0
train/0000/dia431_utt4,0,0,0,0,1,0,0
train/0004/dia431_utt5,0,0,0,1,0,0,0
train/0000/dia431_utt6,1,0,0,0,0,0,0
train/0001/dia431_utt7,0,0,0,1,0,0,0
train/0004/dia431_utt8,0,0,0,1,0,0,0
train/0000/dia431_utt9,0,1,0,0,0,0,0
train/0000/dia432_utt0,0,0,0,0,1,0,0
train/0006/dia433_utt0,0,0,0,0,1,0,0
train/0002/dia433_utt1,0,0,0,0,1,0,0
train/0002/dia434_utt0,0,0,0,0,0,1,0
train/0002/dia434_utt1,0,0,0,0,0,1,0
train/0002/dia434_utt10,0,0,0,0,0,1,0
train/0006/dia434_utt11,0,0,0,0,1,0,0
train/0002/dia434_utt12,0,0,0,0,1,0,0
train/0006/dia434_utt13,0,0,0,0,1,0,0
train/0002/dia434_utt14,0,0,0,0,1,0,0
train/0002/dia434_utt2,0,0,0,0,0,1,0
train/0006/dia434_utt3,0,0,0,0,1,0,0
train/0006/dia434_utt4,0,0,0,0,1,0,0
train/0006/dia434_utt5,0,0,0,0,1,0,0
train/0006/dia434_utt6,0,0,0,1,0,0,0
train/0006/dia434_utt7,0,0,0,1,0,0,0
train/0002/dia434_utt8,0,0,0,0,1,0,0
train/0006/dia434_utt9,0,0,0,0,1,0,0
train/0036/dia435_utt0,0,0,0,0,1,0,0
train/0006/dia435_utt1,0,0,0,1,0,0,0
train/0002/dia435_utt2,0,0,0,1,0,0,0
train/0036/dia435_utt3,0,0,0,0,0,0,1
train/0105/dia435_utt4,0,0,0,0,0,0,1
train/0006/dia435_utt5,0,0,0,0,1,0,0
train/0211/dia435_utt6,0,0,0,1,0,0,0
train/0002/dia435_utt7,0,0,0,1,0,0,0
train/0211/dia435_utt8,0,0,0,1,0,0,0
train/0006/dia435_utt9,0,0,0,0,0,0,1
train/0004/dia436_utt0,0,0,0,1,0,0,0
train/0004/dia436_utt1,0,1,0,0,0,0,0
train/0004/dia436_utt2,1,0,0,0,0,0,0
train/0004/dia436_utt3,0,1,0,0,0,0,0
train/0002/dia436_utt4,0,0,0,0,1,0,0
train/0004/dia436_utt5,0,0,0,0,0,0,1
train/0003/dia437_utt0,1,0,0,0,0,0,0
train/0000/dia437_utt1,0,0,0,0,0,0,1
train/0004/dia437_utt2,0,0,0,0,1,0,0
train/0001/dia438_utt0,1,0,0,0,0,0,0
train/0145/dia438_utt1,0,0,0,0,1,0,0
train/0212/dia438_utt10,0,0,0,0,0,1,0
train/0145/dia438_utt11,0,0,0,0,1,0,0
train/0001/dia438_utt12,0,0,0,1,0,0,0
train/0145/dia438_utt13,0,0,0,0,1,0,0
train/0001/dia438_utt14,0,0,0,0,1,0,0
train/0145/dia438_utt15,0,0,0,0,1,0,0
train/0212/dia438_utt2,0,0,0,0,1,0,0
train/0001/dia438_utt3,0,0,0,0,0,0,1
train/0145/dia438_utt4,0,0,0,0,1,0,0
train/0145/dia438_utt5,0,0,0,0,1,0,0
train/0145/dia438_utt7,0,0,0,0,1,0,0
train/0212/dia438_utt8,0,0,0,0,1,0,0
train/0004/dia438_utt9,0,0,0,1,0,0,0
train/0005/dia439_utt0,0,0,0,0,1,0,0
train/0000/dia439_utt1,0,1,0,0,0,0,0
train/0000/dia439_utt2,0,0,0,0,1,0,0
train/0000/dia439_utt3,0,0,0,1,0,0,0
train/0000/dia439_utt4,0,0,0,0,0,0,1
train/0000/dia439_utt5,0,0,0,1,0,0,0
train/0005/dia439_utt6,0,0,0,0,1,0,0
train/0001/dia43_utt0,0,0,0,0,1,0,0
train/0002/dia43_utt1,0,0,0,0,1,0,0
train/0001/dia43_utt2,0,0,0,0,1,0,0
train/0002/dia43_utt3,0,0,0,0,1,0,0
train/0002/dia43_utt4,0,0,0,0,1,0,0
train/0001/dia43_utt5,0,0,0,0,1,0,0
train/0002/dia43_utt6,0,0,0,0,1,0,0
train/0000/dia440_utt0,0,0,0,0,1,0,0
train/0001/dia440_utt1,0,0,0,0,1,0,0
train/0001/dia440_utt10,0,0,0,0,1,0,0
train/0213/dia440_utt11,0,1,0,0,0,0,0
train/0002/dia440_utt12,0,0,0,0,1,0,0
train/0001/dia440_utt13,0,0,0,0,1,0,0
train/0000/dia440_utt2,0,0,0,1,0,0,0
train/0002/dia440_utt3,0,0,0,0,1,0,0
train/0001/dia440_utt4,0,0,0,0,1,0,0
train/0000/dia440_utt5,0,0,0,0,1,0,0
train/0002/dia440_utt6,0,0,0,0,1,0,0
train/0000/dia440_utt7,0,0,0,0,1,0,0
train/0001/dia440_utt8,0,0,0,0,1,0,0
train/0002/dia440_utt9,0,0,0,0,0,0,1
train/0006/dia441_utt0,0,0,0,0,1,0,0
train/0069/dia441_utt1,0,0,0,0,0,1,0
train/0214/dia441_utt2,0,0,0,0,1,0,0
train/0069/dia441_utt3,0,0,0,1,0,0,0
train/0069/dia441_utt4,0,0,0,0,1,0,0
train/0069/dia441_utt5,0,0,0,0,1,0,0
train/0069/dia441_utt6,0,0,0,0,1,0,0
train/0214/dia441_utt7,0,0,0,0,0,1,0
train/0069/dia441_utt8,0,0,0,0,1,0,0
train/0214/dia441_utt9,0,0,0,0,1,0,0
train/0004/dia442_utt0,0,0,0,1,0,0,0
train/0006/dia442_utt1,0,0,0,0,1,0,0
train/0003/dia442_utt2,0,0,0,0,1,0,0
train/0006/dia442_utt3,0,0,0,0,1,0,0
train/0003/dia442_utt4,0,1,0,0,0,0,0
train/0004/dia442_utt5,0,0,0,0,0,0,1
train/0001/dia443_utt0,0,0,0,1,0,0,0
train/0002/dia443_utt1,0,0,0,0,1,0,0
train/0001/dia443_utt2,0,0,0,0,1,0,0
train/0002/dia443_utt3,0,0,0,0,1,0,0
train/0000/dia443_utt4,0,0,0,0,1,0,0
train/0002/dia443_utt5,0,0,0,0,1,0,0
train/0000/dia443_utt6,0,0,0,0,1,0,0
train/0000/dia443_utt7,0,0,0,0,0,0,1
train/0052/dia444_utt0,0,0,0,0,0,0,1
train/0027/dia444_utt1,0,0,0,0,1,0,0
train/0052/dia444_utt2,0,0,0,0,1,0,0
train/0027/dia444_utt3,0,0,0,0,1,0,0
train/0052/dia444_utt4,0,0,0,0,1,0,0
train/0027/dia444_utt5,0,0,0,0,1,0,0
train/0052/dia444_utt6,0,0,0,0,1,0,0
train/0000/dia445_utt0,0,0,0,0,1,0,0
train/0002/dia445_utt1,0,0,0,0,0,0,1
train/0002/dia445_utt10,0,0,0,0,0,1,0
train/0150/dia445_utt11,0,0,0,0,1,0,0
train/0002/dia445_utt12,0,0,1,0,0,0,0
train/0150/dia445_utt13,1,0,0,0,0,0,0
train/0150/dia445_utt14,1,0,0,0,0,0,0
train/0150/dia445_utt15,1,0,0,0,0,0,0
train/0150/dia445_utt16,1,0,0,0,0,0,0
train/0150/dia445_utt17,1,0,0,0,0,0,0
train/0150/dia445_utt18,1,0,0,0,0,0,0
train/0150/dia445_utt19,1,0,0,0,0,0,0
train/0000/dia445_utt2,0,0,0,0,0,1,0
train/0002/dia445_utt20,0,0,0,0,0,1,0
train/0002/dia445_utt3,0,0,1,0,0,0,0
train/0150/dia445_utt4,0,0,0,0,1,0,0
train/0002/dia445_utt5,0,0,0,0,0,0,1
train/0150/dia445_utt6,0,0,0,0,1,0,0
train/0002/dia445_utt7,0,0,0,0,0,0,1
train/0150/dia445_utt8,0,0,0,1,0,0,0
train/0002/dia445_utt9,0,0,0,0,0,1,0
train/0000/dia446_utt0,0,0,0,0,0,0,1
train/0003/dia446_utt1,0,0,0,0,0,0,1
train/0003/dia446_utt10,0,0,0,0,0,0,1
train/0100/dia446_utt11,0,0,0,0,1,0,0
train/0001/dia446_utt12,0,0,0,1,0,0,0
train/0001/dia446_utt13,0,0,0,1,0,0,0
train/0001/dia446_utt14,1,0,0,0,0,0,0
train/0001/dia446_utt15,0,0,0,0,0,1,0
train/0001/dia446_utt16,0,0,0,0,0,1,0
train/0001/dia446_utt17,0,0,0,0,0,1,0
train/0001/dia446_utt18,0,0,0,0,0,1,0
train/0215/dia446_utt19,0,0,0,0,1,0,0
train/0000/dia446_utt2,0,0,0,0,1,0,0
train/0100/dia446_utt3,0,0,0,0,1,0,0
train/0000/dia446_utt4,0,0,0,0,1,0,0
train/0004/dia446_utt5,0,0,0,0,1,0,0
train/0003/dia446_utt6,0,0,0,0,1,0,0
train/0004/dia446_utt7,0,0,0,0,1,0,0
train/0100/dia446_utt8,0,0,0,0,1,0,0
train/0016/dia446_utt9,0,0,0,0,1,0,0
train/0000/dia447_utt0,0,0,0,0,1,0,0
train/0004/dia447_utt1,0,0,0,0,1,0,0
train/0004/dia447_utt2,0,0,0,1,0,0,0
train/0000/dia448_utt0,0,0,0,0,1,0,0
train/0002/dia448_utt1,1,0,0,0,0,0,0
train/0002/dia448_utt10,1,0,0,0,0,0,0
train/0000/dia448_utt11,0,0,0,0,1,0,0
train/0002/dia448_utt2,1,0,0,0,0,0,0
train/0002/dia448_utt3,1,0,0,0,0,0,0
train/0002/dia448_utt4,1,0,0,0,0,0,0
train/0001/dia448_utt5,1,0,0,0,0,0,0
train/0002/dia448_utt6,1,0,0,0,0,0,0
train/0000/dia448_utt7,0,0,0,1,0,0,0
train/0001/dia448_utt8,1,0,0,0,0,0,0
train/0002/dia448_utt9,1,0,0,0,0,0,0
train/0006/dia449_utt0,0,0,0,0,1,0,0
train/0006/dia449_utt1,0,0,0,0,1,0,0
train/0069/dia449_utt10,0,0,0,0,0,1,0
train/0006/dia449_utt11,0,0,0,1,0,0,0
train/0069/dia449_utt12,0,0,0,0,0,1,0
train/0006/dia449_utt13,0,0,0,0,1,0,0
train/0006/dia449_utt2,0,0,0,0,0,1,0
train/0006/dia449_utt3,0,0,0,0,0,1,0
train/0006/dia449_utt4,0,0,0,1,0,0,0
train/0069/dia449_utt5,0,0,0,0,1,0,0
train/0006/dia449_utt6,0,0,0,0,0,0,1
train/0069/dia449_utt7,0,0,0,0,0,1,0
train/0069/dia449_utt8,0,0,0,1,0,0,0
train/0069/dia449_utt9,0,0,0,0,0,1,0
train/0042/dia44_utt0,0,0,0,0,1,0,0
train/0006/dia44_utt1,0,0,0,0,0,0,1
train/0042/dia44_utt2,0,0,0,0,1,0,0
train/0000/dia450_utt0,0,0,0,0,1,0,0
train/0006/dia450_utt1,0,0,0,0,1,0,0
train/0001/dia450_utt10,0,0,0,1,0,0,0
train/0001/dia450_utt11,0,0,0,1,0,0,0
train/0002/dia450_utt12,0,0,0,0,0,0,1
train/0001/dia450_utt13,0,0,0,0,1,0,0
train/0000/dia450_utt14,0,0,0,0,1,0,0
train/0002/dia450_utt15,0,0,0,0,0,0,1
train/0000/dia450_utt16,0,0,0,0,1,0,0
train/0000/dia450_utt17,0,0,0,0,1,0,0
train/0000/dia450_utt18,0,0,0,0,1,0,0
train/0002/dia450_utt19,0,0,0,0,0,0,1
train/0001/dia450_utt2,0,0,0,0,1,0,0
train/0000/dia450_utt20,0,0,0,0,1,0,0
train/0001/dia450_utt21,0,0,0,0,1,0,0
train/0000/dia450_utt22,0,0,0,0,1,0,0
train/0000/dia450_utt23,0,0,0,0,1,0,0
train/0006/dia450_utt3,0,0,0,0,1,0,0
train/0002/dia450_utt4,0,0,0,0,1,0,0
train/0001/dia450_utt5,0,0,0,0,0,0,1
train/0002/dia450_utt6,0,0,0,0,1,0,0
train/0000/dia450_utt7,0,0,0,0,0,1,0
train/0001/dia450_utt8,0,0,0,0,0,0,1
train/0001/dia450_utt9,0,0,0,1,0,0,0
train/0073/dia451_utt0,0,0,0,0,1,0,0
train/0003/dia451_utt1,1,0,0,0,0,0,0
train/0001/dia451_utt2,0,0,0,1,0,0,0
train/0003/dia451_utt3,0,0,0,0,1,0,0
train/0001/dia451_utt4,1,0,0,0,0,0,0
train/0001/dia451_utt5,0,0,0,0,1,0,0
train/0001/dia451_utt6,0,0,0,0,1,0,0
train/0001/dia451_utt7,1,0,0,0,0,0,0
train/0004/dia452_utt0,0,0,0,0,1,0,0
train/0002/dia452_utt1,0,0,0,0,1,0,0
train/0004/dia452_utt2,0,0,0,0,1,0,0
train/0002/dia452_utt3,0,0,0,0,0,0,1
train/0004/dia452_utt4,0,0,0,0,1,0,0
train/0003/dia453_utt0,0,0,0,0,0,0,1
train/0004/dia453_utt1,0,0,0,0,0,0,1
train/0000/dia454_utt0,0,0,0,0,1,0,0
train/0002/dia454_utt1,0,1,0,0,0,0,0
train/0000/dia454_utt2,1,0,0,0,0,0,0
train/0142/dia455_utt0,0,0,0,0,1,0,0
train/0002/dia455_utt1,0,0,0,0,1,0,0
train/0142/dia455_utt10,0,0,0,1,0,0,0
train/0002/dia455_utt11,0,0,0,0,0,1,0
train/0142/dia455_utt12,0,0,0,0,1,0,0
train/0002/dia455_utt13,0,0,0,1,0,0,0
train/0142/dia455_utt14,0,0,0,0,1,0,0
train/0002/dia455_utt15,0,0,0,0,1,0,0
train/0142/dia455_utt16,0,0,0,0,1,0,0
train/0002/dia455_utt17,0,1,0,0,0,0,0
train/0002/dia455_utt2,0,0,0,0,1,0,0
train/0002/dia455_utt3,0,0,0,0,1,0,0
train/0002/dia455_utt4,0,0,0,0,1,0,0
train/0142/dia455_utt5,0,0,1,0,0,0,0
train/0002/dia455_utt6,0,0,0,0,0,0,1
train/0142/dia455_utt7,0,0,0,0,0,0,1
train/0142/dia455_utt8,1,0,0,0,0,0,0
train/0002/dia455_utt9,0,0,0,0,1,0,0
train/0000/dia456_utt0,0,0,0,1,0,0,0
train/0003/dia456_utt1,0,0,0,0,1,0,0
train/0000/dia456_utt10,0,0,0,0,1,0,0
train/0003/dia456_utt11,1,0,0,0,0,0,0
train/0000/dia456_utt2,1,0,0,0,0,0,0
train/0003/dia456_utt3,0,0,0,0,0,0,1
train/0000/dia456_utt4,0,0,0,0,0,1,0
train/0003/dia456_utt5,0,0,0,0,0,0,1
train/0000/dia456_utt6,1,0,0,0,0,0,0
train/0003/dia456_utt7,1,0,0,0,0,0,0
train/0000/dia456_utt8,1,0,0,0,0,0,0
train/0003/dia456_utt9,0,0,0,0,0,1,0
train/0002/dia457_utt0,0,0,0,0,1,0,0
train/0185/dia457_utt1,0,0,0,0,1,0,0
train/0216/dia457_utt10,0,0,0,0,1,0,0
train/0185/dia457_utt11,0,0,0,0,1,0,0
train/0002/dia457_utt12,0,0,0,0,0,0,1
train/0216/dia457_utt13,0,0,1,0,0,0,0
train/0002/dia457_utt2,1,0,0,0,0,0,0
train/0187/dia457_utt3,0,0,0,0,1,0,0
train/0185/dia457_utt4,0,0,0,0,1,0,0
train/0002/dia457_utt5,0,0,0,0,0,0,1
train/0185/dia457_utt6,0,0,0,1,0,0,0
train/0185/dia457_utt7,0,0,0,0,0,1,0
train/0185/dia457_utt8,0,0,0,0,0,1,0
train/0002/dia457_utt9,0,0,0,0,1,0,0
train/0002/dia458_utt0,0,0,0,0,0,0,1
train/0001/dia459_utt0,0,0,0,0,1,0,0
train/0002/dia459_utt1,1,0,0,0,0,0,0
train/0002/dia459_utt10,0,0,0,0,0,0,1
train/0001/dia459_utt11,1,0,0,0,0,0,0
train/0001/dia459_utt2,0,0,0,1,0,0,0
train/0002/dia459_utt3,1,0,0,0,0,0,0
train/0217/dia459_utt4,0,0,0,0,1,0,0
train/0217/dia459_utt5,0,0,0,0,1,0,0
train/0002/dia459_utt6,0,0,0,0,1,0,0
train/0217/dia459_utt7,0,0,0,0,1,0,0
train/0002/dia459_utt8,0,0,0,0,1,0,0
train/0217/dia459_utt9,0,0,0,0,1,0,0
train/0004/dia45_utt0,0,0,0,0,0,1,0
train/0003/dia45_utt1,0,1,0,0,0,0,0
train/0004/dia45_utt2,0,0,0,0,1,0,0
train/0003/dia45_utt3,1,0,0,0,0,0,0
train/0004/dia45_utt4,0,0,0,0,1,0,0
train/0004/dia460_utt0,0,0,1,0,0,0,0
train/0000/dia460_utt1,0,0,0,0,1,0,0
train/0004/dia460_utt2,0,0,1,0,0,0,0
train/0000/dia460_utt3,0,0,0,1,0,0,0
train/0000/dia461_utt0,0,0,0,0,1,0,0
train/0003/dia461_utt1,0,0,0,0,1,0,0
train/0189/dia461_utt2,0,0,0,0,1,0,0
train/0000/dia461_utt3,0,0,0,0,1,0,0
train/0003/dia462_utt0,0,0,0,0,0,0,1
train/0004/dia462_utt1,0,0,0,0,0,0,1
train/0004/dia462_utt10,0,0,0,0,1,0,0
train/0004/dia462_utt3,0,0,0,0,1,0,0
train/0004/dia462_utt5,0,0,0,0,1,0,0
train/0003/dia462_utt6,0,0,0,0,0,0,1
train/0004/dia462_utt7,0,0,0,0,1,0,0
train/0003/dia462_utt8,0,0,0,0,0,0,1
train/0004/dia462_utt9,0,0,0,0,1,0,0
train/0002/dia463_utt0,0,0,0,1,0,0,0
train/0003/dia463_utt1,1,0,0,0,0,0,0
train/0003/dia463_utt10,1,0,0,0,0,0,0
train/0002/dia463_utt11,0,0,0,0,1,0,0
train/0003/dia463_utt12,0,0,0,0,1,0,0
train/0002/dia463_utt13,0,0,0,0,1,0,0
train/0002/dia463_utt2,0,0,0,0,1,0,0
train/0003/dia463_utt3,0,0,0,0,0,1,0
train/0002/dia463_utt4,0,0,0,0,0,0,1
train/0003/dia463_utt5,1,0,0,0,0,0,0
train/0002/dia463_utt6,0,0,0,0,1,0,0
train/0002/dia463_utt7,0,0,0,0,1,0,0
train/0002/dia463_utt8,0,0,0,0,0,0,1
train/0002/dia463_utt9,0,0,0,1,0,0,0
train/0038/dia464_utt0,0,0,0,0,1,0,0
train/0002/dia464_utt1,0,0,0,0,0,0,1
train/0002/dia464_utt10,0,0,0,0,1,0,0
train/0002/dia464_utt11,0,0,0,1,0,0,0
train/0002/dia464_utt12,0,0,0,0,1,0,0
train/0002/dia464_utt13,0,0,0,0,1,0,0
train/0002/dia464_utt14,0,0,0,1,0,0,0
train/0003/dia464_utt15,0,0,0,0,0,0,1
train/0002/dia464_utt16,0,0,0,1,0,0,0
train/0003/dia464_utt17,0,0,0,0,0,1,0
train/0002/dia464_utt18,0,0,0,0,0,1,0
train/0002/dia464_utt19,0,0,0,0,1,0,0
train/0038/dia464_utt2,0,0,0,0,1,0,0
train/0001/dia464_utt20,1,0,0,0,0,0,0
train/0002/dia464_utt3,0,0,0,0,0,0,1
train/0006/dia464_utt4,0,0,0,0,1,0,0
train/0002/dia464_utt5,0,0,0,1,0,0,0
train/0003/dia464_utt6,0,0,0,1,0,0,0
train/0002/dia464_utt7,0,0,0,0,1,0,0
train/0004/dia464_utt8,0,0,0,0,1,0,0
train/0003/dia464_utt9,0,0,0,0,1,0,0
train/0000/dia465_utt0,0,0,0,0,1,0,0
train/0004/dia465_utt1,0,0,0,0,1,0,0
train/0001/dia465_utt2,0,1,0,0,0,0,0
train/0004/dia465_utt3,0,0,0,0,0,1,0
train/0001/dia465_utt4,0,0,0,0,1,0,0
train/0208/dia465_utt5,0,0,0,0,0,0,1
train/0004/dia466_utt0,0,0,0,0,0,0,1
train/0003/dia466_utt1,0,0,0,1,0,0,0
train/0003/dia466_utt10,0,0,0,0,1,0,0
train/0006/dia466_utt11,1,0,0,0,0,0,0
train/0006/dia466_utt12,1,0,0,0,0,0,0
train/0218/dia466_utt13,1,0,0,0,0,0,0
train/0006/dia466_utt14,1,0,0,0,0,0,0
train/0006/dia466_utt15,1,0,0,0,0,0,0
train/0004/dia466_utt2,0,0,0,0,0,0,1
train/0003/dia466_utt3,0,1,0,0,0,0,0
train/0219/dia466_utt4,0,0,0,0,1,0,0
train/0218/dia466_utt5,0,0,0,0,1,0,0
train/0003/dia466_utt6,0,0,0,1,0,0,0
train/0006/dia466_utt7,0,1,0,0,0,0,0
train/0004/dia466_utt8,0,0,0,0,1,0,0
train/0006/dia466_utt9,1,0,0,0,0,0,0
train/0002/dia467_utt0,0,0,0,1,0,0,0
train/0001/dia467_utt1,0,0,0,0,1,0,0
train/0002/dia467_utt2,0,0,0,0,1,0,0
train/0000/dia468_utt0,0,0,0,0,1,0,0
train/0001/dia468_utt1,1,0,0,0,0,0,0
train/0000/dia468_utt2,0,0,0,0,0,0,1
train/0001/dia468_utt3,0,0,0,1,0,0,0
train/0000/dia468_utt4,0,0,0,1,0,0,0
train/0001/dia468_utt5,0,0,0,1,0,0,0
train/0039/dia468_utt6,0,0,0,1,0,0,0
train/0001/dia468_utt7,0,0,0,0,1,0,0
train/0000/dia468_utt8,0,0,0,1,0,0,0
train/0001/dia468_utt9,0,0,0,0,0,0,1
train/0002/dia469_utt0,0,0,0,0,1,0,0
train/0220/dia469_utt1,0,0,0,1,0,0,0
train/0001/dia46_utt0,0,0,0,1,0,0,0
train/0004/dia46_utt1,0,0,0,0,0,0,1
train/0004/dia46_utt10,0,0,0,0,1,0,0
train/0001/dia46_utt11,0,0,1,0,0,0,0
train/0003/dia46_utt12,0,0,0,1,0,0,0
train/0004/dia46_utt13,0,0,0,0,0,0,1
train/0003/dia46_utt14,0,0,0,1,0,0,0
train/0001/dia46_utt2,1,0,0,0,0,0,0
train/0000/dia46_utt3,0,0,0,0,0,0,1
train/0002/dia46_utt4,0,0,0,0,1,0,0
train/0004/dia46_utt5,0,0,0,0,1,0,0
train/0002/dia46_utt6,1,0,0,0,0,0,0
train/0004/dia46_utt7,0,0,0,0,0,0,1
train/0003/dia46_utt8,0,0,0,1,0,0,0
train/0001/dia46_utt9,0,0,0,1,0,0,0
train/0142/dia470_utt0,0,0,0,0,1,0,0
train/0002/dia471_utt0,0,1,0,0,0,0,0
train/0006/dia471_utt1,0,1,0,0,0,0,0
train/0142/dia471_utt2,0,0,0,0,1,0,0
train/0036/dia471_utt3,0,0,0,0,1,0,0
train/0006/dia471_utt4,0,0,0,1,0,0,0
train/0002/dia471_utt5,0,0,0,0,1,0,0
train/0006/dia471_utt6,0,0,0,0,1,0,0
train/0006/dia472_utt1,0,0,0,0,1,0,0
train/0002/dia472_utt2,0,0,1,0,0,0,0
train/0001/dia473_utt0,0,0,0,0,1,0,0
train/0002/dia473_utt1,0,0,0,0,1,0,0
train/0001/dia473_utt2,1,0,0,0,0,0,0
train/0000/dia473_utt3,0,0,1,0,0,0,0
train/0003/dia473_utt4,0,0,0,0,1,0,0
train/0001/dia474_utt0,0,0,0,1,0,0,0
train/0002/dia474_utt1,0,0,0,0,0,1,0
train/0001/dia474_utt10,0,0,0,0,0,1,0
train/0001/dia474_utt11,0,0,0,1,0,0,0
train/0001/dia474_utt12,0,0,0,1,0,0,0
train/0002/dia474_utt13,0,0,0,0,0,0,1
train/0001/dia474_utt14,0,0,0,1,0,0,0
train/0001/dia474_utt15,0,0,0,1,0,0,0
train/0002/dia474_utt16,0,0,0,0,0,1,0
train/0004/dia474_utt17,0,0,0,1,0,0,0
train/0002/dia474_utt18,0,0,0,0,1,0,0
train/0001/dia474_utt2,0,0,0,1,0,0,0
train/0002/dia474_utt3,0,0,0,0,0,1,0
train/0000/dia474_utt4,0,0,0,0,1,0,0
train/0001/dia474_utt5,0,0,0,0,0,0,1
train/0000/dia474_utt6,0,0,0,0,1,0,0
train/0002/dia474_utt7,0,0,0,0,0,1,0
train/0000/dia474_utt8,0,0,0,0,0,1,0
train/0002/dia474_utt9,0,0,0,0,0,1,0
train/0001/dia475_utt0,1,0,0,0,0,0,0
train/0000/dia475_utt1,0,0,0,0,1,0,0
train/0001/dia475_utt10,0,0,0,0,1,0,0
train/0003/dia475_utt11,0,0,0,0,1,0,0
train/0001/dia475_utt12,0,0,0,0,0,0,1
train/0003/dia475_utt13,0,0,0,0,0,0,1
train/0001/dia475_utt14,0,0,0,0,0,0,1
train/0000/dia475_utt15,0,0,0,0,1,0,0
train/0001/dia475_utt16,0,0,0,0,1,0,0
train/0000/dia475_utt2,0,0,0,0,1,0,0
train/0000/dia475_utt3,0,0,0,1,0,0,0
train/0001/dia475_utt4,0,0,0,0,1,0,0
train/0073/dia475_utt5,0,0,0,0,1,0,0
train/0001/dia475_utt6,0,0,0,0,0,0,1
train/0003/dia475_utt7,0,0,0,1,0,0,0
train/0001/dia475_utt8,0,0,0,0,1,0,0
train/0003/dia475_utt9,0,0,0,0,1,0,0
train/0006/dia476_utt0,0,0,0,0,0,1,0
train/0001/dia476_utt1,0,0,0,0,1,0,0
train/0006/dia476_utt10,0,0,1,0,0,0,0
train/0000/dia476_utt11,0,0,0,0,0,1,0
train/0006/dia476_utt2,0,0,0,0,1,0,0
train/0000/dia476_utt3,0,0,0,0,0,0,1
train/0001/dia476_utt4,0,0,0,0,0,1,0
train/0000/dia476_utt5,0,0,0,0,0,0,1
train/0006/dia476_utt6,0,0,0,0,1,0,0
train/0000/dia476_utt7,0,0,1,0,0,0,0
train/0001/dia476_utt8,0,0,0,0,1,0,0
train/0000/dia476_utt9,0,0,0,0,0,0,1
train/0006/dia477_utt0,0,0,0,0,1,0,0
train/0001/dia477_utt1,0,0,0,0,1,0,0
train/0000/dia477_utt10,0,1,0,0,0,0,0
train/0003/dia477_utt11,0,0,0,0,1,0,0
train/0006/dia477_utt12,0,0,0,0,1,0,0
train/0004/dia477_utt13,0,0,0,1,0,0,0
train/0006/dia477_utt14,0,0,0,0,1,0,0
train/0003/dia477_utt15,1,0,0,0,0,0,0
train/0003/dia477_utt16,0,0,0,0,1,0,0
train/0003/dia477_utt17,0,0,0,0,1,0,0
train/0004/dia477_utt18,0,0,0,0,1,0,0
train/0006/dia477_utt2,0,0,0,0,1,0,0
train/0001/dia477_utt3,0,0,1,0,0,0,0
train/0000/dia477_utt4,0,0,0,0,1,0,0
train/0006/dia477_utt5,0,0,0,1,0,0,0
train/0000/dia477_utt6,0,0,0,0,0,1,0
train/0006/dia477_utt7,0,0,0,1,0,0,0
train/0000/dia477_utt8,0,0,0,0,1,0,0
train/0006/dia477_utt9,0,0,0,1,0,0,0
train/0003/dia478_utt0,0,0,0,0,1,0,0
train/0004/dia478_utt1,0,0,0,0,0,0,1
train/0001/dia478_utt10,1,0,0,0,0,0,0
train/0003/dia478_utt11,0,0,0,0,1,0,0
train/0001/dia478_utt12,0,0,0,0,0,1,0
train/0004/dia478_utt13,0,0,0,1,0,0,0
train/0001/dia478_utt2,0,0,0,1,0,0,0
train/0004/dia478_utt3,0,0,0,0,1,0,0
train/0001/dia478_utt4,0,0,0,0,1,0,0
train/0003/dia478_utt5,0,0,0,0,1,0,0
train/0003/dia478_utt6,0,0,0,0,1,0,0
train/0004/dia478_utt7,0,0,0,0,1,0,0
train/0001/dia478_utt8,0,0,0,0,1,0,0
train/0003/dia478_utt9,0,0,0,0,1,0,0
train/0003/dia479_utt0,0,0,0,1,0,0,0
train/0054/dia479_utt1,0,0,0,0,1,0,0
train/0054/dia479_utt10,0,1,0,0,0,0,0
train/0003/dia479_utt11,0,0,0,0,1,0,0
train/0003/dia479_utt2,0,0,0,0,1,0,0
train/0054/dia479_utt3,0,0,0,0,1,0,0
train/0054/dia479_utt4,1,0,0,0,0,0,0
train/0054/dia479_utt5,0,0,0,0,0,0,1
train/0054/dia479_utt6,0,0,0,0,0,0,1
train/0003/dia479_utt7,0,1,0,0,0,0,0
train/0054/dia479_utt8,0,1,0,0,0,0,0
train/0003/dia479_utt9,0,1,0,0,0,0,0
train/0003/dia47_utt0,0,0,0,0,1,0,0
train/0004/dia47_utt1,0,0,0,0,1,0,0
train/0003/dia47_utt11,0,0,0,0,0,0,1
train/0004/dia47_utt12,0,0,0,0,1,0,0
train/0003/dia47_utt13,0,0,0,0,0,0,1
train/0004/dia47_utt14,0,0,0,0,1,0,0
train/0004/dia47_utt15,0,0,0,1,0,0,0
train/0004/dia47_utt16,0,0,0,1,0,0,0
train/0003/dia47_utt17,0,0,0,0,1,0,0
train/0004/dia47_utt2,0,0,0,0,1,0,0
train/0004/dia47_utt3,0,0,0,0,1,0,0
train/0004/dia47_utt4,0,0,0,0,1,0,0
train/0004/dia47_utt5,0,0,0,0,1,0,0
train/0004/dia47_utt6,0,0,0,0,1,0,0
train/0004/dia47_utt7,0,0,0,1,0,0,0
train/0004/dia47_utt8,0,0,0,0,1,0,0
train/0003/dia47_utt9,0,0,0,0,1,0,0
train/0006/dia480_utt0,0,0,0,1,0,0,0
train/0038/dia480_utt1,0,0,0,1,0,0,0
train/0038/dia480_utt2,0,0,0,0,1,0,0
train/0006/dia480_utt3,0,0,0,0,1,0,0
train/0038/dia480_utt4,0,0,0,0,0,0,1
train/0006/dia480_utt5,0,0,0,0,0,0,1
train/0038/dia480_utt6,0,0,0,0,1,0,0
train/0006/dia480_utt7,0,0,0,0,1,0,0
train/0038/dia480_utt8,0,0,0,0,1,0,0
train/0006/dia480_utt9,1,0,0,0,0,0,0
train/0001/dia481_utt0,0,0,0,0,0,0,1
train/0002/dia481_utt1,0,0,0,1,0,0,0
train/0001/dia481_utt10,0,0,0,0,1,0,0
train/0002/dia481_utt11,0,0,0,0,1,0,0
train/0001/dia481_utt12,1,0,0,0,0,0,0
train/0002/dia481_utt13,0,0,0,0,0,1,0
train/0001/dia481_utt14,0,0,0,0,0,0,1
train/0002/dia481_utt2,0,0,0,1,0,0,0
train/0002/dia481_utt3,0,0,0,0,0,0,1
train/0001/dia481_utt4,0,0,0,0,0,0,1
train/0002/dia481_utt5,0,0,0,0,1,0,0
train/0001/dia481_utt6,0,0,0,0,1,0,0
train/0002/dia481_utt7,0,0,0,0,1,0,0
train/0001/dia481_utt8,0,0,0,0,0,0,1
train/0002/dia481_utt9,0,0,0,0,1,0,0
train/0000/dia482_utt0,0,0,0,0,0,0,1
train/0000/dia482_utt1,0,0,0,0,0,0,1
train/0221/dia482_utt10,0,0,0,0,1,0,0
train/0000/dia482_utt11,0,0,0,0,0,0,1
train/0000/dia482_utt12,0,0,0,0,0,0,1
train/0000/dia482_utt13,0,0,0,0,0,0,1
train/0000/dia482_utt14,0,0,0,0,1,0,0
train/0000/dia482_utt15,0,0,0,1,0,0,0
train/0000/dia482_utt16,0,0,0,0,0,0,1
train/0000/dia482_utt17,0,0,0,1,0,0,0
train/0221/dia482_utt2,1,0,0,0,0,0,0
train/0000/dia482_utt3,0,0,0,0,1,0,0
train/0221/dia482_utt4,0,0,0,0,1,0,0
train/0000/dia482_utt5,0,0,1,0,0,0,0
train/0221/dia482_utt6,0,1,0,0,0,0,0
train/0000/dia482_utt7,1,0,0,0,0,0,0
train/0221/dia482_utt8,0,0,0,0,1,0,0
train/0000/dia482_utt9,1,0,0,0,0,0,0
train/0006/dia483_utt0,0,0,0,0,1,0,0
train/0003/dia483_utt1,1,0,0,0,0,0,0
train/0004/dia483_utt10,0,0,0,0,1,0,0
train/0006/dia483_utt11,0,0,0,0,1,0,0
train/0000/dia483_utt12,0,0,0,0,1,0,0
train/0006/dia483_utt13,0,0,0,0,1,0,0
train/0000/dia483_utt14,0,0,0,0,1,0,0
train/0004/dia483_utt15,0,0,0,0,0,0,1
train/0006/dia483_utt2,0,0,0,0,1,0,0
train/0004/dia483_utt3,0,0,0,0,0,0,1
train/0003/dia483_utt4,0,0,0,0,0,0,1
train/0004/dia483_utt5,0,0,0,0,1,0,0
train/0003/dia483_utt6,1,0,0,0,0,0,0
train/0001/dia483_utt7,0,0,0,0,1,0,0
train/0004/dia483_utt8,1,0,0,0,0,0,0
train/0004/dia483_utt9,1,0,0,0,0,0,0
train/0218/dia484_utt0,0,0,0,0,1,0,0
train/0004/dia484_utt1,0,0,0,0,1,0,0
train/0218/dia484_utt2,0,0,0,0,1,0,0
train/0006/dia485_utt0,0,0,0,1,0,0,0
train/0003/dia486_utt0,0,0,0,0,1,0,0
train/0004/dia486_utt1,0,0,0,0,1,0,0
train/0004/dia486_utt10,1,0,0,0,0,0,0
train/0004/dia486_utt11,0,0,1,0,0,0,0
train/0004/dia486_utt12,1,0,0,0,0,0,0
train/0004/dia486_utt13,1,0,0,0,0,0,0
train/0003/dia486_utt14,0,0,0,0,0,1,0
train/0004/dia486_utt15,0,0,0,0,0,1,0
train/0003/dia486_utt16,0,0,0,0,1,0,0
train/0004/dia486_utt17,0,0,0,1,0,0,0
train/0003/dia486_utt2,0,0,0,0,1,0,0
train/0004/dia486_utt3,0,0,0,0,1,0,0
train/0003/dia486_utt4,0,0,0,0,1,0,0
train/0004/dia486_utt5,0,0,0,0,1,0,0
train/0003/dia486_utt6,0,0,0,0,1,0,0
train/0004/dia486_utt7,0,0,0,0,0,0,1
train/0003/dia486_utt8,0,0,0,0,1,0,0
train/0004/dia486_utt9,0,0,0,0,0,0,1
train/0001/dia487_utt0,0,0,0,0,0,0,1
train/0003/dia488_utt0,0,0,0,1,0,0,0
train/0003/dia488_utt1,0,0,0,0,1,0,0
train/0001/dia488_utt2,0,0,0,0,1,0,0
train/0003/dia488_utt3,0,0,0,0,1,0,0
train/0001/dia488_utt4,0,0,0,0,1,0,0
train/0003/dia488_utt5,0,0,0,0,1,0,0
train/0002/dia489_utt0,0,0,0,1,0,0,0
train/0006/dia489_utt1,0,0,0,1,0,0,0
train/0001/dia489_utt2,0,0,0,0,1,0,0
train/0016/dia489_utt3,0,0,0,0,1,0,0
train/0006/dia489_utt4,0,0,0,0,1,0,0
train/0002/dia48_utt0,0,0,0,0,1,0,0
train/0001/dia490_utt0,0,0,0,0,1,0,0
train/0000/dia491_utt0,0,0,0,0,1,0,0
train/0001/dia491_utt1,0,0,0,0,0,1,0
train/0006/dia491_utt2,0,0,0,0,0,1,0
train/0001/dia492_utt0,0,0,0,1,0,0,0
train/0006/dia492_utt1,0,0,0,0,1,0,0
train/0004/dia492_utt2,0,0,0,0,1,0,0
train/0002/dia492_utt3,0,0,0,0,1,0,0
train/0002/dia493_utt0,0,0,0,0,0,1,0
train/0001/dia493_utt1,0,0,0,0,0,0,1
train/0002/dia493_utt10,0,0,0,0,1,0,0
train/0001/dia493_utt11,0,0,0,0,1,0,0
train/0002/dia493_utt12,1,0,0,0,0,0,0
train/0002/dia493_utt2,0,0,0,0,1,0,0
train/0001/dia493_utt3,0,0,0,0,1,0,0
train/0002/dia493_utt4,0,0,0,0,1,0,0
train/0001/dia493_utt5,0,0,0,0,1,0,0
train/0001/dia493_utt6,0,0,0,0,1,0,0
train/0002/dia493_utt7,0,0,0,1,0,0,0
train/0002/dia493_utt8,0,0,0,0,1,0,0
train/0002/dia493_utt9,0,0,0,1,0,0,0
train/0000/dia494_utt0,0,0,0,0,1,0,0
train/0000/dia495_utt0,0,0,0,0,1,0,0
train/0001/dia495_utt1,0,0,0,0,1,0,0
train/0000/dia495_utt2,1,0,0,0,0,0,0
train/0002/dia496_utt0,0,0,0,0,1,0,0
train/0000/dia496_utt1,0,0,0,0,1,0,0
train/0002/dia496_utt10,1,0,0,0,0,0,0
train/0000/dia496_utt11,0,0,1,0,0,0,0
train/0002/dia496_utt12,1,0,0,0,0,0,0
train/0000/dia496_utt13,0,0,0,1,0,0,0
train/0001/dia496_utt14,0,0,0,0,1,0,0
train/0002/dia496_utt2,0,0,0,0,0,1,0
train/0000/dia496_utt3,0,0,0,0,1,0,0
train/0000/dia496_utt4,0,0,0,0,1,0,0
train/0000/dia496_utt5,0,0,0,0,1,0,0
train/0002/dia496_utt6,0,0,0,0,1,0,0
train/0001/dia496_utt7,1,0,0,0,0,0,0
train/0001/dia496_utt8,0,0,1,0,0,0,0
train/0001/dia496_utt9,0,0,0,0,1,0,0
train/0004/dia497_utt0,0,0,0,0,1,0,0
train/0003/dia497_utt1,1,0,0,0,0,0,0
train/0004/dia497_utt2,0,0,0,0,0,1,0
train/0001/dia498_utt0,0,0,0,0,1,0,0
train/0001/dia498_utt1,0,0,0,0,1,0,0
train/0001/dia498_utt2,0,0,0,1,0,0,0
train/0001/dia498_utt3,0,0,0,0,0,0,1
train/0001/dia498_utt4,0,0,0,0,0,0,1
train/0001/dia498_utt5,1,0,0,0,0,0,0
train/0001/dia498_utt6,1,0,0,0,0,0,0
train/0001/dia498_utt7,1,0,0,0,0,0,0
train/0001/dia498_utt8,0,0,0,0,1,0,0
train/0002/dia499_utt0,0,0,0,1,0,0,0
train/0000/dia499_utt1,0,0,0,1,0,0,0
train/0002/dia499_utt10,0,0,0,0,1,0,0
train/0000/dia499_utt11,0,0,0,0,1,0,0
train/0002/dia499_utt12,0,0,0,0,1,0,0
train/0000/dia499_utt15,0,0,0,1,0,0,0
train/0002/dia499_utt16,0,0,0,0,0,0,1
train/0000/dia499_utt17,0,0,0,1,0,0,0
train/0002/dia499_utt18,0,0,0,0,0,0,1
train/0000/dia499_utt19,0,0,0,0,1,0,0
train/0002/dia499_utt2,0,0,0,0,1,0,0
train/0002/dia499_utt20,0,0,0,0,0,0,1
train/0004/dia499_utt21,0,0,0,0,1,0,0
train/0002/dia499_utt3,0,0,0,1,0,0,0
train/0002/dia499_utt4,0,0,0,0,1,0,0
train/0000/dia499_utt5,0,0,0,0,1,0,0
train/0002/dia499_utt6,0,0,0,0,1,0,0
train/0000/dia499_utt7,0,0,0,0,1,0,0
train/0002/dia499_utt8,0,0,0,1,0,0,0
train/0000/dia499_utt9,0,0,0,0,1,0,0
train/0006/dia49_utt0,0,0,0,0,1,0,0
train/0006/dia49_utt1,0,0,0,0,1,0,0
train/0003/dia49_utt10,0,0,0,0,1,0,0
train/0004/dia49_utt11,0,0,0,0,1,0,0
train/0003/dia49_utt12,0,0,0,0,0,1,0
train/0004/dia49_utt13,0,0,0,0,0,0,1
train/0003/dia49_utt14,0,0,0,0,1,0,0
train/0001/dia49_utt15,0,0,0,0,0,0,1
train/0006/dia49_utt16,0,0,0,0,1,0,0
train/0003/dia49_utt17,0,0,0,0,1,0,0
train/0006/dia49_utt18,0,0,0,0,0,0,1
train/0003/dia49_utt19,0,0,0,0,1,0,0
train/0006/dia49_utt2,1,0,0,0,0,0,0
train/0001/dia49_utt20,0,0,0,0,0,0,1
train/0004/dia49_utt21,1,0,0,0,0,0,0
train/0001/dia49_utt3,0,0,0,1,0,0,0
train/0006/dia49_utt4,0,0,1,0,0,0,0
train/0004/dia49_utt5,0,0,0,0,1,0,0
train/0004/dia49_utt6,0,0,0,0,1,0,0
train/0004/dia49_utt7,0,0,0,0,1,0,0
train/0004/dia49_utt8,0,0,0,0,1,0,0
train/0001/dia49_utt9,0,0,0,1,0,0,0
train/0002/dia4_utt0,0,0,0,0,0,0,1
train/0006/dia4_utt1,0,0,0,1,0,0,0
train/0002/dia4_utt10,0,0,0,1,0,0,0
train/0006/dia4_utt11,0,0,0,0,0,1,0
train/0002/dia4_utt12,0,0,0,0,1,0,0
train/0006/dia4_utt13,0,0,0,0,1,0,0
train/0002/dia4_utt14,0,0,0,0,1,0,0
train/0002/dia4_utt2,0,0,0,0,0,0,1
train/0006/dia4_utt3,0,0,0,0,1,0,0
train/0002/dia4_utt4,0,0,0,0,1,0,0
train/0006/dia4_utt5,0,0,0,0,1,0,0
train/0002/dia4_utt6,0,0,0,0,1,0,0
train/0006/dia4_utt7,0,0,0,0,1,0,0
train/0002/dia4_utt8,0,0,0,1,0,0,0
train/0006/dia4_utt9,0,0,0,1,0,0,0
train/0003/dia500_utt0,0,0,0,0,1,0,0
train/0004/dia500_utt1,0,0,0,1,0,0,0
train/0038/dia501_utt0,0,0,0,0,1,0,0
train/0002/dia501_utt1,0,0,0,1,0,0,0
train/0038/dia501_utt10,0,0,0,0,1,0,0
train/0002/dia501_utt11,0,0,0,0,0,0,1
train/0038/dia501_utt12,0,0,0,0,1,0,0
train/0038/dia501_utt2,0,0,0,1,0,0,0
train/0002/dia501_utt3,0,0,0,1,0,0,0
train/0038/dia501_utt4,0,0,0,1,0,0,0
train/0002/dia501_utt5,0,1,0,0,0,0,0
train/0038/dia501_utt6,0,0,0,0,1,0,0
train/0002/dia501_utt7,0,0,0,0,1,0,0
train/0038/dia501_utt8,0,0,0,0,0,0,1
train/0002/dia501_utt9,0,0,0,0,0,0,1
train/0001/dia502_utt0,0,0,0,1,0,0,0
train/0000/dia502_utt1,0,0,0,0,1,0,0
train/0002/dia502_utt2,0,0,0,1,0,0,0
train/0001/dia503_utt0,0,0,0,0,0,0,1
train/0003/dia503_utt1,0,0,0,1,0,0,0
train/0222/dia503_utt10,0,0,0,0,1,0,0
train/0001/dia503_utt11,1,0,0,0,0,0,0
train/0003/dia503_utt12,0,0,0,1,0,0,0
train/0001/dia503_utt13,0,0,0,0,1,0,0
train/0003/dia503_utt14,0,0,0,0,1,0,0
train/0001/dia503_utt15,0,0,0,0,1,0,0
train/0001/dia503_utt2,0,0,0,0,0,0,1
train/0003/dia503_utt3,0,0,0,1,0,0,0
train/0001/dia503_utt4,0,0,0,1,0,0,0
train/0003/dia503_utt5,0,0,0,1,0,0,0
train/0003/dia503_utt6,0,0,0,0,1,0,0
train/0001/dia503_utt7,0,0,0,1,0,0,0
train/0003/dia503_utt8,0,0,0,1,0,0,0
train/0003/dia503_utt9,1,0,0,0,0,0,0
train/0004/dia504_utt0,0,0,0,1,0,0,0
train/0001/dia504_utt1,0,0,0,1,0,0,0
train/0004/dia504_utt10,0,0,0,0,1,0,0
train/0004/dia504_utt11,0,0,0,0,0,0,1
train/0004/dia504_utt12,1,0,0,0,0,0,0
train/0004/dia504_utt13,1,0,0,0,0,0,0
train/0003/dia504_utt2,0,0,0,0,1,0,0
train/0000/dia504_utt3,0,0,0,0,1,0,0
train/0004/dia504_utt4,0,0,0,0,1,0,0
train/0002/dia504_utt5,0,0,0,0,1,0,0
train/0004/dia504_utt6,0,0,0,0,0,0,1
train/0001/dia504_utt7,0,0,0,0,1,0,0
train/0004/dia504_utt8,0,0,0,1,0,0,0
train/0004/dia504_utt9,0,0,0,0,1,0,0
train/0006/dia505_utt0,0,0,0,0,0,0,1
train/0000/dia505_utt1,0,0,0,0,1,0,0
train/0006/dia505_utt10,0,0,0,0,1,0,0
train/0000/dia505_utt11,0,0,0,0,1,0,0
train/0006/dia505_utt12,1,0,0,0,0,0,0
train/0000/dia505_utt13,0,0,0,0,1,0,0
train/0006/dia505_utt14,1,0,0,0,0,0,0
train/0000/dia505_utt15,0,0,0,0,1,0,0
train/0006/dia505_utt2,0,0,0,0,0,0,1
train/0006/dia505_utt3,0,0,0,0,1,0,0
train/0006/dia505_utt4,0,0,0,0,1,0,0
train/0006/dia505_utt5,0,0,0,0,1,0,0
train/0006/dia505_utt6,0,0,1,0,0,0,0
train/0000/dia505_utt7,0,0,0,0,1,0,0
train/0000/dia505_utt8,0,0,0,0,1,0,0
train/0000/dia505_utt9,0,0,0,0,1,0,0
train/0006/dia506_utt0,0,0,0,0,0,1,0
train/0006/dia506_utt1,0,0,1,0,0,0,0
train/0006/dia506_utt10,0,0,0,0,0,1,0
train/0002/dia506_utt11,0,0,0,0,0,1,0
train/0006/dia506_utt2,0,0,0,0,0,1,0
train/0006/dia506_utt3,0,0,0,0,0,1,0
train/0002/dia506_utt4,0,0,0,0,1,0,0
train/0002/dia506_utt5,0,0,0,0,0,1,0
train/0002/dia506_utt6,0,0,0,0,0,1,0
train/0002/dia506_utt7,0,0,0,0,0,1,0
train/0002/dia506_utt8,0,0,0,0,0,1,0
train/0002/dia506_utt9,0,0,0,0,0,1,0
train/0001/dia507_utt0,0,0,0,0,1,0,0
train/0001/dia507_utt1,0,0,0,1,0,0,0
train/0002/dia507_utt10,0,0,0,1,0,0,0
train/0001/dia507_utt11,0,0,0,0,1,0,0
train/0001/dia507_utt12,0,0,0,1,0,0,0
train/0001/dia507_utt13,0,0,0,1,0,0,0
train/0001/dia507_utt14,0,0,0,0,1,0,0
train/0002/dia507_utt15,0,0,0,0,1,0,0
train/0001/dia507_utt16,0,0,0,0,1,0,0
train/0001/dia507_utt2,0,0,0,0,1,0,0
train/0001/dia507_utt3,0,0,0,0,1,0,0
train/0001/dia507_utt4,1,0,0,0,0,0,0
train/0002/dia507_utt5,0,0,0,0,1,0,0
train/0002/dia507_utt6,0,0,0,0,1,0,0
train/0002/dia507_utt7,0,0,0,0,0,0,1
train/0002/dia507_utt8,0,0,0,0,0,0,1
train/0001/dia507_utt9,0,0,0,0,1,0,0
train/0004/dia508_utt0,1,0,0,0,0,0,0
train/0004/dia508_utt10,0,0,0,0,1,0,0
train/0118/dia508_utt11,0,0,0,0,1,0,0
train/0004/dia508_utt12,0,0,0,0,0,0,1
train/0118/dia508_utt13,0,0,0,0,1,0,0
train/0004/dia508_utt14,0,0,0,0,0,0,1
train/0118/dia508_utt15,0,0,0,0,1,0,0
train/0004/dia508_utt16,0,0,0,0,1,0,0
train/0118/dia508_utt17,0,0,0,0,1,0,0
train/0004/dia508_utt18,0,0,0,0,1,0,0
train/0004/dia508_utt19,1,0,0,0,0,0,0
train/0118/dia508_utt2,0,0,0,0,1,0,0
train/0223/dia508_utt20,1,0,0,0,0,0,0
train/0118/dia508_utt21,1,0,0,0,0,0,0
train/0004/dia508_utt22,1,0,0,0,0,0,0
train/0004/dia508_utt3,0,0,0,1,0,0,0
train/0118/dia508_utt4,0,0,0,0,1,0,0
train/0004/dia508_utt5,0,0,1,0,0,0,0
train/0118/dia508_utt6,0,0,0,0,1,0,0
train/0004/dia508_utt7,0,0,0,0,1,0,0
train/0004/dia508_utt8,0,0,0,0,1,0,0
train/0004/dia508_utt9,0,0,0,0,1,0,0
train/0002/dia509_utt0,0,0,0,0,1,0,0
train/0006/dia509_utt1,0,0,0,0,1,0,0
train/0002/dia509_utt10,1,0,0,0,0,0,0
train/0002/dia509_utt11,1,0,0,0,0,0,0
train/0002/dia509_utt12,0,0,0,0,0,0,1
train/0006/dia509_utt13,0,0,0,0,0,0,1
train/0002/dia509_utt14,0,0,0,0,0,0,1
train/0060/dia509_utt15,0,0,0,0,1,0,0
train/0002/dia509_utt16,0,0,0,0,1,0,0
train/0002/dia509_utt2,0,0,0,0,1,0,0
train/0006/dia509_utt3,0,0,0,0,1,0,0
train/0002/dia509_utt4,1,0,0,0,0,0,0
train/0006/dia509_utt5,0,0,0,0,1,0,0
train/0006/dia509_utt6,0,0,0,0,1,0,0
train/0006/dia509_utt7,0,0,0,0,1,0,0
train/0060/dia509_utt8,0,0,0,0,1,0,0
train/0002/dia509_utt9,0,0,0,0,1,0,0
train/0004/dia50_utt0,0,0,0,1,0,0,0
train/0122/dia50_utt1,1,0,0,0,0,0,0
train/0004/dia50_utt10,0,0,0,0,0,0,1
train/0004/dia50_utt11,0,0,0,0,1,0,0
train/0004/dia50_utt12,0,0,0,0,1,0,0
train/0004/dia50_utt13,1,0,0,0,0,0,0
train/0004/dia50_utt14,0,0,0,0,0,0,1
train/0004/dia50_utt15,1,0,0,0,0,0,0
train/0004/dia50_utt16,0,0,0,0,1,0,0
train/0004/dia50_utt2,0,0,0,0,0,0,1
train/0004/dia50_utt3,0,0,0,0,1,0,0
train/0004/dia50_utt4,0,0,0,0,1,0,0
train/0004/dia50_utt5,0,0,1,0,0,0,0
train/0004/dia50_utt6,0,0,1,0,0,0,0
train/0004/dia50_utt7,0,0,0,0,0,1,0
train/0004/dia50_utt8,0,0,0,1,0,0,0
train/0004/dia50_utt9,0,0,0,0,0,0,1
train/0006/dia510_utt0,0,0,0,0,1,0,0
train/0224/dia510_utt1,0,0,0,1,0,0,0
train/0006/dia510_utt2,0,0,0,0,1,0,0
train/0224/dia510_utt3,0,0,0,0,0,0,1
train/0006/dia510_utt4,0,0,0,0,1,0,0
train/0224/dia510_utt5,0,0,0,0,0,0,1
train/0002/dia511_utt0,0,0,0,0,0,1,0
train/0006/dia511_utt1,0,0,0,0,1,0,0
train/0002/dia511_utt2,0,0,1,0,0,0,0
train/0006/dia511_utt3,0,0,0,0,0,0,1
train/0002/dia511_utt4,0,0,0,0,1,0,0
train/0006/dia511_utt5,0,0,0,0,1,0,0
train/0002/dia511_utt6,0,0,0,0,0,1,0
train/0002/dia512_utt0,0,0,0,1,0,0,0
train/0000/dia512_utt1,0,0,0,1,0,0,0
train/0002/dia512_utt10,1,0,0,0,0,0,0
train/0000/dia512_utt11,1,0,0,0,0,0,0
train/0002/dia512_utt12,1,0,0,0,0,0,0
train/0000/dia512_utt13,0,0,1,0,0,0,0
train/0002/dia512_utt14,1,0,0,0,0,0,0
train/0002/dia512_utt2,0,0,0,0,1,0,0
train/0000/dia512_utt3,0,0,0,0,1,0,0
train/0002/dia512_utt4,0,0,0,0,1,0,0
train/0000/dia512_utt5,0,0,0,0,1,0,0
train/0002/dia512_utt6,0,0,0,0,1,0,0
train/0000/dia512_utt7,0,0,0,1,0,0,0
train/0002/dia512_utt8,1,0,0,0,0,0,0
train/0000/dia512_utt9,0,0,1,0,0,0,0
train/0038/dia513_utt0,0,0,0,0,1,0,0
train/0002/dia513_utt1,0,0,0,0,1,0,0
train/0038/dia513_utt2,0,0,0,0,1,0,0
train/0002/dia513_utt3,1,0,0,0,0,0,0
train/0038/dia513_utt4,1,0,0,0,0,0,0
train/0004/dia514_utt0,0,0,0,1,0,0,0
train/0205/dia514_utt1,0,0,0,0,1,0,0
train/0004/dia514_utt2,0,0,0,0,1,0,0
train/0205/dia514_utt3,0,0,0,0,1,0,0
train/0004/dia514_utt4,0,0,0,0,0,0,1
train/0205/dia514_utt5,0,0,0,0,1,0,0
train/0004/dia514_utt6,0,0,0,0,1,0,0
train/0205/dia514_utt7,0,0,0,0,1,0,0
train/0068/dia515_utt0,0,0,0,0,1,0,0
train/0001/dia515_utt1,0,0,0,0,0,0,1
train/0000/dia515_utt2,0,0,0,0,1,0,0
train/0001/dia515_utt3,0,1,0,0,0,0,0
train/0000/dia515_utt4,0,0,0,0,1,0,0
train/0001/dia515_utt5,0,0,0,0,1,0,0
train/0004/dia515_utt6,0,0,0,0,1,0,0
train/0003/dia516_utt0,1,0,0,0,0,0,0
train/0001/dia516_utt1,0,0,0,1,0,0,0
train/0003/dia516_utt2,0,0,0,0,0,0,1
train/0001/dia516_utt3,0,0,0,1,0,0,0
train/0003/dia516_utt4,0,0,0,1,0,0,0
train/0001/dia516_utt5,0,0,0,0,0,1,0
train/0000/dia517_utt0,1,0,0,0,0,0,0
train/0001/dia517_utt1,0,0,0,1,0,0,0
train/0000/dia517_utt2,0,0,0,0,1,0,0
train/0001/dia517_utt3,0,0,0,1,0,0,0
train/0000/dia517_utt4,0,0,0,1,0,0,0
train/0001/dia517_utt5,0,0,0,0,0,1,0
train/0000/dia517_utt6,0,0,0,1,0,0,0
train/0033/dia518_utt0,1,0,0,0,0,0,0
train/0004/dia518_utt1,1,0,0,0,0,0,0
train/0004/dia518_utt2,0,0,0,0,1,0,0
train/0004/dia518_utt3,1,0,0,0,0,0,0
train/0004/dia518_utt4,0,0,0,0,1,0,0
train/0004/dia518_utt5,0,0,0,0,1,0,0
train/0004/dia518_utt6,0,0,0,0,1,0,0
train/0117/dia518_utt7,0,0,0,1,0,0,0
train/0033/dia518_utt8,0,0,0,0,1,0,0
train/0001/dia519_utt0,0,0,0,0,0,0,1
train/0003/dia519_utt1,1,0,0,0,0,0,0
train/0001/dia519_utt2,0,0,0,0,1,0,0
train/0003/dia519_utt3,0,0,0,0,1,0,0
train/0001/dia519_utt4,0,0,0,1,0,0,0
train/0006/dia51_utt0,0,0,0,0,1,0,0
train/0002/dia51_utt1,0,0,0,0,0,1,0
train/0002/dia51_utt10,1,0,0,0,0,0,0
train/0006/dia51_utt2,0,0,0,0,1,0,0
train/0002/dia51_utt3,0,1,0,0,0,0,0
train/0006/dia51_utt4,1,0,0,0,0,0,0
train/0002/dia51_utt5,1,0,0,0,0,0,0
train/0006/dia51_utt6,1,0,0,0,0,0,0
train/0002/dia51_utt7,1,0,0,0,0,0,0
train/0006/dia51_utt8,1,0,0,0,0,0,0
train/0002/dia51_utt9,1,0,0,0,0,0,0
train/0004/dia520_utt0,0,0,0,0,1,0,0
train/0000/dia520_utt1,0,0,0,0,1,0,0
train/0006/dia520_utt2,0,0,0,0,0,0,1
train/0000/dia520_utt3,0,0,0,0,1,0,0
train/0002/dia520_utt4,0,0,0,0,0,0,1
train/0004/dia520_utt5,0,0,0,0,0,0,1
train/0000/dia520_utt6,0,0,0,0,1,0,0
train/0004/dia521_utt0,0,0,0,0,1,0,0
train/0004/dia521_utt1,0,0,0,0,1,0,0
train/0004/dia521_utt2,0,0,0,0,0,1,0
train/0004/dia521_utt3,1,0,0,0,0,0,0
train/0004/dia521_utt4,0,0,0,0,0,1,0
train/0004/dia521_utt5,0,0,0,0,0,1,0
train/0004/dia521_utt6,0,0,0,0,1,0,0
train/0000/dia522_utt0,0,0,0,0,0,0,1
train/0002/dia522_utt1,0,0,0,0,1,0,0
train/0000/dia522_utt2,0,0,0,1,0,0,0
train/0002/dia522_utt3,0,0,0,0,1,0,0
train/0000/dia522_utt4,0,0,0,0,1,0,0
train/0002/dia522_utt5,0,0,0,0,1,0,0
train/0000/dia522_utt6,0,0,0,1,0,0,0
train/0002/dia523_utt0,0,0,0,0,0,0,1
train/0002/dia523_utt1,0,0,0,1,0,0,0
train/0006/dia523_utt10,0,0,0,1,0,0,0
train/0002/dia523_utt11,0,0,0,1,0,0,0
train/0000/dia523_utt12,1,0,0,0,0,0,0
train/0001/dia523_utt13,0,0,0,0,1,0,0
train/0000/dia523_utt14,0,0,0,0,0,1,0
train/0002/dia523_utt15,0,0,0,0,0,0,1
train/0004/dia523_utt16,0,0,0,0,1,0,0
train/0003/dia523_utt17,0,0,0,0,1,0,0
train/0001/dia523_utt18,0,0,0,0,1,0,0
train/0000/dia523_utt19,0,0,0,0,1,0,0
train/0001/dia523_utt2,0,0,0,0,1,0,0
train/0006/dia523_utt20,0,0,0,0,1,0,0
train/0000/dia523_utt21,1,0,0,0,0,0,0
train/0004/dia523_utt22,0,0,0,0,0,0,1
train/0003/dia523_utt23,0,0,0,1,0,0,0
train/0006/dia523_utt3,0,0,0,0,0,0,1
train/0001/dia523_utt4,0,0,0,0,1,0,0
train/0004/dia523_utt5,0,0,0,1,0,0,0
train/0006/dia523_utt6,1,0,0,0,0,0,0
train/0001/dia523_utt7,0,0,0,1,0,0,0
train/0004/dia523_utt8,0,0,0,0,1,0,0
train/0003/dia523_utt9,0,0,0,1,0,0,0
train/0000/dia524_utt0,0,0,0,0,1,0,0
train/0004/dia524_utt1,0,0,0,0,0,0,1
train/0004/dia524_utt10,0,0,0,0,1,0,0
train/0000/dia524_utt11,1,0,0,0,0,0,0
train/0004/dia524_utt12,0,0,0,0,1,0,0
train/0000/dia524_utt13,0,0,0,0,0,1,0
train/0004/dia524_utt14,0,0,0,0,1,0,0
train/0000/dia524_utt15,0,0,1,0,0,0,0
train/0004/dia524_utt16,0,0,0,0,0,0,1
train/0000/dia524_utt2,0,0,0,0,0,1,0
train/0000/dia524_utt3,0,0,0,0,1,0,0
train/0004/dia524_utt4,0,0,0,0,1,0,0
train/0000/dia524_utt5,0,0,0,0,1,0,0
train/0004/dia524_utt6,0,0,0,0,1,0,0
train/0000/dia524_utt7,0,0,0,0,1,0,0
train/0004/dia524_utt8,0,0,0,0,1,0,0
train/0000/dia524_utt9,0,0,0,0,0,0,1
train/0001/dia525_utt0,0,0,0,0,1,0,0
train/0002/dia525_utt1,0,0,0,0,1,0,0
train/0001/dia525_utt2,0,0,0,0,1,0,0
train/0002/dia525_utt3,0,0,0,0,0,1,0
train/0225/dia525_utt4,1,0,0,0,0,0,0
train/0002/dia525_utt5,0,0,0,0,1,0,0
train/0001/dia525_utt6,0,0,0,0,1,0,0
train/0000/dia525_utt7,0,0,0,0,0,0,1
train/0001/dia525_utt8,0,0,0,0,1,0,0
train/0006/dia526_utt0,0,0,0,1,0,0,0
train/0163/dia526_utt1,0,0,0,0,1,0,0
train/0163/dia526_utt10,0,0,0,0,1,0,0
train/0006/dia526_utt11,0,0,1,0,0,0,0
train/0163/dia526_utt12,0,0,0,1,0,0,0
train/0006/dia526_utt13,0,0,0,0,1,0,0
train/0163/dia526_utt14,0,0,0,0,0,0,1
train/0006/dia526_utt15,0,0,0,0,1,0,0
train/0163/dia526_utt16,1,0,0,0,0,0,0
train/0006/dia526_utt17,0,0,0,0,1,0,0
train/0163/dia526_utt18,0,0,0,0,1,0,0
train/0163/dia526_utt19,0,0,0,0,1,0,0
train/0006/dia526_utt2,0,0,0,0,1,0,0
train/0006/dia526_utt20,0,0,0,0,1,0,0
train/0006/dia526_utt3,0,0,0,0,1,0,0
train/0006/dia526_utt4,0,0,0,1,0,0,0
train/0006/dia526_utt5,0,0,0,1,0,0,0
train/0006/dia526_utt6,0,0,1,0,0,0,0
train/0006/dia526_utt7,0,0,0,0,1,0,0
train/0163/dia526_utt8,0,0,0,0,1,0,0
train/0006/dia526_utt9,0,0,0,0,1,0,0
train/0000/dia527_utt0,1,0,0,0,0,0,0
train/0003/dia527_utt1,0,0,0,1,0,0,0
train/0000/dia527_utt2,0,0,0,0,0,0,1
train/0001/dia527_utt3,0,0,0,0,1,0,0
train/0003/dia527_utt4,0,0,0,1,0,0,0
train/0000/dia527_utt5,0,1,0,0,0,0,0
train/0001/dia527_utt6,0,0,0,0,1,0,0
train/0000/dia527_utt7,0,1,0,0,0,0,0
train/0002/dia528_utt0,0,0,0,0,0,0,1
train/0002/dia528_utt1,0,0,0,0,1,0,0
train/0001/dia528_utt2,0,0,0,0,1,0,0
train/0002/dia528_utt3,0,0,0,0,0,0,1
train/0001/dia528_utt4,0,0,0,0,1,0,0
train/0002/dia528_utt5,1,0,0,0,0,0,0
train/0002/dia529_utt0,1,0,0,0,0,0,0
train/0006/dia529_utt1,0,0,0,0,1,0,0
train/0006/dia529_utt2,0,0,0,0,1,0,0
train/0002/dia529_utt3,1,0,0,0,0,0,0
train/0006/dia529_utt4,0,0,0,0,1,0,0
train/0006/dia529_utt5,0,0,0,0,1,0,0
train/0006/dia529_utt6,0,0,0,0,0,0,1
train/0006/dia529_utt7,0,0,0,0,1,0,0
train/0006/dia529_utt8,0,0,0,0,1,0,0
train/0064/dia529_utt9,0,0,0,0,1,0,0
train/0001/dia52_utt0,0,0,0,0,1,0,0
train/0000/dia52_utt1,0,0,0,1,0,0,0
train/0001/dia52_utt10,0,0,0,0,1,0,0
train/0000/dia52_utt11,0,0,0,0,1,0,0
train/0001/dia52_utt2,0,0,0,0,1,0,0
train/0000/dia52_utt3,0,0,0,0,1,0,0
train/0001/dia52_utt4,0,0,0,0,1,0,0
train/0000/dia52_utt5,0,0,0,0,1,0,0
train/0001/dia52_utt6,0,0,0,0,1,0,0
train/0000/dia52_utt7,0,0,0,0,1,0,0
train/0001/dia52_utt8,0,0,0,0,1,0,0
train/0000/dia52_utt9,0,0,0,0,1,0,0
train/0000/dia530_utt0,0,0,0,0,0,1,0
train/0047/dia530_utt1,0,0,0,0,0,0,1
train/0000/dia530_utt10,1,0,0,0,0,0,0
train/0000/dia530_utt11,1,0,0,0,0,0,0
train/0000/dia530_utt12,1,0,0,0,0,0,0
train/0047/dia530_utt13,0,0,0,0,1,0,0
train/0000/dia530_utt14,0,0,0,0,0,0,1
train/0047/dia530_utt15,0,0,0,0,1,0,0
train/0047/dia530_utt16,0,0,0,0,0,1,0
train/0000/dia530_utt17,0,0,0,0,0,1,0
train/0047/dia530_utt18,0,0,0,0,1,0,0
train/0047/dia530_utt19,0,0,0,0,1,0,0
train/0000/dia530_utt2,0,0,0,0,1,0,0
train/0047/dia530_utt20,0,0,0,0,1,0,0
train/0047/dia530_utt21,0,0,0,0,1,0,0
train/0000/dia530_utt22,0,0,0,0,0,0,1
train/0047/dia530_utt23,0,0,0,0,0,1,0
train/0047/dia530_utt3,0,0,0,0,0,0,1
train/0000/dia530_utt4,0,0,0,0,1,0,0
train/0000/dia530_utt5,1,0,0,0,0,0,0
train/0000/dia530_utt6,1,0,0,0,0,0,0
train/0000/dia530_utt7,1,0,0,0,0,0,0
train/0000/dia530_utt8,1,0,0,0,0,0,0
train/0000/dia530_utt9,1,0,0,0,0,0,0
train/0226/dia531_utt0,0,0,0,0,0,0,1
train/0006/dia531_utt1,0,0,0,0,0,0,1
train/0006/dia531_utt10,1,0,0,0,0,0,0
train/0006/dia531_utt11,0,0,0,0,0,1,0
train/0006/dia531_utt12,0,0,0,0,1,0,0
train/0006/dia531_utt13,0,0,0,0,1,0,0
train/0002/dia531_utt14,1,0,0,0,0,0,0
train/0006/dia531_utt15,0,0,0,0,0,0,1
train/0006/dia531_utt2,0,0,1,0,0,0,0
train/0006/dia531_utt3,0,0,0,0,0,1,0
train/0006/dia531_utt4,0,0,0,0,1,0,0
train/0006/dia531_utt5,0,0,0,0,0,1,0
train/0006/dia531_utt6,0,0,0,0,0,1,0
train/0006/dia531_utt7,0,0,0,0,1,0,0
train/0006/dia531_utt8,0,0,0,0,1,0,0
train/0006/dia531_utt9,0,0,0,0,1,0,0
train/0003/dia532_utt0,0,0,0,0,1,0,0
train/0004/dia532_utt1,0,0,0,0,1,0,0
train/0004/dia532_utt10,0,0,0,0,0,1,0
train/0004/dia532_utt11,0,0,0,0,1,0,0
train/0003/dia532_utt12,0,0,0,0,1,0,0
train/0004/dia532_utt13,1,0,0,0,0,0,0
train/0003/dia532_utt14,0,0,0,0,0,0,1
train/0004/dia532_utt15,0,0,0,0,1,0,0
train/0003/dia532_utt2,0,0,0,0,1,0,0
train/0004/dia532_utt3,0,0,0,0,1,0,0
train/0003/dia532_utt4,0,0,0,0,0,0,1
train/0004/dia532_utt5,0,0,0,1,0,0,0
train/0003/dia532_utt6,0,0,0,0,1,0,0
train/0004/dia532_utt7,1,0,0,0,0,0,0
train/0004/dia532_utt8,0,0,0,0,0,1,0
train/0004/dia532_utt9,0,0,0,0,0,1,0
train/0002/dia533_utt0,0,0,0,0,1,0,0
train/0002/dia533_utt1,0,0,0,0,1,0,0
train/0038/dia533_utt2,0,0,0,0,0,1,0
train/0002/dia533_utt3,0,0,0,0,1,0,0
train/0038/dia533_utt4,0,0,0,1,0,0,0
train/0002/dia533_utt5,0,0,0,1,0,0,0
train/0200/dia533_utt6,0,0,0,0,1,0,0
train/0002/dia533_utt7,0,0,0,0,1,0,0
train/0200/dia533_utt8,0,0,0,0,1,0,0
train/0002/dia533_utt9,0,0,0,0,1,0,0
train/0000/dia534_utt0,0,0,0,0,1,0,0
train/0227/dia534_utt1,0,0,0,0,1,0,0
train/0000/dia534_utt2,0,0,0,1,0,0,0
train/0227/dia534_utt3,0,0,0,0,0,0,1
train/0228/dia535_utt0,0,0,0,0,1,0,0
train/0228/dia535_utt1,0,0,0,1,0,0,0
train/0228/dia535_utt2,1,0,0,0,0,0,0
train/0100/dia535_utt3,0,0,0,0,1,0,0
train/0002/dia536_utt0,0,0,0,0,0,0,1
train/0001/dia536_utt1,0,0,0,0,1,0,0
train/0001/dia536_utt10,0,0,0,0,1,0,0
train/0001/dia536_utt11,0,0,0,0,1,0,0
train/0002/dia536_utt12,0,0,0,0,1,0,0
train/0001/dia536_utt13,0,0,0,0,0,0,1
train/0002/dia536_utt14,0,0,0,0,1,0,0
train/0001/dia536_utt15,0,0,0,0,1,0,0
train/0002/dia536_utt2,0,0,0,0,1,0,0
train/0001/dia536_utt3,0,0,0,0,1,0,0
train/0001/dia536_utt4,0,0,0,0,0,1,0
train/0002/dia536_utt5,0,0,0,0,0,0,1
train/0001/dia536_utt6,0,0,0,0,1,0,0
train/0002/dia536_utt7,0,0,0,0,0,0,1
train/0001/dia536_utt8,0,0,0,0,0,0,1
train/0001/dia536_utt9,0,0,0,1,0,0,0
train/0004/dia537_utt0,0,0,0,0,1,0,0
train/0004/dia537_utt1,0,0,0,0,1,0,0
train/0004/dia537_utt2,0,0,0,1,0,0,0
train/0004/dia537_utt3,1,0,0,0,0,0,0
train/0004/dia537_utt4,0,0,0,0,1,0,0
train/0002/dia538_utt0,1,0,0,0,0,0,0
train/0006/dia538_utt1,0,0,0,0,0,1,0
train/0002/dia538_utt2,0,0,0,0,1,0,0
train/0006/dia538_utt3,1,0,0,0,0,0,0
train/0002/dia538_utt4,0,0,0,1,0,0,0
train/0000/dia538_utt5,0,0,0,1,0,0,0
train/0006/dia538_utt6,0,0,0,1,0,0,0
train/0000/dia538_utt7,0,0,0,1,0,0,0
train/0002/dia538_utt8,0,0,0,1,0,0,0
train/0000/dia538_utt9,0,1,0,0,0,0,0
train/0002/dia539_utt0,0,0,0,0,1,0,0
train/0004/dia539_utt1,0,0,0,0,1,0,0
train/0002/dia539_utt2,0,0,0,0,0,0,1
train/0006/dia539_utt3,0,0,0,0,0,0,1
train/0002/dia539_utt4,0,0,0,1,0,0,0
train/0003/dia539_utt5,0,0,0,0,1,0,0
train/0002/dia539_utt6,0,0,0,0,0,1,0
train/0145/dia53_utt0,0,0,0,1,0,0,0
train/0001/dia53_utt1,0,0,0,1,0,0,0
train/0145/dia53_utt2,0,0,0,0,1,0,0
train/0001/dia53_utt3,0,0,0,0,1,0,0
train/0001/dia53_utt4,0,0,0,0,1,0,0
train/0001/dia53_utt5,0,0,0,0,1,0,0
train/0145/dia53_utt6,0,0,0,1,0,0,0
train/0001/dia53_utt7,0,0,0,0,1,0,0
train/0145/dia53_utt8,0,0,0,1,0,0,0
train/0001/dia540_utt0,0,0,0,0,0,1,0
train/0004/dia540_utt1,0,0,0,0,0,0,1
train/0001/dia540_utt2,0,1,0,0,0,0,0
train/0004/dia540_utt3,0,1,0,0,0,0,0
train/0004/dia540_utt5,0,0,0,0,0,1,0
train/0006/dia541_utt0,0,0,0,1,0,0,0
train/0021/dia541_utt1,0,0,0,1,0,0,0
train/0006/dia541_utt10,0,0,0,1,0,0,0
train/0006/dia541_utt11,0,0,0,0,1,0,0
train/0006/dia541_utt12,0,0,0,0,1,0,0
train/0021/dia541_utt13,0,0,0,0,0,0,1
train/0006/dia541_utt14,0,0,0,1,0,0,0
train/0006/dia541_utt15,0,0,0,0,1,0,0
train/0006/dia541_utt16,0,1,0,0,0,0,0
train/0006/dia541_utt17,0,0,0,0,1,0,0
train/0006/dia541_utt18,0,0,0,0,1,0,0
train/0021/dia541_utt19,0,0,0,1,0,0,0
train/0006/dia541_utt2,0,0,0,0,1,0,0
train/0021/dia541_utt3,0,0,0,0,0,0,1
train/0006/dia541_utt4,0,0,0,0,0,1,0
train/0006/dia541_utt5,0,0,0,1,0,0,0
train/0006/dia541_utt6,0,0,0,0,1,0,0
train/0006/dia541_utt7,0,0,0,1,0,0,0
train/0006/dia541_utt8,0,0,0,1,0,0,0
train/0138/dia541_utt9,0,0,0,1,0,0,0
train/0002/dia542_utt0,0,0,0,0,1,0,0
train/0001/dia542_utt1,1,0,0,0,0,0,0
train/0000/dia542_utt2,0,0,0,0,0,0,1
train/0001/dia542_utt3,0,0,0,0,0,0,1
train/0000/dia542_utt4,0,0,0,1,0,0,0
train/0068/dia542_utt5,0,0,0,0,1,0,0
train/0000/dia542_utt6,0,0,0,0,0,0,1
train/0068/dia542_utt7,0,0,0,0,0,0,1
train/0004/dia542_utt8,0,0,0,0,0,0,1
train/0002/dia543_utt0,1,0,0,0,0,0,0
train/0170/dia543_utt1,0,0,0,0,1,0,0
train/0002/dia543_utt2,0,0,0,0,0,0,1
train/0170/dia544_utt0,0,0,0,0,1,0,0
train/0002/dia544_utt1,0,0,1,0,0,0,0
train/0170/dia544_utt2,0,0,0,0,1,0,0
train/0002/dia544_utt3,0,0,0,1,0,0,0
train/0170/dia544_utt4,0,0,0,0,1,0,0
train/0002/dia544_utt5,0,0,0,0,0,0,1
train/0002/dia544_utt6,0,0,0,0,1,0,0
train/0170/dia544_utt7,0,0,0,0,1,0,0
train/0002/dia544_utt8,0,0,0,0,1,0,0
train/0001/dia545_utt0,1,0,0,0,0,0,0
train/0000/dia545_utt1,0,0,0,0,0,1,0
train/0003/dia545_utt10,0,0,0,0,0,0,1
train/0000/dia545_utt11,1,0,0,0,0,0,0
train/0001/dia545_utt12,0,0,0,0,1,0,0
train/0002/dia545_utt13,0,0,0,0,1,0,0
train/0001/dia545_utt2,0,0,0,0,0,0,1
train/0000/dia545_utt3,0,0,0,0,0,1,0
train/0001/dia545_utt4,0,0,0,0,1,0,0
train/0002/dia545_utt5,0,0,0,1,0,0,0
train/0003/dia545_utt6,0,0,0,0,0,0,1
train/0004/dia545_utt7,0,0,0,0,1,0,0
train/0003/dia545_utt8,0,0,0,0,1,0,0
train/0002/dia545_utt9,0,0,0,0,1,0,0
train/0001/dia546_utt0,0,0,0,0,1,0,0
train/0004/dia546_utt1,0,0,0,0,1,0,0
train/0002/dia546_utt10,0,0,0,0,1,0,0
train/0229/dia546_utt11,0,0,0,0,1,0,0
train/0001/dia546_utt12,1,0,0,0,0,0,0
train/0000/dia546_utt13,0,0,0,1,0,0,0
train/0001/dia546_utt14,0,0,0,0,0,1,0
train/0002/dia546_utt15,0,0,0,0,0,0,1
train/0229/dia546_utt16,0,0,0,0,1,0,0
train/0000/dia546_utt17,0,0,0,0,1,0,0
train/0001/dia546_utt18,0,1,0,0,0,0,0
train/0002/dia546_utt2,0,0,0,0,1,0,0
train/0229/dia546_utt3,0,0,0,0,1,0,0
train/0001/dia546_utt4,0,0,0,0,1,0,0
train/0229/dia546_utt5,0,0,0,0,1,0,0
train/0002/dia546_utt6,0,0,0,0,1,0,0
train/0000/dia546_utt7,0,0,0,0,1,0,0
train/0001/dia546_utt8,1,0,0,0,0,0,0
train/0229/dia546_utt9,1,0,0,0,0,0,0
train/0002/dia547_utt0,0,0,0,0,0,0,1
train/0185/dia547_utt1,0,0,0,0,1,0,0
train/0002/dia547_utt2,0,0,0,1,0,0,0
train/0003/dia548_utt0,0,0,0,1,0,0,0
train/0001/dia548_utt1,0,0,0,0,1,0,0
train/0006/dia548_utt10,1,0,0,0,0,0,0
train/0002/dia548_utt2,0,0,0,1,0,0,0
train/0003/dia548_utt3,0,0,0,1,0,0,0
train/0001/dia548_utt4,0,0,0,1,0,0,0
train/0003/dia548_utt5,1,0,0,0,0,0,0
train/0001/dia548_utt6,0,0,0,0,1,0,0
train/0003/dia548_utt7,0,0,0,0,1,0,0
train/0004/dia549_utt0,0,0,0,1,0,0,0
train/0218/dia549_utt1,0,0,0,0,1,0,0
train/0004/dia549_utt2,0,0,0,0,0,1,0
train/0218/dia549_utt3,0,0,0,0,1,0,0
train/0004/dia549_utt4,0,0,0,0,1,0,0
train/0218/dia549_utt5,0,0,0,0,1,0,0
train/0004/dia549_utt6,0,0,0,0,0,0,1
train/0218/dia549_utt7,0,0,0,0,0,1,0
train/0004/dia549_utt8,0,0,0,0,1,0,0
train/0218/dia549_utt9,0,0,0,1,0,0,0
train/0004/dia54_utt0,0,1,0,0,0,0,0
train/0002/dia54_utt1,0,0,0,0,0,1,0
train/0092/dia54_utt10,0,0,0,0,1,0,0
train/0092/dia54_utt11,0,0,0,0,1,0,0
train/0092/dia54_utt12,0,0,1,0,0,0,0
train/0004/dia54_utt13,0,0,1,0,0,0,0
train/0092/dia54_utt14,0,0,0,0,0,1,0
train/0092/dia54_utt15,0,0,0,0,0,1,0
train/0092/dia54_utt16,0,0,0,0,0,1,0
train/0004/dia54_utt17,0,0,0,1,0,0,0
train/0092/dia54_utt18,0,0,0,1,0,0,0
train/0004/dia54_utt19,0,0,0,1,0,0,0
train/0004/dia54_utt2,1,0,0,0,0,0,0
train/0216/dia54_utt20,0,0,0,1,0,0,0
train/0002/dia54_utt21,0,0,0,0,1,0,0
train/0004/dia54_utt22,0,0,0,1,0,0,0
train/0002/dia54_utt23,1,0,0,0,0,0,0
train/0092/dia54_utt3,0,0,1,0,0,0,0
train/0092/dia54_utt4,0,0,1,0,0,0,0
train/0092/dia54_utt5,0,0,0,0,1,0,0
train/0216/dia54_utt6,0,0,0,1,0,0,0
train/0092/dia54_utt7,1,0,0,0,0,0,0
train/0004/dia54_utt8,0,0,0,0,0,1,0
train/0092/dia54_utt9,0,0,0,1,0,0,0
train/0001/dia550_utt0,0,0,0,0,1,0,0
train/0000/dia551_utt0,0,0,0,0,1,0,0
train/0001/dia551_utt1,0,0,0,1,0,0,0
train/0000/dia551_utt2,0,0,0,0,1,0,0
train/0001/dia551_utt3,0,0,0,1,0,0,0
train/0000/dia551_utt4,0,0,0,0,1,0,0
train/0001/dia551_utt5,0,0,0,1,0,0,0
train/0000/dia551_utt6,0,0,0,0,1,0,0
train/0001/dia551_utt7,0,0,0,0,1,0,0
train/0001/dia551_utt8,0,0,0,0,1,0,0
train/0000/dia551_utt9,0,0,0,0,1,0,0
train/0001/dia552_utt0,0,1,0,0,0,0,0
train/0142/dia552_utt1,0,0,0,0,1,0,0
train/0003/dia552_utt2,0,0,0,0,1,0,0
train/0004/dia552_utt3,0,0,0,0,1,0,0
train/0230/dia552_utt4,0,0,0,0,1,0,0
train/0001/dia553_utt0,0,0,0,0,1,0,0
train/0006/dia553_utt1,0,0,0,0,1,0,0
train/0004/dia553_utt10,0,0,0,0,0,0,1
train/0032/dia553_utt11,0,0,0,0,1,0,0
train/0004/dia553_utt12,0,0,0,0,1,0,0
train/0032/dia553_utt13,0,0,0,0,1,0,0
train/0032/dia553_utt14,0,0,0,0,1,0,0
train/0004/dia553_utt15,0,0,0,0,1,0,0
train/0058/dia553_utt16,0,0,0,0,1,0,0
train/0004/dia553_utt17,0,0,0,1,0,0,0
train/0058/dia553_utt18,0,0,0,0,1,0,0
train/0004/dia553_utt19,0,0,0,0,0,1,0
train/0006/dia553_utt2,0,0,0,0,1,0,0
train/0058/dia553_utt20,1,0,0,0,0,0,0
train/0001/dia553_utt3,0,0,0,0,1,0,0
train/0001/dia553_utt4,0,0,0,0,1,0,0
train/0006/dia553_utt5,0,0,0,0,1,0,0
train/0006/dia553_utt6,0,0,0,1,0,0,0
train/0001/dia553_utt7,0,0,0,1,0,0,0
train/0006/dia553_utt8,0,0,0,1,0,0,0
train/0032/dia553_utt9,0,0,0,0,0,0,1
train/0002/dia554_utt0,1,0,0,0,0,0,0
train/0001/dia554_utt1,1,0,0,0,0,0,0
train/0002/dia554_utt10,0,0,0,0,0,1,0
train/0003/dia554_utt11,0,1,0,0,0,0,0
train/0002/dia554_utt12,0,1,0,0,0,0,0
train/0002/dia554_utt2,0,0,0,0,1,0,0
train/0003/dia554_utt3,0,0,0,0,1,0,0
train/0002/dia554_utt4,0,0,0,0,1,0,0
train/0003/dia554_utt5,0,0,0,0,1,0,0
train/0002/dia554_utt6,0,0,0,0,1,0,0
train/0001/dia554_utt7,0,0,0,0,0,0,1
train/0002/dia554_utt8,0,0,0,0,1,0,0
train/0001/dia554_utt9,0,1,0,0,0,0,0
train/0041/dia555_utt0,0,0,0,0,0,1,0
train/0006/dia555_utt1,0,0,0,1,0,0,0
train/0041/dia555_utt2,1,0,0,0,0,0,0
train/0006/dia555_utt3,1,0,0,0,0,0,0
train/0006/dia555_utt4,1,0,0,0,0,0,0
train/0004/dia556_utt0,0,0,0,0,1,0,0
train/0006/dia556_utt1,0,0,0,0,1,0,0
train/0004/dia556_utt2,0,0,0,0,0,1,0
train/0006/dia556_utt3,0,0,0,0,1,0,0
train/0004/dia556_utt4,1,0,0,0,0,0,0
train/0006/dia556_utt5,0,0,0,0,1,0,0
train/0004/dia556_utt6,0,0,0,0,0,0,1
train/0183/dia557_utt0,0,0,0,0,1,0,0
train/0006/dia557_utt1,0,0,0,0,1,0,0
train/0183/dia557_utt2,0,0,0,0,1,0,0
train/0006/dia557_utt3,0,0,0,0,1,0,0
train/0183/dia557_utt4,0,0,1,0,0,0,0
train/0006/dia557_utt5,0,0,0,1,0,0,0
train/0183/dia557_utt6,0,0,0,1,0,0,0
train/0002/dia557_utt7,1,0,0,0,0,0,0
train/0002/dia558_utt0,0,0,0,1,0,0,0
train/0003/dia558_utt1,0,0,0,0,1,0,0
train/0002/dia558_utt2,0,0,0,1,0,0,0
train/0003/dia558_utt3,0,0,0,0,0,0,1
train/0002/dia558_utt4,0,0,1,0,0,0,0
train/0003/dia558_utt5,0,0,0,0,1,0,0
train/0002/dia558_utt6,1,0,0,0,0,0,0
train/0002/dia558_utt8,0,0,0,0,0,1,0
train/0003/dia559_utt0,0,0,0,0,1,0,0
train/0016/dia559_utt1,0,0,0,0,1,0,0
train/0003/dia559_utt2,0,0,0,0,0,0,1
train/0004/dia559_utt3,0,0,0,0,0,0,1
train/0003/dia559_utt4,0,0,0,0,1,0,0
train/0004/dia559_utt5,0,0,0,0,1,0,0
train/0000/dia559_utt6,0,0,0,0,1,0,0
train/0003/dia559_utt7,0,0,0,0,1,0,0
train/0091/dia55_utt0,0,0,0,1,0,0,0
train/0002/dia55_utt1,0,0,0,1,0,0,0
train/0168/dia55_utt10,0,0,0,1,0,0,0
train/0091/dia55_utt11,0,0,0,1,0,0,0
train/0168/dia55_utt12,0,0,0,1,0,0,0
train/0091/dia55_utt13,0,0,0,1,0,0,0
train/0168/dia55_utt14,0,0,0,1,0,0,0
train/0091/dia55_utt15,0,0,0,1,0,0,0
train/0002/dia55_utt16,0,0,0,0,1,0,0
train/0091/dia55_utt2,0,0,0,0,1,0,0
train/0002/dia55_utt3,0,0,0,0,0,0,1
train/0091/dia55_utt4,0,0,0,0,1,0,0
train/0002/dia55_utt5,0,0,0,1,0,0,0
train/0168/dia55_utt6,0,0,0,0,0,0,1
train/0091/dia55_utt7,0,0,0,0,1,0,0
train/0168/dia55_utt8,0,0,0,1,0,0,0
train/0091/dia55_utt9,0,0,0,1,0,0,0
train/0001/dia560_utt0,0,0,0,1,0,0,0
train/0004/dia560_utt1,0,0,0,1,0,0,0
train/0001/dia560_utt2,0,0,0,1,0,0,0
train/0004/dia560_utt3,0,0,0,1,0,0,0
train/0001/dia560_utt4,0,0,0,1,0,0,0
train/0004/dia560_utt5,0,0,0,1,0,0,0
train/0001/dia560_utt6,0,0,0,1,0,0,0
train/0004/dia560_utt7,0,0,0,1,0,0,0
train/0001/dia561_utt0,0,0,0,0,1,0,0
train/0001/dia561_utt1,0,0,0,1,0,0,0
train/0004/dia561_utt10,0,0,0,0,1,0,0
train/0001/dia561_utt11,0,1,0,0,0,0,0
train/0004/dia561_utt12,0,0,0,0,1,0,0
train/0001/dia561_utt13,0,0,0,0,0,0,1
train/0004/dia561_utt14,0,0,0,0,0,0,1
train/0001/dia561_utt15,0,1,0,0,0,0,0
train/0004/dia561_utt16,0,0,0,0,1,0,0
train/0001/dia561_utt17,0,0,0,0,0,0,1
train/0004/dia561_utt18,0,0,0,0,1,0,0
train/0001/dia561_utt2,0,0,0,0,1,0,0
train/0001/dia561_utt3,0,0,0,0,0,0,1
train/0004/dia561_utt4,0,0,0,0,0,0,1
train/0001/dia561_utt5,1,0,0,0,0,0,0
train/0004/dia561_utt6,0,0,0,0,1,0,0
train/0001/dia561_utt7,0,1,0,0,0,0,0
train/0004/dia561_utt8,0,0,0,0,1,0,0
train/0001/dia561_utt9,0,1,0,0,0,0,0
train/0003/dia562_utt0,0,0,0,1,0,0,0
train/0001/dia562_utt1,0,0,0,1,0,0,0
train/0002/dia562_utt10,0,0,0,1,0,0,0
train/0002/dia562_utt11,0,0,0,0,1,0,0
train/0001/dia562_utt2,0,0,0,0,1,0,0
train/0003/dia562_utt3,0,0,0,1,0,0,0
train/0001/dia562_utt4,0,0,0,0,1,0,0
train/0003/dia562_utt5,0,0,0,0,1,0,0
train/0001/dia562_utt6,0,0,0,0,1,0,0
train/0003/dia562_utt7,0,0,0,1,0,0,0
train/0001/dia562_utt8,0,0,0,0,1,0,0
train/0006/dia562_utt9,0,0,0,1,0,0,0
train/0001/dia563_utt0,0,0,0,0,1,0,0
train/0002/dia563_utt1,0,0,0,0,1,0,0
train/0001/dia563_utt2,0,0,0,0,1,0,0
train/0002/dia563_utt3,0,0,0,0,1,0,0
train/0001/dia563_utt4,0,0,0,0,0,0,1
train/0002/dia563_utt5,0,0,0,0,0,0,1
train/0001/dia563_utt6,0,0,0,0,1,0,0
train/0002/dia563_utt7,0,0,0,1,0,0,0
train/0113/dia563_utt8,0,0,0,1,0,0,0
train/0002/dia564_utt0,0,0,0,1,0,0,0
train/0001/dia564_utt1,0,0,0,0,0,0,1
train/0002/dia564_utt10,0,0,0,0,0,0,1
train/0002/dia564_utt2,0,0,0,1,0,0,0
train/0001/dia564_utt3,0,0,0,1,0,0,0
train/0002/dia564_utt4,0,0,0,0,1,0,0
train/0001/dia564_utt5,0,0,0,0,1,0,0
train/0002/dia564_utt6,0,0,1,0,0,0,0
train/0001/dia564_utt7,0,0,0,0,1,0,0
train/0001/dia564_utt8,0,0,0,0,1,0,0
train/0001/dia564_utt9,0,0,0,0,0,1,0
train/0049/dia565_utt0,0,0,0,0,1,0,0
train/0002/dia565_utt1,0,0,0,0,1,0,0
train/0049/dia565_utt2,0,0,0,0,1,0,0
train/0000/dia565_utt3,0,0,0,0,1,0,0
train/0049/dia565_utt4,0,0,0,1,0,0,0
train/0006/dia566_utt0,0,0,0,0,0,0,1
train/0006/dia566_utt1,0,0,0,1,0,0,0
train/0006/dia567_utt0,0,0,0,0,0,1,0
train/0006/dia568_utt0,0,1,0,0,0,0,0
train/0002/dia568_utt1,0,0,0,0,1,0,0
train/0001/dia568_utt10,1,0,0,0,0,0,0
train/0003/dia568_utt11,1,0,0,0,0,0,0
train/0001/dia568_utt2,0,0,0,0,1,0,0
train/0016/dia568_utt3,0,0,0,0,1,0,0
train/0000/dia568_utt4,0,0,0,0,0,1,0
train/0003/dia568_utt5,0,1,0,0,0,0,0
train/0001/dia568_utt6,0,0,0,0,0,0,1
train/0003/dia568_utt7,0,0,0,0,1,0,0
train/0001/dia568_utt8,0,0,0,0,0,0,1
train/0003/dia568_utt9,0,0,0,0,0,0,1
train/0041/dia569_utt0,0,0,1,0,0,0,0
train/0006/dia569_utt1,0,0,0,0,1,0,0
train/0041/dia569_utt2,0,0,0,0,1,0,0
train/0041/dia569_utt3,0,0,0,0,0,0,1
train/0003/dia56_utt0,0,0,0,0,0,0,1
train/0064/dia56_utt1,0,0,0,0,1,0,0
train/0003/dia56_utt2,0,0,0,0,0,0,1
train/0064/dia56_utt3,0,0,0,0,1,0,0
train/0003/dia56_utt4,0,0,0,0,1,0,0
train/0064/dia56_utt5,0,0,0,0,1,0,0
train/0003/dia56_utt6,0,0,0,1,0,0,0
train/0001/dia570_utt0,1,0,0,0,0,0,0
train/0006/dia570_utt1,0,0,0,0,1,0,0
train/0001/dia570_utt2,0,0,0,1,0,0,0
train/0002/dia570_utt3,0,0,0,0,1,0,0
train/0004/dia571_utt0,0,0,0,0,1,0,0
train/0006/dia571_utt1,0,0,1,0,0,0,0
train/0000/dia571_utt10,0,0,0,1,0,0,0
train/0001/dia571_utt11,0,1,0,0,0,0,0
train/0004/dia571_utt12,0,0,0,0,1,0,0
train/0006/dia571_utt13,1,0,0,0,0,0,0
train/0002/dia571_utt14,0,0,0,0,0,0,1
train/0004/dia571_utt15,1,0,0,0,0,0,0
train/0000/dia571_utt2,1,0,0,0,0,0,0
train/0004/dia571_utt3,0,0,0,0,1,0,0
train/0004/dia571_utt4,0,0,0,0,1,0,0
train/0004/dia571_utt5,0,0,0,0,1,0,0
train/0004/dia571_utt6,0,0,0,0,1,0,0
train/0004/dia571_utt7,0,0,0,0,1,0,0
train/0004/dia571_utt8,0,0,0,0,1,0,0
train/0004/dia571_utt9,0,0,0,0,1,0,0
train/0002/dia572_utt0,0,0,0,0,0,1,0
train/0002/dia572_utt1,0,1,0,0,0,0,0
train/0231/dia572_utt10,1,0,0,0,0,0,0
train/0006/dia572_utt11,0,0,0,0,1,0,0
train/0231/dia572_utt12,1,0,0,0,0,0,0
train/0006/dia572_utt13,0,0,0,0,1,0,0
train/0231/dia572_utt14,0,0,0,0,1,0,0
train/0006/dia572_utt15,0,0,0,0,1,0,0
train/0002/dia572_utt16,0,0,0,0,1,0,0
train/0006/dia572_utt17,0,0,1,0,0,0,0
train/0002/dia572_utt18,0,0,0,0,1,0,0
train/0006/dia572_utt19,1,0,0,0,0,0,0
train/0002/dia572_utt2,0,0,0,0,0,0,1
train/0231/dia572_utt20,1,0,0,0,0,0,0
train/0002/dia572_utt3,0,0,0,0,0,0,1
train/0231/dia572_utt6,1,0,0,0,0,0,0
train/0232/dia572_utt7,1,0,0,0,0,0,0
train/0231/dia572_utt8,1,0,0,0,0,0,0
train/0232/dia572_utt9,0,0,1,0,0,0,0
train/0000/dia573_utt0,0,0,0,0,1,0,0
train/0002/dia573_utt1,0,0,0,1,0,0,0
train/0006/dia573_utt10,1,0,0,0,0,0,0
train/0000/dia573_utt2,0,0,0,0,1,0,0
train/0002/dia573_utt3,0,0,0,1,0,0,0
train/0000/dia573_utt4,0,0,0,0,1,0,0
train/0002/dia573_utt5,0,0,0,1,0,0,0
train/0002/dia573_utt6,0,0,0,1,0,0,0
train/0000/dia573_utt7,0,0,0,1,0,0,0
train/0006/dia573_utt8,1,0,0,0,0,0,0
train/0002/dia573_utt9,0,0,0,1,0,0,0
train/0001/dia574_utt0,0,0,0,0,1,0,0
train/0002/dia574_utt1,0,0,0,0,1,0,0
train/0003/dia574_utt10,0,0,0,0,1,0,0
train/0004/dia574_utt11,0,0,0,0,0,0,1
train/0003/dia574_utt12,0,0,0,0,1,0,0
train/0004/dia574_utt13,0,0,0,0,0,0,1
train/0003/dia574_utt14,0,0,1,0,0,0,0
train/0001/dia574_utt15,0,0,1,0,0,0,0
train/0004/dia574_utt16,0,0,0,0,0,0,1
train/0001/dia574_utt17,0,0,0,1,0,0,0
train/0004/dia574_utt18,0,1,0,0,0,0,0
train/0000/dia574_utt19,0,0,0,0,0,1,0
train/0004/dia574_utt2,0,0,0,0,0,0,1
train/0003/dia574_utt3,0,0,0,0,1,0,0
train/0004/dia574_utt4,0,0,0,0,0,0,1
train/0004/dia574_utt5,0,0,0,0,0,0,1
train/0003/dia574_utt6,0,0,0,0,1,0,0
train/0004/dia574_utt7,0,0,0,0,0,0,1
train/0001/dia574_utt8,0,0,0,1,0,0,0
train/0004/dia574_utt9,0,0,0,0,0,0,1
train/0142/dia575_utt0,0,0,0,0,1,0,0
train/0002/dia575_utt1,0,0,0,0,1,0,0
train/0142/dia575_utt2,0,0,0,0,1,0,0
train/0002/dia575_utt3,0,0,0,0,1,0,0
train/0003/dia576_utt0,0,0,1,0,0,0,0
train/0004/dia576_utt1,0,0,0,0,1,0,0
train/0003/dia576_utt10,1,0,0,0,0,0,0
train/0003/dia576_utt2,0,0,0,0,0,0,1
train/0004/dia576_utt3,0,0,0,0,1,0,0
train/0003/dia576_utt4,0,0,0,0,1,0,0
train/0004/dia576_utt5,0,0,0,0,1,0,0
train/0003/dia576_utt6,0,0,0,0,1,0,0
train/0004/dia576_utt7,0,0,0,1,0,0,0
train/0003/dia576_utt8,0,0,0,0,1,0,0
train/0004/dia576_utt9,0,0,0,0,1,0,0
train/0004/dia577_utt0,0,0,0,0,1,0,0
train/0004/dia577_utt1,0,0,0,0,1,0,0
train/0004/dia577_utt2,0,0,0,0,1,0,0
train/0004/dia577_utt3,0,0,0,0,1,0,0
train/0004/dia577_utt4,0,0,0,0,1,0,0
train/0004/dia577_utt5,0,0,0,1,0,0,0
train/0104/dia577_utt6,0,0,0,0,1,0,0
train/0004/dia577_utt7,0,0,0,1,0,0,0
train/0000/dia578_utt0,0,0,0,0,1,0,0
train/0151/dia578_utt1,0,0,0,0,0,0,1
train/0066/dia578_utt2,0,0,0,0,1,0,0
train/0151/dia578_utt3,0,0,0,0,0,0,1
train/0066/dia578_utt4,0,0,0,0,0,0,1
train/0151/dia578_utt5,0,0,0,0,0,0,1
train/0066/dia578_utt6,0,0,0,0,0,0,1
train/0151/dia578_utt7,0,0,0,0,1,0,0
train/0066/dia578_utt8,0,0,0,0,0,0,1
train/0151/dia578_utt9,0,0,0,1,0,0,0
train/0000/dia579_utt0,0,0,0,0,0,0,1
train/0003/dia579_utt1,0,0,0,1,0,0,0
train/0003/dia57_utt1,0,0,0,0,1,0,0
train/0003/dia57_utt2,0,0,1,0,0,0,0
train/0003/dia57_utt3,0,0,1,0,0,0,0
train/0000/dia580_utt0,0,0,0,0,1,0,0
train/0003/dia580_utt1,0,0,0,0,1,0,0
train/0000/dia581_utt0,0,0,0,0,1,0,0
train/0000/dia582_utt0,0,0,0,0,1,0,0
train/0000/dia583_utt0,0,0,0,0,1,0,0
train/0003/dia583_utt1,1,0,0,0,0,0,0
train/0000/dia583_utt2,0,0,0,0,1,0,0
train/0002/dia583_utt3,0,0,0,0,1,0,0
train/0000/dia583_utt4,0,0,0,0,0,0,1
train/0002/dia583_utt5,0,0,0,0,0,0,1
train/0000/dia583_utt6,0,0,1,0,0,0,0
train/0003/dia583_utt7,0,0,0,0,0,0,1
train/0000/dia583_utt8,0,0,0,0,1,0,0
train/0001/dia583_utt9,0,0,0,0,1,0,0
train/0006/dia584_utt0,0,0,0,1,0,0,0
train/0036/dia584_utt1,0,0,0,0,1,0,0
train/0006/dia584_utt2,0,0,0,1,0,0,0
train/0036/dia584_utt3,0,0,0,0,1,0,0
train/0006/dia584_utt4,0,0,0,0,1,0,0
train/0036/dia584_utt5,0,0,0,0,1,0,0
train/0006/dia584_utt6,0,0,0,0,0,0,1
train/0036/dia584_utt7,0,0,0,1,0,0,0
train/0006/dia584_utt8,0,0,0,0,0,0,1
train/0036/dia584_utt9,0,0,1,0,0,0,0
train/0006/dia585_utt0,0,0,0,0,0,1,0
train/0006/dia585_utt1,0,0,0,0,0,1,0
train/0006/dia585_utt10,0,0,0,0,0,1,0
train/0000/dia585_utt11,0,0,0,0,0,0,1
train/0006/dia585_utt12,0,0,0,0,0,1,0
train/0000/dia585_utt2,0,0,0,0,0,1,0
train/0000/dia585_utt3,0,0,0,0,0,1,0
train/0006/dia585_utt4,0,0,0,0,0,1,0
train/0000/dia585_utt5,0,0,0,0,1,0,0
train/0006/dia585_utt6,0,0,0,0,0,1,0
train/0006/dia585_utt7,0,0,0,0,0,0,1
train/0000/dia585_utt8,0,0,0,0,1,0,0
train/0006/dia585_utt9,0,0,0,1,0,0,0
train/0022/dia586_utt0,0,0,0,0,1,0,0
train/0002/dia587_utt0,0,0,0,0,0,0,1
train/0022/dia587_utt1,0,0,0,1,0,0,0
train/0002/dia587_utt2,0,0,0,0,0,0,1
train/0022/dia587_utt3,0,0,0,1,0,0,0
train/0002/dia587_utt4,0,0,0,0,0,0,1
train/0004/dia587_utt5,0,0,0,1,0,0,0
train/0003/dia588_utt0,1,0,0,0,0,0,0
train/0001/dia588_utt1,0,0,0,0,0,1,0
train/0001/dia588_utt2,0,0,0,0,1,0,0
train/0001/dia588_utt3,0,0,0,0,1,0,0
train/0001/dia588_utt4,0,0,0,0,1,0,0
train/0001/dia588_utt5,1,0,0,0,0,0,0
train/0001/dia588_utt6,0,0,0,0,1,0,0
train/0184/dia589_utt0,0,0,0,0,1,0,0
train/0000/dia589_utt1,0,0,0,0,0,0,1
train/0184/dia589_utt10,0,0,0,0,0,1,0
train/0184/dia589_utt2,0,0,0,0,0,0,1
train/0000/dia589_utt3,0,0,0,0,1,0,0
train/0004/dia589_utt4,0,0,0,1,0,0,0
train/0000/dia589_utt5,0,0,0,0,0,1,0
train/0184/dia589_utt6,0,0,0,0,1,0,0
train/0184/dia589_utt7,1,0,0,0,0,0,0
train/0184/dia589_utt8,0,0,0,1,0,0,0
train/0184/dia589_utt9,0,0,0,1,0,0,0
train/0000/dia58_utt0,0,0,0,0,1,0,0
train/0002/dia58_utt1,0,0,0,0,1,0,0
train/0000/dia58_utt2,0,0,0,0,0,0,1
train/0004/dia58_utt3,0,0,0,0,1,0,0
train/0001/dia58_utt4,1,0,0,0,0,0,0
train/0004/dia58_utt5,0,0,0,0,0,0,1
train/0001/dia58_utt6,0,0,0,0,1,0,0
train/0001/dia58_utt7,0,0,0,0,1,0,0
train/0001/dia58_utt8,0,0,0,0,1,0,0
train/0004/dia58_utt9,0,0,0,0,1,0,0
train/0006/dia590_utt0,0,0,0,1,0,0,0
train/0001/dia590_utt1,0,0,0,1,0,0,0
train/0000/dia590_utt10,0,0,0,0,1,0,0
train/0013/dia590_utt11,1,0,0,0,0,0,0
train/0000/dia590_utt12,0,0,0,0,1,0,0
train/0006/dia590_utt13,0,0,0,0,1,0,0
train/0000/dia590_utt14,0,0,0,0,1,0,0
train/0006/dia590_utt15,0,0,0,0,0,0,1
train/0000/dia590_utt16,0,0,0,0,1,0,0
train/0006/dia590_utt17,0,0,0,0,1,0,0
train/0003/dia590_utt2,0,0,0,0,0,0,1
train/0001/dia590_utt3,0,0,0,0,0,0,1
train/0000/dia590_utt4,0,0,0,1,0,0,0
train/0013/dia590_utt5,0,0,0,0,0,1,0
train/0000/dia590_utt6,0,0,0,0,1,0,0
train/0013/dia590_utt7,0,0,1,0,0,0,0
train/0000/dia590_utt8,0,0,0,0,0,1,0
train/0013/dia590_utt9,0,0,0,0,0,0,1
train/0003/dia591_utt0,0,0,0,0,1,0,0
train/0006/dia591_utt1,0,0,0,0,1,0,0
train/0004/dia591_utt2,0,0,0,0,1,0,0
train/0006/dia591_utt3,0,0,0,0,1,0,0
train/0006/dia592_utt0,0,0,0,0,1,0,0
train/0000/dia592_utt1,0,1,0,0,0,0,0
train/0004/dia592_utt10,1,0,0,0,0,0,0
train/0000/dia592_utt11,0,0,0,0,1,0,0
train/0004/dia592_utt12,1,0,0,0,0,0,0
train/0004/dia592_utt13,1,0,0,0,0,0,0
train/0006/dia592_utt2,0,0,0,0,0,0,1
train/0002/dia592_utt3,1,0,0,0,0,0,0
train/0004/dia592_utt4,0,0,0,0,1,0,0
train/0004/dia592_utt5,0,0,0,0,1,0,0
train/0004/dia592_utt6,0,0,0,0,1,0,0
train/0004/dia592_utt7,0,0,0,0,1,0,0
train/0004/dia592_utt8,0,0,0,0,1,0,0
train/0004/dia592_utt9,1,0,0,0,0,0,0
train/0006/dia593_utt0,0,0,0,0,1,0,0
train/0003/dia593_utt1,0,0,0,0,1,0,0
train/0068/dia593_utt10,0,1,0,0,0,0,0
train/0000/dia593_utt2,0,0,0,1,0,0,0
train/0189/dia593_utt3,0,0,0,0,0,1,0
train/0189/dia593_utt4,0,0,0,0,0,1,0
train/0189/dia593_utt5,1,0,0,0,0,0,0
train/0189/dia593_utt6,0,0,0,0,0,1,0
train/0189/dia593_utt7,0,0,0,0,0,1,0
train/0189/dia593_utt8,0,0,0,0,0,1,0
train/0000/dia593_utt9,0,0,0,0,0,0,1
train/0004/dia594_utt0,0,0,0,0,0,1,0
train/0004/dia594_utt1,0,0,0,0,0,1,0
train/0004/dia594_utt10,0,0,0,1,0,0,0
train/0004/dia594_utt2,0,0,0,0,0,1,0
train/0004/dia594_utt3,0,0,0,0,0,1,0
train/0004/dia594_utt4,0,0,0,0,1,0,0
train/0004/dia594_utt5,0,0,0,0,0,1,0
train/0004/dia594_utt6,0,0,0,0,0,1,0
train/0233/dia594_utt7,0,0,0,0,0,1,0
train/0234/dia594_utt8,0,0,0,1,0,0,0
train/0235/dia594_utt9,0,0,0,0,1,0,0
train/0001/dia595_utt0,1,0,0,0,0,0,0
train/0003/dia595_utt1,0,0,0,0,1,0,0
train/0001/dia595_utt2,1,0,0,0,0,0,0
train/0003/dia595_utt3,1,0,0,0,0,0,0
train/0001/dia595_utt4,0,0,0,0,0,1,0
train/0003/dia595_utt5,1,0,0,0,0,0,0
train/0001/dia595_utt6,0,0,1,0,0,0,0
train/0004/dia596_utt0,1,0,0,0,0,0,0
train/0003/dia596_utt1,0,0,0,0,1,0,0
train/0000/dia596_utt10,1,0,0,0,0,0,0
train/0001/dia596_utt11,0,0,1,0,0,0,0
train/0000/dia596_utt12,0,0,0,0,1,0,0
train/0003/dia596_utt13,0,0,0,0,1,0,0
train/0000/dia596_utt14,0,0,0,0,1,0,0
train/0003/dia596_utt15,1,0,0,0,0,0,0
train/0000/dia596_utt16,1,0,0,0,0,0,0
train/0006/dia596_utt17,0,0,0,0,1,0,0
train/0004/dia596_utt18,0,0,0,0,1,0,0
train/0002/dia596_utt19,1,0,0,0,0,0,0
train/0000/dia596_utt2,0,0,0,0,1,0,0
train/0006/dia596_utt20,1,0,0,0,0,0,0
train/0004/dia596_utt21,1,0,0,0,0,0,0
train/0004/dia596_utt3,0,0,0,0,1,0,0
train/0001/dia596_utt4,0,0,0,0,1,0,0
train/0004/dia596_utt5,0,0,0,0,0,1,0
train/0003/dia596_utt6,1,0,0,0,0,0,0
train/0001/dia596_utt7,0,0,0,0,1,0,0
train/0000/dia596_utt8,1,0,0,0,0,0,0
train/0001/dia596_utt9,0,0,0,0,1,0,0
train/0001/dia597_utt0,0,0,0,1,0,0,0
train/0003/dia597_utt1,0,0,0,1,0,0,0
train/0001/dia597_utt10,0,0,0,0,1,0,0
train/0003/dia597_utt11,0,0,0,0,1,0,0
train/0003/dia597_utt2,0,0,0,0,0,0,1
train/0001/dia597_utt3,0,0,0,0,0,0,1
train/0003/dia597_utt4,0,0,0,0,1,0,0
train/0003/dia597_utt5,0,0,0,0,1,0,0
train/0001/dia597_utt6,0,0,0,1,0,0,0
train/0003/dia597_utt7,0,0,0,0,1,0,0
train/0001/dia597_utt8,0,0,0,1,0,0,0
train/0003/dia597_utt9,0,0,0,0,1,0,0
train/0006/dia598_utt0,0,0,0,1,0,0,0
train/0006/dia598_utt1,0,0,0,1,0,0,0
train/0006/dia598_utt2,1,0,0,0,0,0,0
train/0001/dia598_utt3,0,0,0,0,1,0,0
train/0006/dia598_utt4,0,0,0,0,1,0,0
train/0001/dia599_utt0,0,0,0,0,0,0,1
train/0003/dia599_utt1,0,0,0,0,1,0,0
train/0006/dia599_utt10,1,0,0,0,0,0,0
train/0000/dia599_utt11,0,0,0,0,1,0,0
train/0006/dia599_utt12,0,0,0,0,1,0,0
train/0006/dia599_utt13,0,0,0,0,1,0,0
train/0000/dia599_utt14,0,0,0,0,0,0,1
train/0006/dia599_utt15,0,0,0,1,0,0,0
train/0000/dia599_utt16,0,0,0,0,1,0,0
train/0006/dia599_utt17,0,0,0,0,1,0,0
train/0001/dia599_utt2,1,0,0,0,0,0,0
train/0004/dia599_utt3,0,0,0,0,1,0,0
train/0001/dia599_utt4,1,0,0,0,0,0,0
train/0004/dia599_utt5,1,0,0,0,0,0,0
train/0000/dia599_utt6,0,0,0,1,0,0,0
train/0001/dia599_utt7,0,0,0,1,0,0,0
train/0004/dia599_utt8,0,0,0,0,1,0,0
train/0001/dia599_utt9,0,0,0,1,0,0,0
train/0070/dia59_utt0,0,0,0,0,1,0,0
train/0070/dia59_utt1,0,0,0,1,0,0,0
train/0070/dia59_utt2,0,0,0,0,1,0,0
train/0070/dia59_utt3,0,0,0,1,0,0,0
train/0070/dia59_utt4,0,0,0,1,0,0,0
train/0070/dia59_utt5,0,0,0,1,0,0,0
train/0070/dia59_utt6,0,0,0,1,0,0,0
train/0070/dia59_utt7,0,0,0,1,0,0,0
train/0070/dia59_utt8,0,0,0,1,0,0,0
train/0070/dia59_utt9,0,0,0,1,0,0,0
train/0000/dia5_utt0,0,0,0,0,1,0,0
train/0004/dia5_utt1,0,0,0,0,1,0,0
train/0000/dia5_utt2,0,0,0,0,1,0,0
train/0236/dia5_utt3,0,0,0,0,0,0,1
train/0237/dia600_utt0,0,0,0,0,1,0,0
train/0003/dia600_utt1,0,0,0,1,0,0,0
train/0000/dia601_utt0,0,0,0,0,0,0,1
train/0001/dia601_utt1,0,0,0,0,1,0,0
train/0000/dia601_utt2,0,0,0,1,0,0,0
train/0002/dia601_utt3,0,0,0,1,0,0,0
train/0001/dia601_utt4,0,0,0,1,0,0,0
train/0016/dia601_utt5,0,0,0,1,0,0,0
train/0001/dia602_utt0,0,0,0,1,0,0,0
train/0238/dia602_utt1,0,0,0,1,0,0,0
train/0001/dia602_utt2,0,0,0,1,0,0,0
train/0238/dia602_utt3,0,0,0,1,0,0,0
train/0001/dia602_utt4,0,0,0,0,0,0,1
train/0238/dia602_utt5,0,0,0,0,1,0,0
train/0006/dia603_utt0,0,0,0,0,1,0,0
train/0138/dia603_utt1,0,0,0,0,1,0,0
train/0006/dia603_utt10,0,0,0,1,0,0,0
train/0002/dia603_utt11,0,0,0,0,1,0,0
train/0000/dia603_utt12,0,0,0,0,1,0,0
train/0000/dia603_utt13,0,0,0,0,1,0,0
train/0006/dia603_utt2,0,0,0,1,0,0,0
train/0138/dia603_utt3,0,0,0,1,0,0,0
train/0006/dia603_utt4,0,0,0,0,0,0,1
train/0003/dia603_utt5,0,0,0,0,1,0,0
train/0006/dia603_utt6,0,0,0,0,1,0,0
train/0002/dia603_utt7,0,0,0,1,0,0,0
train/0000/dia603_utt8,0,0,0,0,1,0,0
train/0002/dia603_utt9,0,0,0,0,0,0,1
train/0100/dia604_utt0,0,0,0,1,0,0,0
train/0001/dia604_utt1,0,0,0,1,0,0,0
train/0100/dia604_utt10,0,0,1,0,0,0,0
train/0000/dia604_utt11,0,0,0,0,1,0,0
train/0100/dia604_utt12,0,0,0,0,1,0,0
train/0000/dia604_utt13,0,0,0,0,1,0,0
train/0000/dia604_utt2,0,0,0,0,0,0,1
train/0100/dia604_utt3,0,0,0,0,1,0,0
train/0000/dia604_utt4,0,0,0,0,0,0,1
train/0100/dia604_utt5,0,0,0,0,1,0,0
train/0000/dia604_utt6,0,0,0,0,1,0,0
train/0000/dia604_utt7,0,0,0,0,1,0,0
train/0100/dia604_utt8,0,0,0,1,0,0,0
train/0000/dia604_utt9,0,0,0,0,1,0,0
train/0002/dia605_utt0,0,0,0,0,1,0,0
train/0102/dia605_utt1,1,0,0,0,0,0,0
train/0006/dia605_utt2,0,0,0,0,1,0,0
train/0142/dia605_utt3,0,0,0,1,0,0,0
train/0006/dia605_utt4,0,0,0,1,0,0,0
train/0142/dia605_utt5,0,0,0,0,0,0,1
train/0142/dia605_utt6,0,0,1,0,0,0,0
train/0006/dia605_utt7,0,0,0,0,1,0,0
train/0142/dia605_utt8,0,0,0,0,1,0,0
train/0001/dia606_utt0,0,0,0,0,0,0,1
train/0001/dia606_utt1,0,0,0,0,0,0,1
train/0107/dia606_utt10,0,0,0,0,1,0,0
train/0107/dia606_utt11,0,0,0,0,0,0,1
train/0107/dia606_utt2,0,0,0,0,1,0,0
train/0001/dia606_utt3,0,0,0,0,0,0,1
train/0107/dia606_utt4,0,0,0,1,0,0,0
train/0001/dia606_utt5,0,0,0,0,0,0,1
train/0107/dia606_utt6,0,0,0,0,1,0,0
train/0006/dia606_utt7,0,0,0,0,1,0,0
train/0003/dia606_utt8,0,0,0,0,1,0,0
train/0107/dia606_utt9,0,0,0,0,1,0,0
train/0004/dia607_utt0,0,1,0,0,0,0,0
train/0006/dia607_utt1,0,1,0,0,0,0,0
train/0003/dia607_utt10,0,0,0,0,1,0,0
train/0003/dia607_utt11,0,0,0,0,1,0,0
train/0003/dia607_utt12,0,0,0,1,0,0,0
train/0002/dia607_utt13,0,0,0,1,0,0,0
train/0006/dia607_utt14,0,0,0,0,1,0,0
train/0002/dia607_utt15,0,0,0,0,1,0,0
train/0003/dia607_utt2,1,0,0,0,0,0,0
train/0003/dia607_utt3,0,0,0,0,1,0,0
train/0002/dia607_utt4,0,0,0,0,1,0,0
train/0003/dia607_utt5,0,0,0,0,0,0,1
train/0003/dia607_utt6,0,0,0,0,0,0,1
train/0003/dia607_utt7,0,0,0,1,0,0,0
train/0003/dia607_utt8,0,0,0,0,0,0,1
train/0003/dia607_utt9,0,0,0,0,1,0,0
train/0000/dia608_utt0,0,0,0,0,0,0,1
train/0000/dia608_utt1,0,0,0,0,1,0,0
train/0000/dia608_utt2,0,0,0,0,1,0,0
train/0006/dia608_utt3,0,0,0,0,1,0,0
train/0000/dia608_utt4,0,0,0,0,1,0,0
train/0006/dia608_utt5,0,0,1,0,0,0,0
train/0004/dia608_utt6,0,0,0,1,0,0,0
train/0006/dia608_utt7,0,0,0,1,0,0,0
train/0006/dia608_utt8,0,0,0,0,1,0,0
train/0004/dia608_utt9,0,0,0,0,1,0,0
train/0002/dia609_utt0,0,0,0,0,1,0,0
train/0042/dia610_utt0,0,0,0,1,0,0,0
train/0006/dia610_utt1,0,0,0,1,0,0,0
train/0006/dia610_utt2,0,0,0,0,1,0,0
train/0042/dia610_utt3,0,0,0,0,0,0,1
train/0006/dia610_utt4,0,0,0,1,0,0,0
train/0042/dia610_utt5,0,0,0,0,0,0,1
train/0006/dia610_utt6,0,0,0,1,0,0,0
train/0006/dia610_utt7,0,0,0,1,0,0,0
train/0006/dia611_utt0,0,0,0,0,1,0,0
train/0001/dia611_utt1,0,0,0,0,1,0,0
train/0002/dia611_utt10,0,0,0,1,0,0,0
train/0006/dia611_utt11,0,0,0,0,1,0,0
train/0002/dia611_utt12,0,0,0,0,1,0,0
train/0003/dia611_utt13,0,0,0,0,1,0,0
train/0002/dia611_utt14,0,0,0,0,1,0,0
train/0003/dia611_utt2,0,0,0,0,1,0,0
train/0006/dia611_utt3,0,0,0,0,1,0,0
train/0003/dia611_utt4,0,0,0,0,1,0,0
train/0002/dia611_utt5,0,0,0,0,1,0,0
train/0003/dia611_utt6,0,0,0,0,1,0,0
train/0002/dia611_utt7,0,0,0,0,0,0,1
train/0002/dia611_utt8,0,0,0,0,1,0,0
train/0002/dia611_utt9,0,0,0,0,1,0,0
train/0004/dia612_utt0,0,0,0,1,0,0,0
train/0003/dia612_utt1,0,0,1,0,0,0,0
train/0004/dia612_utt2,0,0,0,0,1,0,0
train/0003/dia612_utt3,0,0,0,0,1,0,0
train/0004/dia612_utt4,0,0,0,0,0,0,1
train/0003/dia612_utt5,0,0,1,0,0,0,0
train/0003/dia612_utt6,1,0,0,0,0,0,0
train/0003/dia612_utt7,0,0,0,0,1,0,0
train/0003/dia612_utt8,0,0,0,0,1,0,0
train/0003/dia612_utt9,0,0,0,0,1,0,0
train/0006/dia613_utt0,0,0,0,0,1,0,0
train/0000/dia613_utt1,0,0,0,0,1,0,0
train/0000/dia613_utt10,1,0,0,0,0,0,0
train/0001/dia613_utt2,0,0,0,0,1,0,0
train/0000/dia613_utt3,0,0,0,0,1,0,0
train/0001/dia613_utt4,0,0,0,0,1,0,0
train/0000/dia613_utt5,0,0,0,0,1,0,0
train/0001/dia613_utt6,0,0,0,0,1,0,0
train/0000/dia613_utt7,0,0,0,0,1,0,0
train/0000/dia613_utt8,0,0,0,0,0,0,1
train/0001/dia613_utt9,1,0,0,0,0,0,0
train/0079/dia614_utt0,0,0,0,0,1,0,0
train/0080/dia614_utt1,0,0,0,1,0,0,0
train/0080/dia614_utt10,0,0,0,1,0,0,0
train/0002/dia614_utt11,0,0,0,0,1,0,0
train/0002/dia614_utt12,0,0,0,0,1,0,0
train/0002/dia614_utt13,0,0,0,1,0,0,0
train/0002/dia614_utt14,0,0,0,1,0,0,0
train/0002/dia614_utt15,0,0,0,0,1,0,0
train/0002/dia614_utt16,0,0,0,1,0,0,0
train/0079/dia614_utt17,0,0,0,1,0,0,0
train/0002/dia614_utt18,0,0,0,1,0,0,0
train/0079/dia614_utt19,0,0,0,0,0,1,0
train/0002/dia614_utt2,0,0,0,1,0,0,0
train/0002/dia614_utt20,0,0,0,1,0,0,0
train/0079/dia614_utt3,0,0,0,0,1,0,0
train/0002/dia614_utt4,0,0,0,0,1,0,0
train/0080/dia614_utt5,0,0,0,0,1,0,0
train/0079/dia614_utt6,0,1,0,0,0,0,0
train/0080/dia614_utt7,0,0,0,0,1,0,0
train/0002/dia614_utt8,0,0,0,1,0,0,0
train/0079/dia614_utt9,0,0,0,0,1,0,0
train/0003/dia615_utt0,0,0,0,0,1,0,0
train/0000/dia615_utt1,0,0,0,0,1,0,0
train/0003/dia615_utt10,1,0,0,0,0,0,0
train/0003/dia615_utt11,1,0,0,0,0,0,0
train/0003/dia615_utt12,0,1,0,0,0,0,0
train/0003/dia615_utt13,1,0,0,0,0,0,0
train/0004/dia615_utt14,1,0,0,0,0,0,0
train/0002/dia615_utt15,0,0,0,0,1,0,0
train/0004/dia615_utt16,0,0,0,0,1,0,0
train/0006/dia615_utt17,0,0,0,0,1,0,0
train/0004/dia615_utt18,1,0,0,0,0,0,0
train/0006/dia615_utt19,0,0,0,0,1,0,0
train/0016/dia615_utt2,0,1,0,0,0,0,0
train/0002/dia615_utt20,0,0,0,1,0,0,0
train/0000/dia615_utt21,0,0,0,0,1,0,0
train/0002/dia615_utt22,1,0,0,0,0,0,0
train/0016/dia615_utt3,1,0,0,0,0,0,0
train/0002/dia615_utt4,0,1,0,0,0,0,0
train/0003/dia615_utt5,1,0,0,0,0,0,0
train/0001/dia615_utt6,0,0,0,0,0,0,1
train/0003/dia615_utt7,1,0,0,0,0,0,0
train/0003/dia615_utt8,1,0,0,0,0,0,0
train/0003/dia615_utt9,1,0,0,0,0,0,0
train/0004/dia616_utt0,0,0,0,0,0,1,0
train/0001/dia616_utt1,0,0,0,0,1,0,0
train/0004/dia616_utt2,0,0,0,0,0,1,0
train/0006/dia616_utt3,0,0,0,0,1,0,0
train/0004/dia616_utt4,0,0,0,0,1,0,0
train/0000/dia617_utt0,0,0,0,0,1,0,0
train/0001/dia617_utt1,0,0,0,0,1,0,0
train/0003/dia617_utt10,0,0,0,0,1,0,0
train/0000/dia617_utt2,0,0,0,0,1,0,0
train/0000/dia617_utt3,0,1,0,0,0,0,0
train/0000/dia617_utt4,0,0,0,0,1,0,0
train/0000/dia617_utt5,0,0,0,0,1,0,0
train/0000/dia617_utt6,1,0,0,0,0,0,0
train/0000/dia617_utt7,1,0,0,0,0,0,0
train/0000/dia617_utt8,0,0,0,0,1,0,0
train/0000/dia617_utt9,0,0,0,0,1,0,0
train/0049/dia618_utt0,0,0,0,1,0,0,0
train/0002/dia618_utt1,0,0,0,1,0,0,0
train/0049/dia619_utt0,0,0,0,0,1,0,0
train/0002/dia619_utt1,0,0,0,0,1,0,0
train/0049/dia619_utt2,0,0,0,0,1,0,0
train/0002/dia619_utt3,0,0,0,0,1,0,0
train/0049/dia619_utt4,0,0,0,0,1,0,0
train/0002/dia619_utt5,0,0,0,0,1,0,0
train/0049/dia619_utt6,0,0,0,0,1,0,0
train/0002/dia619_utt7,0,0,0,0,0,1,0
train/0049/dia619_utt8,0,1,0,0,0,0,0
train/0239/dia61_utt0,0,0,0,0,1,0,0
train/0070/dia61_utt1,0,0,0,1,0,0,0
train/0070/dia61_utt2,0,0,0,1,0,0,0
train/0070/dia61_utt3,0,0,0,0,1,0,0
train/0070/dia61_utt4,0,0,0,0,1,0,0
train/0003/dia61_utt5,0,0,0,0,0,1,0
train/0070/dia61_utt6,0,0,0,1,0,0,0
train/0003/dia61_utt7,0,0,0,0,0,1,0
train/0070/dia61_utt8,0,0,0,1,0,0,0
train/0000/dia620_utt0,0,0,0,0,1,0,0
train/0006/dia621_utt0,0,0,0,0,1,0,0
train/0002/dia621_utt1,0,0,0,0,1,0,0
train/0006/dia621_utt2,0,0,0,0,1,0,0
train/0002/dia621_utt3,1,0,0,0,0,0,0
train/0002/dia621_utt4,1,0,0,0,0,0,0
train/0002/dia621_utt5,0,0,0,0,1,0,0
train/0002/dia621_utt6,0,0,0,0,1,0,0
train/0006/dia621_utt7,0,0,0,0,0,0,1
train/0002/dia622_utt0,0,0,0,0,1,0,0
train/0000/dia622_utt1,0,0,0,0,1,0,0
train/0002/dia622_utt10,0,0,0,0,0,0,1
train/0000/dia622_utt11,0,0,0,0,1,0,0
train/0000/dia622_utt12,0,0,0,0,1,0,0
train/0002/dia622_utt13,0,0,0,1,0,0,0
train/0000/dia622_utt14,0,0,0,0,1,0,0
train/0002/dia622_utt2,0,0,0,0,0,0,1
train/0000/dia622_utt3,0,0,0,0,1,0,0
train/0002/dia622_utt4,0,0,0,0,0,1,0
train/0002/dia622_utt5,0,0,0,0,1,0,0
train/0002/dia622_utt6,0,0,0,0,1,0,0
train/0000/dia622_utt7,0,0,0,0,1,0,0
train/0002/dia622_utt8,0,0,0,0,1,0,0
train/0000/dia622_utt9,0,0,0,0,1,0,0
train/0004/dia623_utt0,0,1,0,0,0,0,0
train/0004/dia623_utt1,0,0,1,0,0,0,0
train/0006/dia623_utt10,0,0,0,1,0,0,0
train/0006/dia623_utt11,0,0,0,0,0,0,1
train/0004/dia623_utt12,0,0,0,1,0,0,0
train/0006/dia623_utt13,0,0,0,1,0,0,0
train/0004/dia623_utt14,0,0,0,0,1,0,0
train/0006/dia623_utt15,0,0,0,0,0,0,1
train/0003/dia623_utt16,0,0,0,0,0,0,1
train/0006/dia623_utt17,0,0,0,1,0,0,0
train/0003/dia623_utt18,0,0,0,1,0,0,0
train/0004/dia623_utt2,1,0,0,0,0,0,0
train/0004/dia623_utt3,1,0,0,0,0,0,0
train/0006/dia623_utt4,0,0,0,1,0,0,0
train/0003/dia623_utt5,0,0,0,1,0,0,0
train/0004/dia623_utt6,0,0,0,0,1,0,0
train/0006/dia623_utt7,0,0,0,1,0,0,0
train/0006/dia623_utt8,0,0,0,1,0,0,0
train/0006/dia623_utt9,0,0,0,1,0,0,0
train/0006/dia624_utt0,0,0,0,0,0,0,1
train/0006/dia625_utt0,0,0,0,0,1,0,0
train/0004/dia625_utt1,0,0,0,0,1,0,0
train/0006/dia625_utt10,0,0,0,0,1,0,0
train/0004/dia625_utt11,1,0,0,0,0,0,0
train/0004/dia625_utt12,0,0,0,0,1,0,0
train/0004/dia625_utt13,1,0,0,0,0,0,0
train/0006/dia625_utt14,0,0,0,0,1,0,0
train/0004/dia625_utt15,0,0,0,0,1,0,0
train/0006/dia625_utt16,0,0,0,0,1,0,0
train/0004/dia625_utt17,0,0,0,0,1,0,0
train/0006/dia625_utt18,0,0,0,0,1,0,0
train/0004/dia625_utt19,0,0,0,0,1,0,0
train/0006/dia625_utt2,0,0,0,0,1,0,0
train/0004/dia625_utt3,0,0,0,0,1,0,0
train/0006/dia625_utt4,0,0,0,1,0,0,0
train/0004/dia625_utt5,0,0,0,0,1,0,0
train/0006/dia625_utt6,0,0,0,0,1,0,0
train/0004/dia625_utt7,0,0,0,0,1,0,0
train/0006/dia625_utt8,0,0,0,0,1,0,0
train/0004/dia625_utt9,0,0,0,0,1,0,0
train/0001/dia626_utt0,0,0,0,0,1,0,0
train/0004/dia626_utt1,0,0,0,0,1,0,0
train/0004/dia626_utt10,0,0,0,0,1,0,0
train/0001/dia626_utt11,0,0,0,0,1,0,0
train/0004/dia626_utt12,0,0,0,0,0,0,1
train/0001/dia626_utt13,0,0,0,0,1,0,0
train/0003/dia626_utt2,0,0,0,0,1,0,0
train/0001/dia626_utt3,0,0,0,1,0,0,0
train/0003/dia626_utt4,1,0,0,0,0,0,0
train/0001/dia626_utt5,0,0,0,0,1,0,0
train/0004/dia626_utt6,0,0,0,0,1,0,0
train/0001/dia626_utt7,0,0,0,0,0,0,1
train/0004/dia626_utt8,0,0,0,0,0,0,1
train/0001/dia626_utt9,0,0,0,0,1,0,0
train/0000/dia627_utt0,0,0,0,0,1,0,0
train/0004/dia628_utt0,0,0,0,0,0,0,1
train/0004/dia628_utt1,0,0,0,0,1,0,0
train/0004/dia628_utt10,0,0,0,0,1,0,0
train/0004/dia628_utt11,0,0,0,0,1,0,0
train/0003/dia628_utt12,0,0,0,0,1,0,0
train/0004/dia628_utt13,0,0,0,1,0,0,0
train/0004/dia628_utt2,0,0,0,0,0,0,1
train/0004/dia628_utt3,0,0,0,0,1,0,0
train/0068/dia628_utt4,0,1,0,0,0,0,0
train/0004/dia628_utt5,0,0,0,0,1,0,0
train/0001/dia628_utt6,0,0,0,0,1,0,0
train/0004/dia628_utt7,0,0,0,0,0,0,1
train/0003/dia628_utt8,0,0,0,0,0,0,1
train/0004/dia628_utt9,0,0,0,0,1,0,0
train/0021/dia629_utt0,0,0,0,0,1,0,0
train/0006/dia629_utt1,0,0,0,1,0,0,0
train/0001/dia629_utt10,0,0,0,0,1,0,0
train/0001/dia629_utt11,0,0,0,0,1,0,0
train/0001/dia629_utt12,0,0,0,0,1,0,0
train/0001/dia629_utt13,0,0,0,0,1,0,0
train/0001/dia629_utt14,0,0,0,0,1,0,0
train/0001/dia629_utt15,0,0,0,0,1,0,0
train/0002/dia629_utt16,0,0,0,0,0,0,1
train/0001/dia629_utt17,0,0,0,0,1,0,0
train/0006/dia629_utt2,0,0,0,1,0,0,0
train/0006/dia629_utt3,0,0,0,1,0,0,0
train/0006/dia629_utt4,0,0,0,1,0,0,0
train/0015/dia629_utt5,0,0,0,1,0,0,0
train/0002/dia629_utt6,0,0,0,1,0,0,0
train/0015/dia629_utt7,0,0,0,0,1,0,0
train/0006/dia629_utt8,0,0,0,1,0,0,0
train/0001/dia629_utt9,0,0,0,0,1,0,0
train/0003/dia62_utt0,0,0,0,0,1,0,0
train/0011/dia62_utt1,0,0,0,1,0,0,0
train/0149/dia62_utt10,0,0,0,0,0,0,1
train/0003/dia62_utt11,0,0,0,0,1,0,0
train/0003/dia62_utt2,0,0,0,0,1,0,0
train/0011/dia62_utt3,0,0,0,1,0,0,0
train/0003/dia62_utt5,0,0,0,1,0,0,0
train/0149/dia62_utt6,0,0,0,0,1,0,0
train/0003/dia62_utt7,0,0,0,0,1,0,0
train/0149/dia62_utt8,0,0,0,0,1,0,0
train/0003/dia62_utt9,0,0,0,0,0,0,1
train/0001/dia630_utt0,0,0,0,1,0,0,0
train/0000/dia630_utt1,0,0,0,1,0,0,0
train/0004/dia630_utt10,0,0,0,0,1,0,0
train/0004/dia630_utt11,0,0,0,0,1,0,0
train/0004/dia630_utt12,0,0,0,0,1,0,0
train/0004/dia630_utt13,0,0,0,0,1,0,0
train/0004/dia630_utt14,0,0,0,0,1,0,0
train/0001/dia630_utt2,0,1,0,0,0,0,0
train/0000/dia630_utt3,0,0,0,0,0,0,1
train/0001/dia630_utt4,0,0,0,0,1,0,0
train/0000/dia630_utt5,0,0,0,1,0,0,0
train/0001/dia630_utt6,0,0,0,1,0,0,0
train/0000/dia630_utt7,0,0,0,0,1,0,0
train/0001/dia630_utt8,0,0,0,0,1,0,0
train/0000/dia630_utt9,0,0,0,0,0,0,1
train/0002/dia631_utt0,0,0,0,0,0,0,1
train/0001/dia632_utt0,0,0,0,0,0,0,1
train/0002/dia632_utt1,0,0,1,0,0,0,0
train/0001/dia632_utt10,0,0,0,0,0,1,0
train/0002/dia632_utt11,0,0,0,0,0,1,0
train/0001/dia632_utt12,0,0,0,0,1,0,0
train/0002/dia632_utt13,0,0,0,0,1,0,0
train/0001/dia632_utt14,0,0,0,0,1,0,0
train/0002/dia632_utt15,0,0,0,0,1,0,0
train/0001/dia632_utt16,0,0,0,0,0,1,0
train/0002/dia632_utt17,0,0,0,0,0,1,0
train/0001/dia632_utt2,0,0,0,0,0,0,1
train/0001/dia632_utt3,1,0,0,0,0,0,0
train/0001/dia632_utt4,1,0,0,0,0,0,0
train/0001/dia632_utt5,1,0,0,0,0,0,0
train/0001/dia632_utt6,0,1,0,0,0,0,0
train/0001/dia632_utt7,0,1,0,0,0,0,0
train/0001/dia632_utt8,0,0,0,0,0,0,1
train/0002/dia632_utt9,0,0,0,0,1,0,0
train/0000/dia633_utt0,0,0,0,0,1,0,0
train/0036/dia633_utt1,0,0,0,1,0,0,0
train/0000/dia633_utt2,0,0,0,0,0,0,1
train/0001/dia633_utt3,0,0,0,1,0,0,0
train/0002/dia633_utt4,0,0,0,1,0,0,0
train/0001/dia633_utt5,0,0,0,1,0,0,0
train/0002/dia633_utt6,0,0,0,0,1,0,0
train/0004/dia633_utt7,0,0,1,0,0,0,0
train/0002/dia633_utt8,0,0,0,0,1,0,0
train/0004/dia633_utt9,1,0,0,0,0,0,0
train/0006/dia634_utt0,1,0,0,0,0,0,0
train/0002/dia634_utt1,0,0,0,0,1,0,0
train/0002/dia634_utt2,1,0,0,0,0,0,0
train/0002/dia634_utt3,1,0,0,0,0,0,0
train/0006/dia634_utt4,0,0,0,0,1,0,0
train/0002/dia634_utt5,0,0,0,0,0,1,0
train/0002/dia634_utt6,0,0,0,0,1,0,0
train/0138/dia634_utt7,1,0,0,0,0,0,0
train/0002/dia634_utt8,0,0,0,0,1,0,0
train/0001/dia635_utt0,0,0,0,0,0,0,1
train/0003/dia635_utt1,0,0,0,0,1,0,0
train/0001/dia635_utt2,0,0,0,0,0,0,1
train/0003/dia635_utt3,0,0,0,0,1,0,0
train/0001/dia635_utt4,0,0,0,0,0,0,1
train/0003/dia635_utt5,0,0,0,0,1,0,0
train/0240/dia635_utt6,0,0,0,0,1,0,0
train/0003/dia635_utt7,0,0,0,0,1,0,0
train/0240/dia635_utt8,0,0,0,0,1,0,0
train/0003/dia635_utt9,0,0,0,0,1,0,0
train/0002/dia636_utt0,0,0,0,1,0,0,0
train/0002/dia636_utt1,0,0,0,0,1,0,0
train/0002/dia636_utt2,0,0,0,1,0,0,0
train/0002/dia636_utt3,0,0,0,0,1,0,0
train/0002/dia636_utt4,0,0,0,0,1,0,0
train/0000/dia636_utt5,0,0,0,1,0,0,0
train/0002/dia636_utt6,0,0,0,0,1,0,0
train/0004/dia637_utt0,0,0,0,1,0,0,0
train/0006/dia637_utt1,1,0,0,0,0,0,0
train/0004/dia637_utt10,0,0,0,0,1,0,0
train/0006/dia637_utt11,0,0,0,0,1,0,0
train/0004/dia637_utt2,1,0,0,0,0,0,0
train/0006/dia637_utt3,1,0,0,0,0,0,0
train/0004/dia637_utt4,0,0,0,0,1,0,0
train/0006/dia637_utt5,0,1,0,0,0,0,0
train/0004/dia637_utt6,1,0,0,0,0,0,0
train/0006/dia637_utt7,0,0,0,0,1,0,0
train/0004/dia637_utt8,1,0,0,0,0,0,0
train/0006/dia637_utt9,0,0,0,0,1,0,0
train/0006/dia638_utt0,0,0,0,0,1,0,0
train/0105/dia638_utt1,0,0,0,0,1,0,0
train/0001/dia638_utt10,0,0,0,0,1,0,0
train/0006/dia638_utt11,0,0,0,0,1,0,0
train/0001/dia638_utt12,0,0,0,0,1,0,0
train/0006/dia638_utt2,0,0,0,0,0,0,1
train/0105/dia638_utt3,0,0,0,1,0,0,0
train/0006/dia638_utt4,0,0,0,0,0,1,0
train/0105/dia638_utt5,0,0,0,0,1,0,0
train/0006/dia638_utt6,0,0,0,0,1,0,0
train/0105/dia638_utt7,0,0,0,0,0,1,0
train/0001/dia638_utt8,0,0,0,1,0,0,0
train/0105/dia638_utt9,0,0,0,0,1,0,0
train/0006/dia639_utt0,0,0,0,0,1,0,0
train/0000/dia639_utt1,0,0,0,1,0,0,0
train/0241/dia639_utt10,0,0,0,0,0,0,1
train/0006/dia639_utt2,0,0,0,0,1,0,0
train/0006/dia639_utt3,0,0,0,0,1,0,0
train/0006/dia639_utt4,0,0,0,0,1,0,0
train/0006/dia639_utt5,0,0,0,0,1,0,0
train/0006/dia639_utt6,0,0,0,0,1,0,0
train/0015/dia639_utt7,0,0,0,0,1,0,0
train/0000/dia639_utt8,0,0,0,0,1,0,0
train/0006/dia639_utt9,0,0,0,0,0,0,1
train/0006/dia63_utt0,0,0,0,1,0,0,0
train/0003/dia63_utt1,0,0,0,0,1,0,0
train/0006/dia63_utt2,0,0,0,1,0,0,0
train/0003/dia63_utt3,0,0,0,0,0,0,1
train/0006/dia63_utt4,0,0,0,1,0,0,0
train/0003/dia63_utt5,1,0,0,0,0,0,0
train/0006/dia63_utt6,0,0,0,0,1,0,0
train/0003/dia63_utt7,0,0,0,0,0,1,0
train/0242/dia640_utt0,0,0,0,1,0,0,0
train/0002/dia640_utt1,0,0,0,1,0,0,0
train/0002/dia640_utt10,0,0,0,0,1,0,0
train/0037/dia640_utt11,0,0,0,1,0,0,0
train/0242/dia640_utt12,0,0,0,0,1,0,0
train/0002/dia640_utt13,0,0,0,0,1,0,0
train/0037/dia640_utt14,0,0,0,0,1,0,0
train/0002/dia640_utt15,0,0,0,1,0,0,0
train/0037/dia640_utt16,0,0,0,0,1,0,0
train/0037/dia640_utt2,0,0,0,0,1,0,0
train/0037/dia640_utt3,0,0,0,0,0,0,1
train/0037/dia640_utt4,0,0,0,0,1,0,0
train/0037/dia640_utt5,0,0,0,1,0,0,0
train/0002/dia640_utt6,0,0,0,0,1,0,0
train/0243/dia640_utt7,0,0,0,0,1,0,0
train/0002/dia640_utt8,0,0,0,1,0,0,0
train/0037/dia640_utt9,0,0,0,1,0,0,0
train/0002/dia641_utt0,0,0,0,0,1,0,0
train/0003/dia641_utt1,0,0,1,0,0,0,0
train/0001/dia642_utt0,0,0,0,0,1,0,0
train/0003/dia642_utt1,0,0,0,0,0,0,1
train/0001/dia642_utt2,0,0,0,0,1,0,0
train/0003/dia642_utt3,0,0,0,0,1,0,0
train/0001/dia642_utt4,0,0,0,0,1,0,0
train/0000/dia643_utt0,0,0,0,0,1,0,0
train/0003/dia643_utt1,0,0,0,0,1,0,0
train/0000/dia643_utt2,0,1,0,0,0,0,0
train/0003/dia643_utt3,0,0,0,0,0,0,1
train/0006/dia643_utt4,0,0,0,0,0,0,1
train/0001/dia643_utt5,0,0,0,0,1,0,0
train/0006/dia643_utt6,0,0,0,0,1,0,0
train/0001/dia644_utt0,0,0,0,0,0,0,1
train/0006/dia644_utt1,0,0,0,0,1,0,0
train/0006/dia644_utt10,0,0,0,0,1,0,0
train/0003/dia644_utt2,1,0,0,0,0,0,0
train/0006/dia644_utt3,0,0,0,0,1,0,0
train/0006/dia644_utt4,0,0,0,0,1,0,0
train/0006/dia644_utt5,0,0,0,1,0,0,0
train/0001/dia644_utt6,0,0,0,0,0,0,1
train/0003/dia644_utt7,1,0,0,0,0,0,0
train/0006/dia644_utt8,0,0,0,1,0,0,0
train/0003/dia644_utt9,1,0,0,0,0,0,0
train/0002/dia645_utt0,0,0,0,0,1,0,0
train/0039/dia645_utt1,0,0,0,1,0,0,0
train/0002/dia645_utt10,0,0,0,0,1,0,0
train/0039/dia645_utt11,0,0,0,0,1,0,0
train/0001/dia645_utt12,0,0,0,0,1,0,0
train/0006/dia645_utt13,0,0,0,1,0,0,0
train/0000/dia645_utt14,0,0,0,0,0,0,1
train/0006/dia645_utt15,0,0,0,0,1,0,0
train/0000/dia645_utt16,0,0,0,0,1,0,0
train/0002/dia645_utt2,0,0,0,0,1,0,0
train/0002/dia645_utt3,0,0,0,0,1,0,0
train/0002/dia645_utt4,0,0,0,0,1,0,0
train/0002/dia645_utt5,0,0,0,0,0,1,0
train/0002/dia645_utt6,0,0,0,0,0,1,0
train/0039/dia645_utt7,0,0,0,0,1,0,0
train/0002/dia645_utt8,0,0,1,0,0,0,0
train/0039/dia645_utt9,0,0,0,0,1,0,0
train/0001/dia646_utt0,0,0,0,0,1,0,0
train/0002/dia646_utt1,0,0,0,1,0,0,0
train/0000/dia646_utt10,0,0,0,0,1,0,0
train/0001/dia646_utt11,0,0,0,0,1,0,0
train/0001/dia646_utt12,0,0,0,0,1,0,0
train/0002/dia646_utt13,0,0,0,0,1,0,0
train/0000/dia646_utt14,0,0,0,0,1,0,0
train/0001/dia646_utt15,0,0,0,0,1,0,0
train/0000/dia646_utt16,0,0,0,0,0,0,1
train/0001/dia646_utt17,0,0,0,1,0,0,0
train/0002/dia646_utt18,0,0,0,0,1,0,0
train/0001/dia646_utt19,0,0,0,1,0,0,0
train/0000/dia646_utt2,0,0,0,0,1,0,0
train/0002/dia646_utt20,1,0,0,0,0,0,0
train/0000/dia646_utt21,0,0,0,1,0,0,0
train/0002/dia646_utt3,0,0,0,1,0,0,0
train/0001/dia646_utt4,0,0,0,1,0,0,0
train/0002/dia646_utt5,0,0,0,1,0,0,0
train/0001/dia646_utt6,0,0,0,0,1,0,0
train/0001/dia646_utt7,0,0,0,0,1,0,0
train/0000/dia646_utt8,0,0,0,1,0,0,0
train/0002/dia646_utt9,1,0,0,0,0,0,0
train/0003/dia647_utt0,0,0,0,0,1,0,0
train/0001/dia648_utt0,0,0,0,0,1,0,0
train/0001/dia648_utt1,1,0,0,0,0,0,0
train/0001/dia648_utt2,1,0,0,0,0,0,0
train/0001/dia648_utt3,1,0,0,0,0,0,0
train/0000/dia648_utt4,0,0,0,0,1,0,0
train/0001/dia648_utt5,0,0,0,0,0,0,1
train/0000/dia648_utt6,0,0,0,0,1,0,0
train/0002/dia649_utt0,0,0,0,0,0,0,1
train/0004/dia649_utt1,0,0,0,0,1,0,0
train/0002/dia649_utt10,0,0,0,0,1,0,0
train/0004/dia649_utt11,0,0,0,0,1,0,0
train/0004/dia649_utt12,0,0,0,0,1,0,0
train/0004/dia649_utt13,0,0,0,0,0,0,1
train/0004/dia649_utt14,0,0,0,0,1,0,0
train/0004/dia649_utt15,0,0,0,0,0,0,1
train/0002/dia649_utt16,0,0,0,0,1,0,0
train/0004/dia649_utt17,0,0,0,0,1,0,0
train/0002/dia649_utt18,0,0,0,0,1,0,0
train/0004/dia649_utt19,0,0,0,1,0,0,0
train/0002/dia649_utt2,0,0,0,1,0,0,0
train/0002/dia649_utt20,0,0,0,0,1,0,0
train/0004/dia649_utt21,0,0,0,0,1,0,0
train/0002/dia649_utt22,0,0,0,0,1,0,0
train/0004/dia649_utt23,1,0,0,0,0,0,0
train/0004/dia649_utt3,0,0,0,1,0,0,0
train/0004/dia649_utt4,0,0,0,0,1,0,0
train/0004/dia649_utt5,0,0,0,0,1,0,0
train/0004/dia649_utt6,0,0,0,0,1,0,0
train/0002/dia649_utt7,0,0,0,1,0,0,0
train/0002/dia649_utt8,0,0,0,1,0,0,0
train/0002/dia649_utt9,0,0,0,1,0,0,0
train/0003/dia64_utt0,1,0,0,0,0,0,0
train/0001/dia64_utt1,0,0,0,0,1,0,0
train/0003/dia64_utt10,0,0,0,0,1,0,0
train/0004/dia64_utt11,1,0,0,0,0,0,0
train/0003/dia64_utt12,0,0,0,0,1,0,0
train/0003/dia64_utt2,0,0,0,0,1,0,0
train/0000/dia64_utt3,0,0,0,0,1,0,0
train/0001/dia64_utt4,0,0,0,0,1,0,0
train/0000/dia64_utt5,0,0,0,1,0,0,0
train/0001/dia64_utt6,0,0,0,0,1,0,0
train/0000/dia64_utt7,0,0,0,1,0,0,0
train/0004/dia64_utt8,0,0,0,1,0,0,0
train/0000/dia64_utt9,1,0,0,0,0,0,0
train/0002/dia650_utt0,1,0,0,0,0,0,0
train/0001/dia650_utt1,0,0,0,0,1,0,0
train/0000/dia650_utt2,0,0,0,1,0,0,0
train/0001/dia650_utt3,0,0,0,0,1,0,0
train/0000/dia650_utt4,0,0,0,0,1,0,0
train/0001/dia650_utt5,0,1,0,0,0,0,0
train/0002/dia650_utt6,0,0,0,0,1,0,0
train/0001/dia650_utt7,0,0,0,0,1,0,0
train/0002/dia650_utt8,0,0,0,1,0,0,0
train/0006/dia651_utt0,0,0,0,0,0,0,1
train/0004/dia651_utt1,0,0,0,0,0,0,1
train/0001/dia651_utt10,1,0,0,0,0,0,0
train/0004/dia651_utt11,0,0,0,0,0,0,1
train/0001/dia651_utt12,0,0,0,0,1,0,0
train/0006/dia651_utt2,0,0,0,0,0,0,1
train/0002/dia651_utt3,0,0,0,0,1,0,0
train/0002/dia651_utt4,0,0,0,0,1,0,0
train/0244/dia651_utt5,0,0,0,0,1,0,0
train/0006/dia651_utt6,0,0,0,0,1,0,0
train/0004/dia651_utt7,0,0,0,0,1,0,0
train/0006/dia651_utt8,0,0,0,0,1,0,0
train/0004/dia651_utt9,0,0,0,0,1,0,0
train/0002/dia652_utt0,0,1,0,0,0,0,0
train/0001/dia652_utt1,0,1,0,0,0,0,0
train/0002/dia652_utt10,0,0,0,1,0,0,0
train/0003/dia652_utt11,0,0,0,0,1,0,0
train/0006/dia652_utt12,0,0,0,0,1,0,0
train/0000/dia652_utt13,0,0,0,0,1,0,0
train/0001/dia652_utt14,0,0,0,1,0,0,0
train/0003/dia652_utt15,0,0,0,0,0,0,1
train/0003/dia652_utt2,0,0,0,0,1,0,0
train/0006/dia652_utt3,0,0,0,0,0,1,0
train/0003/dia652_utt4,0,0,0,0,1,0,0
train/0003/dia652_utt5,0,0,0,1,0,0,0
train/0006/dia652_utt6,0,0,0,1,0,0,0
train/0003/dia652_utt7,0,0,0,1,0,0,0
train/0001/dia652_utt8,0,0,0,1,0,0,0
train/0003/dia652_utt9,0,0,1,0,0,0,0
train/0003/dia653_utt0,0,0,0,0,1,0,0
train/0000/dia653_utt1,0,0,0,0,1,0,0
train/0003/dia653_utt2,0,0,0,1,0,0,0
train/0003/dia653_utt3,0,0,0,0,1,0,0
train/0003/dia653_utt4,0,0,0,0,1,0,0
train/0003/dia654_utt0,0,0,0,0,0,1,0
train/0001/dia654_utt1,0,1,0,0,0,0,0
train/0003/dia654_utt2,0,0,1,0,0,0,0
train/0001/dia654_utt3,1,0,0,0,0,0,0
train/0003/dia654_utt4,0,0,0,0,0,1,0
train/0001/dia654_utt5,0,0,0,0,1,0,0
train/0003/dia654_utt6,0,0,0,0,1,0,0
train/0003/dia654_utt7,0,0,0,0,1,0,0
train/0001/dia654_utt8,0,0,0,1,0,0,0
train/0006/dia655_utt0,0,0,0,0,0,0,1
train/0006/dia655_utt1,0,0,0,0,1,0,0
train/0041/dia655_utt10,0,0,0,0,1,0,0
train/0006/dia655_utt11,0,0,0,1,0,0,0
train/0041/dia655_utt12,0,0,0,1,0,0,0
train/0006/dia655_utt13,0,0,0,1,0,0,0
train/0041/dia655_utt14,0,0,0,1,0,0,0
train/0006/dia655_utt15,0,0,0,1,0,0,0
train/0006/dia655_utt2,0,0,0,0,1,0,0
train/0006/dia655_utt3,0,0,0,0,0,1,0
train/0041/dia655_utt4,0,0,0,1,0,0,0
train/0006/dia655_utt5,0,0,0,0,1,0,0
train/0041/dia655_utt6,0,0,0,0,0,0,1
train/0006/dia655_utt7,0,0,0,0,0,0,1
train/0041/dia655_utt8,0,0,0,1,0,0,0
train/0006/dia655_utt9,0,0,0,0,0,0,1
train/0001/dia656_utt0,0,0,0,1,0,0,0
train/0001/dia657_utt0,0,0,0,1,0,0,0
train/0245/dia657_utt1,0,0,0,0,1,0,0
train/0245/dia657_utt10,0,0,0,0,1,0,0
train/0001/dia657_utt11,0,0,0,0,0,0,1
train/0245/dia657_utt12,0,0,0,1,0,0,0
train/0001/dia657_utt13,0,0,0,0,1,0,0
train/0245/dia657_utt14,0,0,0,0,0,1,0
train/0000/dia657_utt15,0,0,0,1,0,0,0
train/0002/dia657_utt16,0,0,0,0,1,0,0
train/0002/dia657_utt17,0,0,0,0,1,0,0
train/0002/dia657_utt18,0,1,0,0,0,0,0
train/0002/dia657_utt19,0,0,0,0,1,0,0
train/0002/dia657_utt2,0,0,0,0,1,0,0
train/0245/dia657_utt3,0,0,0,1,0,0,0
train/0002/dia657_utt4,0,0,0,1,0,0,0
train/0245/dia657_utt5,0,0,0,0,1,0,0
train/0001/dia657_utt6,0,0,0,0,1,0,0
train/0245/dia657_utt7,0,0,0,1,0,0,0
train/0245/dia657_utt8,0,0,0,0,1,0,0
train/0001/dia657_utt9,0,0,0,0,1,0,0
train/0003/dia658_utt0,0,0,0,0,1,0,0
train/0003/dia658_utt1,0,0,0,0,0,0,1
train/0001/dia658_utt10,0,0,0,0,0,0,1
train/0000/dia658_utt11,1,0,0,0,0,0,0
train/0003/dia658_utt12,0,0,0,0,1,0,0
train/0004/dia658_utt13,0,0,0,0,1,0,0
train/0003/dia658_utt14,0,0,0,0,1,0,0
train/0000/dia658_utt15,0,0,0,0,1,0,0
train/0003/dia658_utt16,0,1,0,0,0,0,0
train/0001/dia658_utt17,0,0,0,0,0,0,1
train/0006/dia658_utt18,0,0,0,0,1,0,0
train/0000/dia658_utt19,0,0,0,0,1,0,0
train/0003/dia658_utt2,0,0,0,1,0,0,0
train/0006/dia658_utt20,0,0,0,0,1,0,0
train/0001/dia658_utt3,0,0,0,0,1,0,0
train/0003/dia658_utt4,0,0,1,0,0,0,0
train/0003/dia658_utt5,1,0,0,0,0,0,0
train/0003/dia658_utt6,0,0,0,1,0,0,0
train/0003/dia658_utt7,0,0,0,0,1,0,0
train/0003/dia658_utt8,0,0,0,0,1,0,0
train/0246/dia658_utt9,0,0,0,0,1,0,0
train/0006/dia659_utt0,0,0,0,0,1,0,0
train/0224/dia659_utt1,0,0,0,0,1,0,0
train/0006/dia659_utt10,0,0,0,0,1,0,0
train/0006/dia659_utt11,0,0,0,0,1,0,0
train/0006/dia659_utt12,0,0,0,0,1,0,0
train/0006/dia659_utt13,0,0,0,1,0,0,0
train/0006/dia659_utt14,0,0,0,0,1,0,0
train/0006/dia659_utt15,0,0,0,0,1,0,0
train/0006/dia659_utt16,0,0,0,0,1,0,0
train/0006/dia659_utt17,0,0,0,0,1,0,0
train/0006/dia659_utt18,0,0,0,0,1,0,0
train/0006/dia659_utt19,0,0,0,1,0,0,0
train/0021/dia659_utt2,0,0,0,0,1,0,0
train/0015/dia659_utt3,0,0,0,0,0,1,0
train/0006/dia659_utt4,0,0,0,0,1,0,0
train/0006/dia659_utt5,0,0,0,0,1,0,0
train/0006/dia659_utt6,0,0,0,0,0,1,0
train/0224/dia659_utt7,0,0,0,0,1,0,0
train/0006/dia659_utt8,0,0,0,0,1,0,0
train/0021/dia659_utt9,0,0,0,0,1,0,0
train/0006/dia65_utt0,0,0,0,1,0,0,0
train/0002/dia65_utt1,0,0,0,0,0,0,1
train/0006/dia65_utt2,0,0,0,0,1,0,0
train/0002/dia65_utt3,0,0,0,1,0,0,0
train/0056/dia660_utt0,0,0,0,0,1,0,0
train/0056/dia660_utt1,0,0,0,0,1,0,0
train/0002/dia660_utt10,0,0,0,1,0,0,0
train/0002/dia660_utt11,0,0,0,0,1,0,0
train/0002/dia660_utt12,0,0,0,0,1,0,0
train/0002/dia660_utt13,0,0,0,0,1,0,0
train/0056/dia660_utt14,0,0,0,0,0,1,0
train/0002/dia660_utt15,0,0,0,0,0,0,1
train/0002/dia660_utt2,0,0,0,0,1,0,0
train/0056/dia660_utt3,0,0,0,0,1,0,0
train/0056/dia660_utt4,1,0,0,0,0,0,0
train/0056/dia660_utt5,0,0,0,0,0,1,0
train/0056/dia660_utt6,0,0,0,0,0,1,0
train/0002/dia660_utt7,0,0,0,1,0,0,0
train/0002/dia660_utt8,0,0,0,0,1,0,0
train/0002/dia660_utt9,0,0,0,1,0,0,0
train/0004/dia661_utt0,1,0,0,0,0,0,0
train/0003/dia661_utt1,0,0,0,0,0,0,1
train/0004/dia661_utt2,0,0,0,0,1,0,0
train/0003/dia661_utt3,0,0,0,0,1,0,0
train/0004/dia661_utt4,0,0,0,0,1,0,0
train/0003/dia661_utt5,0,0,0,0,1,0,0
train/0004/dia661_utt6,0,0,0,0,1,0,0
train/0003/dia661_utt7,1,0,0,0,0,0,0
train/0004/dia661_utt8,1,0,0,0,0,0,0
train/0003/dia661_utt9,0,0,0,0,0,1,0
train/0004/dia662_utt0,0,0,0,0,1,0,0
train/0004/dia662_utt1,0,0,0,0,1,0,0
train/0004/dia662_utt2,0,0,0,0,1,0,0
train/0198/dia662_utt3,0,0,0,0,1,0,0
train/0247/dia662_utt4,0,0,0,0,1,0,0
train/0198/dia662_utt5,0,0,0,0,1,0,0
train/0004/dia662_utt6,0,0,0,0,0,1,0
train/0003/dia663_utt0,0,0,0,1,0,0,0
train/0001/dia663_utt1,0,0,0,0,1,0,0
train/0003/dia663_utt2,0,0,0,1,0,0,0
train/0001/dia663_utt3,0,0,0,1,0,0,0
train/0003/dia663_utt4,0,0,0,0,1,0,0
train/0001/dia663_utt5,0,0,0,0,1,0,0
train/0003/dia663_utt6,0,0,0,0,1,0,0
train/0001/dia663_utt7,0,0,0,0,1,0,0
train/0004/dia663_utt8,0,0,0,0,1,0,0
train/0001/dia663_utt9,0,0,0,0,1,0,0
train/0004/dia664_utt0,0,0,0,0,1,0,0
train/0006/dia664_utt1,0,0,0,0,0,1,0
train/0003/dia664_utt2,0,0,0,0,0,1,0
train/0006/dia664_utt3,0,0,0,0,0,1,0
train/0003/dia664_utt4,1,0,0,0,0,0,0
train/0003/dia664_utt5,0,0,0,0,1,0,0
train/0004/dia664_utt6,0,0,0,0,1,0,0
train/0003/dia664_utt7,0,0,0,0,1,0,0
train/0004/dia664_utt8,0,0,0,0,1,0,0
train/0248/dia665_utt0,0,0,0,0,1,0,0
train/0000/dia665_utt1,0,0,0,1,0,0,0
train/0010/dia665_utt10,0,0,0,0,1,0,0
train/0000/dia665_utt11,0,0,0,0,1,0,0
train/0005/dia665_utt12,0,0,0,0,1,0,0
train/0010/dia665_utt13,0,0,0,0,1,0,0
train/0010/dia665_utt14,0,0,0,0,1,0,0
train/0000/dia665_utt15,0,1,0,0,0,0,0
train/0248/dia665_utt16,0,0,0,0,1,0,0
train/0000/dia665_utt17,0,0,0,0,0,0,1
train/0005/dia665_utt18,1,0,0,0,0,0,0
train/0005/dia665_utt2,0,0,0,0,1,0,0
train/0248/dia665_utt3,0,0,0,0,1,0,0
train/0000/dia665_utt4,0,0,0,0,0,0,1
train/0248/dia665_utt5,0,0,0,0,1,0,0
train/0000/dia665_utt6,0,0,0,0,1,0,0
train/0248/dia665_utt7,0,0,0,0,1,0,0
train/0000/dia665_utt8,0,0,0,0,0,0,1
train/0005/dia665_utt9,0,0,0,0,1,0,0
train/0004/dia666_utt0,0,0,0,0,1,0,0
train/0001/dia666_utt1,0,0,0,0,1,0,0
train/0002/dia666_utt10,0,0,0,0,0,0,1
train/0001/dia666_utt11,1,0,0,0,0,0,0
train/0091/dia666_utt12,0,0,0,0,1,0,0
train/0001/dia666_utt13,0,0,0,0,1,0,0
train/0091/dia666_utt14,0,0,0,0,1,0,0
train/0001/dia666_utt15,0,0,0,1,0,0,0
train/0000/dia666_utt16,0,0,0,0,1,0,0
train/0004/dia666_utt2,0,0,0,0,0,0,1
train/0000/dia666_utt3,0,1,0,0,0,0,0
train/0004/dia666_utt4,1,0,0,0,0,0,0
train/0001/dia666_utt5,0,0,0,0,1,0,0
train/0004/dia666_utt6,0,0,0,0,1,0,0
train/0001/dia666_utt7,0,0,0,0,1,0,0
train/0002/dia666_utt8,0,0,1,0,0,0,0
train/0001/dia666_utt9,1,0,0,0,0,0,0
train/0001/dia667_utt0,0,0,0,1,0,0,0
train/0003/dia667_utt1,0,0,0,1,0,0,0
train/0001/dia667_utt2,0,0,0,0,0,1,0
train/0003/dia667_utt3,0,0,0,0,1,0,0
train/0001/dia667_utt4,0,0,0,1,0,0,0
train/0003/dia667_utt5,0,0,0,0,1,0,0
train/0001/dia667_utt6,0,0,0,1,0,0,0
train/0003/dia667_utt7,0,0,0,0,1,0,0
train/0001/dia667_utt8,0,0,0,0,0,1,0
train/0003/dia667_utt9,0,0,0,0,1,0,0
train/0001/dia668_utt0,0,0,0,1,0,0,0
train/0003/dia668_utt1,0,0,0,0,1,0,0
train/0185/dia669_utt0,0,0,0,0,1,0,0
train/0002/dia669_utt1,0,0,0,1,0,0,0
train/0185/dia669_utt2,0,0,0,1,0,0,0
train/0002/dia669_utt3,0,0,0,0,0,0,1
train/0185/dia669_utt4,0,0,0,0,1,0,0
train/0000/dia66_utt1,0,0,0,0,1,0,0
train/0000/dia66_utt10,0,0,0,1,0,0,0
train/0001/dia66_utt11,0,0,0,0,0,1,0
train/0000/dia66_utt12,0,0,0,0,1,0,0
train/0000/dia66_utt2,0,0,0,0,1,0,0
train/0001/dia66_utt3,0,0,0,0,1,0,0
train/0000/dia66_utt4,0,0,0,0,1,0,0
train/0001/dia66_utt5,0,0,0,0,0,0,1
train/0000/dia66_utt6,0,0,0,0,1,0,0
train/0001/dia66_utt7,0,0,0,0,1,0,0
train/0000/dia66_utt8,0,0,0,0,0,1,0
train/0001/dia66_utt9,0,0,0,1,0,0,0
train/0001/dia670_utt0,0,0,0,1,0,0,0
train/0002/dia670_utt1,1,0,0,0,0,0,0
train/0001/dia670_utt10,0,0,0,1,0,0,0
train/0001/dia670_utt11,0,0,0,1,0,0,0
train/0002/dia670_utt12,0,0,0,0,1,0,0
train/0001/dia670_utt13,0,0,0,1,0,0,0
train/0002/dia670_utt14,0,0,0,0,1,0,0
train/0001/dia670_utt15,0,0,0,0,0,1,0
train/0002/dia670_utt2,0,0,0,0,0,1,0
train/0002/dia670_utt3,1,0,0,0,0,0,0
train/0001/dia670_utt4,0,0,0,1,0,0,0
train/0002/dia670_utt5,0,0,0,0,1,0,0
train/0001/dia670_utt6,0,0,0,0,1,0,0
train/0002/dia670_utt7,1,0,0,0,0,0,0
train/0001/dia670_utt8,0,0,0,1,0,0,0
train/0001/dia670_utt9,1,0,0,0,0,0,0
train/0004/dia671_utt0,0,0,0,0,1,0,0
train/0006/dia671_utt1,0,0,0,0,1,0,0
train/0006/dia671_utt10,0,0,0,0,0,0,1
train/0004/dia671_utt11,0,0,0,0,0,0,1
train/0004/dia671_utt12,0,0,0,0,1,0,0
train/0006/dia671_utt13,0,0,0,0,1,0,0
train/0004/dia671_utt14,0,0,0,0,1,0,0
train/0006/dia671_utt15,1,0,0,0,0,0,0
train/0004/dia671_utt16,0,0,0,0,1,0,0
train/0006/dia671_utt17,1,0,0,0,0,0,0
train/0004/dia671_utt2,0,0,0,0,1,0,0
train/0006/dia671_utt3,0,0,0,0,1,0,0
train/0006/dia671_utt4,0,0,0,0,1,0,0
train/0006/dia671_utt5,0,0,0,0,1,0,0
train/0004/dia671_utt6,0,0,0,0,1,0,0
train/0006/dia671_utt7,0,0,0,0,1,0,0
train/0006/dia671_utt8,0,0,0,0,0,0,1
train/0004/dia671_utt9,0,0,0,1,0,0,0
train/0006/dia672_utt0,0,0,0,0,1,0,0
train/0002/dia672_utt1,0,0,0,0,0,0,1
train/0006/dia672_utt10,0,0,0,0,1,0,0
train/0002/dia672_utt11,1,0,0,0,0,0,0
train/0002/dia672_utt12,1,0,0,0,0,0,0
train/0006/dia672_utt13,0,0,0,0,1,0,0
train/0002/dia672_utt14,0,0,0,1,0,0,0
train/0006/dia672_utt15,0,0,0,1,0,0,0
train/0006/dia672_utt2,0,0,0,1,0,0,0
train/0002/dia672_utt3,0,0,0,0,0,0,1
train/0006/dia672_utt4,0,0,0,0,1,0,0
train/0006/dia672_utt5,0,0,0,1,0,0,0
train/0006/dia672_utt6,0,0,0,1,0,0,0
train/0002/dia672_utt7,0,0,0,0,1,0,0
train/0006/dia672_utt8,0,0,0,0,0,1,0
train/0002/dia672_utt9,0,0,1,0,0,0,0
train/0249/dia673_utt0,0,0,0,0,1,0,0
train/0006/dia673_utt1,0,0,0,0,1,0,0
train/0006/dia673_utt10,0,0,0,0,1,0,0
train/0249/dia673_utt11,0,0,0,0,1,0,0
train/0006/dia673_utt12,0,0,0,0,1,0,0
train/0249/dia673_utt13,0,0,0,0,1,0,0
train/0006/dia673_utt14,0,0,0,0,1,0,0
train/0249/dia673_utt15,0,0,0,0,1,0,0
train/0006/dia673_utt16,0,0,0,0,1,0,0
train/0249/dia673_utt17,0,0,0,0,1,0,0
train/0006/dia673_utt18,0,0,0,0,0,0,1
train/0006/dia673_utt19,0,0,0,0,0,0,1
train/0249/dia673_utt2,0,0,0,0,1,0,0
train/0006/dia673_utt20,0,0,1,0,0,0,0
train/0006/dia673_utt3,0,0,0,0,1,0,0
train/0249/dia673_utt4,0,0,0,0,1,0,0
train/0249/dia673_utt5,0,0,0,0,1,0,0
train/0006/dia673_utt6,0,0,0,0,1,0,0
train/0249/dia673_utt7,0,0,0,0,0,0,1
train/0006/dia673_utt8,0,0,0,0,1,0,0
train/0249/dia673_utt9,0,0,0,0,1,0,0
train/0006/dia674_utt0,0,0,0,0,1,0,0
train/0004/dia674_utt1,0,0,0,0,1,0,0
train/0000/dia674_utt2,0,0,0,0,1,0,0
train/0004/dia674_utt3,0,0,0,0,0,0,1
train/0000/dia674_utt4,0,0,0,0,1,0,0
train/0003/dia674_utt5,0,0,0,0,1,0,0
train/0003/dia674_utt6,0,0,0,0,1,0,0
train/0003/dia674_utt7,0,0,0,0,1,0,0
train/0006/dia674_utt8,0,0,0,0,1,0,0
train/0000/dia675_utt0,0,0,0,0,1,0,0
train/0142/dia675_utt1,0,0,0,1,0,0,0
train/0000/dia675_utt2,0,0,0,0,1,0,0
train/0002/dia675_utt3,0,0,0,0,1,0,0
train/0000/dia675_utt4,0,0,0,0,1,0,0
train/0002/dia675_utt5,0,0,0,0,1,0,0
train/0006/dia676_utt0,0,0,0,0,0,1,0
train/0002/dia676_utt1,0,0,0,0,0,0,1
train/0002/dia676_utt10,1,0,0,0,0,0,0
train/0006/dia676_utt11,0,0,0,0,0,0,1
train/0002/dia676_utt12,1,0,0,0,0,0,0
train/0006/dia676_utt13,0,0,0,0,1,0,0
train/0002/dia676_utt14,1,0,0,0,0,0,0
train/0002/dia676_utt2,0,0,0,0,0,0,1
train/0002/dia676_utt3,0,0,0,0,0,1,0
train/0002/dia676_utt4,0,0,1,0,0,0,0
train/0002/dia676_utt5,0,0,0,0,0,1,0
train/0006/dia676_utt6,0,0,0,0,0,1,0
train/0006/dia676_utt7,0,0,0,0,0,1,0
train/0002/dia676_utt8,0,0,0,0,0,0,1
train/0006/dia676_utt9,0,0,0,0,0,1,0
train/0004/dia677_utt0,0,0,0,0,0,0,1
train/0003/dia677_utt1,0,0,0,0,1,0,0
train/0004/dia677_utt2,0,0,0,1,0,0,0
train/0006/dia677_utt3,0,0,0,0,1,0,0
train/0000/dia678_utt0,0,0,0,0,1,0,0
train/0003/dia678_utt1,0,0,0,0,1,0,0
train/0005/dia678_utt10,0,0,0,0,0,0,1
train/0000/dia678_utt11,0,0,0,0,1,0,0
train/0005/dia678_utt12,0,0,0,1,0,0,0
train/0003/dia678_utt13,0,0,0,0,1,0,0
train/0002/dia678_utt14,0,0,0,0,1,0,0
train/0000/dia678_utt15,0,0,0,1,0,0,0
train/0005/dia678_utt16,0,0,0,0,1,0,0
train/0005/dia678_utt17,0,0,0,0,1,0,0
train/0003/dia678_utt18,0,0,0,0,1,0,0
train/0005/dia678_utt2,0,0,0,0,1,0,0
train/0000/dia678_utt3,0,0,0,0,1,0,0
train/0004/dia678_utt4,0,0,0,1,0,0,0
train/0005/dia678_utt5,0,0,0,0,1,0,0
train/0000/dia678_utt6,0,0,0,0,1,0,0
train/0005/dia678_utt7,0,0,0,0,0,0,1
train/0000/dia678_utt8,0,0,0,0,1,0,0
train/0002/dia678_utt9,0,0,0,1,0,0,0
train/0002/dia679_utt0,0,0,0,0,1,0,0
train/0003/dia679_utt1,0,0,0,0,1,0,0
train/0004/dia679_utt10,0,0,0,1,0,0,0
train/0000/dia679_utt11,0,0,0,0,1,0,0
train/0004/dia679_utt12,0,0,1,0,0,0,0
train/0004/dia679_utt13,1,0,0,0,0,0,0
train/0004/dia679_utt14,1,0,0,0,0,0,0
train/0001/dia679_utt15,1,0,0,0,0,0,0
train/0000/dia679_utt16,0,0,0,0,1,0,0
train/0002/dia679_utt2,0,0,0,1,0,0,0
train/0003/dia679_utt3,0,0,0,1,0,0,0
train/0002/dia679_utt4,0,0,0,0,0,0,1
train/0002/dia679_utt5,0,0,0,0,0,0,1
train/0004/dia679_utt6,0,0,0,0,1,0,0
train/0003/dia679_utt7,0,0,0,1,0,0,0
train/0002/dia679_utt8,0,0,0,0,0,0,1
train/0003/dia679_utt9,0,0,0,1,0,0,0
train/0002/dia67_utt0,0,0,0,0,0,0,1
train/0006/dia67_utt1,0,0,0,0,1,0,0
train/0002/dia67_utt10,0,0,0,1,0,0,0
train/0006/dia67_utt11,0,0,0,1,0,0,0
train/0000/dia67_utt12,0,0,0,0,1,0,0
train/0000/dia67_utt13,0,0,0,0,1,0,0
train/0000/dia67_utt14,0,0,0,0,1,0,0
train/0000/dia67_utt15,1,0,0,0,0,0,0
train/0002/dia67_utt2,0,0,0,1,0,0,0
train/0006/dia67_utt3,0,0,0,0,1,0,0
train/0002/dia67_utt5,0,0,0,1,0,0,0
train/0002/dia67_utt6,0,0,0,0,0,1,0
train/0002/dia67_utt7,0,0,0,1,0,0,0
train/0002/dia67_utt8,0,0,0,1,0,0,0
train/0006/dia67_utt9,0,0,0,0,1,0,0
train/0001/dia680_utt0,0,0,0,1,0,0,0
train/0002/dia680_utt1,0,0,0,0,0,0,1
train/0001/dia680_utt10,0,0,0,1,0,0,0
train/0001/dia680_utt11,0,0,0,0,1,0,0
train/0001/dia680_utt12,0,0,0,0,1,0,0
train/0001/dia680_utt13,0,0,0,0,0,1,0
train/0002/dia680_utt14,0,0,0,0,0,1,0
train/0001/dia680_utt2,0,0,0,0,0,0,1
train/0001/dia680_utt3,0,0,0,1,0,0,0
train/0001/dia680_utt4,0,0,0,0,1,0,0
train/0000/dia680_utt5,0,0,0,0,0,1,0
train/0002/dia680_utt6,0,0,0,0,1,0,0
train/0000/dia680_utt7,0,0,0,0,1,0,0
train/0002/dia680_utt8,0,0,0,1,0,0,0
train/0001/dia680_utt9,0,0,0,1,0,0,0
train/0001/dia681_utt0,0,0,0,0,1,0,0
train/0004/dia681_utt1,0,0,0,0,1,0,0
train/0000/dia681_utt2,0,0,0,0,0,1,0
train/0006/dia681_utt3,0,1,0,0,0,0,0
train/0002/dia681_utt4,0,0,0,0,0,1,0
train/0006/dia681_utt5,0,0,0,0,1,0,0
train/0006/dia682_utt0,0,0,0,0,0,1,0
train/0006/dia682_utt1,0,0,0,0,1,0,0
train/0006/dia682_utt10,0,0,0,0,1,0,0
train/0002/dia682_utt11,0,0,0,0,1,0,0
train/0016/dia682_utt12,0,0,0,0,1,0,0
train/0006/dia682_utt13,0,0,0,0,1,0,0
train/0000/dia682_utt14,0,0,0,0,1,0,0
train/0006/dia682_utt2,0,0,0,0,1,0,0
train/0006/dia682_utt3,0,0,0,0,1,0,0
train/0003/dia682_utt4,0,0,0,0,1,0,0
train/0001/dia682_utt5,0,0,0,1,0,0,0
train/0002/dia682_utt6,0,0,0,1,0,0,0
train/0004/dia682_utt7,0,0,0,0,1,0,0
train/0000/dia682_utt8,0,0,0,1,0,0,0
train/0004/dia682_utt9,0,0,0,0,1,0,0
train/0006/dia683_utt0,0,0,0,1,0,0,0
train/0003/dia684_utt0,0,0,0,0,1,0,0
train/0002/dia684_utt1,0,0,0,0,1,0,0
train/0003/dia684_utt2,0,0,0,0,1,0,0
train/0001/dia685_utt0,0,0,0,0,1,0,0
train/0003/dia685_utt1,0,0,0,0,1,0,0
train/0001/dia686_utt0,0,0,0,0,1,0,0
train/0002/dia686_utt1,0,0,0,0,1,0,0
train/0001/dia686_utt10,0,0,0,0,1,0,0
train/0002/dia686_utt11,0,0,0,0,0,0,1
train/0001/dia686_utt2,0,0,0,0,1,0,0
train/0002/dia686_utt3,1,0,0,0,0,0,0
train/0001/dia686_utt4,0,1,0,0,0,0,0
train/0002/dia686_utt5,1,0,0,0,0,0,0
train/0001/dia686_utt6,0,0,0,0,0,1,0
train/0001/dia686_utt7,0,0,0,1,0,0,0
train/0001/dia686_utt8,0,0,0,0,1,0,0
train/0002/dia686_utt9,0,0,0,1,0,0,0
train/0002/dia687_utt0,0,0,0,0,1,0,0
train/0038/dia687_utt1,0,0,0,0,1,0,0
train/0002/dia687_utt2,0,0,0,0,1,0,0
train/0002/dia687_utt3,0,0,0,0,1,0,0
train/0002/dia687_utt4,0,0,0,0,0,0,1
train/0002/dia687_utt5,0,0,0,0,0,0,1
train/0002/dia687_utt6,0,0,0,0,0,0,1
train/0002/dia687_utt7,0,0,0,0,0,0,1
train/0004/dia688_utt0,0,0,0,0,1,0,0
train/0112/dia689_utt0,0,0,0,0,1,0,0
train/0001/dia689_utt1,0,0,0,1,0,0,0
train/0006/dia689_utt10,0,0,0,0,1,0,0
train/0002/dia689_utt11,0,0,0,0,1,0,0
train/0006/dia689_utt12,0,0,0,0,1,0,0
train/0002/dia689_utt13,0,0,0,0,0,0,1
train/0006/dia689_utt14,0,0,0,0,1,0,0
train/0006/dia689_utt2,0,0,0,0,1,0,0
train/0001/dia689_utt3,0,0,0,0,1,0,0
train/0112/dia689_utt4,0,0,0,0,1,0,0
train/0001/dia689_utt5,0,0,0,0,1,0,0
train/0006/dia689_utt6,0,0,0,0,0,0,1
train/0001/dia689_utt7,0,0,0,1,0,0,0
train/0006/dia689_utt8,0,0,0,1,0,0,0
train/0001/dia689_utt9,0,0,0,1,0,0,0
train/0058/dia68_utt0,1,0,0,0,0,0,0
train/0004/dia68_utt1,0,0,0,1,0,0,0
train/0058/dia68_utt2,0,0,0,0,1,0,0
train/0004/dia68_utt3,0,0,0,0,0,0,1
train/0001/dia690_utt0,0,0,0,0,1,0,0
train/0000/dia690_utt1,0,0,0,1,0,0,0
train/0002/dia690_utt2,0,0,0,1,0,0,0
train/0001/dia690_utt3,0,0,0,1,0,0,0
train/0000/dia690_utt4,0,0,0,0,0,0,1
train/0001/dia690_utt5,0,0,0,0,0,0,1
train/0002/dia690_utt6,0,0,0,0,0,0,1
train/0000/dia690_utt7,0,0,0,0,0,0,1
train/0002/dia690_utt8,0,0,0,0,0,0,1
train/0001/dia690_utt9,0,0,0,0,0,0,1
train/0196/dia691_utt0,0,0,0,1,0,0,0
train/0006/dia692_utt0,0,0,0,0,0,1,0
train/0002/dia692_utt1,0,0,0,0,1,0,0
train/0004/dia693_utt0,0,0,0,0,1,0,0
train/0084/dia693_utt1,0,0,0,0,1,0,0
train/0084/dia693_utt2,1,0,0,0,0,0,0
train/0084/dia693_utt3,1,0,0,0,0,0,0
train/0084/dia693_utt4,1,0,0,0,0,0,0
train/0004/dia693_utt5,1,0,0,0,0,0,0
train/0003/dia694_utt0,0,0,0,1,0,0,0
train/0002/dia694_utt1,0,0,0,0,1,0,0
train/0003/dia694_utt2,0,0,0,0,1,0,0
train/0002/dia694_utt3,0,0,0,0,0,1,0
train/0138/dia695_utt0,0,1,0,0,0,0,0
train/0002/dia695_utt1,0,0,1,0,0,0,0
train/0138/dia695_utt2,0,0,0,1,0,0,0
train/0002/dia695_utt3,0,0,1,0,0,0,0
train/0138/dia695_utt4,0,0,0,1,0,0,0
train/0002/dia695_utt5,1,0,0,0,0,0,0
train/0138/dia695_utt6,0,0,0,1,0,0,0
train/0004/dia696_utt0,0,0,0,0,1,0,0
train/0002/dia696_utt1,0,0,0,0,0,0,1
train/0004/dia696_utt2,0,0,0,0,1,0,0
train/0002/dia696_utt3,0,0,0,0,0,0,1
train/0002/dia696_utt4,1,0,0,0,0,0,0
train/0002/dia696_utt5,1,0,0,0,0,0,0
train/0002/dia696_utt6,1,0,0,0,0,0,0
train/0002/dia696_utt7,1,0,0,0,0,0,0
train/0000/dia697_utt0,0,0,0,1,0,0,0
train/0003/dia697_utt1,0,0,0,0,0,0,1
train/0000/dia697_utt2,0,0,0,1,0,0,0
train/0003/dia697_utt3,0,0,0,0,1,0,0
train/0000/dia697_utt4,0,0,0,1,0,0,0
train/0004/dia697_utt5,0,0,0,0,0,0,1
train/0002/dia697_utt6,0,0,0,0,0,0,1
train/0016/dia697_utt7,0,0,0,0,0,0,1
train/0006/dia698_utt0,1,0,0,0,0,0,0
train/0002/dia698_utt1,0,0,0,0,1,0,0
train/0006/dia698_utt2,1,0,0,0,0,0,0
train/0002/dia698_utt3,0,1,0,0,0,0,0
train/0006/dia698_utt4,0,0,0,0,1,0,0
train/0002/dia698_utt5,0,0,0,0,0,1,0
train/0006/dia698_utt6,0,0,0,0,0,0,1
train/0002/dia698_utt7,0,0,0,0,0,1,0
train/0000/dia699_utt0,0,0,0,0,0,0,1
train/0250/dia699_utt1,1,0,0,0,0,0,0
train/0000/dia699_utt10,0,0,0,0,1,0,0
train/0251/dia699_utt11,0,1,0,0,0,0,0
train/0000/dia699_utt12,1,0,0,0,0,0,0
train/0251/dia699_utt13,1,0,0,0,0,0,0
train/0000/dia699_utt14,0,0,0,0,1,0,0
train/0000/dia699_utt2,1,0,0,0,0,0,0
train/0250/dia699_utt3,1,0,0,0,0,0,0
train/0251/dia699_utt4,0,0,0,0,1,0,0
train/0000/dia699_utt5,0,1,0,0,0,0,0
train/0251/dia699_utt6,0,0,0,0,0,0,1
train/0000/dia699_utt7,0,1,0,0,0,0,0
train/0250/dia699_utt8,1,0,0,0,0,0,0
train/0251/dia699_utt9,0,0,0,0,1,0,0
train/0003/dia69_utt0,0,0,0,1,0,0,0
train/0003/dia69_utt1,0,0,0,0,1,0,0
train/0049/dia69_utt2,0,0,0,0,1,0,0
train/0003/dia69_utt3,0,0,0,0,0,0,1
train/0000/dia69_utt4,0,0,0,0,0,1,0
train/0003/dia69_utt5,0,0,0,0,1,0,0
train/0000/dia69_utt6,1,0,0,0,0,0,0
train/0003/dia6_utt0,0,0,0,1,0,0,0
train/0004/dia6_utt1,0,0,0,0,0,0,1
train/0004/dia6_utt10,1,0,0,0,0,0,0
train/0004/dia6_utt11,1,0,0,0,0,0,0
train/0004/dia6_utt12,0,0,0,0,1,0,0
train/0004/dia6_utt13,0,0,0,0,1,0,0
train/0003/dia6_utt14,0,0,0,0,0,1,0
train/0003/dia6_utt15,0,0,0,0,0,1,0
train/0003/dia6_utt16,0,0,0,0,0,1,0
train/0003/dia6_utt17,0,0,0,0,0,0,1
train/0003/dia6_utt18,1,0,0,0,0,0,0
train/0003/dia6_utt19,1,0,0,0,0,0,0
train/0003/dia6_utt2,0,0,0,1,0,0,0
train/0003/dia6_utt20,1,0,0,0,0,0,0
train/0003/dia6_utt21,1,0,0,0,0,0,0
train/0004/dia6_utt3,0,0,0,0,1,0,0
train/0003/dia6_utt4,0,0,0,0,1,0,0
train/0004/dia6_utt5,1,0,0,0,0,0,0
train/0003/dia6_utt6,0,0,0,1,0,0,0
train/0004/dia6_utt7,0,0,0,0,1,0,0
train/0003/dia6_utt8,0,0,0,0,0,0,1
train/0004/dia6_utt9,1,0,0,0,0,0,0
train/0006/dia700_utt0,0,0,0,0,1,0,0
train/0002/dia700_utt1,0,0,0,0,1,0,0
train/0002/dia700_utt10,1,0,0,0,0,0,0
train/0006/dia700_utt11,0,0,0,0,0,1,0
train/0002/dia700_utt12,0,0,0,0,1,0,0
train/0006/dia700_utt2,0,0,0,0,1,0,0
train/0002/dia700_utt3,1,0,0,0,0,0,0
train/0002/dia700_utt4,1,0,0,0,0,0,0
train/0002/dia700_utt5,1,0,0,0,0,0,0
train/0002/dia700_utt6,0,0,0,0,0,1,0
train/0006/dia700_utt7,0,0,0,0,1,0,0
train/0002/dia700_utt8,1,0,0,0,0,0,0
train/0006/dia700_utt9,0,0,0,0,1,0,0
train/0003/dia701_utt0,0,0,0,0,1,0,0
train/0001/dia701_utt1,0,0,0,0,1,0,0
train/0001/dia702_utt0,0,0,0,1,0,0,0
train/0003/dia702_utt1,0,0,0,0,0,1,0
train/0001/dia702_utt2,0,0,0,0,1,0,0
train/0001/dia703_utt0,0,0,0,0,1,0,0
train/0238/dia703_utt1,0,0,0,0,1,0,0
train/0011/dia703_utt2,0,0,0,0,1,0,0
train/0001/dia703_utt3,0,0,0,0,0,0,1
train/0004/dia703_utt4,0,0,0,0,0,0,1
train/0001/dia703_utt5,0,0,0,0,0,0,1
train/0004/dia703_utt6,0,0,0,0,1,0,0
train/0003/dia704_utt0,0,0,0,0,1,0,0
train/0004/dia704_utt1,1,0,0,0,0,0,0
train/0003/dia704_utt2,1,0,0,0,0,0,0
train/0004/dia704_utt3,1,0,0,0,0,0,0
train/0003/dia704_utt4,1,0,0,0,0,0,0
train/0000/dia705_utt0,0,0,0,0,1,0,0
train/0003/dia705_utt1,0,0,0,0,1,0,0
train/0000/dia705_utt2,0,0,0,1,0,0,0
train/0000/dia705_utt3,0,0,0,1,0,0,0
train/0003/dia705_utt4,0,0,0,0,1,0,0
train/0000/dia705_utt5,0,0,0,1,0,0,0
train/0000/dia705_utt6,0,0,0,1,0,0,0
train/0000/dia705_utt7,0,0,0,1,0,0,0
train/0001/dia705_utt8,0,0,0,0,1,0,0
train/0001/dia706_utt0,0,0,0,0,1,0,0
train/0003/dia706_utt1,0,0,0,1,0,0,0
train/0003/dia706_utt10,0,0,0,1,0,0,0
train/0001/dia706_utt2,0,0,0,0,0,0,1
train/0003/dia706_utt3,0,0,0,0,1,0,0
train/0001/dia706_utt4,0,0,0,0,1,0,0
train/0003/dia706_utt5,0,0,0,1,0,0,0
train/0003/dia706_utt6,0,0,0,1,0,0,0
train/0001/dia706_utt7,0,0,0,0,1,0,0
train/0003/dia706_utt8,0,0,0,1,0,0,0
train/0001/dia706_utt9,0,0,0,1,0,0,0
train/0000/dia707_utt0,1,0,0,0,0,0,0
train/0000/dia707_utt1,0,0,0,0,1,0,0
train/0000/dia707_utt10,1,0,0,0,0,0,0
train/0000/dia707_utt11,1,0,0,0,0,0,0
train/0000/dia707_utt12,1,0,0,0,0,0,0
train/0000/dia707_utt13,0,0,0,1,0,0,0
train/0000/dia707_utt14,1,0,0,0,0,0,0
train/0011/dia707_utt15,0,0,0,0,1,0,0
train/0000/dia707_utt2,0,0,0,0,1,0,0
train/0000/dia707_utt3,0,0,0,0,1,0,0
train/0000/dia707_utt4,0,0,0,0,1,0,0
train/0000/dia707_utt5,0,0,0,0,1,0,0
train/0000/dia707_utt6,0,0,0,0,1,0,0
train/0000/dia707_utt7,0,0,0,0,1,0,0
train/0000/dia707_utt8,0,0,0,0,0,0,1
train/0000/dia707_utt9,0,0,0,0,0,0,1
train/0000/dia708_utt0,0,0,0,0,1,0,0
train/0003/dia709_utt0,0,0,0,1,0,0,0
train/0004/dia709_utt1,0,0,0,1,0,0,0
train/0252/dia70_utt0,0,0,0,1,0,0,0
train/0004/dia70_utt1,0,0,0,0,1,0,0
train/0003/dia70_utt2,0,0,0,0,1,0,0
train/0252/dia70_utt3,0,0,0,0,1,0,0
train/0003/dia70_utt4,0,0,0,0,1,0,0
train/0252/dia70_utt5,1,0,0,0,0,0,0
train/0003/dia70_utt6,0,0,0,0,1,0,0
train/0253/dia70_utt7,1,0,0,0,0,0,0
train/0004/dia70_utt8,1,0,0,0,0,0,0
train/0006/dia710_utt0,0,0,0,1,0,0,0
train/0003/dia711_utt0,0,0,0,1,0,0,0
train/0004/dia712_utt0,0,0,0,1,0,0,0
train/0003/dia712_utt1,0,0,0,1,0,0,0
train/0006/dia712_utt10,0,0,0,1,0,0,0
train/0003/dia712_utt11,0,1,0,0,0,0,0
train/0004/dia712_utt2,0,0,1,0,0,0,0
train/0006/dia712_utt3,0,0,0,0,1,0,0
train/0004/dia712_utt4,0,0,0,0,0,0,1
train/0006/dia712_utt5,0,0,0,1,0,0,0
train/0003/dia712_utt6,0,0,0,0,1,0,0
train/0004/dia712_utt7,0,0,0,1,0,0,0
train/0003/dia712_utt8,0,0,0,0,0,0,1
train/0004/dia712_utt9,0,0,0,1,0,0,0
train/0006/dia713_utt0,0,0,0,0,1,0,0
train/0142/dia713_utt1,0,0,0,0,0,0,1
train/0220/dia713_utt2,0,0,0,1,0,0,0
train/0006/dia714_utt0,0,0,0,0,1,0,0
train/0254/dia714_utt1,0,0,0,1,0,0,0
train/0006/dia714_utt2,1,0,0,0,0,0,0
train/0255/dia714_utt3,0,0,0,0,1,0,0
train/0006/dia714_utt4,1,0,0,0,0,0,0
train/0006/dia714_utt5,1,0,0,0,0,0,0
train/0255/dia715_utt0,0,0,0,0,1,0,0
train/0255/dia716_utt0,0,0,0,0,1,0,0
train/0255/dia716_utt1,0,0,0,0,0,1,0
train/0006/dia716_utt2,1,0,0,0,0,0,0
train/0006/dia716_utt3,1,0,0,0,0,0,0
train/0006/dia716_utt4,1,0,0,0,0,0,0
train/0006/dia716_utt5,1,0,0,0,0,0,0
train/0000/dia717_utt0,0,0,0,0,1,0,0
train/0002/dia717_utt1,0,0,0,0,0,0,1
train/0002/dia717_utt10,0,0,0,0,1,0,0
train/0000/dia717_utt11,0,0,0,0,1,0,0
train/0002/dia717_utt12,1,0,0,0,0,0,0
train/0000/dia717_utt2,0,0,0,0,0,0,1
train/0000/dia717_utt3,0,0,0,0,1,0,0
train/0000/dia717_utt4,0,0,0,0,0,0,1
train/0000/dia717_utt5,0,0,0,0,1,0,0
train/0002/dia717_utt6,1,0,0,0,0,0,0
train/0002/dia717_utt7,0,0,0,0,1,0,0
train/0002/dia717_utt8,0,0,0,0,1,0,0
train/0002/dia717_utt9,0,0,0,0,0,1,0
train/0112/dia718_utt0,0,0,0,0,1,0,0
train/0001/dia718_utt1,0,0,0,0,1,0,0
train/0112/dia718_utt2,0,0,0,0,1,0,0
train/0001/dia718_utt3,0,0,0,0,1,0,0
train/0112/dia718_utt4,0,0,0,1,0,0,0
train/0001/dia718_utt5,0,0,0,0,1,0,0
train/0112/dia718_utt6,0,0,0,0,1,0,0
train/0256/dia719_utt0,0,0,0,1,0,0,0
train/0004/dia719_utt1,0,0,0,0,1,0,0
train/0028/dia719_utt2,0,0,0,1,0,0,0
train/0004/dia719_utt3,0,0,0,0,1,0,0
train/0028/dia719_utt4,0,0,0,0,1,0,0
train/0004/dia719_utt5,0,0,0,0,1,0,0
train/0028/dia719_utt6,0,0,0,1,0,0,0
train/0004/dia719_utt7,0,0,0,1,0,0,0
train/0002/dia71_utt0,0,0,0,0,1,0,0
train/0000/dia71_utt1,0,0,0,0,1,0,0
train/0006/dia720_utt0,0,0,1,0,0,0,0
train/0004/dia720_utt1,0,0,0,0,1,0,0
train/0003/dia720_utt10,0,0,0,0,1,0,0
train/0004/dia720_utt11,1,0,0,0,0,0,0
train/0003/dia720_utt12,0,0,0,0,1,0,0
train/0004/dia720_utt13,0,0,0,0,1,0,0
train/0003/dia720_utt14,0,0,0,0,1,0,0
train/0003/dia720_utt15,0,0,1,0,0,0,0
train/0004/dia720_utt16,0,0,0,1,0,0,0
train/0006/dia720_utt17,0,0,0,0,1,0,0
train/0003/dia720_utt18,0,0,0,0,1,0,0
train/0004/dia720_utt2,1,0,0,0,0,0,0
train/0003/dia720_utt3,0,0,0,1,0,0,0
train/0004/dia720_utt4,0,0,0,0,1,0,0
train/0003/dia720_utt5,0,0,0,0,1,0,0
train/0004/dia720_utt6,0,0,0,0,1,0,0
train/0004/dia720_utt7,0,0,0,0,1,0,0
train/0003/dia720_utt8,0,0,0,0,1,0,0
train/0004/dia720_utt9,1,0,0,0,0,0,0
train/0003/dia721_utt0,0,0,0,0,1,0,0
train/0004/dia722_utt0,0,0,0,0,1,0,0
train/0003/dia722_utt1,0,0,0,0,1,0,0
train/0004/dia722_utt10,1,0,0,0,0,0,0
train/0004/dia722_utt11,0,0,0,0,1,0,0
train/0003/dia722_utt12,0,0,0,1,0,0,0
train/0004/dia722_utt13,0,0,0,0,1,0,0
train/0004/dia722_utt14,0,0,0,0,0,0,1
train/0003/dia722_utt15,0,0,0,0,0,0,1
train/0004/dia722_utt16,0,0,0,1,0,0,0
train/0004/dia722_utt2,1,0,0,0,0,0,0
train/0003/dia722_utt3,0,0,0,1,0,0,0
train/0004/dia722_utt4,0,0,0,1,0,0,0
train/0003/dia722_utt5,0,0,0,0,0,1,0
train/0004/dia722_utt6,0,0,0,0,0,1,0
train/0003/dia722_utt7,0,0,0,0,0,0,1
train/0004/dia722_utt8,0,0,0,0,1,0,0
train/0003/dia722_utt9,0,0,0,1,0,0,0
train/0003/dia723_utt0,0,0,0,1,0,0,0
train/0002/dia723_utt1,0,0,0,1,0,0,0
train/0000/dia723_utt2,0,0,0,0,1,0,0
train/0006/dia723_utt3,0,0,0,1,0,0,0
train/0006/dia723_utt4,0,0,0,1,0,0,0
train/0000/dia723_utt5,0,0,0,0,1,0,0
train/0006/dia723_utt6,0,0,0,0,0,0,1
train/0003/dia723_utt7,0,0,1,0,0,0,0
train/0001/dia724_utt0,0,0,0,0,1,0,0
train/0001/dia724_utt1,0,0,0,0,1,0,0
train/0000/dia724_utt2,0,0,0,0,1,0,0
train/0001/dia724_utt3,0,0,0,0,1,0,0
train/0000/dia724_utt4,0,0,0,0,1,0,0
train/0001/dia724_utt5,0,0,0,0,1,0,0
train/0004/dia725_utt0,0,0,0,1,0,0,0
train/0000/dia725_utt1,0,0,0,1,0,0,0
train/0004/dia725_utt2,0,0,0,1,0,0,0
train/0000/dia725_utt3,0,0,0,1,0,0,0
train/0004/dia725_utt4,0,0,0,0,1,0,0
train/0000/dia725_utt5,0,0,0,0,1,0,0
train/0004/dia725_utt6,0,0,0,1,0,0,0
train/0227/dia726_utt0,0,0,0,0,0,1,0
train/0006/dia726_utt1,0,0,0,0,1,0,0
train/0227/dia726_utt2,0,0,0,1,0,0,0
train/0006/dia726_utt3,0,0,0,0,1,0,0
train/0227/dia726_utt4,0,0,0,0,0,0,1
train/0006/dia726_utt5,0,0,0,0,1,0,0
train/0227/dia726_utt6,0,0,0,1,0,0,0
train/0006/dia726_utt7,0,1,0,0,0,0,0
train/0004/dia727_utt0,0,0,0,1,0,0,0
train/0003/dia727_utt1,0,0,0,0,1,0,0
train/0006/dia727_utt2,0,0,0,0,1,0,0
train/0003/dia727_utt3,0,0,0,0,1,0,0
train/0002/dia727_utt4,0,0,0,0,1,0,0
train/0003/dia727_utt5,0,0,0,0,1,0,0
train/0001/dia727_utt6,1,0,0,0,0,0,0
train/0003/dia727_utt7,0,0,0,0,1,0,0
train/0004/dia727_utt8,0,0,0,0,1,0,0
train/0002/dia727_utt9,0,0,0,0,1,0,0
train/0003/dia728_utt0,1,0,0,0,0,0,0
train/0006/dia728_utt1,0,0,0,0,1,0,0
train/0000/dia728_utt10,0,0,0,0,0,0,1
train/0016/dia728_utt11,0,0,0,0,0,0,1
train/0003/dia728_utt2,1,0,0,0,0,0,0
train/0003/dia728_utt3,0,0,0,0,1,0,0
train/0003/dia728_utt4,0,0,0,0,1,0,0
train/0003/dia728_utt5,0,0,0,0,1,0,0
train/0003/dia728_utt6,0,0,0,0,1,0,0
train/0003/dia728_utt7,0,0,0,0,1,0,0
train/0003/dia728_utt8,0,0,0,0,1,0,0
train/0003/dia728_utt9,0,0,0,0,1,0,0
train/0004/dia729_utt0,0,0,0,0,0,0,1
train/0011/dia729_utt1,0,0,0,1,0,0,0
train/0003/dia72_utt0,0,0,0,0,1,0,0
train/0055/dia72_utt1,0,0,0,0,0,0,1
train/0003/dia72_utt2,0,0,0,0,1,0,0
train/0055/dia72_utt3,0,0,0,0,0,0,1
train/0003/dia72_utt4,0,0,0,0,1,0,0
train/0055/dia72_utt5,0,0,0,0,1,0,0
train/0003/dia72_utt6,0,0,0,0,1,0,0
train/0003/dia72_utt7,0,0,0,0,1,0,0
train/0004/dia730_utt0,0,0,0,0,0,0,1
train/0004/dia730_utt1,0,0,0,0,1,0,0
train/0006/dia730_utt10,0,0,0,0,1,0,0
train/0004/dia730_utt11,0,0,0,0,0,0,1
train/0006/dia730_utt12,0,0,0,0,1,0,0
train/0004/dia730_utt13,0,0,0,0,1,0,0
train/0004/dia730_utt2,0,0,0,0,1,0,0
train/0006/dia730_utt3,0,0,0,0,1,0,0
train/0004/dia730_utt4,0,0,0,0,1,0,0
train/0006/dia730_utt5,0,0,0,0,1,0,0
train/0006/dia730_utt6,0,0,0,0,1,0,0
train/0006/dia730_utt7,0,0,0,0,1,0,0
train/0006/dia730_utt8,0,0,0,1,0,0,0
train/0004/dia730_utt9,0,0,0,0,0,0,1
train/0006/dia731_utt0,0,0,0,0,1,0,0
train/0006/dia732_utt0,0,0,0,0,1,0,0
train/0004/dia732_utt1,0,0,0,0,0,0,1
train/0006/dia733_utt0,0,0,0,1,0,0,0
train/0002/dia733_utt1,0,0,0,0,1,0,0
train/0006/dia733_utt10,0,0,0,0,0,1,0
train/0000/dia733_utt11,0,0,0,0,0,0,1
train/0006/dia733_utt12,0,0,0,1,0,0,0
train/0006/dia733_utt2,0,0,0,0,1,0,0
train/0002/dia733_utt3,0,0,0,0,1,0,0
train/0006/dia733_utt4,0,0,0,0,1,0,0
train/0002/dia733_utt5,0,0,0,0,1,0,0
train/0000/dia733_utt6,0,0,0,0,1,0,0
train/0002/dia733_utt7,0,0,0,0,1,0,0
train/0006/dia733_utt8,0,0,0,1,0,0,0
train/0000/dia733_utt9,0,0,0,0,1,0,0
train/0004/dia734_utt0,0,0,0,0,1,0,0
train/0033/dia734_utt1,0,0,0,1,0,0,0
train/0004/dia734_utt2,0,0,0,1,0,0,0
train/0006/dia735_utt0,0,0,1,0,0,0,0
train/0072/dia735_utt1,0,0,0,0,1,0,0
train/0006/dia735_utt10,0,0,0,1,0,0,0
train/0190/dia735_utt11,0,0,0,0,1,0,0
train/0006/dia735_utt12,0,0,0,0,1,0,0
train/0190/dia735_utt13,0,0,0,0,1,0,0
train/0006/dia735_utt14,1,0,0,0,0,0,0
train/0190/dia735_utt15,0,0,0,0,1,0,0
train/0006/dia735_utt16,0,0,0,0,1,0,0
train/0190/dia735_utt17,0,0,0,0,1,0,0
train/0006/dia735_utt18,0,0,0,0,1,0,0
train/0190/dia735_utt19,0,0,0,0,1,0,0
train/0006/dia735_utt2,0,0,0,0,1,0,0
train/0190/dia735_utt3,0,0,0,1,0,0,0
train/0006/dia735_utt4,0,0,0,0,1,0,0
train/0190/dia735_utt5,0,0,0,0,1,0,0
train/0006/dia735_utt6,0,0,0,0,1,0,0
train/0190/dia735_utt7,0,0,0,0,1,0,0
train/0006/dia735_utt8,0,0,0,0,1,0,0
train/0190/dia735_utt9,0,0,0,0,1,0,0
train/0006/dia736_utt0,0,0,0,1,0,0,0
train/0059/dia736_utt1,0,0,0,0,0,0,1
train/0006/dia736_utt10,0,0,1,0,0,0,0
train/0006/dia736_utt11,0,0,0,1,0,0,0
train/0059/dia736_utt12,0,0,0,0,1,0,0
train/0006/dia736_utt13,0,0,0,0,1,0,0
train/0006/dia736_utt2,0,0,0,1,0,0,0
train/0059/dia736_utt3,0,0,0,1,0,0,0
train/0006/dia736_utt4,0,0,0,0,0,1,0
train/0059/dia736_utt5,0,0,0,0,1,0,0
train/0059/dia736_utt6,0,0,0,0,1,0,0
train/0006/dia736_utt7,0,0,0,0,1,0,0
train/0006/dia736_utt8,0,0,1,0,0,0,0
train/0006/dia736_utt9,0,0,1,0,0,0,0
train/0003/dia737_utt0,0,0,0,0,0,0,1
train/0001/dia737_utt1,0,0,0,0,1,0,0
train/0003/dia737_utt2,0,0,0,0,1,0,0
train/0001/dia737_utt3,0,0,0,0,1,0,0
train/0003/dia737_utt4,0,0,0,0,0,0,1
train/0003/dia737_utt5,1,0,0,0,0,0,0
train/0003/dia737_utt6,0,0,0,0,1,0,0
train/0003/dia737_utt7,0,0,0,0,1,0,0
train/0001/dia737_utt8,0,0,0,0,1,0,0
train/0001/dia738_utt0,0,0,0,0,0,1,0
train/0006/dia738_utt1,0,0,0,0,1,0,0
train/0001/dia738_utt2,0,0,0,0,1,0,0
train/0006/dia738_utt3,0,0,0,0,1,0,0
train/0006/dia738_utt4,0,0,0,0,0,0,1
train/0000/dia738_utt5,0,0,0,0,0,0,1
train/0001/dia738_utt6,1,0,0,0,0,0,0
train/0006/dia738_utt7,0,0,0,1,0,0,0
train/0000/dia738_utt8,0,0,0,0,0,0,1
train/0164/dia739_utt0,0,0,0,0,1,0,0
train/0004/dia739_utt1,0,0,0,0,1,0,0
train/0004/dia739_utt10,0,0,0,1,0,0,0
train/0004/dia739_utt11,0,0,0,1,0,0,0
train/0004/dia739_utt12,1,0,0,0,0,0,0
train/0004/dia739_utt13,0,0,0,1,0,0,0
train/0004/dia739_utt14,0,0,0,1,0,0,0
train/0164/dia739_utt15,0,0,0,0,1,0,0
train/0004/dia739_utt16,0,0,0,0,1,0,0
train/0004/dia739_utt2,0,0,0,0,1,0,0
train/0004/dia739_utt3,0,0,0,1,0,0,0
train/0004/dia739_utt4,0,0,0,1,0,0,0
train/0164/dia739_utt5,0,0,0,0,1,0,0
train/0004/dia739_utt6,0,0,0,0,0,0,1
train/0004/dia739_utt7,0,0,0,0,0,0,1
train/0003/dia73_utt0,0,0,0,0,1,0,0
train/0003/dia73_utt1,0,0,0,1,0,0,0
train/0003/dia73_utt10,0,0,0,0,0,0,1
train/0004/dia73_utt11,0,0,0,0,1,0,0
train/0003/dia73_utt2,0,0,0,1,0,0,0
train/0004/dia73_utt3,0,0,0,0,1,0,0
train/0003/dia73_utt4,0,0,0,0,1,0,0
train/0004/dia73_utt5,0,0,0,0,1,0,0
train/0003/dia73_utt6,0,0,0,0,0,0,1
train/0004/dia73_utt7,0,0,0,0,1,0,0
train/0003/dia73_utt8,0,0,0,0,1,0,0
train/0004/dia73_utt9,0,0,0,0,1,0,0
train/0105/dia740_utt0,0,0,0,0,0,1,0
train/0006/dia740_utt1,0,0,0,0,1,0,0
train/0006/dia740_utt10,0,0,0,0,1,0,0
train/0006/dia740_utt11,0,0,0,0,1,0,0
train/0006/dia740_utt12,0,0,0,0,1,0,0
train/0006/dia740_utt13,0,0,0,1,0,0,0
train/0006/dia740_utt2,1,0,0,0,0,0,0
train/0006/dia740_utt3,1,0,0,0,0,0,0
train/0105/dia740_utt4,0,0,0,0,0,0,1
train/0006/dia740_utt5,0,0,0,0,0,1,0
train/0105/dia740_utt6,0,0,0,1,0,0,0
train/0006/dia740_utt7,0,0,0,0,0,1,0
train/0105/dia740_utt8,0,0,0,0,0,0,1
train/0006/dia740_utt9,0,0,0,0,1,0,0
train/0002/dia741_utt0,0,0,0,1,0,0,0
train/0004/dia741_utt1,0,0,0,0,0,0,1
train/0002/dia741_utt2,0,0,0,1,0,0,0
train/0000/dia741_utt3,0,0,0,0,0,0,1
train/0002/dia741_utt4,0,0,0,0,0,0,1
train/0006/dia742_utt0,0,0,0,1,0,0,0
train/0001/dia743_utt0,1,0,0,0,0,0,0
train/0004/dia743_utt1,0,0,0,0,1,0,0
train/0003/dia743_utt2,0,0,0,1,0,0,0
train/0001/dia743_utt3,0,0,1,0,0,0,0
train/0004/dia743_utt4,0,0,0,0,1,0,0
train/0001/dia743_utt5,0,0,0,1,0,0,0
train/0003/dia744_utt0,0,0,0,0,1,0,0
train/0257/dia744_utt1,0,0,0,0,1,0,0
train/0257/dia744_utt10,0,1,0,0,0,0,0
train/0257/dia744_utt11,0,1,0,0,0,0,0
train/0003/dia744_utt2,0,0,0,0,1,0,0
train/0257/dia744_utt3,0,0,0,0,1,0,0
train/0003/dia744_utt4,0,0,0,0,1,0,0
train/0257/dia744_utt5,0,0,0,0,1,0,0
train/0003/dia744_utt6,0,0,0,0,0,0,1
train/0257/dia744_utt7,0,0,0,0,0,0,1
train/0257/dia744_utt8,0,0,1,0,0,0,0
train/0257/dia744_utt9,1,0,0,0,0,0,0
train/0003/dia745_utt0,0,0,0,0,0,1,0
train/0049/dia745_utt1,0,0,0,0,1,0,0
train/0003/dia745_utt10,1,0,0,0,0,0,0
train/0000/dia745_utt11,1,0,0,0,0,0,0
train/0001/dia745_utt2,0,0,0,0,1,0,0
train/0004/dia745_utt3,0,0,0,0,0,0,1
train/0000/dia745_utt4,0,0,0,0,1,0,0
train/0003/dia745_utt5,0,0,0,0,1,0,0
train/0004/dia745_utt6,0,0,0,0,1,0,0
train/0004/dia745_utt7,1,0,0,0,0,0,0
train/0004/dia745_utt8,0,0,0,0,1,0,0
train/0004/dia745_utt9,1,0,0,0,0,0,0
train/0003/dia746_utt0,0,0,0,0,1,0,0
train/0006/dia747_utt0,0,0,0,0,1,0,0
train/0004/dia747_utt1,0,0,0,0,0,0,1
train/0006/dia747_utt10,1,0,0,0,0,0,0
train/0006/dia747_utt11,0,0,0,1,0,0,0
train/0006/dia747_utt12,1,0,0,0,0,0,0
train/0002/dia747_utt13,0,0,0,0,1,0,0
train/0006/dia747_utt14,0,0,0,0,0,1,0
train/0002/dia747_utt15,0,0,0,0,0,1,0
train/0002/dia747_utt16,0,0,0,1,0,0,0
train/0002/dia747_utt17,0,0,0,0,1,0,0
train/0002/dia747_utt18,0,0,0,0,1,0,0
train/0006/dia747_utt2,0,0,0,0,0,1,0
train/0004/dia747_utt3,0,0,0,0,0,0,1
train/0002/dia747_utt4,0,0,0,0,0,0,1
train/0004/dia747_utt5,0,0,0,0,1,0,0
train/0006/dia747_utt6,0,0,0,1,0,0,0
train/0002/dia747_utt7,0,0,0,0,0,0,1
train/0006/dia747_utt8,0,0,0,1,0,0,0
train/0006/dia747_utt9,0,0,0,0,1,0,0
train/0002/dia748_utt0,0,0,0,1,0,0,0
train/0001/dia749_utt0,0,0,0,1,0,0,0
train/0003/dia749_utt1,0,0,0,1,0,0,0
train/0001/dia749_utt2,0,0,0,1,0,0,0
train/0003/dia749_utt3,0,0,0,0,1,0,0
train/0001/dia749_utt4,0,0,0,0,1,0,0
train/0003/dia749_utt5,0,0,0,1,0,0,0
train/0001/dia749_utt6,0,0,0,1,0,0,0
train/0003/dia749_utt7,0,0,0,1,0,0,0
train/0004/dia74_utt0,0,0,0,1,0,0,0
train/0000/dia74_utt1,0,0,0,0,1,0,0
train/0003/dia74_utt2,0,0,0,0,1,0,0
train/0000/dia74_utt3,0,0,0,0,1,0,0
train/0004/dia74_utt4,0,1,0,0,0,0,0
train/0000/dia74_utt5,1,0,0,0,0,0,0
train/0004/dia74_utt6,1,0,0,0,0,0,0
train/0145/dia750_utt0,0,0,0,0,1,0,0
train/0145/dia750_utt1,0,0,0,0,1,0,0
train/0145/dia750_utt2,0,0,0,0,1,0,0
train/0145/dia750_utt3,0,0,0,0,0,1,0
train/0145/dia750_utt4,0,0,0,0,0,1,0
train/0006/dia751_utt0,0,0,0,0,0,0,1
train/0021/dia752_utt0,0,0,0,0,1,0,0
train/0006/dia752_utt1,0,0,0,0,1,0,0
train/0021/dia752_utt10,0,0,0,1,0,0,0
train/0006/dia752_utt11,0,0,0,0,0,0,1
train/0021/dia752_utt2,0,0,0,1,0,0,0
train/0006/dia752_utt3,0,0,0,0,1,0,0
train/0021/dia752_utt4,0,0,0,1,0,0,0
train/0015/dia752_utt5,0,0,0,1,0,0,0
train/0021/dia752_utt6,0,0,0,1,0,0,0
train/0015/dia752_utt7,0,0,0,1,0,0,0
train/0006/dia752_utt8,0,0,0,0,1,0,0
train/0015/dia752_utt9,0,0,0,1,0,0,0
train/0006/dia753_utt0,0,0,0,0,1,0,0
train/0002/dia753_utt1,0,0,0,0,1,0,0
train/0006/dia753_utt2,0,0,0,1,0,0,0
train/0001/dia754_utt0,0,0,0,0,0,1,0
train/0003/dia754_utt1,0,1,0,0,0,0,0
train/0001/dia754_utt2,0,0,0,0,1,0,0
train/0001/dia754_utt3,0,0,0,0,1,0,0
train/0002/dia754_utt4,1,0,0,0,0,0,0
train/0006/dia755_utt0,0,0,0,0,1,0,0
train/0258/dia755_utt1,1,0,0,0,0,0,0
train/0006/dia755_utt2,1,0,0,0,0,0,0
train/0258/dia755_utt3,1,0,0,0,0,0,0
train/0006/dia755_utt4,0,0,0,0,1,0,0
train/0258/dia755_utt5,1,0,0,0,0,0,0
train/0006/dia755_utt6,0,0,0,1,0,0,0
train/0259/dia755_utt7,0,0,0,1,0,0,0
train/0006/dia755_utt8,1,0,0,0,0,0,0
train/0259/dia755_utt9,0,0,0,0,1,0,0
train/0001/dia756_utt0,0,0,0,0,1,0,0
train/0001/dia756_utt1,0,0,0,0,0,0,1
train/0001/dia756_utt2,0,0,0,0,1,0,0
train/0001/dia756_utt3,0,0,0,0,1,0,0
train/0001/dia756_utt4,0,0,0,0,1,0,0
train/0001/dia756_utt5,0,0,0,0,0,1,0
train/0001/dia756_utt6,0,0,0,0,0,0,1
train/0001/dia756_utt7,0,0,0,0,1,0,0
train/0145/dia756_utt8,0,0,0,0,1,0,0
train/0001/dia756_utt9,0,0,0,0,1,0,0
train/0003/dia757_utt0,0,0,0,0,0,0,1
train/0001/dia757_utt1,0,0,0,0,1,0,0
train/0003/dia757_utt10,0,0,0,1,0,0,0
train/0003/dia757_utt2,0,0,0,0,1,0,0
train/0003/dia757_utt3,0,0,0,0,1,0,0
train/0003/dia757_utt4,0,0,0,0,1,0,0
train/0001/dia757_utt5,0,0,0,0,1,0,0
train/0003/dia757_utt6,0,0,0,0,0,0,1
train/0001/dia757_utt7,0,0,0,0,1,0,0
train/0003/dia757_utt8,0,0,0,0,1,0,0
train/0001/dia757_utt9,0,0,0,0,1,0,0
train/0005/dia758_utt0,1,0,0,0,0,0,0
train/0000/dia758_utt1,0,0,0,0,0,0,1
train/0005/dia758_utt2,1,0,0,0,0,0,0
train/0258/dia758_utt3,1,0,0,0,0,0,0
train/0005/dia758_utt4,1,0,0,0,0,0,0
train/0258/dia758_utt5,1,0,0,0,0,0,0
train/0049/dia759_utt0,0,0,0,0,0,0,1
train/0003/dia759_utt1,0,0,0,0,1,0,0
train/0049/dia759_utt10,1,0,0,0,0,0,0
train/0003/dia759_utt11,0,0,0,0,1,0,0
train/0049/dia759_utt12,0,1,0,0,0,0,0
train/0049/dia759_utt13,0,1,0,0,0,0,0
train/0049/dia759_utt14,0,0,0,0,0,1,0
train/0003/dia759_utt15,0,0,0,1,0,0,0
train/0049/dia759_utt2,0,0,0,0,0,0,1
train/0003/dia759_utt3,0,0,0,0,1,0,0
train/0049/dia759_utt4,1,0,0,0,0,0,0
train/0003/dia759_utt5,1,0,0,0,0,0,0
train/0049/dia759_utt6,0,0,0,0,1,0,0
train/0003/dia759_utt7,0,0,0,0,1,0,0
train/0049/dia759_utt8,1,0,0,0,0,0,0
train/0003/dia759_utt9,0,0,0,0,1,0,0
train/0006/dia75_utt0,0,0,0,0,1,0,0
train/0003/dia760_utt0,0,0,0,1,0,0,0
train/0054/dia760_utt1,1,0,0,0,0,0,0
train/0003/dia760_utt2,0,0,1,0,0,0,0
train/0054/dia760_utt3,0,0,0,0,0,0,1
train/0003/dia760_utt4,1,0,0,0,0,0,0
train/0001/dia761_utt0,1,0,0,0,0,0,0
train/0002/dia761_utt1,0,0,0,1,0,0,0
train/0000/dia761_utt2,1,0,0,0,0,0,0
train/0000/dia761_utt3,1,0,0,0,0,0,0
train/0000/dia761_utt4,1,0,0,0,0,0,0
train/0002/dia761_utt5,1,0,0,0,0,0,0
train/0000/dia761_utt6,0,0,0,0,1,0,0
train/0002/dia761_utt7,1,0,0,0,0,0,0
train/0001/dia761_utt8,1,0,0,0,0,0,0
train/0000/dia761_utt9,0,0,0,0,1,0,0
train/0004/dia762_utt0,0,0,0,0,1,0,0
train/0003/dia762_utt1,0,0,0,0,0,0,1
train/0004/dia762_utt2,0,0,0,1,0,0,0
train/0004/dia762_utt3,0,0,0,0,1,0,0
train/0004/dia762_utt4,0,0,0,0,1,0,0
train/0003/dia763_utt0,0,0,0,0,1,0,0
train/0001/dia763_utt1,0,0,0,0,1,0,0
train/0003/dia763_utt10,0,0,0,1,0,0,0
train/0003/dia763_utt2,0,0,0,0,0,1,0
train/0003/dia763_utt3,0,0,0,0,1,0,0
train/0003/dia763_utt4,0,0,0,0,1,0,0
train/0001/dia763_utt5,0,0,0,0,0,1,0
train/0003/dia763_utt6,0,0,0,0,0,0,1
train/0001/dia763_utt7,1,0,0,0,0,0,0
train/0003/dia763_utt8,0,0,0,0,1,0,0
train/0001/dia763_utt9,0,0,0,1,0,0,0
train/0001/dia764_utt0,0,0,0,1,0,0,0
train/0003/dia765_utt0,0,0,0,0,1,0,0
train/0001/dia765_utt1,0,0,0,1,0,0,0
train/0002/dia766_utt0,0,0,0,0,1,0,0
train/0000/dia766_utt1,0,0,0,1,0,0,0
train/0001/dia766_utt2,1,0,0,0,0,0,0
train/0002/dia766_utt3,1,0,0,0,0,0,0
train/0000/dia766_utt4,0,0,0,0,1,0,0
train/0002/dia766_utt5,1,0,0,0,0,0,0
train/0000/dia766_utt6,0,0,0,0,1,0,0
train/0002/dia767_utt0,0,0,0,1,0,0,0
train/0006/dia767_utt1,0,0,0,0,1,0,0
train/0002/dia767_utt10,1,0,0,0,0,0,0
train/0006/dia767_utt11,0,0,0,0,1,0,0
train/0006/dia767_utt2,0,0,0,0,1,0,0
train/0006/dia767_utt3,0,0,0,0,0,1,0
train/0006/dia767_utt4,0,0,0,0,1,0,0
train/0002/dia767_utt5,0,0,0,1,0,0,0
train/0006/dia767_utt6,0,0,1,0,0,0,0
train/0006/dia767_utt7,0,0,0,0,1,0,0
train/0006/dia767_utt8,0,0,0,0,1,0,0
train/0006/dia767_utt9,0,0,0,0,1,0,0
train/0003/dia768_utt0,0,0,0,0,0,0,1
train/0049/dia768_utt1,0,0,0,0,0,1,0
train/0003/dia768_utt2,0,0,0,0,1,0,0
train/0049/dia768_utt3,1,0,0,0,0,0,0
train/0003/dia768_utt4,0,0,0,0,0,0,1
train/0001/dia768_utt5,0,0,0,1,0,0,0
train/0003/dia768_utt6,0,0,0,1,0,0,0
train/0049/dia768_utt7,0,0,0,0,1,0,0
train/0003/dia768_utt8,0,0,0,0,1,0,0
train/0006/dia769_utt0,0,0,0,0,0,1,0
train/0003/dia769_utt1,0,0,1,0,0,0,0
train/0001/dia769_utt2,0,0,0,0,0,0,1
train/0002/dia76_utt0,0,0,0,0,1,0,0
train/0006/dia76_utt1,0,0,0,0,1,0,0
train/0006/dia76_utt2,0,0,0,0,1,0,0
train/0006/dia76_utt3,0,0,0,0,1,0,0
train/0006/dia76_utt4,0,0,0,0,1,0,0
train/0002/dia76_utt5,0,0,0,1,0,0,0
train/0006/dia76_utt6,0,0,0,1,0,0,0
train/0002/dia76_utt7,0,0,0,0,0,1,0
train/0003/dia770_utt0,0,0,0,0,1,0,0
train/0001/dia770_utt1,1,0,0,0,0,0,0
train/0001/dia770_utt10,1,0,0,0,0,0,0
train/0003/dia770_utt11,1,0,0,0,0,0,0
train/0001/dia770_utt12,1,0,0,0,0,0,0
train/0003/dia770_utt13,1,0,0,0,0,0,0
train/0001/dia770_utt14,1,0,0,0,0,0,0
train/0003/dia770_utt15,0,0,0,0,0,1,0
train/0001/dia770_utt16,1,0,0,0,0,0,0
train/0003/dia770_utt17,0,0,1,0,0,0,0
train/0001/dia770_utt2,1,0,0,0,0,0,0
train/0003/dia770_utt3,0,0,0,0,1,0,0
train/0003/dia770_utt4,0,0,0,0,1,0,0
train/0003/dia770_utt5,1,0,0,0,0,0,0
train/0001/dia770_utt6,0,0,0,0,1,0,0
train/0003/dia770_utt7,1,0,0,0,0,0,0
train/0001/dia770_utt8,0,1,0,0,0,0,0
train/0003/dia770_utt9,1,0,0,0,0,0,0
train/0001/dia771_utt0,0,0,0,0,1,0,0
train/0003/dia771_utt1,0,0,0,0,1,0,0
train/0004/dia771_utt10,0,0,0,0,1,0,0
train/0003/dia771_utt11,0,0,0,0,1,0,0
train/0004/dia771_utt12,0,0,0,0,1,0,0
train/0004/dia771_utt13,0,0,0,0,1,0,0
train/0004/dia771_utt14,1,0,0,0,0,0,0
train/0004/dia771_utt15,0,0,0,0,0,0,1
train/0001/dia771_utt16,1,0,0,0,0,0,0
train/0004/dia771_utt17,0,0,0,0,1,0,0
train/0001/dia771_utt2,0,0,0,0,1,0,0
train/0003/dia771_utt3,0,0,0,0,1,0,0
train/0004/dia771_utt4,0,0,0,0,1,0,0
train/0003/dia771_utt5,0,0,0,0,1,0,0
train/0004/dia771_utt6,0,0,0,0,1,0,0
train/0003/dia771_utt7,0,0,0,0,1,0,0
train/0004/dia771_utt8,0,0,0,0,1,0,0
train/0003/dia771_utt9,0,0,0,0,1,0,0
train/0260/dia772_utt0,0,0,0,0,1,0,0
train/0261/dia772_utt1,1,0,0,0,0,0,0
train/0002/dia772_utt10,0,0,0,1,0,0,0
train/0002/dia772_utt11,0,0,0,1,0,0,0
train/0002/dia772_utt12,0,0,0,1,0,0,0
train/0002/dia772_utt13,0,0,0,1,0,0,0
train/0002/dia772_utt14,0,0,0,0,1,0,0
train/0002/dia772_utt15,0,0,0,0,1,0,0
train/0260/dia772_utt2,0,0,0,0,0,1,0
train/0261/dia772_utt3,1,0,0,0,0,0,0
train/0002/dia772_utt4,0,0,0,1,0,0,0
train/0261/dia772_utt5,0,0,0,1,0,0,0
train/0262/dia772_utt6,0,0,0,1,0,0,0
train/0261/dia772_utt7,0,0,0,1,0,0,0
train/0262/dia772_utt8,0,0,0,1,0,0,0
train/0002/dia772_utt9,0,0,0,1,0,0,0
train/0001/dia773_utt0,0,0,0,0,1,0,0
train/0000/dia773_utt1,0,1,0,0,0,0,0
train/0003/dia773_utt2,0,0,0,0,1,0,0
train/0002/dia774_utt0,0,0,0,0,0,1,0
train/0002/dia774_utt1,0,0,0,0,0,1,0
train/0263/dia774_utt10,0,0,0,0,0,0,1
train/0002/dia774_utt2,0,0,1,0,0,0,0
train/0002/dia774_utt3,0,0,0,0,1,0,0
train/0263/dia774_utt4,0,0,0,0,1,0,0
train/0002/dia774_utt5,0,0,0,1,0,0,0
train/0263/dia774_utt6,0,0,0,0,1,0,0
train/0002/dia774_utt7,0,0,0,0,1,0,0
train/0263/dia774_utt8,0,0,0,0,1,0,0
train/0002/dia774_utt9,0,0,0,0,0,0,1
train/0002/dia775_utt0,0,0,0,0,1,0,0
train/0001/dia775_utt1,0,0,0,0,1,0,0
train/0016/dia775_utt10,0,0,0,0,0,0,1
train/0006/dia775_utt11,0,0,0,0,1,0,0
train/0006/dia775_utt12,0,0,0,1,0,0,0
train/0000/dia775_utt13,0,0,0,0,1,0,0
train/0016/dia775_utt2,0,0,0,0,0,0,1
train/0006/dia775_utt3,0,0,0,0,1,0,0
train/0004/dia775_utt4,0,0,0,0,1,0,0
train/0001/dia775_utt5,0,0,0,0,0,0,1
train/0006/dia775_utt6,0,0,0,0,1,0,0
train/0000/dia775_utt7,0,0,0,0,1,0,0
train/0002/dia775_utt8,0,0,0,0,1,0,0
train/0006/dia775_utt9,0,0,0,0,1,0,0
train/0001/dia776_utt0,0,0,0,1,0,0,0
train/0002/dia776_utt1,0,0,0,1,0,0,0
train/0000/dia776_utt2,0,0,0,0,1,0,0
train/0001/dia776_utt3,0,0,0,0,1,0,0
train/0088/dia776_utt4,0,0,0,0,1,0,0
train/0001/dia776_utt5,0,0,0,1,0,0,0
train/0000/dia776_utt6,0,0,0,0,1,0,0
train/0000/dia776_utt7,0,0,0,0,1,0,0
train/0002/dia777_utt0,0,0,0,0,1,0,0
train/0000/dia777_utt1,0,0,0,0,1,0,0
train/0000/dia777_utt10,0,0,0,1,0,0,0
train/0002/dia777_utt11,0,0,0,0,1,0,0
train/0006/dia777_utt12,0,0,0,0,1,0,0
train/0000/dia777_utt13,0,0,0,1,0,0,0
train/0000/dia777_utt2,0,0,0,0,1,0,0
train/0000/dia777_utt3,0,0,0,0,1,0,0
train/0002/dia777_utt4,0,0,0,0,1,0,0
train/0000/dia777_utt5,0,0,0,1,0,0,0
train/0006/dia777_utt6,0,0,0,0,0,0,1
train/0006/dia777_utt7,0,0,0,0,0,0,1
train/0006/dia777_utt8,0,0,0,0,1,0,0
train/0002/dia777_utt9,0,0,0,1,0,0,0
train/0264/dia778_utt0,0,0,0,0,0,0,1
train/0000/dia778_utt1,0,0,0,0,0,1,0
train/0000/dia778_utt10,0,0,0,0,0,0,1
train/0264/dia778_utt2,1,0,0,0,0,0,0
train/0000/dia778_utt3,0,0,0,0,1,0,0
train/0264/dia778_utt4,0,0,0,0,1,0,0
train/0000/dia778_utt5,0,0,0,0,1,0,0
train/0000/dia778_utt6,0,0,0,0,0,0,1
train/0264/dia778_utt7,0,0,0,0,1,0,0
train/0000/dia778_utt8,0,0,0,0,1,0,0
train/0264/dia778_utt9,0,0,0,0,0,0,1
train/0000/dia779_utt0,0,0,0,0,1,0,0
train/0000/dia779_utt1,0,0,0,0,1,0,0
train/0020/dia77_utt0,0,0,0,0,1,0,0
train/0002/dia77_utt1,0,0,0,0,1,0,0
train/0020/dia77_utt2,0,0,0,0,1,0,0
train/0002/dia77_utt3,0,0,0,0,1,0,0
train/0002/dia77_utt4,0,0,0,1,0,0,0
train/0000/dia780_utt0,0,0,0,0,1,0,0
train/0000/dia780_utt1,0,0,0,0,1,0,0
train/0000/dia780_utt2,1,0,0,0,0,0,0
train/0000/dia780_utt3,0,0,0,0,1,0,0
train/0027/dia780_utt4,0,0,0,0,0,1,0
train/0000/dia780_utt5,0,0,0,0,0,0,1
train/0027/dia780_utt6,0,0,0,0,0,1,0
train/0004/dia780_utt7,0,0,0,0,1,0,0
train/0000/dia781_utt0,0,0,0,0,1,0,0
train/0265/dia781_utt1,0,0,0,1,0,0,0
train/0068/dia782_utt0,0,0,0,0,1,0,0
train/0002/dia782_utt1,0,0,0,0,1,0,0
train/0002/dia782_utt10,0,0,0,0,0,0,1
train/0068/dia782_utt11,0,0,0,0,1,0,0
train/0022/dia782_utt2,0,0,0,1,0,0,0
train/0002/dia782_utt3,0,0,0,1,0,0,0
train/0022/dia782_utt4,0,0,1,0,0,0,0
train/0002/dia782_utt5,0,0,0,0,1,0,0
train/0022/dia782_utt6,0,0,1,0,0,0,0
train/0022/dia782_utt7,0,0,0,1,0,0,0
train/0022/dia782_utt8,0,0,1,0,0,0,0
train/0022/dia782_utt9,0,0,1,0,0,0,0
train/0000/dia783_utt0,0,0,0,0,1,0,0
train/0000/dia783_utt1,0,0,0,1,0,0,0
train/0000/dia783_utt2,0,0,0,1,0,0,0
train/0000/dia783_utt3,0,0,0,1,0,0,0
train/0000/dia783_utt4,0,0,0,1,0,0,0
train/0000/dia783_utt5,0,0,0,1,0,0,0
train/0000/dia783_utt6,0,0,0,0,1,0,0
train/0248/dia783_utt7,0,0,0,0,1,0,0
train/0000/dia783_utt8,0,0,0,0,0,1,0
train/0006/dia784_utt0,0,0,0,0,1,0,0
train/0002/dia784_utt1,0,0,0,0,0,1,0
train/0102/dia785_utt0,0,0,0,0,1,0,0
train/0266/dia785_utt1,1,0,0,0,0,0,0
train/0060/dia786_utt0,0,0,0,0,1,0,0
train/0004/dia786_utt1,1,0,0,0,0,0,0
train/0002/dia786_utt2,1,0,0,0,0,0,0
train/0004/dia786_utt3,1,0,0,0,0,0,0
train/0032/dia787_utt0,0,0,0,0,1,0,0
train/0004/dia787_utt1,0,0,0,0,1,0,0
train/0032/dia787_utt10,0,0,0,0,1,0,0
train/0032/dia787_utt2,0,0,0,0,1,0,0
train/0004/dia787_utt3,0,0,0,0,1,0,0
train/0032/dia787_utt4,0,0,0,0,1,0,0
train/0004/dia787_utt5,0,0,0,0,1,0,0
train/0004/dia787_utt6,0,0,0,0,1,0,0
train/0004/dia787_utt7,0,0,0,0,1,0,0
train/0004/dia787_utt8,0,0,0,0,1,0,0
train/0004/dia787_utt9,0,0,0,0,1,0,0
train/0001/dia788_utt0,0,0,1,0,0,0,0
train/0003/dia788_utt1,0,0,0,1,0,0,0
train/0003/dia788_utt2,0,0,0,0,1,0,0
train/0003/dia788_utt3,0,0,0,0,1,0,0
train/0003/dia788_utt4,0,0,0,0,1,0,0
train/0183/dia789_utt0,0,0,0,1,0,0,0
train/0004/dia789_utt1,0,0,0,1,0,0,0
train/0183/dia789_utt2,0,0,0,1,0,0,0
train/0004/dia789_utt3,0,0,1,0,0,0,0
train/0004/dia789_utt4,0,0,0,0,1,0,0
train/0004/dia789_utt5,0,0,1,0,0,0,0
train/0004/dia789_utt6,0,0,1,0,0,0,0
train/0004/dia789_utt7,1,0,0,0,0,0,0
train/0004/dia789_utt8,0,0,0,1,0,0,0
train/0183/dia789_utt9,0,0,0,0,0,0,1
train/0006/dia78_utt0,0,0,0,1,0,0,0
train/0002/dia78_utt1,1,0,0,0,0,0,0
train/0000/dia78_utt2,1,0,0,0,0,0,0
train/0000/dia78_utt3,0,0,0,0,1,0,0
train/0006/dia78_utt4,0,0,1,0,0,0,0
train/0002/dia78_utt5,0,0,0,0,0,0,1
train/0002/dia790_utt0,0,0,0,0,0,0,1
train/0002/dia791_utt0,0,0,0,1,0,0,0
train/0006/dia791_utt1,0,0,0,1,0,0,0
train/0002/dia791_utt10,0,0,0,0,1,0,0
train/0002/dia791_utt11,0,0,0,1,0,0,0
train/0002/dia791_utt12,0,0,0,0,1,0,0
train/0004/dia791_utt13,0,0,0,0,1,0,0
train/0002/dia791_utt14,0,0,0,0,1,0,0
train/0004/dia791_utt15,0,0,0,0,1,0,0
train/0002/dia791_utt16,0,0,0,0,0,0,1
train/0004/dia791_utt17,0,0,0,1,0,0,0
train/0004/dia791_utt18,0,0,0,1,0,0,0
train/0002/dia791_utt19,0,0,0,1,0,0,0
train/0004/dia791_utt2,0,0,0,0,1,0,0
train/0004/dia791_utt20,0,0,0,0,1,0,0
train/0002/dia791_utt21,0,0,0,0,1,0,0
train/0002/dia791_utt3,0,0,0,0,1,0,0
train/0004/dia791_utt4,0,0,0,0,1,0,0
train/0002/dia791_utt5,0,0,0,0,1,0,0
train/0004/dia791_utt6,0,0,0,1,0,0,0
train/0002/dia791_utt7,0,0,0,0,1,0,0
train/0004/dia791_utt8,0,0,0,0,1,0,0
train/0002/dia791_utt9,0,0,0,0,0,1,0
train/0002/dia792_utt0,0,0,0,1,0,0,0
train/0004/dia792_utt1,0,0,0,1,0,0,0
train/0002/dia792_utt10,0,0,0,0,0,0,1
train/0267/dia792_utt11,0,0,0,0,0,0,1
train/0268/dia792_utt12,1,0,0,0,0,0,0
train/0267/dia792_utt13,0,0,0,0,0,1,0
train/0268/dia792_utt14,0,0,0,1,0,0,0
train/0267/dia792_utt15,0,0,0,0,0,0,1
train/0267/dia792_utt16,0,0,0,0,0,1,0
train/0267/dia792_utt17,0,0,0,0,0,1,0
train/0267/dia792_utt18,0,0,0,0,0,1,0
train/0002/dia792_utt19,0,0,0,1,0,0,0
train/0002/dia792_utt2,0,0,0,0,1,0,0
train/0004/dia792_utt20,0,0,0,0,0,0,1
train/0004/dia792_utt3,0,0,0,1,0,0,0
train/0002/dia792_utt4,0,0,0,1,0,0,0
train/0004/dia792_utt5,0,0,0,0,0,0,1
train/0002/dia792_utt6,0,1,0,0,0,0,0
train/0004/dia792_utt7,0,0,0,0,1,0,0
train/0002/dia792_utt8,1,0,0,0,0,0,0
train/0004/dia792_utt9,0,0,0,0,1,0,0
train/0000/dia793_utt0,0,0,0,1,0,0,0
train/0004/dia793_utt1,0,0,0,0,1,0,0
train/0003/dia793_utt10,0,0,0,1,0,0,0
train/0003/dia793_utt2,0,0,0,1,0,0,0
train/0003/dia793_utt3,0,0,0,1,0,0,0
train/0003/dia793_utt4,0,0,0,1,0,0,0
train/0003/dia793_utt5,1,0,0,0,0,0,0
train/0003/dia793_utt6,0,0,0,1,0,0,0
train/0016/dia793_utt7,0,0,0,1,0,0,0
train/0006/dia793_utt8,0,0,0,1,0,0,0
train/0002/dia793_utt9,0,0,0,1,0,0,0
train/0006/dia794_utt0,1,0,0,0,0,0,0
train/0006/dia794_utt1,1,0,0,0,0,0,0
train/0063/dia794_utt10,1,0,0,0,0,0,0
train/0006/dia794_utt2,1,0,0,0,0,0,0
train/0006/dia794_utt3,1,0,0,0,0,0,0
train/0006/dia794_utt4,1,0,0,0,0,0,0
train/0006/dia794_utt5,0,0,0,0,0,1,0
train/0006/dia794_utt6,1,0,0,0,0,0,0
train/0006/dia794_utt7,0,0,0,0,0,1,0
train/0063/dia794_utt8,1,0,0,0,0,0,0
train/0269/dia794_utt9,0,0,0,0,1,0,0
train/0006/dia795_utt0,0,0,0,0,0,0,1
train/0004/dia795_utt1,0,0,0,0,0,0,1
train/0006/dia795_utt2,0,0,0,0,1,0,0
train/0004/dia795_utt3,0,0,0,0,1,0,0
train/0006/dia795_utt4,0,0,0,0,1,0,0
train/0004/dia795_utt5,0,0,0,0,1,0,0
train/0006/dia795_utt6,1,0,0,0,0,0,0
train/0004/dia795_utt7,1,0,0,0,0,0,0
train/0006/dia795_utt8,0,0,0,0,1,0,0
train/0003/dia796_utt0,0,0,0,0,0,1,0
train/0270/dia796_utt1,0,0,0,0,0,0,1
train/0003/dia796_utt10,0,0,0,1,0,0,0
train/0003/dia796_utt11,0,0,0,1,0,0,0
train/0003/dia796_utt12,0,0,1,0,0,0,0
train/0270/dia796_utt13,0,0,0,1,0,0,0
train/0003/dia796_utt14,0,0,1,0,0,0,0
train/0003/dia796_utt15,0,0,0,0,1,0,0
train/0003/dia796_utt16,0,0,0,1,0,0,0
train/0003/dia796_utt17,0,0,0,1,0,0,0
train/0003/dia796_utt18,0,0,0,1,0,0,0
train/0003/dia796_utt19,0,0,0,0,0,1,0
train/0003/dia796_utt2,0,0,0,0,1,0,0
train/0003/dia796_utt20,0,0,0,0,1,0,0
train/0003/dia796_utt3,0,0,0,0,1,0,0
train/0270/dia796_utt4,0,0,0,0,0,0,1
train/0003/dia796_utt5,0,0,1,0,0,0,0
train/0003/dia796_utt6,0,0,0,0,0,0,1
train/0003/dia796_utt7,0,0,0,0,1,0,0
train/0003/dia796_utt8,0,0,0,0,1,0,0
train/0003/dia796_utt9,0,0,0,0,1,0,0
train/0001/dia797_utt0,0,0,0,0,1,0,0
train/0271/dia797_utt1,0,0,0,0,1,0,0
train/0001/dia797_utt10,0,0,0,0,0,0,1
train/0001/dia797_utt11,0,0,0,0,0,1,0
train/0001/dia797_utt12,0,0,0,0,0,1,0
train/0001/dia797_utt13,0,0,0,0,0,1,0
train/0001/dia797_utt2,0,0,0,0,1,0,0
train/0271/dia797_utt3,0,0,0,0,1,0,0
train/0001/dia797_utt4,0,0,0,0,1,0,0
train/0271/dia797_utt5,0,0,0,0,0,0,1
train/0001/dia797_utt6,0,0,0,0,1,0,0
train/0271/dia797_utt7,0,0,0,0,1,0,0
train/0001/dia797_utt8,0,0,0,1,0,0,0
train/0271/dia797_utt9,0,0,0,0,1,0,0
train/0002/dia798_utt0,0,1,0,0,0,0,0
train/0188/dia798_utt1,0,0,0,0,1,0,0
train/0002/dia798_utt2,0,0,0,0,1,0,0
train/0188/dia798_utt3,0,0,1,0,0,0,0
train/0002/dia798_utt4,0,0,0,0,0,1,0
train/0188/dia798_utt5,0,0,0,0,0,1,0
train/0004/dia798_utt6,0,0,0,0,0,0,1
train/0006/dia799_utt0,0,0,1,0,0,0,0
train/0006/dia799_utt1,0,0,1,0,0,0,0
train/0001/dia799_utt2,0,0,0,0,1,0,0
train/0006/dia799_utt3,0,0,0,0,1,0,0
train/0001/dia799_utt4,0,0,0,0,1,0,0
train/0043/dia799_utt5,0,0,0,0,1,0,0
train/0006/dia799_utt6,0,0,0,0,1,0,0
train/0004/dia79_utt0,0,0,0,0,1,0,0
train/0002/dia79_utt1,0,1,0,0,0,0,0
train/0004/dia79_utt2,0,0,0,1,0,0,0
train/0002/dia79_utt3,0,0,0,0,0,0,1
train/0004/dia79_utt4,0,0,0,0,1,0,0
train/0002/dia79_utt5,0,1,0,0,0,0,0
train/0004/dia79_utt6,0,0,0,0,1,0,0
train/0004/dia79_utt7,0,0,0,0,1,0,0
train/0004/dia7_utt0,0,0,0,0,1,0,0
train/0006/dia7_utt1,1,0,0,0,0,0,0
train/0006/dia800_utt0,0,0,1,0,0,0,0
train/0001/dia800_utt1,0,0,0,0,1,0,0
train/0001/dia801_utt0,0,0,0,0,1,0,0
train/0001/dia801_utt1,0,0,0,0,1,0,0
train/0001/dia801_utt2,0,0,0,0,1,0,0
train/0006/dia801_utt3,0,0,0,0,1,0,0
train/0001/dia801_utt4,0,0,0,0,1,0,0
train/0006/dia801_utt5,0,0,1,0,0,0,0
train/0001/dia801_utt6,0,0,0,0,1,0,0
train/0001/dia801_utt7,1,0,0,0,0,0,0
train/0001/dia801_utt8,1,0,0,0,0,0,0
train/0006/dia802_utt0,0,0,0,1,0,0,0
train/0000/dia802_utt1,0,0,0,1,0,0,0
train/0006/dia802_utt2,0,0,0,0,1,0,0
train/0000/dia802_utt3,0,0,0,1,0,0,0
train/0006/dia802_utt4,0,0,0,0,1,0,0
train/0272/dia803_utt0,1,0,0,0,0,0,0
train/0002/dia803_utt1,0,0,0,0,0,1,0
train/0001/dia803_utt2,0,0,0,0,0,0,1
train/0001/dia803_utt3,0,0,0,1,0,0,0
train/0001/dia803_utt4,0,0,0,1,0,0,0
train/0001/dia803_utt5,0,0,0,1,0,0,0
train/0003/dia803_utt6,1,0,0,0,0,0,0
train/0002/dia804_utt0,0,0,1,0,0,0,0
train/0084/dia804_utt1,0,0,0,0,1,0,0
train/0002/dia804_utt2,0,0,0,1,0,0,0
train/0084/dia804_utt3,1,0,0,0,0,0,0
train/0002/dia804_utt4,0,0,0,0,0,1,0
train/0084/dia804_utt5,1,0,0,0,0,0,0
train/0084/dia804_utt6,0,1,0,0,0,0,0
train/0084/dia804_utt7,1,0,0,0,0,0,0
train/0084/dia804_utt8,1,0,0,0,0,0,0
train/0002/dia804_utt9,0,0,0,0,0,1,0
train/0006/dia805_utt0,0,0,0,1,0,0,0
train/0006/dia805_utt1,0,0,0,0,1,0,0
train/0006/dia805_utt2,0,0,0,0,1,0,0
train/0006/dia805_utt3,0,0,0,1,0,0,0
train/0006/dia805_utt4,0,0,0,0,0,0,1
train/0006/dia805_utt5,0,0,0,1,0,0,0
train/0006/dia805_utt6,1,0,0,0,0,0,0
train/0000/dia805_utt7,0,0,0,0,1,0,0
train/0001/dia806_utt0,0,0,0,0,0,0,1
train/0004/dia806_utt1,0,0,0,0,0,0,1
train/0002/dia806_utt10,0,0,0,0,0,0,1
train/0001/dia806_utt11,0,0,0,0,1,0,0
train/0002/dia806_utt12,0,0,0,0,1,0,0
train/0004/dia806_utt13,0,0,0,1,0,0,0
train/0002/dia806_utt14,0,0,0,0,0,0,1
train/0004/dia806_utt15,0,0,1,0,0,0,0
train/0004/dia806_utt16,0,0,0,0,1,0,0
train/0004/dia806_utt17,0,0,0,1,0,0,0
train/0001/dia806_utt2,0,0,0,1,0,0,0
train/0004/dia806_utt3,0,0,0,1,0,0,0
train/0001/dia806_utt4,0,0,0,0,1,0,0
train/0004/dia806_utt5,0,0,0,0,0,1,0
train/0001/dia806_utt6,0,0,0,0,0,1,0
train/0004/dia806_utt7,0,0,0,0,1,0,0
train/0002/dia806_utt8,0,0,0,0,0,1,0
train/0004/dia806_utt9,0,0,0,1,0,0,0
train/0002/dia807_utt0,0,0,0,0,1,0,0
train/0004/dia807_utt1,1,0,0,0,0,0,0
train/0001/dia808_utt0,0,1,0,0,0,0,0
train/0003/dia808_utt1,0,0,0,0,1,0,0
train/0003/dia808_utt2,0,0,0,0,1,0,0
train/0001/dia808_utt3,0,0,0,0,1,0,0
train/0003/dia808_utt4,0,0,0,0,1,0,0
train/0001/dia808_utt5,0,0,0,0,1,0,0
train/0003/dia808_utt6,0,0,0,1,0,0,0
train/0001/dia808_utt7,0,0,0,1,0,0,0
train/0004/dia809_utt0,0,0,0,1,0,0,0
train/0004/dia809_utt1,0,0,0,1,0,0,0
train/0003/dia809_utt10,1,0,0,0,0,0,0
train/0004/dia809_utt11,0,0,0,1,0,0,0
train/0003/dia809_utt12,0,0,0,0,1,0,0
train/0004/dia809_utt13,0,0,0,0,1,0,0
train/0003/dia809_utt14,1,0,0,0,0,0,0
train/0003/dia809_utt15,0,0,1,0,0,0,0
train/0004/dia809_utt2,0,0,0,1,0,0,0
train/0004/dia809_utt3,0,0,0,1,0,0,0
train/0004/dia809_utt4,0,0,0,1,0,0,0
train/0004/dia809_utt5,0,0,0,1,0,0,0
train/0004/dia809_utt6,0,0,0,1,0,0,0
train/0004/dia809_utt7,0,0,0,0,1,0,0
train/0003/dia809_utt8,0,0,0,0,1,0,0
train/0004/dia809_utt9,0,0,0,0,0,0,1
train/0002/dia80_utt0,0,0,0,0,1,0,0
train/0004/dia80_utt1,0,0,0,1,0,0,0
train/0002/dia80_utt2,0,0,0,0,0,0,1
train/0004/dia80_utt3,0,0,0,0,1,0,0
train/0002/dia80_utt4,0,0,0,0,1,0,0
train/0004/dia80_utt5,0,0,0,0,1,0,0
train/0001/dia810_utt0,0,0,0,0,0,0,1
train/0003/dia810_utt1,0,0,0,0,0,1,0
train/0003/dia810_utt10,0,0,0,0,1,0,0
train/0007/dia810_utt11,0,0,0,0,1,0,0
train/0003/dia810_utt12,0,0,0,0,1,0,0
train/0001/dia810_utt13,0,0,0,0,0,1,0
train/0007/dia810_utt14,0,0,0,0,1,0,0
train/0001/dia810_utt15,0,0,0,0,1,0,0
train/0007/dia810_utt16,0,0,0,0,0,0,1
train/0003/dia810_utt17,0,0,0,0,1,0,0
train/0003/dia810_utt2,0,0,1,0,0,0,0
train/0003/dia810_utt3,0,0,1,0,0,0,0
train/0003/dia810_utt4,0,0,1,0,0,0,0
train/0003/dia810_utt5,0,0,0,0,1,0,0
train/0007/dia810_utt6,0,0,0,1,0,0,0
train/0001/dia810_utt7,0,0,0,0,1,0,0
train/0007/dia810_utt8,0,0,0,1,0,0,0
train/0001/dia810_utt9,0,0,0,1,0,0,0
train/0004/dia811_utt0,0,0,0,1,0,0,0
train/0117/dia811_utt1,0,0,0,0,1,0,0
train/0145/dia811_utt10,0,0,0,1,0,0,0
train/0145/dia811_utt2,0,0,0,0,1,0,0
train/0004/dia811_utt3,0,0,0,0,1,0,0
train/0145/dia811_utt4,0,0,0,0,0,0,1
train/0004/dia811_utt5,0,0,0,1,0,0,0
train/0145/dia811_utt6,0,0,0,0,1,0,0
train/0004/dia811_utt7,0,0,0,0,1,0,0
train/0145/dia811_utt8,0,0,0,1,0,0,0
train/0004/dia811_utt9,0,0,1,0,0,0,0
train/0001/dia812_utt0,0,0,0,0,1,0,0
train/0000/dia812_utt1,0,0,0,1,0,0,0
train/0003/dia812_utt10,0,0,0,0,1,0,0
train/0001/dia812_utt11,0,0,0,0,1,0,0
train/0003/dia812_utt12,0,0,0,1,0,0,0
train/0001/dia812_utt13,0,0,0,1,0,0,0
train/0003/dia812_utt14,0,0,0,0,1,0,0
train/0006/dia812_utt15,0,0,0,0,1,0,0
train/0001/dia812_utt2,0,0,0,0,1,0,0
train/0000/dia812_utt3,0,0,0,0,1,0,0
train/0003/dia812_utt4,0,0,0,1,0,0,0
train/0001/dia812_utt5,1,0,0,0,0,0,0
train/0003/dia812_utt8,0,0,0,1,0,0,0
train/0001/dia812_utt9,0,0,0,1,0,0,0
train/0001/dia813_utt0,0,0,0,0,1,0,0
train/0002/dia813_utt1,0,0,0,0,0,0,1
train/0002/dia813_utt10,0,0,0,0,1,0,0
train/0001/dia813_utt2,0,0,0,0,1,0,0
train/0002/dia813_utt3,1,0,0,0,0,0,0
train/0001/dia813_utt4,0,0,0,0,1,0,0
train/0002/dia813_utt5,0,0,0,0,0,1,0
train/0001/dia813_utt6,0,0,0,0,1,0,0
train/0001/dia813_utt7,0,0,0,0,1,0,0
train/0002/dia813_utt8,0,0,0,0,0,0,1
train/0273/dia813_utt9,0,0,0,0,1,0,0
train/0006/dia814_utt0,0,0,0,0,1,0,0
train/0002/dia814_utt1,0,0,0,0,1,0,0
train/0006/dia814_utt2,0,0,0,1,0,0,0
train/0003/dia814_utt3,0,0,0,0,1,0,0
train/0006/dia814_utt4,0,0,0,1,0,0,0
train/0004/dia815_utt0,0,0,0,0,1,0,0
train/0030/dia815_utt1,0,0,0,0,1,0,0
train/0004/dia815_utt2,0,0,0,0,1,0,0
train/0030/dia815_utt3,0,0,0,0,1,0,0
train/0001/dia816_utt0,0,0,0,0,0,1,0
train/0049/dia816_utt1,0,0,0,0,0,1,0
train/0049/dia816_utt2,0,0,0,0,0,1,0
train/0049/dia816_utt3,0,0,0,0,0,1,0
train/0049/dia816_utt4,0,0,0,0,1,0,0
train/0004/dia817_utt0,0,0,0,1,0,0,0
train/0000/dia817_utt1,0,0,0,0,1,0,0
train/0000/dia817_utt10,0,0,0,0,0,1,0
train/0003/dia817_utt11,0,0,0,0,0,0,1
train/0000/dia817_utt12,1,0,0,0,0,0,0
train/0003/dia817_utt13,0,0,0,0,1,0,0
train/0000/dia817_utt14,0,0,0,0,1,0,0
train/0003/dia817_utt2,0,0,0,0,1,0,0
train/0000/dia817_utt3,0,0,0,0,0,0,1
train/0003/dia817_utt4,0,0,0,0,1,0,0
train/0000/dia817_utt5,0,0,0,0,1,0,0
train/0003/dia817_utt6,0,0,0,0,1,0,0
train/0000/dia817_utt7,1,0,0,0,0,0,0
train/0000/dia817_utt8,0,0,0,0,1,0,0
train/0000/dia817_utt9,0,0,0,0,1,0,0
train/0001/dia818_utt0,0,0,0,0,1,0,0
train/0001/dia818_utt1,0,1,0,0,0,0,0
train/0001/dia818_utt2,0,0,0,1,0,0,0
train/0274/dia818_utt3,0,0,0,0,1,0,0
train/0274/dia818_utt4,0,0,0,0,1,0,0
train/0274/dia818_utt5,0,0,0,0,1,0,0
train/0001/dia818_utt6,0,0,0,0,0,1,0
train/0274/dia818_utt7,0,0,0,0,1,0,0
train/0003/dia819_utt0,0,0,0,0,0,0,1
train/0000/dia819_utt1,0,0,0,0,1,0,0
train/0001/dia819_utt10,0,0,0,0,1,0,0
train/0003/dia819_utt11,0,0,0,0,1,0,0
train/0001/dia819_utt12,0,0,0,0,1,0,0
train/0003/dia819_utt13,0,0,0,0,1,0,0
train/0001/dia819_utt14,0,1,0,0,0,0,0
train/0003/dia819_utt15,0,0,0,0,1,0,0
train/0001/dia819_utt16,0,0,0,0,1,0,0
train/0003/dia819_utt17,0,0,0,1,0,0,0
train/0001/dia819_utt18,0,0,0,1,0,0,0
train/0001/dia819_utt2,0,0,0,0,1,0,0
train/0003/dia819_utt3,0,0,0,0,1,0,0
train/0001/dia819_utt4,0,0,0,0,1,0,0
train/0003/dia819_utt5,1,0,0,0,0,0,0
train/0001/dia819_utt6,0,0,0,0,1,0,0
train/0003/dia819_utt7,0,0,0,0,1,0,0
train/0001/dia819_utt8,0,0,0,0,1,0,0
train/0003/dia819_utt9,0,0,1,0,0,0,0
train/0004/dia81_utt0,0,0,0,0,1,0,0
train/0001/dia81_utt1,0,0,0,0,1,0,0
train/0004/dia81_utt10,0,0,0,0,1,0,0
train/0000/dia81_utt11,1,0,0,0,0,0,0
train/0001/dia81_utt12,0,0,0,0,1,0,0
train/0000/dia81_utt13,1,0,0,0,0,0,0
train/0000/dia81_utt14,1,0,0,0,0,0,0
train/0000/dia81_utt15,1,0,0,0,0,0,0
train/0000/dia81_utt16,0,0,0,0,0,0,1
train/0004/dia81_utt2,0,0,0,0,1,0,0
train/0001/dia81_utt3,0,0,0,1,0,0,0
train/0004/dia81_utt4,0,0,1,0,0,0,0
train/0000/dia81_utt5,0,0,0,0,1,0,0
train/0001/dia81_utt6,0,0,0,1,0,0,0
train/0000/dia81_utt7,0,0,0,0,0,0,1
train/0001/dia81_utt8,0,0,0,1,0,0,0
train/0000/dia81_utt9,0,0,0,0,1,0,0
train/0000/dia820_utt0,0,0,0,1,0,0,0
train/0004/dia820_utt1,0,0,0,0,1,0,0
train/0000/dia820_utt10,0,0,0,0,1,0,0
train/0004/dia820_utt11,0,0,0,0,1,0,0
train/0004/dia820_utt12,0,0,0,0,1,0,0
train/0004/dia820_utt13,0,0,0,1,0,0,0
train/0004/dia820_utt14,0,0,0,1,0,0,0
train/0004/dia820_utt15,0,0,0,1,0,0,0
train/0004/dia820_utt16,0,0,0,0,0,0,1
train/0000/dia820_utt17,0,0,0,0,1,0,0
train/0004/dia820_utt18,0,0,0,0,0,0,1
train/0001/dia820_utt19,0,0,0,0,0,0,1
train/0000/dia820_utt2,0,0,0,0,1,0,0
train/0004/dia820_utt20,0,0,0,1,0,0,0
train/0000/dia820_utt21,0,0,0,1,0,0,0
train/0004/dia820_utt3,0,0,0,0,0,0,1
train/0000/dia820_utt4,0,0,0,0,0,1,0
train/0004/dia820_utt5,0,0,0,1,0,0,0
train/0001/dia820_utt6,0,0,0,0,1,0,0
train/0004/dia820_utt7,0,0,0,0,1,0,0
train/0004/dia820_utt8,0,0,0,1,0,0,0
train/0004/dia820_utt9,0,0,0,1,0,0,0
train/0041/dia821_utt0,0,0,0,1,0,0,0
train/0006/dia821_utt1,0,0,0,0,0,0,1
train/0006/dia821_utt10,0,0,0,1,0,0,0
train/0006/dia821_utt11,0,0,0,0,0,0,1
train/0006/dia821_utt12,0,0,0,0,1,0,0
train/0275/dia821_utt13,0,0,0,1,0,0,0
train/0006/dia821_utt14,0,0,0,1,0,0,0
train/0041/dia821_utt2,0,0,0,0,1,0,0
train/0006/dia821_utt3,0,0,0,0,1,0,0
train/0006/dia821_utt4,0,0,0,0,1,0,0
train/0041/dia821_utt5,0,0,0,0,1,0,0
train/0006/dia821_utt6,0,0,0,0,1,0,0
train/0041/dia821_utt7,0,0,0,0,0,0,1
train/0006/dia821_utt8,0,0,0,0,1,0,0
train/0041/dia821_utt9,0,0,0,1,0,0,0
train/0000/dia822_utt0,0,0,0,0,1,0,0
train/0004/dia822_utt1,0,0,0,0,1,0,0
train/0000/dia822_utt2,0,0,0,0,1,0,0
train/0004/dia822_utt3,0,0,0,0,1,0,0
train/0000/dia822_utt4,0,0,0,1,0,0,0
train/0004/dia822_utt5,0,0,0,0,1,0,0
train/0000/dia822_utt6,0,0,0,0,1,0,0
train/0004/dia822_utt7,0,0,0,0,0,1,0
train/0000/dia822_utt8,0,0,0,0,1,0,0
train/0016/dia823_utt0,0,0,0,0,1,0,0
train/0006/dia823_utt1,0,0,0,0,1,0,0
train/0000/dia823_utt10,0,0,0,0,1,0,0
train/0001/dia823_utt11,0,0,0,0,1,0,0
train/0000/dia823_utt12,0,0,0,1,0,0,0
train/0004/dia823_utt13,0,0,0,0,1,0,0
train/0001/dia823_utt14,0,0,0,0,0,0,1
train/0000/dia823_utt2,0,0,0,1,0,0,0
train/0002/dia823_utt3,0,0,0,0,0,0,1
train/0000/dia823_utt4,0,0,0,0,1,0,0
train/0002/dia823_utt5,0,1,0,0,0,0,0
train/0000/dia823_utt6,0,0,0,1,0,0,0
train/0006/dia823_utt7,0,0,0,0,0,0,1
train/0000/dia823_utt8,0,0,0,0,0,0,1
train/0003/dia823_utt9,0,1,0,0,0,0,0
train/0001/dia824_utt0,0,0,0,1,0,0,0
train/0000/dia824_utt1,0,0,0,1,0,0,0
train/0004/dia825_utt0,0,0,0,0,0,0,1
train/0001/dia825_utt1,0,0,0,0,1,0,0
train/0004/dia825_utt2,0,0,0,0,1,0,0
train/0003/dia826_utt0,0,0,0,1,0,0,0
train/0001/dia826_utt1,0,0,0,1,0,0,0
train/0004/dia826_utt2,0,0,0,0,1,0,0
train/0003/dia826_utt3,0,0,0,1,0,0,0
train/0004/dia826_utt4,0,0,0,0,0,1,0
train/0000/dia827_utt0,0,0,0,0,1,0,0
train/0001/dia827_utt1,0,0,0,1,0,0,0
train/0000/dia827_utt11,0,0,0,1,0,0,0
train/0001/dia827_utt12,0,0,0,1,0,0,0
train/0000/dia827_utt13,0,0,1,0,0,0,0
train/0001/dia827_utt14,0,0,0,1,0,0,0
train/0000/dia827_utt15,0,0,0,0,1,0,0
train/0000/dia827_utt2,0,0,0,0,1,0,0
train/0001/dia827_utt3,0,0,0,0,1,0,0
train/0000/dia827_utt4,0,0,0,0,1,0,0
train/0001/dia827_utt5,0,0,1,0,0,0,0
train/0001/dia827_utt6,0,0,0,0,1,0,0
train/0001/dia827_utt7,0,0,0,0,1,0,0
train/0001/dia827_utt8,0,0,0,1,0,0,0
train/0028/dia828_utt0,1,0,0,0,0,0,0
train/0002/dia828_utt1,0,0,0,1,0,0,0
train/0002/dia828_utt10,0,0,0,0,1,0,0
train/0006/dia828_utt11,0,0,0,0,1,0,0
train/0002/dia828_utt12,0,0,0,0,1,0,0
train/0006/dia828_utt13,1,0,0,0,0,0,0
train/0028/dia828_utt14,0,0,0,0,1,0,0
train/0006/dia828_utt15,1,0,0,0,0,0,0
train/0028/dia828_utt2,0,1,0,0,0,0,0
train/0002/dia828_utt3,1,0,0,0,0,0,0
train/0028/dia828_utt4,1,0,0,0,0,0,0
train/0002/dia828_utt5,0,0,0,0,0,0,1
train/0028/dia828_utt6,1,0,0,0,0,0,0
train/0006/dia828_utt7,0,0,0,0,1,0,0
train/0002/dia828_utt8,0,1,0,0,0,0,0
train/0006/dia828_utt9,0,0,0,0,1,0,0
train/0000/dia829_utt0,1,0,0,0,0,0,0
train/0218/dia829_utt1,0,0,0,1,0,0,0
train/0000/dia829_utt2,1,0,0,0,0,0,0
train/0001/dia82_utt0,0,0,0,0,1,0,0
train/0003/dia82_utt1,0,0,0,0,1,0,0
train/0001/dia82_utt10,0,0,0,0,1,0,0
train/0000/dia82_utt11,0,0,0,0,1,0,0
train/0001/dia82_utt2,1,0,0,0,0,0,0
train/0003/dia82_utt3,0,1,0,0,0,0,0
train/0001/dia82_utt4,0,0,0,0,0,1,0
train/0003/dia82_utt5,0,0,0,0,1,0,0
train/0003/dia82_utt6,0,1,0,0,0,0,0
train/0000/dia82_utt7,0,0,0,0,1,0,0
train/0003/dia82_utt9,0,1,0,0,0,0,0
train/0003/dia830_utt0,0,0,0,1,0,0,0
train/0003/dia830_utt1,0,0,0,1,0,0,0
train/0003/dia830_utt2,1,0,0,0,0,0,0
train/0003/dia830_utt3,0,0,0,1,0,0,0
train/0003/dia830_utt4,0,0,0,1,0,0,0
train/0003/dia830_utt5,0,0,0,1,0,0,0
train/0003/dia830_utt6,0,0,0,0,0,1,0
train/0003/dia830_utt7,0,0,0,0,0,1,0
train/0002/dia831_utt0,1,0,0,0,0,0,0
train/0002/dia831_utt1,1,0,0,0,0,0,0
train/0002/dia831_utt2,0,0,0,0,1,0,0
train/0002/dia831_utt3,1,0,0,0,0,0,0
train/0006/dia831_utt4,1,0,0,0,0,0,0
train/0006/dia831_utt5,1,0,0,0,0,0,0
train/0006/dia831_utt6,0,0,0,0,0,1,0
train/0002/dia831_utt7,0,0,0,1,0,0,0
train/0006/dia832_utt0,1,0,0,0,0,0,0
train/0006/dia832_utt1,0,0,0,0,1,0,0
train/0006/dia832_utt10,0,0,0,1,0,0,0
train/0003/dia832_utt11,0,0,0,0,0,1,0
train/0006/dia832_utt12,0,0,0,0,1,0,0
train/0006/dia832_utt13,0,0,0,1,0,0,0
train/0003/dia832_utt14,1,0,0,0,0,0,0
train/0004/dia832_utt15,0,0,0,1,0,0,0
train/0000/dia832_utt2,0,0,0,0,1,0,0
train/0006/dia832_utt3,0,0,0,0,0,0,1
train/0000/dia832_utt4,0,0,0,0,1,0,0
train/0006/dia832_utt5,0,0,0,0,1,0,0
train/0003/dia832_utt6,0,0,0,0,0,0,1
train/0000/dia832_utt7,0,0,0,0,1,0,0
train/0000/dia832_utt8,0,0,0,0,1,0,0
train/0006/dia832_utt9,0,0,0,1,0,0,0
train/0001/dia833_utt0,0,0,0,1,0,0,0
train/0003/dia833_utt1,0,0,0,0,1,0,0
train/0001/dia833_utt2,1,0,0,0,0,0,0
train/0001/dia833_utt3,1,0,0,0,0,0,0
train/0001/dia833_utt4,1,0,0,0,0,0,0
train/0001/dia833_utt5,1,0,0,0,0,0,0
train/0003/dia833_utt6,0,0,0,0,1,0,0
train/0000/dia834_utt0,0,0,0,0,0,0,1
train/0001/dia834_utt1,0,0,0,0,1,0,0
train/0001/dia834_utt10,0,0,0,0,1,0,0
train/0002/dia834_utt11,0,0,0,0,1,0,0
train/0001/dia834_utt12,0,0,0,0,1,0,0
train/0000/dia834_utt13,0,0,0,0,1,0,0
train/0001/dia834_utt14,0,0,0,0,0,0,1
train/0000/dia834_utt15,0,0,0,0,1,0,0
train/0002/dia834_utt2,0,0,0,0,1,0,0
train/0002/dia834_utt3,0,0,0,0,1,0,0
train/0001/dia834_utt4,0,0,0,0,1,0,0
train/0000/dia834_utt5,0,0,0,1,0,0,0
train/0001/dia834_utt6,0,0,0,0,1,0,0
train/0002/dia834_utt7,0,0,0,0,1,0,0
train/0002/dia834_utt8,0,0,0,0,1,0,0
train/0002/dia834_utt9,0,0,0,0,1,0,0
train/0001/dia835_utt0,0,0,0,0,0,1,0
train/0003/dia835_utt1,0,0,0,0,1,0,0
train/0001/dia835_utt10,1,0,0,0,0,0,0
train/0003/dia835_utt11,0,0,0,0,1,0,0
train/0001/dia835_utt2,1,0,0,0,0,0,0
train/0003/dia835_utt3,0,0,0,0,1,0,0
train/0006/dia835_utt4,0,0,0,0,0,0,1
train/0003/dia835_utt5,1,0,0,0,0,0,0
train/0006/dia835_utt6,0,0,0,0,1,0,0
train/0003/dia835_utt7,1,0,0,0,0,0,0
train/0001/dia835_utt8,0,1,0,0,0,0,0
train/0003/dia835_utt9,1,0,0,0,0,0,0
train/0004/dia836_utt0,0,0,0,0,1,0,0
train/0006/dia836_utt1,0,0,0,0,0,0,1
train/0004/dia836_utt10,1,0,0,0,0,0,0
train/0002/dia836_utt11,0,0,0,0,1,0,0
train/0004/dia836_utt12,0,0,0,1,0,0,0
train/0004/dia836_utt2,0,0,0,0,0,0,1
train/0006/dia836_utt3,0,0,0,0,1,0,0
train/0004/dia836_utt4,0,0,0,0,1,0,0
train/0006/dia836_utt5,0,0,0,0,1,0,0
train/0004/dia836_utt6,0,0,0,0,0,0,1
train/0006/dia836_utt7,0,0,0,0,0,0,1
train/0004/dia836_utt8,0,0,0,0,1,0,0
train/0006/dia836_utt9,0,0,0,0,0,0,1
train/0008/dia837_utt0,0,0,0,0,1,0,0
train/0000/dia837_utt1,0,0,0,1,0,0,0
train/0008/dia837_utt2,0,0,0,1,0,0,0
train/0000/dia838_utt0,0,0,0,0,0,0,1
train/0008/dia839_utt0,1,0,0,0,0,0,0
train/0000/dia839_utt1,1,0,0,0,0,0,0
train/0000/dia839_utt11,1,0,0,0,0,0,0
train/0000/dia839_utt12,0,1,0,0,0,0,0
train/0000/dia839_utt13,0,1,0,0,0,0,0
train/0000/dia839_utt14,0,1,0,0,0,0,0
train/0000/dia839_utt15,0,1,0,0,0,0,0
train/0000/dia839_utt2,0,0,0,0,1,0,0
train/0008/dia839_utt3,0,0,0,0,1,0,0
train/0000/dia839_utt4,0,0,0,1,0,0,0
train/0008/dia839_utt5,0,0,0,0,1,0,0
train/0000/dia839_utt6,0,0,0,0,0,0,1
train/0008/dia839_utt7,0,0,0,0,1,0,0
train/0000/dia839_utt8,0,1,0,0,0,0,0
train/0276/dia83_utt0,0,0,0,0,1,0,0
train/0004/dia83_utt1,0,0,0,0,1,0,0
train/0276/dia83_utt2,1,0,0,0,0,0,0
train/0004/dia83_utt3,0,0,0,0,1,0,0
train/0000/dia840_utt0,0,0,0,1,0,0,0
train/0002/dia840_utt1,0,0,0,1,0,0,0
train/0002/dia840_utt10,0,0,0,0,0,0,1
train/0000/dia840_utt11,0,0,0,0,1,0,0
train/0002/dia840_utt12,0,0,0,0,0,0,1
train/0000/dia840_utt13,0,0,0,0,1,0,0
train/0002/dia840_utt14,0,0,0,0,1,0,0
train/0000/dia840_utt15,0,0,0,0,0,1,0
train/0000/dia840_utt2,0,0,0,0,1,0,0
train/0002/dia840_utt3,0,0,0,0,1,0,0
train/0000/dia840_utt4,0,0,0,0,1,0,0
train/0002/dia840_utt5,0,0,0,0,1,0,0
train/0000/dia840_utt6,0,0,1,0,0,0,0
train/0002/dia840_utt7,0,0,0,1,0,0,0
train/0000/dia840_utt8,0,0,0,0,1,0,0
train/0000/dia840_utt9,0,0,0,0,1,0,0
train/0001/dia841_utt0,0,0,1,0,0,0,0
train/0003/dia841_utt1,0,0,0,0,1,0,0
train/0001/dia841_utt10,0,0,0,0,0,1,0
train/0003/dia841_utt11,0,0,0,0,1,0,0
train/0001/dia841_utt12,0,0,0,1,0,0,0
train/0003/dia841_utt13,0,0,0,0,1,0,0
train/0001/dia841_utt14,0,0,0,0,1,0,0
train/0003/dia841_utt15,0,0,0,0,1,0,0
train/0001/dia841_utt16,1,0,0,0,0,0,0
train/0000/dia841_utt17,0,0,0,0,1,0,0
train/0003/dia841_utt18,0,0,0,0,1,0,0
train/0000/dia841_utt19,0,0,0,0,1,0,0
train/0003/dia841_utt2,0,0,0,0,1,0,0
train/0003/dia841_utt20,0,0,0,0,1,0,0
train/0000/dia841_utt21,0,0,0,1,0,0,0
train/0003/dia841_utt22,0,0,0,0,1,0,0
train/0003/dia841_utt3,0,0,0,0,1,0,0
train/0001/dia841_utt4,1,0,0,0,0,0,0
train/0001/dia841_utt5,0,0,0,0,1,0,0
train/0003/dia841_utt6,0,0,0,0,0,1,0
train/0001/dia841_utt7,1,0,0,0,0,0,0
train/0003/dia841_utt8,1,0,0,0,0,0,0
train/0003/dia841_utt9,0,0,0,0,0,1,0
train/0002/dia842_utt0,0,0,0,0,1,0,0
train/0002/dia842_utt1,0,0,0,0,1,0,0
train/0002/dia842_utt10,0,0,0,1,0,0,0
train/0000/dia842_utt11,0,0,0,0,1,0,0
train/0002/dia842_utt12,0,0,0,0,0,0,1
train/0002/dia842_utt2,0,0,0,0,1,0,0
train/0002/dia842_utt3,0,0,0,0,1,0,0
train/0000/dia842_utt4,0,0,0,0,0,1,0
train/0002/dia842_utt5,0,0,0,0,0,1,0
train/0000/dia842_utt6,0,0,0,0,0,1,0
train/0002/dia842_utt7,0,0,0,0,1,0,0
train/0001/dia843_utt0,0,0,0,0,0,0,1
train/0003/dia843_utt1,0,0,0,0,0,1,0
train/0002/dia843_utt10,0,0,0,0,1,0,0
train/0002/dia843_utt11,0,0,0,0,1,0,0
train/0002/dia843_utt12,0,0,0,0,1,0,0
train/0002/dia843_utt13,0,0,0,0,1,0,0
train/0002/dia843_utt14,0,0,0,0,1,0,0
train/0003/dia843_utt2,1,0,0,0,0,0,0
train/0003/dia843_utt3,0,0,0,0,1,0,0
train/0002/dia843_utt4,0,0,0,0,1,0,0
train/0001/dia843_utt5,1,0,0,0,0,0,0
train/0000/dia843_utt6,0,0,0,0,0,0,1
train/0002/dia843_utt7,0,0,0,0,0,1,0
train/0003/dia843_utt8,0,0,0,0,1,0,0
train/0001/dia843_utt9,0,0,0,0,0,1,0
train/0277/dia844_utt0,0,0,0,0,1,0,0
train/0006/dia844_utt1,0,0,0,0,1,0,0
train/0004/dia844_utt10,0,0,0,1,0,0,0
train/0278/dia844_utt11,1,0,0,0,0,0,0
train/0006/dia844_utt12,0,0,0,1,0,0,0
train/0004/dia844_utt13,1,0,0,0,0,0,0
train/0277/dia844_utt14,0,0,0,0,1,0,0
train/0006/dia844_utt15,0,0,0,1,0,0,0
train/0095/dia844_utt16,0,0,0,0,1,0,0
train/0006/dia844_utt17,0,0,0,0,0,0,1
train/0279/dia844_utt18,0,0,0,0,1,0,0
train/0006/dia844_utt19,0,0,0,0,1,0,0
train/0006/dia844_utt2,0,0,0,0,1,0,0
train/0279/dia844_utt20,0,0,1,0,0,0,0
train/0004/dia844_utt3,0,0,0,0,1,0,0
train/0006/dia844_utt4,0,0,0,0,1,0,0
train/0006/dia844_utt5,0,0,0,0,0,1,0
train/0006/dia844_utt6,0,0,1,0,0,0,0
train/0006/dia844_utt7,0,0,0,0,1,0,0
train/0006/dia844_utt8,0,0,0,1,0,0,0
train/0006/dia844_utt9,0,0,0,1,0,0,0
train/0070/dia845_utt0,0,0,0,0,1,0,0
train/0070/dia845_utt1,0,0,0,1,0,0,0
train/0070/dia845_utt10,0,0,0,1,0,0,0
train/0070/dia845_utt11,0,0,0,1,0,0,0
train/0070/dia845_utt2,0,0,0,0,1,0,0
train/0070/dia845_utt3,0,0,0,1,0,0,0
train/0070/dia845_utt4,0,0,0,0,1,0,0
train/0003/dia845_utt5,0,0,0,1,0,0,0
train/0070/dia845_utt6,0,0,0,0,1,0,0
train/0003/dia845_utt7,0,0,1,0,0,0,0
train/0070/dia845_utt8,0,0,0,0,1,0,0
train/0070/dia845_utt9,0,0,0,1,0,0,0
train/0000/dia846_utt0,0,0,0,0,1,0,0
train/0003/dia846_utt1,0,0,0,0,1,0,0
train/0000/dia846_utt2,0,0,0,0,1,0,0
train/0003/dia846_utt3,0,0,0,0,1,0,0
train/0000/dia846_utt4,0,0,0,0,1,0,0
train/0006/dia847_utt0,0,0,0,1,0,0,0
train/0006/dia847_utt1,0,0,0,1,0,0,0
train/0006/dia847_utt2,0,0,0,1,0,0,0
train/0006/dia847_utt3,0,0,0,1,0,0,0
train/0002/dia847_utt4,0,0,0,1,0,0,0
train/0006/dia847_utt5,0,0,0,1,0,0,0
train/0002/dia848_utt0,0,0,0,0,1,0,0
train/0002/dia848_utt1,0,0,0,0,1,0,0
train/0002/dia848_utt10,0,0,0,0,1,0,0
train/0006/dia848_utt11,0,0,0,0,0,0,1
train/0006/dia848_utt2,0,0,0,0,1,0,0
train/0002/dia848_utt3,0,0,0,0,0,0,1
train/0002/dia848_utt4,0,0,0,0,0,1,0
train/0006/dia848_utt5,0,0,0,0,0,0,1
train/0002/dia848_utt6,0,0,0,0,0,0,1
train/0006/dia848_utt7,0,0,0,0,0,0,1
train/0002/dia848_utt8,0,0,0,0,0,1,0
train/0006/dia848_utt9,0,0,0,0,0,0,1
train/0004/dia849_utt0,0,0,0,1,0,0,0
train/0006/dia849_utt1,0,0,0,1,0,0,0
train/0004/dia849_utt10,1,0,0,0,0,0,0
train/0021/dia849_utt11,0,0,0,1,0,0,0
train/0004/dia849_utt2,0,0,0,1,0,0,0
train/0021/dia849_utt3,0,0,0,0,1,0,0
train/0004/dia849_utt4,0,0,0,1,0,0,0
train/0006/dia849_utt5,0,0,0,1,0,0,0
train/0006/dia849_utt6,0,0,0,1,0,0,0
train/0006/dia849_utt7,0,1,0,0,0,0,0
train/0004/dia849_utt8,0,0,0,0,1,0,0
train/0006/dia849_utt9,0,0,0,0,1,0,0
train/0001/dia84_utt0,0,0,1,0,0,0,0
train/0000/dia84_utt1,1,0,0,0,0,0,0
train/0002/dia84_utt2,1,0,0,0,0,0,0
train/0000/dia84_utt3,1,0,0,0,0,0,0
train/0002/dia84_utt4,0,0,0,0,1,0,0
train/0170/dia84_utt5,0,0,0,0,1,0,0
train/0002/dia84_utt6,0,0,0,0,0,1,0
train/0001/dia850_utt0,0,0,0,1,0,0,0
train/0003/dia850_utt1,0,0,0,0,1,0,0
train/0001/dia850_utt2,0,0,0,0,1,0,0
train/0003/dia850_utt3,0,0,0,0,1,0,0
train/0001/dia850_utt4,0,0,0,0,0,0,1
train/0003/dia850_utt5,0,0,0,0,1,0,0
train/0001/dia850_utt6,0,0,0,1,0,0,0
train/0143/dia851_utt0,0,0,0,0,1,0,0
train/0004/dia851_utt1,0,0,0,0,0,0,1
train/0004/dia851_utt10,0,0,0,1,0,0,0
train/0004/dia851_utt11,0,0,0,0,1,0,0
train/0004/dia851_utt12,0,0,0,0,1,0,0
train/0004/dia851_utt13,0,0,0,1,0,0,0
train/0143/dia851_utt14,0,0,0,0,1,0,0
train/0004/dia851_utt15,0,0,0,0,1,0,0
train/0143/dia851_utt16,0,0,0,0,1,0,0
train/0143/dia851_utt17,0,0,0,0,1,0,0
train/0004/dia851_utt18,0,0,0,1,0,0,0
train/0143/dia851_utt19,0,0,0,0,1,0,0
train/0143/dia851_utt2,0,0,0,0,1,0,0
train/0004/dia851_utt20,0,0,0,0,1,0,0
train/0004/dia851_utt3,0,0,0,0,1,0,0
train/0143/dia851_utt4,0,0,0,0,1,0,0
train/0004/dia851_utt5,0,0,0,1,0,0,0
train/0143/dia851_utt6,0,0,0,0,1,0,0
train/0004/dia851_utt7,0,0,0,0,1,0,0
train/0143/dia851_utt8,0,0,0,0,1,0,0
train/0004/dia851_utt9,0,0,0,0,1,0,0
train/0000/dia852_utt0,0,0,0,0,1,0,0
train/0000/dia852_utt1,0,0,0,0,1,0,0
train/0000/dia852_utt2,0,0,0,0,0,1,0
train/0000/dia852_utt3,0,0,0,0,1,0,0
train/0000/dia852_utt4,0,0,0,0,0,1,0
train/0000/dia852_utt5,0,0,0,0,1,0,0
train/0000/dia852_utt6,0,0,0,0,1,0,0
train/0000/dia852_utt7,1,0,0,0,0,0,0
train/0000/dia852_utt8,0,0,0,0,0,1,0
train/0006/dia853_utt0,0,0,0,0,1,0,0
train/0000/dia853_utt1,1,0,0,0,0,0,0
train/0000/dia853_utt10,0,0,0,0,0,0,1
train/0006/dia853_utt11,1,0,0,0,0,0,0
train/0000/dia853_utt12,1,0,0,0,0,0,0
train/0006/dia853_utt13,0,0,0,1,0,0,0
train/0000/dia853_utt14,1,0,0,0,0,0,0
train/0006/dia853_utt2,0,0,0,0,0,1,0
train/0000/dia853_utt3,1,0,0,0,0,0,0
train/0006/dia853_utt4,0,0,0,0,0,1,0
train/0000/dia853_utt5,0,0,0,1,0,0,0
train/0006/dia853_utt6,0,0,0,0,1,0,0
train/0000/dia853_utt7,1,0,0,0,0,0,0
train/0006/dia853_utt8,1,0,0,0,0,0,0
train/0006/dia853_utt9,1,0,0,0,0,0,0
train/0069/dia854_utt0,0,0,1,0,0,0,0
train/0006/dia854_utt1,0,0,0,0,1,0,0
train/0150/dia854_utt2,1,0,0,0,0,0,0
train/0006/dia854_utt3,1,0,0,0,0,0,0
train/0004/dia854_utt4,0,0,0,0,1,0,0
train/0006/dia854_utt5,0,0,0,0,1,0,0
train/0004/dia855_utt0,0,0,0,1,0,0,0
train/0004/dia855_utt1,1,0,0,0,0,0,0
train/0136/dia855_utt2,0,0,0,0,1,0,0
train/0004/dia855_utt3,0,0,0,1,0,0,0
train/0003/dia855_utt4,0,0,0,1,0,0,0
train/0004/dia855_utt5,0,0,0,0,0,1,0
train/0003/dia855_utt6,0,0,0,0,0,0,1
train/0004/dia855_utt7,0,0,1,0,0,0,0
train/0004/dia856_utt0,0,0,0,0,1,0,0
train/0003/dia856_utt1,0,0,0,0,1,0,0
train/0004/dia856_utt2,0,0,0,0,0,1,0
train/0002/dia856_utt3,0,0,0,0,0,0,1
train/0004/dia856_utt4,0,0,0,1,0,0,0
train/0006/dia857_utt0,0,0,0,0,0,0,1
train/0006/dia857_utt1,0,0,0,0,1,0,0
train/0003/dia857_utt10,0,0,0,0,1,0,0
train/0006/dia857_utt11,0,0,0,1,0,0,0
train/0006/dia857_utt2,0,0,0,0,1,0,0
train/0006/dia857_utt3,0,0,0,0,1,0,0
train/0001/dia857_utt4,0,0,0,0,1,0,0
train/0003/dia857_utt5,0,0,0,0,1,0,0
train/0006/dia857_utt6,0,0,0,0,1,0,0
train/0001/dia857_utt7,0,0,0,0,1,0,0
train/0003/dia857_utt8,0,0,0,0,1,0,0
train/0006/dia857_utt9,0,0,0,0,1,0,0
train/0000/dia858_utt0,0,0,0,0,0,0,1
train/0006/dia858_utt1,0,0,0,0,0,0,1
train/0003/dia858_utt10,0,0,0,0,0,0,1
train/0004/dia858_utt11,0,0,0,0,1,0,0
train/0006/dia858_utt12,0,0,0,0,1,0,0
train/0004/dia858_utt13,0,0,0,0,1,0,0
train/0000/dia858_utt2,0,0,0,0,1,0,0
train/0004/dia858_utt3,0,0,0,0,1,0,0
train/0006/dia858_utt4,0,0,0,1,0,0,0
train/0004/dia858_utt5,0,0,0,0,1,0,0
train/0004/dia858_utt6,0,0,0,0,1,0,0
train/0004/dia858_utt7,0,0,0,0,1,0,0
train/0004/dia858_utt8,0,0,0,0,1,0,0
train/0004/dia858_utt9,0,0,0,0,1,0,0
train/0000/dia859_utt0,0,0,0,0,0,0,1
train/0008/dia859_utt1,0,0,0,0,1,0,0
train/0000/dia859_utt2,0,0,0,0,0,0,1
train/0008/dia859_utt3,0,0,0,0,1,0,0
train/0002/dia85_utt0,0,0,0,0,1,0,0
train/0000/dia85_utt1,0,0,0,0,1,0,0
train/0002/dia85_utt2,0,0,0,0,1,0,0
train/0000/dia85_utt3,0,0,0,0,1,0,0
train/0002/dia85_utt4,0,0,0,0,1,0,0
train/0202/dia860_utt0,0,0,0,0,0,0,1
train/0000/dia860_utt1,0,0,0,0,1,0,0
train/0202/dia860_utt10,0,0,0,0,1,0,0
train/0000/dia860_utt11,0,1,0,0,0,0,0
train/0202/dia860_utt12,0,0,0,0,1,0,0
train/0000/dia860_utt13,0,0,0,0,0,0,1
train/0202/dia860_utt14,0,0,0,1,0,0,0
train/0000/dia860_utt15,0,1,0,0,0,0,0
train/0000/dia860_utt2,0,0,1,0,0,0,0
train/0000/dia860_utt3,0,0,0,0,1,0,0
train/0000/dia860_utt4,0,0,0,0,1,0,0
train/0000/dia860_utt5,0,0,0,0,1,0,0
train/0202/dia860_utt6,0,0,0,0,1,0,0
train/0000/dia860_utt7,0,0,0,0,1,0,0
train/0202/dia860_utt8,0,0,0,0,1,0,0
train/0000/dia860_utt9,0,0,0,0,0,0,1
train/0006/dia861_utt0,0,0,0,0,0,1,0
train/0280/dia861_utt1,0,0,0,0,0,1,0
train/0006/dia861_utt10,0,0,0,0,1,0,0
train/0001/dia861_utt11,0,0,0,0,0,0,1
train/0001/dia861_utt12,0,0,0,0,1,0,0
train/0006/dia861_utt13,0,0,0,0,0,0,1
train/0006/dia861_utt14,0,1,0,0,0,0,0
train/0006/dia861_utt15,0,0,0,1,0,0,0
train/0006/dia861_utt16,0,0,0,1,0,0,0
train/0006/dia861_utt17,0,0,0,1,0,0,0
train/0105/dia861_utt18,0,0,0,0,1,0,0
train/0001/dia861_utt2,0,0,0,0,0,1,0
train/0036/dia861_utt3,1,0,0,0,0,0,0
train/0001/dia861_utt4,0,0,0,0,0,0,1
train/0036/dia861_utt5,0,0,0,0,0,0,1
train/0001/dia861_utt6,0,0,0,0,1,0,0
train/0036/dia861_utt7,0,0,0,0,1,0,0
train/0001/dia861_utt8,1,0,0,0,0,0,0
train/0006/dia861_utt9,0,0,0,0,1,0,0
train/0002/dia862_utt0,0,0,0,0,1,0,0
train/0001/dia862_utt1,0,0,0,0,0,0,1
train/0002/dia862_utt2,0,0,0,0,0,0,1
train/0001/dia862_utt3,0,0,0,0,1,0,0
train/0281/dia863_utt0,0,0,0,0,1,0,0
train/0281/dia863_utt1,0,0,0,0,1,0,0
train/0281/dia863_utt2,0,0,0,0,1,0,0
train/0003/dia863_utt3,0,0,0,0,1,0,0
train/0281/dia863_utt4,0,0,0,1,0,0,0
train/0208/dia863_utt5,0,0,0,0,1,0,0
train/0004/dia863_utt6,0,0,0,0,1,0,0
train/0208/dia863_utt7,0,0,0,0,0,0,1
train/0002/dia864_utt0,0,0,0,0,1,0,0
train/0002/dia864_utt1,0,0,0,0,1,0,0
train/0002/dia864_utt2,0,0,0,0,1,0,0
train/0003/dia864_utt3,0,0,0,1,0,0,0
train/0002/dia864_utt4,1,0,0,0,0,0,0
train/0006/dia865_utt0,0,0,0,0,1,0,0
train/0001/dia865_utt1,1,0,0,0,0,0,0
train/0001/dia865_utt2,0,0,0,0,1,0,0
train/0001/dia865_utt3,1,0,0,0,0,0,0
train/0006/dia865_utt4,0,0,0,0,0,1,0
train/0001/dia865_utt5,0,0,0,1,0,0,0
train/0001/dia865_utt6,0,0,0,0,1,0,0
train/0059/dia866_utt0,0,0,0,0,0,0,1
train/0001/dia866_utt1,0,0,0,0,1,0,0
train/0001/dia866_utt10,0,0,0,0,0,1,0
train/0059/dia866_utt2,0,0,0,1,0,0,0
train/0006/dia866_utt3,0,0,0,0,1,0,0
train/0001/dia866_utt4,0,0,0,0,1,0,0
train/0006/dia866_utt5,0,0,0,0,1,0,0
train/0006/dia866_utt6,0,0,0,0,1,0,0
train/0059/dia866_utt7,0,0,0,1,0,0,0
train/0006/dia866_utt8,0,0,0,1,0,0,0
train/0059/dia866_utt9,1,0,0,0,0,0,0
train/0002/dia867_utt0,0,0,0,0,1,0,0
train/0006/dia867_utt1,1,0,0,0,0,0,0
train/0002/dia867_utt2,0,0,1,0,0,0,0
train/0006/dia867_utt3,1,0,0,0,0,0,0
train/0002/dia867_utt4,0,0,0,0,0,0,1
train/0006/dia867_utt5,0,0,0,1,0,0,0
train/0002/dia867_utt6,0,0,0,0,1,0,0
train/0006/dia867_utt7,1,0,0,0,0,0,0
train/0094/dia868_utt0,1,0,0,0,0,0,0
train/0004/dia868_utt1,0,0,0,0,1,0,0
train/0094/dia868_utt2,0,0,0,0,1,0,0
train/0004/dia868_utt3,0,0,0,0,1,0,0
train/0004/dia869_utt0,0,0,0,0,0,0,1
train/0006/dia869_utt1,0,0,0,0,0,0,1
train/0003/dia869_utt10,0,1,0,0,0,0,0
train/0004/dia869_utt11,1,0,0,0,0,0,0
train/0004/dia869_utt12,1,0,0,0,0,0,0
train/0004/dia869_utt13,1,0,0,0,0,0,0
train/0004/dia869_utt14,0,0,0,1,0,0,0
train/0004/dia869_utt15,0,1,0,0,0,0,0
train/0004/dia869_utt16,0,1,0,0,0,0,0
train/0003/dia869_utt17,0,0,0,0,1,0,0
train/0003/dia869_utt2,1,0,0,0,0,0,0
train/0003/dia869_utt3,1,0,0,0,0,0,0
train/0003/dia869_utt4,0,0,0,0,1,0,0
train/0006/dia869_utt5,0,0,1,0,0,0,0
train/0003/dia869_utt6,0,0,0,0,1,0,0
train/0003/dia869_utt7,0,0,0,0,1,0,0
train/0006/dia869_utt8,0,0,1,0,0,0,0
train/0003/dia869_utt9,0,1,0,0,0,0,0
train/0002/dia86_utt0,0,0,0,0,1,0,0
train/0002/dia86_utt1,0,0,0,0,1,0,0
train/0002/dia86_utt10,0,0,0,1,0,0,0
train/0080/dia86_utt2,0,0,0,0,0,0,1
train/0002/dia86_utt3,0,0,0,0,1,0,0
train/0002/dia86_utt4,0,0,0,0,1,0,0
train/0002/dia86_utt5,0,0,0,0,0,0,1
train/0002/dia86_utt6,0,0,0,0,1,0,0
train/0079/dia86_utt7,0,0,0,0,1,0,0
train/0002/dia86_utt8,0,0,0,0,1,0,0
train/0079/dia86_utt9,0,0,0,0,1,0,0
train/0004/dia870_utt0,0,0,0,0,1,0,0
train/0006/dia870_utt1,0,0,0,0,1,0,0
train/0004/dia870_utt2,0,0,0,0,1,0,0
train/0068/dia870_utt3,0,0,0,0,1,0,0
train/0004/dia870_utt4,0,0,0,0,1,0,0
train/0006/dia870_utt5,0,0,0,0,1,0,0
train/0004/dia870_utt6,0,0,0,0,1,0,0
train/0003/dia870_utt7,0,0,0,0,1,0,0
train/0003/dia871_utt0,0,0,0,0,1,0,0
train/0003/dia871_utt1,0,0,0,0,0,1,0
train/0004/dia871_utt10,0,0,0,0,0,1,0
train/0003/dia871_utt2,0,0,0,0,1,0,0
train/0004/dia871_utt3,0,0,0,0,1,0,0
train/0003/dia871_utt4,0,0,0,0,1,0,0
train/0003/dia871_utt5,0,0,0,0,1,0,0
train/0003/dia871_utt6,0,0,0,0,1,0,0
train/0004/dia871_utt7,0,0,0,0,1,0,0
train/0000/dia871_utt8,0,0,0,0,1,0,0
train/0000/dia871_utt9,0,0,0,0,1,0,0
train/0036/dia872_utt0,0,0,0,0,0,1,0
train/0105/dia872_utt1,0,0,0,0,0,0,1
train/0036/dia872_utt2,0,0,0,1,0,0,0
train/0001/dia872_utt3,0,0,0,0,0,0,1
train/0036/dia872_utt4,0,0,0,0,1,0,0
train/0001/dia872_utt5,0,0,0,0,1,0,0
train/0105/dia872_utt6,0,0,0,0,1,0,0
train/0105/dia872_utt7,0,0,0,0,1,0,0
train/0105/dia872_utt8,0,0,0,0,1,0,0
train/0105/dia872_utt9,0,0,0,0,1,0,0
train/0004/dia873_utt0,0,0,0,0,1,0,0
train/0000/dia873_utt1,0,0,0,0,1,0,0
train/0004/dia873_utt2,0,0,0,1,0,0,0
train/0000/dia873_utt3,0,0,0,0,1,0,0
train/0004/dia873_utt4,0,0,0,0,0,0,1
train/0000/dia873_utt5,1,0,0,0,0,0,0
train/0006/dia874_utt0,0,0,0,0,0,0,1
train/0004/dia874_utt1,0,0,0,0,0,1,0
train/0002/dia874_utt10,0,0,0,0,0,1,0
train/0004/dia874_utt11,0,0,0,0,0,1,0
train/0002/dia874_utt12,0,0,0,0,0,1,0
train/0002/dia874_utt13,1,0,0,0,0,0,0
train/0002/dia874_utt14,0,0,0,0,1,0,0
train/0003/dia874_utt15,0,0,0,0,1,0,0
train/0003/dia874_utt2,0,0,0,0,0,0,1
train/0004/dia874_utt3,0,0,0,0,0,1,0
train/0001/dia874_utt4,0,0,0,0,0,1,0
train/0004/dia874_utt5,0,0,0,0,0,1,0
train/0004/dia874_utt6,1,0,0,0,0,0,0
train/0004/dia874_utt7,0,0,0,0,0,1,0
train/0004/dia874_utt8,1,0,0,0,0,0,0
train/0002/dia874_utt9,0,0,0,0,1,0,0
train/0282/dia875_utt0,0,0,0,0,1,0,0
train/0003/dia875_utt1,0,0,0,1,0,0,0
train/0001/dia875_utt10,0,0,0,0,1,0,0
train/0282/dia875_utt2,0,0,0,0,1,0,0
train/0003/dia875_utt3,0,0,0,0,0,0,1
train/0001/dia875_utt4,1,0,0,0,0,0,0
train/0003/dia875_utt5,0,0,0,0,0,0,1
train/0001/dia875_utt6,1,0,0,0,0,0,0
train/0282/dia875_utt7,0,0,0,1,0,0,0
train/0001/dia875_utt8,1,0,0,0,0,0,0
train/0003/dia875_utt9,0,0,0,0,1,0,0
train/0003/dia876_utt0,1,0,0,0,0,0,0
train/0004/dia876_utt1,1,0,0,0,0,0,0
train/0003/dia876_utt2,0,0,0,0,0,0,1
train/0000/dia877_utt0,0,0,0,1,0,0,0
train/0085/dia877_utt1,0,0,0,0,0,0,1
train/0000/dia877_utt2,0,0,0,1,0,0,0
train/0085/dia877_utt3,0,0,0,1,0,0,0
train/0000/dia877_utt4,0,0,0,1,0,0,0
train/0004/dia878_utt0,0,0,0,1,0,0,0
train/0001/dia878_utt1,0,0,0,0,1,0,0
train/0004/dia878_utt2,0,0,0,0,1,0,0
train/0003/dia878_utt3,0,0,0,0,1,0,0
train/0038/dia879_utt0,0,0,0,0,1,0,0
train/0002/dia879_utt1,0,0,0,0,1,0,0
train/0038/dia879_utt2,0,0,0,0,1,0,0
train/0002/dia87_utt0,0,0,0,0,0,1,0
train/0006/dia87_utt1,0,0,0,0,1,0,0
train/0002/dia87_utt2,0,0,0,0,0,1,0
train/0006/dia87_utt3,0,0,0,0,0,1,0
train/0000/dia87_utt4,0,0,0,1,0,0,0
train/0001/dia87_utt5,0,0,0,0,1,0,0
train/0000/dia87_utt6,0,0,0,0,1,0,0
train/0004/dia87_utt7,0,0,0,1,0,0,0
train/0001/dia87_utt8,0,0,0,1,0,0,0
train/0006/dia87_utt9,0,0,0,1,0,0,0
train/0002/dia880_utt0,0,0,0,0,0,0,1
train/0038/dia880_utt1,0,0,0,0,1,0,0
train/0002/dia880_utt2,0,0,0,1,0,0,0
train/0038/dia881_utt0,0,0,0,1,0,0,0
train/0002/dia882_utt0,0,0,0,0,1,0,0
train/0038/dia883_utt0,0,0,0,0,1,0,0
train/0002/dia883_utt1,0,0,0,0,1,0,0
train/0038/dia883_utt2,0,0,0,0,1,0,0
train/0002/dia883_utt3,0,0,0,0,1,0,0
train/0038/dia883_utt4,0,0,0,0,1,0,0
train/0002/dia883_utt5,0,0,0,0,1,0,0
train/0038/dia883_utt6,0,0,0,0,1,0,0
train/0002/dia883_utt7,0,0,0,0,1,0,0
train/0283/dia884_utt0,0,0,0,0,1,0,0
train/0004/dia884_utt1,0,0,0,1,0,0,0
train/0004/dia884_utt10,0,0,0,0,0,0,1
train/0003/dia884_utt11,0,1,0,0,0,0,0
train/0004/dia884_utt12,0,0,0,0,0,1,0
train/0003/dia884_utt13,1,0,0,0,0,0,0
train/0003/dia884_utt14,0,0,0,0,1,0,0
train/0004/dia884_utt15,0,0,0,0,0,0,1
train/0003/dia884_utt16,0,0,0,0,1,0,0
train/0004/dia884_utt17,0,0,0,0,1,0,0
train/0283/dia884_utt2,0,0,0,1,0,0,0
train/0003/dia884_utt3,0,0,0,0,0,0,1
train/0004/dia884_utt4,0,0,0,0,1,0,0
train/0003/dia884_utt5,0,0,0,0,0,0,1
train/0004/dia884_utt6,0,0,0,0,1,0,0
train/0003/dia884_utt7,0,0,0,0,0,0,1
train/0004/dia884_utt8,1,0,0,0,0,0,0
train/0003/dia884_utt9,0,0,0,0,0,0,1
train/0003/dia885_utt0,0,0,0,1,0,0,0
train/0002/dia885_utt1,0,0,0,0,1,0,0
train/0004/dia885_utt2,0,0,0,0,1,0,0
train/0002/dia885_utt3,1,0,0,0,0,0,0
train/0004/dia885_utt4,1,0,0,0,0,0,0
train/0002/dia886_utt0,0,0,0,1,0,0,0
train/0003/dia886_utt1,0,0,0,1,0,0,0
train/0002/dia886_utt10,0,0,0,1,0,0,0
train/0000/dia886_utt11,0,0,0,1,0,0,0
train/0000/dia886_utt12,0,1,0,0,0,0,0
train/0000/dia886_utt13,0,0,0,0,1,0,0
train/0000/dia886_utt14,0,0,0,0,1,0,0
train/0003/dia886_utt15,0,0,1,0,0,0,0
train/0001/dia886_utt16,0,0,0,0,0,0,1
train/0000/dia886_utt17,0,0,0,1,0,0,0
train/0003/dia886_utt2,0,0,0,0,1,0,0
train/0002/dia886_utt20,0,0,0,0,1,0,0
train/0000/dia886_utt21,0,0,0,0,1,0,0
train/0003/dia886_utt22,0,0,0,0,1,0,0
train/0003/dia886_utt3,0,0,0,0,1,0,0
train/0003/dia886_utt4,0,0,0,0,1,0,0
train/0002/dia886_utt5,0,0,0,1,0,0,0
train/0003/dia886_utt6,0,0,0,0,1,0,0
train/0000/dia886_utt7,0,0,0,1,0,0,0
train/0001/dia886_utt8,0,0,0,1,0,0,0
train/0000/dia886_utt9,0,0,0,1,0,0,0
train/0006/dia887_utt0,0,0,0,0,1,0,0
train/0053/dia887_utt1,0,0,0,0,0,0,1
train/0006/dia887_utt10,0,0,0,0,1,0,0
train/0006/dia887_utt11,1,0,0,0,0,0,0
train/0006/dia887_utt12,0,0,0,0,1,0,0
train/0006/dia887_utt13,0,0,0,0,1,0,0
train/0006/dia887_utt2,0,0,0,0,1,0,0
train/0053/dia887_utt3,0,0,0,0,0,0,1
train/0006/dia887_utt4,0,0,0,0,1,0,0
train/0006/dia887_utt5,1,0,0,0,0,0,0
train/0053/dia887_utt6,1,0,0,0,0,0,0
train/0006/dia887_utt7,0,0,0,0,0,0,1
train/0006/dia887_utt8,0,0,0,0,0,0,1
train/0006/dia887_utt9,0,0,0,0,0,0,1
train/0006/dia888_utt0,0,0,0,0,0,1,0
train/0004/dia888_utt1,1,0,0,0,0,0,0
train/0006/dia888_utt10,0,0,0,0,1,0,0
train/0059/dia888_utt11,0,0,0,0,1,0,0
train/0059/dia888_utt12,0,0,0,0,1,0,0
train/0059/dia888_utt13,0,0,0,0,1,0,0
train/0006/dia888_utt14,0,0,0,1,0,0,0
train/0059/dia888_utt15,0,0,0,0,1,0,0
train/0006/dia888_utt16,0,0,0,1,0,0,0
train/0059/dia888_utt17,1,0,0,0,0,0,0
train/0006/dia888_utt18,0,0,0,1,0,0,0
train/0004/dia888_utt19,0,0,0,1,0,0,0
train/0006/dia888_utt2,1,0,0,0,0,0,0
train/0059/dia888_utt3,1,0,0,0,0,0,0
train/0006/dia888_utt4,0,0,0,0,1,0,0
train/0059/dia888_utt5,0,0,0,0,1,0,0
train/0006/dia888_utt6,0,0,0,1,0,0,0
train/0059/dia888_utt7,0,0,0,0,1,0,0
train/0006/dia888_utt8,0,0,0,0,1,0,0
train/0059/dia888_utt9,0,0,0,0,1,0,0
train/0002/dia889_utt0,0,0,0,0,1,0,0
train/0000/dia889_utt1,0,0,0,0,1,0,0
train/0002/dia889_utt2,0,0,0,0,1,0,0
train/0000/dia889_utt3,0,0,0,0,1,0,0
train/0002/dia889_utt4,0,0,0,0,1,0,0
train/0000/dia889_utt5,0,0,0,0,0,0,1
train/0000/dia88_utt0,0,0,0,0,1,0,0
train/0002/dia88_utt1,0,0,0,1,0,0,0
train/0000/dia88_utt2,0,0,0,0,1,0,0
train/0000/dia88_utt3,0,0,0,0,1,0,0
train/0002/dia890_utt0,0,0,0,0,1,0,0
train/0249/dia890_utt1,0,0,0,0,1,0,0
train/0002/dia890_utt2,0,0,0,0,1,0,0
train/0249/dia890_utt3,0,0,0,0,1,0,0
train/0002/dia890_utt4,0,0,0,0,0,0,1
train/0002/dia891_utt0,0,0,0,1,0,0,0
train/0003/dia891_utt1,0,0,0,0,1,0,0
train/0002/dia891_utt2,0,0,0,0,0,0,1
train/0003/dia891_utt3,0,0,0,0,0,0,1
train/0002/dia891_utt4,0,0,0,0,0,0,1
train/0003/dia891_utt5,0,0,0,1,0,0,0
train/0000/dia891_utt6,0,0,0,1,0,0,0
train/0004/dia892_utt0,0,0,0,0,1,0,0
train/0003/dia892_utt1,0,0,0,0,1,0,0
train/0001/dia892_utt10,1,0,0,0,0,0,0
train/0004/dia892_utt11,0,0,0,0,0,0,1
train/0001/dia892_utt12,0,0,0,0,1,0,0
train/0001/dia892_utt13,0,0,0,0,1,0,0
train/0001/dia892_utt14,0,0,0,1,0,0,0
train/0001/dia892_utt15,0,0,0,1,0,0,0
train/0003/dia892_utt16,0,0,0,0,0,1,0
train/0004/dia892_utt2,0,0,0,0,1,0,0
train/0003/dia892_utt3,0,0,0,0,1,0,0
train/0003/dia892_utt4,0,0,0,0,1,0,0
train/0003/dia892_utt5,0,0,0,0,1,0,0
train/0004/dia892_utt6,0,0,0,0,0,0,1
train/0003/dia892_utt7,0,0,0,0,1,0,0
train/0001/dia892_utt8,0,0,0,0,1,0,0
train/0004/dia892_utt9,0,0,0,0,1,0,0
train/0004/dia893_utt0,0,0,0,0,1,0,0
train/0003/dia893_utt1,0,1,0,0,0,0,0
train/0004/dia893_utt10,0,0,0,1,0,0,0
train/0001/dia893_utt11,0,0,0,0,1,0,0
train/0004/dia893_utt12,0,0,0,1,0,0,0
train/0004/dia893_utt13,0,0,0,1,0,0,0
train/0004/dia893_utt14,0,0,0,1,0,0,0
train/0004/dia893_utt15,0,0,0,1,0,0,0
train/0001/dia893_utt16,0,0,0,1,0,0,0
train/0004/dia893_utt17,0,0,0,1,0,0,0
train/0001/dia893_utt2,0,0,0,0,0,1,0
train/0004/dia893_utt3,0,0,0,1,0,0,0
train/0003/dia893_utt4,0,0,0,1,0,0,0
train/0004/dia893_utt5,0,0,0,0,1,0,0
train/0004/dia893_utt6,0,0,0,0,1,0,0
train/0004/dia893_utt7,0,0,0,0,1,0,0
train/0004/dia893_utt8,0,0,0,0,1,0,0
train/0004/dia893_utt9,1,0,0,0,0,0,0
train/0000/dia894_utt0,0,0,0,1,0,0,0
train/0004/dia895_utt0,0,0,1,0,0,0,0
train/0000/dia895_utt1,0,0,0,0,1,0,0
train/0000/dia895_utt10,0,0,0,0,1,0,0
train/0004/dia895_utt2,1,0,0,0,0,0,0
train/0004/dia895_utt3,0,0,0,0,0,0,1
train/0084/dia895_utt4,0,0,0,0,1,0,0
train/0000/dia895_utt5,0,0,0,0,1,0,0
train/0084/dia895_utt6,0,0,0,0,1,0,0
train/0084/dia895_utt7,0,0,0,0,1,0,0
train/0084/dia895_utt8,1,0,0,0,0,0,0
train/0084/dia895_utt9,0,0,0,0,0,1,0
train/0003/dia896_utt0,0,0,0,0,1,0,0
train/0000/dia896_utt1,0,0,0,0,0,1,0
train/0000/dia896_utt2,0,0,0,0,0,1,0
train/0000/dia896_utt3,0,0,0,0,1,0,0
train/0003/dia896_utt4,0,0,0,0,0,0,1
train/0000/dia896_utt5,0,0,0,0,1,0,0
train/0001/dia897_utt0,1,0,0,0,0,0,0
train/0006/dia897_utt1,0,0,0,0,1,0,0
train/0003/dia897_utt10,0,0,0,0,1,0,0
train/0006/dia897_utt2,0,0,0,0,0,1,0
train/0006/dia897_utt3,0,0,0,0,1,0,0
train/0016/dia897_utt4,0,0,0,0,1,0,0
train/0006/dia897_utt5,0,0,0,0,1,0,0
train/0002/dia897_utt6,0,0,0,0,1,0,0
train/0001/dia897_utt7,0,0,0,1,0,0,0
train/0003/dia897_utt8,0,0,0,0,1,0,0
train/0016/dia897_utt9,0,0,0,0,0,0,1
train/0004/dia898_utt0,0,0,0,1,0,0,0
train/0003/dia898_utt1,0,0,0,1,0,0,0
train/0004/dia898_utt2,0,0,0,1,0,0,0
train/0003/dia898_utt3,0,0,0,0,1,0,0
train/0004/dia898_utt4,0,1,0,0,0,0,0
train/0000/dia899_utt0,0,0,0,0,1,0,0
train/0001/dia899_utt1,0,0,0,0,1,0,0
train/0004/dia89_utt0,1,0,0,0,0,0,0
train/0003/dia89_utt1,0,0,0,0,1,0,0
train/0003/dia89_utt10,0,0,0,0,0,0,1
train/0002/dia89_utt11,1,0,0,0,0,0,0
train/0002/dia89_utt12,0,1,0,0,0,0,0
train/0002/dia89_utt15,0,0,0,0,1,0,0
train/0002/dia89_utt16,0,0,0,1,0,0,0
train/0002/dia89_utt2,0,0,0,1,0,0,0
train/0004/dia89_utt4,0,0,0,0,1,0,0
train/0002/dia89_utt5,0,0,0,0,1,0,0
train/0002/dia89_utt6,0,0,0,1,0,0,0
train/0002/dia89_utt7,0,0,0,1,0,0,0
train/0002/dia89_utt8,0,0,0,0,1,0,0
train/0002/dia89_utt9,1,0,0,0,0,0,0
train/0000/dia8_utt0,0,0,0,0,1,0,0
train/0000/dia8_utt1,0,0,0,0,1,0,0
train/0003/dia8_utt2,0,0,0,0,1,0,0
train/0284/dia8_utt3,0,0,0,0,1,0,0
train/0003/dia8_utt4,0,0,0,1,0,0,0
train/0284/dia8_utt5,0,0,0,0,1,0,0
train/0003/dia8_utt6,0,0,0,1,0,0,0
train/0000/dia900_utt0,0,0,0,0,1,0,0
train/0000/dia900_utt1,0,0,0,0,1,0,0
train/0000/dia900_utt10,0,0,0,0,1,0,0
train/0000/dia900_utt11,0,0,0,1,0,0,0
train/0000/dia900_utt12,0,0,0,0,0,0,1
train/0000/dia900_utt13,0,0,0,0,1,0,0
train/0000/dia900_utt14,0,0,0,0,1,0,0
train/0167/dia900_utt15,0,0,0,0,1,0,0
train/0000/dia900_utt2,0,0,0,0,1,0,0
train/0000/dia900_utt3,0,0,0,0,1,0,0
train/0000/dia900_utt4,0,0,0,1,0,0,0
train/0000/dia900_utt5,0,0,0,0,1,0,0
train/0000/dia900_utt6,0,0,0,0,1,0,0
train/0167/dia900_utt7,0,0,0,1,0,0,0
train/0000/dia900_utt8,0,0,0,1,0,0,0
train/0167/dia900_utt9,0,0,0,0,1,0,0
train/0003/dia901_utt0,1,0,0,0,0,0,0
train/0004/dia901_utt1,0,0,0,0,1,0,0
train/0004/dia901_utt10,0,0,1,0,0,0,0
train/0003/dia901_utt11,0,0,0,0,0,0,1
train/0004/dia901_utt12,0,0,0,0,1,0,0
train/0003/dia901_utt13,0,0,0,0,0,1,0
train/0004/dia901_utt14,0,0,0,0,0,1,0
train/0003/dia901_utt15,0,0,0,0,0,0,1
train/0004/dia901_utt16,0,0,0,0,1,0,0
train/0003/dia901_utt17,0,0,0,0,0,1,0
train/0003/dia901_utt2,0,0,0,0,1,0,0
train/0004/dia901_utt3,0,0,0,0,0,0,1
train/0004/dia901_utt4,1,0,0,0,0,0,0
train/0003/dia901_utt5,0,1,0,0,0,0,0
train/0004/dia901_utt6,0,0,0,0,1,0,0
train/0004/dia901_utt7,0,0,0,0,1,0,0
train/0004/dia901_utt8,0,0,0,0,1,0,0
train/0003/dia901_utt9,1,0,0,0,0,0,0
train/0002/dia902_utt0,1,0,0,0,0,0,0
train/0006/dia902_utt1,0,0,0,0,0,0,1
train/0003/dia902_utt10,0,0,0,1,0,0,0
train/0000/dia902_utt11,0,0,0,1,0,0,0
train/0036/dia902_utt12,0,0,0,1,0,0,0
train/0006/dia902_utt13,0,0,0,1,0,0,0
train/0016/dia902_utt14,0,0,0,1,0,0,0
train/0105/dia902_utt15,1,0,0,0,0,0,0
train/0036/dia902_utt16,0,0,0,1,0,0,0
train/0004/dia902_utt2,0,0,0,1,0,0,0
train/0003/dia902_utt3,0,0,0,0,1,0,0
train/0001/dia902_utt4,0,0,0,0,1,0,0
train/0006/dia902_utt5,1,0,0,0,0,0,0
train/0003/dia902_utt6,0,0,0,0,1,0,0
train/0003/dia902_utt7,0,0,0,0,1,0,0
train/0003/dia902_utt8,0,0,0,0,1,0,0
train/0000/dia902_utt9,0,0,0,1,0,0,0
train/0002/dia903_utt0,0,0,0,0,1,0,0
train/0003/dia903_utt1,0,0,0,1,0,0,0
train/0001/dia903_utt2,1,0,0,0,0,0,0
train/0001/dia904_utt0,0,0,0,0,1,0,0
train/0001/dia904_utt1,0,0,0,0,1,0,0
train/0001/dia904_utt2,0,0,0,0,0,1,0
train/0001/dia904_utt3,0,0,0,0,0,1,0
train/0001/dia904_utt4,0,1,0,0,0,0,0
train/0002/dia904_utt5,0,0,0,1,0,0,0
train/0001/dia904_utt6,0,0,0,1,0,0,0
train/0000/dia904_utt7,1,0,0,0,0,0,0
train/0003/dia905_utt0,0,0,0,0,0,1,0
train/0001/dia905_utt1,0,0,0,0,1,0,0
train/0003/dia905_utt10,0,0,0,0,1,0,0
train/0002/dia905_utt11,0,0,0,1,0,0,0
train/0002/dia905_utt12,0,0,0,1,0,0,0
train/0002/dia905_utt13,0,0,0,1,0,0,0
train/0002/dia905_utt14,0,0,0,1,0,0,0
train/0003/dia905_utt15,0,1,0,0,0,0,0
train/0006/dia905_utt16,0,0,0,1,0,0,0
train/0000/dia905_utt2,1,0,0,0,0,0,0
train/0004/dia905_utt3,0,1,0,0,0,0,0
train/0002/dia905_utt4,0,0,0,1,0,0,0
train/0285/dia905_utt5,0,0,0,0,1,0,0
train/0285/dia905_utt6,0,0,0,0,1,0,0
train/0003/dia905_utt7,0,0,0,0,1,0,0
train/0002/dia905_utt8,0,0,0,1,0,0,0
train/0004/dia905_utt9,1,0,0,0,0,0,0
train/0004/dia906_utt0,0,0,0,0,1,0,0
train/0002/dia906_utt1,0,0,0,0,1,0,0
train/0001/dia906_utt2,0,0,0,0,1,0,0
train/0002/dia906_utt3,0,0,0,0,1,0,0
train/0001/dia906_utt4,0,0,0,0,0,0,1
train/0002/dia906_utt5,0,0,0,0,0,0,1
train/0000/dia907_utt0,0,0,0,0,1,0,0
train/0000/dia907_utt1,1,0,0,0,0,0,0
train/0286/dia907_utt10,0,0,0,0,1,0,0
train/0000/dia907_utt11,1,0,0,0,0,0,0
train/0286/dia907_utt12,0,0,1,0,0,0,0
train/0000/dia907_utt13,0,0,0,0,1,0,0
train/0286/dia907_utt2,0,0,0,0,1,0,0
train/0000/dia907_utt3,1,0,0,0,0,0,0
train/0286/dia907_utt4,1,0,0,0,0,0,0
train/0000/dia907_utt5,1,0,0,0,0,0,0
train/0286/dia907_utt6,0,0,0,0,0,0,1
train/0000/dia907_utt7,1,0,0,0,0,0,0
train/0286/dia907_utt8,0,0,0,0,0,0,1
train/0000/dia907_utt9,0,1,0,0,0,0,0
train/0000/dia908_utt0,0,0,1,0,0,0,0
train/0002/dia908_utt1,0,0,0,0,1,0,0
train/0004/dia908_utt10,0,0,0,0,1,0,0
train/0006/dia908_utt11,0,0,0,0,1,0,0
train/0004/dia908_utt12,0,0,0,1,0,0,0
train/0006/dia908_utt13,1,0,0,0,0,0,0
train/0004/dia908_utt14,1,0,0,0,0,0,0
train/0006/dia908_utt15,1,0,0,0,0,0,0
train/0004/dia908_utt16,0,0,0,0,0,0,1
train/0004/dia908_utt2,0,0,0,0,0,0,1
train/0006/dia908_utt3,0,0,0,0,1,0,0
train/0004/dia908_utt4,0,0,0,0,0,0,1
train/0006/dia908_utt5,0,0,0,0,1,0,0
train/0004/dia908_utt6,0,0,0,0,0,0,1
train/0006/dia908_utt7,1,0,0,0,0,0,0
train/0004/dia908_utt8,0,0,0,0,1,0,0
train/0006/dia908_utt9,0,0,0,0,1,0,0
train/0000/dia909_utt0,0,0,0,1,0,0,0
train/0287/dia909_utt1,0,0,0,0,1,0,0
train/0000/dia909_utt2,0,0,0,0,1,0,0
train/0287/dia909_utt3,0,0,0,0,1,0,0
train/0000/dia909_utt4,0,0,0,0,1,0,0
train/0287/dia909_utt5,0,0,0,0,1,0,0
train/0000/dia909_utt6,0,0,0,0,1,0,0
train/0287/dia909_utt7,0,0,0,0,1,0,0
train/0002/dia909_utt8,0,0,0,0,1,0,0
train/0000/dia90_utt0,0,0,0,0,0,0,1
train/0001/dia910_utt0,0,0,0,0,1,0,0
train/0006/dia910_utt1,0,0,0,0,1,0,0
train/0006/dia910_utt10,0,0,0,0,0,0,1
train/0001/dia910_utt11,0,0,0,0,1,0,0
train/0002/dia910_utt12,0,0,0,1,0,0,0
train/0006/dia910_utt13,0,0,0,1,0,0,0
train/0003/dia910_utt14,0,0,0,1,0,0,0
train/0016/dia910_utt2,0,0,0,1,0,0,0
train/0001/dia910_utt3,0,0,0,0,0,0,1
train/0004/dia910_utt4,0,0,0,0,1,0,0
train/0006/dia910_utt5,0,0,0,1,0,0,0
train/0006/dia910_utt6,0,0,0,1,0,0,0
train/0002/dia910_utt7,0,0,0,1,0,0,0
train/0003/dia910_utt8,0,0,0,1,0,0,0
train/0001/dia910_utt9,0,0,0,0,1,0,0
train/0004/dia911_utt0,0,0,0,1,0,0,0
train/0001/dia911_utt1,0,0,1,0,0,0,0
train/0004/dia911_utt2,0,0,0,0,0,0,1
train/0001/dia911_utt3,0,0,0,0,1,0,0
train/0288/dia911_utt4,0,0,0,0,1,0,0
train/0004/dia911_utt5,0,1,0,0,0,0,0
train/0006/dia912_utt0,0,0,0,0,0,0,1
train/0006/dia912_utt1,0,0,0,0,0,0,1
train/0006/dia912_utt2,0,0,0,0,0,0,1
train/0006/dia912_utt3,1,0,0,0,0,0,0
train/0006/dia912_utt4,0,0,0,0,0,0,1
train/0006/dia912_utt5,0,0,0,0,1,0,0
train/0006/dia912_utt6,0,0,0,0,1,0,0
train/0006/dia912_utt7,0,0,0,0,1,0,0
train/0004/dia913_utt0,1,0,0,0,0,0,0
train/0003/dia913_utt1,0,0,0,0,1,0,0
train/0004/dia913_utt10,0,0,0,0,1,0,0
train/0003/dia913_utt11,0,0,0,1,0,0,0
train/0004/dia913_utt12,0,0,0,1,0,0,0
train/0003/dia913_utt13,0,0,0,0,1,0,0
train/0004/dia913_utt14,0,0,0,0,1,0,0
train/0004/dia913_utt2,1,0,0,0,0,0,0
train/0004/dia913_utt3,1,0,0,0,0,0,0
train/0003/dia913_utt4,0,0,0,0,1,0,0
train/0004/dia913_utt5,0,0,0,0,1,0,0
train/0004/dia913_utt6,0,0,0,0,1,0,0
train/0003/dia913_utt7,0,0,0,0,1,0,0
train/0004/dia913_utt8,0,0,0,1,0,0,0
train/0003/dia913_utt9,0,0,0,0,1,0,0
train/0001/dia914_utt0,0,0,0,1,0,0,0
train/0002/dia914_utt1,0,0,0,0,1,0,0
train/0001/dia914_utt2,0,0,0,0,1,0,0
train/0001/dia915_utt0,0,0,0,0,1,0,0
train/0002/dia915_utt1,0,0,0,0,1,0,0
train/0004/dia915_utt2,0,0,0,0,1,0,0
train/0003/dia915_utt3,0,0,1,0,0,0,0
train/0003/dia915_utt4,0,0,1,0,0,0,0
train/0103/dia915_utt5,0,0,0,0,1,0,0
train/0060/dia915_utt6,0,0,0,0,1,0,0
train/0021/dia915_utt7,0,0,1,0,0,0,0
train/0103/dia915_utt8,0,0,0,0,1,0,0
train/0021/dia915_utt9,0,0,1,0,0,0,0
train/0006/dia916_utt0,0,0,0,1,0,0,0
train/0069/dia916_utt1,0,0,0,0,1,0,0
train/0006/dia916_utt10,0,0,0,1,0,0,0
train/0006/dia916_utt11,0,0,0,0,1,0,0
train/0006/dia916_utt12,0,0,1,0,0,0,0
train/0069/dia916_utt13,0,0,0,0,0,1,0
train/0006/dia916_utt2,0,0,0,1,0,0,0
train/0006/dia916_utt3,0,0,0,1,0,0,0
train/0069/dia916_utt4,0,0,0,0,1,0,0
train/0006/dia916_utt5,0,0,0,0,1,0,0
train/0006/dia916_utt6,0,0,0,1,0,0,0
train/0006/dia916_utt7,0,0,0,0,1,0,0
train/0006/dia916_utt8,0,0,0,0,0,0,1
train/0006/dia916_utt9,0,0,0,0,1,0,0
train/0003/dia917_utt0,0,0,0,0,1,0,0
train/0003/dia917_utt1,0,0,0,1,0,0,0
train/0003/dia917_utt2,0,0,0,1,0,0,0
train/0003/dia917_utt3,1,0,0,0,0,0,0
train/0003/dia917_utt4,0,0,0,0,0,0,1
train/0003/dia917_utt5,0,0,0,1,0,0,0
train/0000/dia918_utt0,0,0,0,0,1,0,0
train/0003/dia918_utt1,0,0,0,0,1,0,0
train/0000/dia918_utt10,1,0,0,0,0,0,0
train/0000/dia918_utt11,0,0,0,0,0,1,0
train/0000/dia918_utt12,0,0,0,0,1,0,0
train/0004/dia918_utt2,0,0,0,0,1,0,0
train/0003/dia918_utt3,0,0,0,0,1,0,0
train/0000/dia918_utt4,0,0,0,0,0,0,1
train/0003/dia918_utt5,1,0,0,0,0,0,0
train/0003/dia918_utt6,0,0,0,0,1,0,0
train/0000/dia918_utt7,1,0,0,0,0,0,0
train/0000/dia918_utt8,0,0,0,0,0,1,0
train/0000/dia918_utt9,1,0,0,0,0,0,0
train/0006/dia919_utt0,0,0,0,0,0,0,1
train/0059/dia919_utt1,0,0,0,0,1,0,0
train/0000/dia91_utt0,1,0,0,0,0,0,0
train/0104/dia920_utt0,0,0,0,0,0,1,0
train/0004/dia920_utt1,0,0,0,0,0,0,1
train/0104/dia920_utt2,0,0,0,0,1,0,0
train/0004/dia920_utt3,0,0,0,0,0,0,1
train/0104/dia920_utt4,0,0,0,0,1,0,0
train/0000/dia921_utt0,0,0,0,0,0,0,1
train/0066/dia921_utt1,0,0,1,0,0,0,0
train/0000/dia921_utt10,1,0,0,0,0,0,0
train/0000/dia921_utt2,0,0,0,0,0,0,1
train/0066/dia921_utt3,0,0,0,0,0,1,0
train/0000/dia921_utt4,0,1,0,0,0,0,0
train/0066/dia921_utt5,0,0,0,0,0,1,0
train/0066/dia921_utt6,0,0,1,0,0,0,0
train/0066/dia921_utt7,0,0,0,0,0,1,0
train/0000/dia921_utt8,0,0,0,0,0,1,0
train/0066/dia921_utt9,0,0,0,0,0,1,0
train/0000/dia922_utt0,0,0,0,1,0,0,0
train/0002/dia922_utt1,0,0,0,0,1,0,0
train/0000/dia922_utt2,0,0,0,0,1,0,0
train/0002/dia922_utt3,0,0,0,0,0,1,0
train/0000/dia922_utt4,0,0,0,0,1,0,0
train/0002/dia922_utt5,0,0,0,0,0,0,1
train/0000/dia922_utt6,0,0,0,0,1,0,0
train/0002/dia922_utt7,0,0,0,0,1,0,0
train/0000/dia922_utt8,0,0,0,0,1,0,0
train/0002/dia923_utt0,0,0,0,0,1,0,0
train/0003/dia923_utt1,0,0,0,0,0,1,0
train/0049/dia923_utt10,1,0,0,0,0,0,0
train/0003/dia923_utt11,0,0,0,0,1,0,0
train/0049/dia923_utt12,0,0,0,0,0,1,0
train/0003/dia923_utt13,0,0,0,1,0,0,0
train/0049/dia923_utt2,0,0,1,0,0,0,0
train/0003/dia923_utt3,0,0,0,1,0,0,0
train/0049/dia923_utt4,0,0,0,0,0,1,0
train/0003/dia923_utt5,0,1,0,0,0,0,0
train/0049/dia923_utt6,0,0,0,0,0,0,1
train/0003/dia923_utt7,0,0,0,0,1,0,0
train/0049/dia923_utt8,0,0,0,1,0,0,0
train/0003/dia923_utt9,1,0,0,0,0,0,0
train/0000/dia924_utt0,0,0,0,1,0,0,0
train/0004/dia924_utt1,0,0,0,1,0,0,0
train/0000/dia924_utt2,0,0,0,0,1,0,0
train/0004/dia924_utt3,0,0,0,0,1,0,0
train/0000/dia924_utt4,0,0,0,0,1,0,0
train/0000/dia924_utt5,0,0,0,0,0,1,0
train/0004/dia924_utt6,0,0,0,0,0,1,0
train/0028/dia925_utt0,0,0,0,0,1,0,0
train/0003/dia925_utt1,0,0,0,0,1,0,0
train/0289/dia925_utt2,0,0,0,0,1,0,0
train/0003/dia925_utt3,0,0,0,0,1,0,0
train/0003/dia925_utt4,0,0,0,0,1,0,0
train/0003/dia925_utt5,0,0,0,1,0,0,0
train/0003/dia925_utt6,0,0,0,0,1,0,0
train/0003/dia925_utt7,0,0,0,1,0,0,0
train/0003/dia925_utt8,0,0,0,0,1,0,0
train/0003/dia926_utt0,0,0,0,0,1,0,0
train/0001/dia926_utt1,0,0,0,0,0,1,0
train/0003/dia926_utt10,0,0,0,1,0,0,0
train/0001/dia926_utt11,0,0,0,0,1,0,0
train/0003/dia926_utt12,0,0,0,0,1,0,0
train/0004/dia926_utt13,0,0,0,1,0,0,0
train/0001/dia926_utt14,0,0,0,1,0,0,0
train/0004/dia926_utt15,0,0,0,0,1,0,0
train/0001/dia926_utt16,0,0,0,0,1,0,0
train/0004/dia926_utt17,0,0,0,0,0,0,1
train/0003/dia926_utt2,0,0,0,0,0,1,0
train/0001/dia926_utt3,0,0,0,0,1,0,0
train/0003/dia926_utt4,1,0,0,0,0,0,0
train/0003/dia926_utt5,0,0,0,0,0,1,0
train/0003/dia926_utt6,0,0,0,0,1,0,0
train/0001/dia926_utt7,0,0,0,0,1,0,0
train/0001/dia926_utt8,0,0,0,0,1,0,0
train/0001/dia926_utt9,0,0,0,0,1,0,0
train/0000/dia927_utt0,0,0,0,0,1,0,0
train/0001/dia927_utt1,0,0,0,0,1,0,0
train/0000/dia927_utt2,0,0,0,0,0,0,1
train/0001/dia927_utt3,0,0,0,0,1,0,0
train/0000/dia927_utt4,0,0,0,0,0,0,1
train/0001/dia928_utt0,0,1,0,0,0,0,0
train/0145/dia928_utt1,0,0,0,0,1,0,0
train/0001/dia928_utt2,0,0,0,0,1,0,0
train/0145/dia928_utt3,0,0,0,1,0,0,0
train/0001/dia928_utt4,1,0,0,0,0,0,0
train/0145/dia928_utt5,0,0,0,0,1,0,0
train/0290/dia929_utt0,0,0,0,1,0,0,0
train/0000/dia929_utt1,1,0,0,0,0,0,0
train/0290/dia929_utt2,0,0,0,0,1,0,0
train/0001/dia929_utt3,0,0,0,0,1,0,0
train/0002/dia929_utt4,0,0,0,0,1,0,0
train/0001/dia929_utt5,0,0,0,0,1,0,0
train/0000/dia92_utt0,1,0,0,0,0,0,0
train/0000/dia92_utt1,0,0,0,0,1,0,0
train/0000/dia930_utt0,0,0,0,1,0,0,0
train/0003/dia930_utt1,0,0,0,0,1,0,0
train/0006/dia930_utt10,0,0,0,0,1,0,0
train/0006/dia930_utt11,0,0,0,0,1,0,0
train/0003/dia930_utt12,0,0,0,0,1,0,0
train/0006/dia930_utt13,1,0,0,0,0,0,0
train/0003/dia930_utt14,0,0,0,0,1,0,0
train/0004/dia930_utt15,1,0,0,0,0,0,0
train/0004/dia930_utt2,0,0,0,0,1,0,0
train/0003/dia930_utt3,0,0,0,0,1,0,0
train/0004/dia930_utt4,0,0,0,0,1,0,0
train/0003/dia930_utt5,0,0,0,0,1,0,0
train/0004/dia930_utt6,0,0,0,0,1,0,0
train/0006/dia930_utt7,0,0,0,0,1,0,0
train/0004/dia930_utt8,0,0,0,0,1,0,0
train/0006/dia930_utt9,0,0,0,1,0,0,0
train/0267/dia931_utt0,0,0,0,1,0,0,0
train/0267/dia931_utt1,1,0,0,0,0,0,0
train/0267/dia931_utt2,0,1,0,0,0,0,0
train/0000/dia932_utt0,0,0,0,1,0,0,0
train/0006/dia932_utt1,1,0,0,0,0,0,0
train/0002/dia932_utt10,1,0,0,0,0,0,0
train/0001/dia932_utt11,0,0,0,0,1,0,0
train/0002/dia932_utt12,0,0,0,1,0,0,0
train/0001/dia932_utt13,0,0,0,0,1,0,0
train/0002/dia932_utt14,0,0,0,0,1,0,0
train/0006/dia932_utt15,0,0,0,0,1,0,0
train/0006/dia932_utt16,0,0,0,0,1,0,0
train/0002/dia932_utt2,0,0,0,1,0,0,0
train/0001/dia932_utt3,0,0,0,1,0,0,0
train/0002/dia932_utt4,1,0,0,0,0,0,0
train/0001/dia932_utt5,0,0,1,0,0,0,0
train/0002/dia932_utt6,1,0,0,0,0,0,0
train/0001/dia932_utt7,1,0,0,0,0,0,0
train/0002/dia932_utt8,1,0,0,0,0,0,0
train/0001/dia932_utt9,0,0,0,0,1,0,0
train/0006/dia933_utt0,0,0,0,1,0,0,0
train/0068/dia933_utt1,0,0,0,1,0,0,0
train/0001/dia933_utt10,0,0,0,0,0,0,1
train/0004/dia933_utt11,1,0,0,0,0,0,0
train/0002/dia933_utt12,1,0,0,0,0,0,0
train/0004/dia933_utt13,0,0,0,0,1,0,0
train/0068/dia933_utt14,1,0,0,0,0,0,0
train/0004/dia933_utt15,0,0,0,0,0,1,0
train/0001/dia933_utt16,0,0,0,0,0,0,1
train/0004/dia933_utt17,0,0,0,0,1,0,0
train/0284/dia933_utt18,0,0,0,0,1,0,0
train/0004/dia933_utt19,0,0,0,0,1,0,0
train/0004/dia933_utt2,0,0,0,0,1,0,0
train/0006/dia933_utt3,0,0,0,0,1,0,0
train/0004/dia933_utt4,0,0,0,1,0,0,0
train/0002/dia933_utt5,0,0,0,0,1,0,0
train/0001/dia933_utt6,0,0,0,0,1,0,0
train/0004/dia933_utt7,0,0,0,0,1,0,0
train/0028/dia933_utt8,0,0,0,0,1,0,0
train/0004/dia933_utt9,0,0,0,0,1,0,0
train/0003/dia934_utt0,0,0,0,0,1,0,0
train/0291/dia934_utt1,0,0,0,0,1,0,0
train/0291/dia934_utt2,0,0,0,0,1,0,0
train/0291/dia934_utt3,0,0,0,0,1,0,0
train/0003/dia934_utt4,0,0,0,0,0,0,1
train/0001/dia935_utt0,0,0,0,0,1,0,0
train/0000/dia935_utt1,0,0,0,0,1,0,0
train/0000/dia935_utt10,0,0,0,1,0,0,0
train/0001/dia935_utt11,0,0,0,0,1,0,0
train/0292/dia935_utt12,0,0,0,1,0,0,0
train/0001/dia935_utt13,0,0,0,0,1,0,0
train/0001/dia935_utt2,1,0,0,0,0,0,0
train/0000/dia935_utt3,0,0,0,0,1,0,0
train/0001/dia935_utt4,0,0,0,0,0,1,0
train/0000/dia935_utt5,0,0,0,0,1,0,0
train/0000/dia935_utt6,0,0,0,0,1,0,0
train/0000/dia935_utt7,0,0,0,0,0,1,0
train/0000/dia935_utt8,1,0,0,0,0,0,0
train/0001/dia935_utt9,0,0,0,1,0,0,0
train/0002/dia936_utt0,0,0,0,0,1,0,0
train/0000/dia936_utt1,0,0,0,0,0,0,1
train/0000/dia936_utt10,0,0,0,0,0,1,0
train/0000/dia936_utt11,0,0,0,0,0,1,0
train/0000/dia936_utt12,0,0,0,0,0,1,0
train/0002/dia936_utt13,0,0,0,0,0,0,1
train/0000/dia936_utt14,0,0,0,0,0,1,0
train/0000/dia936_utt15,0,0,0,0,0,1,0
train/0000/dia936_utt16,1,0,0,0,0,0,0
train/0000/dia936_utt17,1,0,0,0,0,0,0
train/0000/dia936_utt18,0,0,0,0,0,1,0
train/0000/dia936_utt19,0,0,0,0,0,1,0
train/0002/dia936_utt2,0,0,0,0,1,0,0
train/0002/dia936_utt20,1,0,0,0,0,0,0
train/0000/dia936_utt21,0,0,0,1,0,0,0
train/0000/dia936_utt3,0,0,0,0,0,0,1
train/0002/dia936_utt4,0,0,0,0,1,0,0
train/0002/dia936_utt5,0,0,0,0,1,0,0
train/0000/dia936_utt6,0,0,1,0,0,0,0
train/0002/dia936_utt7,0,0,1,0,0,0,0
train/0002/dia936_utt8,0,0,0,0,0,1,0
train/0002/dia936_utt9,0,0,0,0,1,0,0
train/0006/dia937_utt0,0,0,0,0,1,0,0
train/0006/dia937_utt1,0,0,0,0,1,0,0
train/0006/dia937_utt2,0,0,0,0,1,0,0
train/0006/dia937_utt3,0,0,0,0,1,0,0
train/0006/dia937_utt4,0,0,0,0,1,0,0
train/0006/dia937_utt5,0,0,0,0,1,0,0
train/0006/dia937_utt6,0,0,0,0,1,0,0
train/0004/dia938_utt0,0,0,0,0,1,0,0
train/0004/dia938_utt1,0,0,0,0,0,1,0
train/0004/dia938_utt2,0,0,0,0,0,1,0
train/0004/dia938_utt3,0,0,0,1,0,0,0
train/0004/dia938_utt4,0,0,0,1,0,0,0
train/0004/dia938_utt5,0,0,0,0,1,0,0
train/0004/dia938_utt6,0,0,0,0,1,0,0
train/0004/dia938_utt7,0,0,0,0,0,0,1
train/0004/dia938_utt8,0,0,0,0,0,0,1
train/0004/dia938_utt9,0,0,0,0,1,0,0
train/0000/dia939_utt0,1,0,0,0,0,0,0
train/0002/dia939_utt1,0,0,0,0,1,0,0
train/0000/dia939_utt10,0,0,0,0,1,0,0
train/0002/dia939_utt11,0,0,0,0,0,1,0
train/0000/dia939_utt12,0,0,0,0,0,0,1
train/0002/dia939_utt13,0,0,0,0,0,0,1
train/0000/dia939_utt14,0,0,0,1,0,0,0
train/0004/dia939_utt15,0,0,0,0,1,0,0
train/0006/dia939_utt16,0,0,0,0,0,0,1
train/0000/dia939_utt17,0,0,0,1,0,0,0
train/0002/dia939_utt18,0,0,0,0,1,0,0
train/0000/dia939_utt19,0,0,0,0,1,0,0
train/0000/dia939_utt2,0,0,0,0,1,0,0
train/0002/dia939_utt20,0,0,0,0,1,0,0
train/0002/dia939_utt3,0,0,1,0,0,0,0
train/0000/dia939_utt4,0,0,0,0,0,0,1
train/0002/dia939_utt5,0,0,0,1,0,0,0
train/0000/dia939_utt6,0,0,0,0,0,0,1
train/0000/dia939_utt7,0,0,0,1,0,0,0
train/0000/dia939_utt8,0,0,0,0,0,1,0
train/0002/dia939_utt9,0,0,0,0,0,1,0
train/0003/dia93_utt0,0,0,0,0,1,0,0
train/0001/dia93_utt1,0,0,0,0,1,0,0
train/0003/dia93_utt2,0,0,0,0,1,0,0
train/0004/dia93_utt3,0,0,0,0,0,0,1
train/0003/dia93_utt4,0,0,0,0,1,0,0
train/0004/dia93_utt5,0,0,0,0,0,0,1
train/0001/dia93_utt6,0,1,0,0,0,0,0
train/0004/dia93_utt7,0,0,0,0,0,0,1
train/0000/dia940_utt0,0,0,0,0,0,1,0
train/0006/dia940_utt1,0,0,0,0,1,0,0
train/0000/dia940_utt2,0,0,0,1,0,0,0
train/0001/dia940_utt3,0,0,0,0,1,0,0
train/0000/dia940_utt4,0,0,0,0,1,0,0
train/0001/dia940_utt5,0,0,0,0,1,0,0
train/0000/dia940_utt6,0,0,0,1,0,0,0
train/0006/dia940_utt7,0,0,0,0,1,0,0
train/0000/dia940_utt8,0,0,0,0,1,0,0
train/0045/dia941_utt0,0,0,0,0,1,0,0
train/0178/dia941_utt1,0,0,0,0,1,0,0
train/0001/dia941_utt10,0,0,0,0,1,0,0
train/0178/dia941_utt11,0,0,0,0,1,0,0
train/0001/dia941_utt12,0,0,0,0,1,0,0
train/0178/dia941_utt13,0,0,0,1,0,0,0
train/0001/dia941_utt14,0,0,0,1,0,0,0
train/0001/dia941_utt2,0,0,0,0,0,0,1
train/0178/dia941_utt3,0,0,0,0,1,0,0
train/0001/dia941_utt4,0,0,0,0,1,0,0
train/0178/dia941_utt5,0,0,0,0,1,0,0
train/0001/dia941_utt6,0,0,0,0,1,0,0
train/0178/dia941_utt7,0,0,0,0,1,0,0
train/0001/dia941_utt8,0,0,0,0,1,0,0
train/0178/dia941_utt9,0,0,0,0,1,0,0
train/0293/dia942_utt0,0,0,0,0,1,0,0
train/0006/dia942_utt1,0,0,0,0,0,0,1
train/0294/dia942_utt2,0,0,0,0,1,0,0
train/0006/dia942_utt3,0,0,0,0,0,0,1
train/0294/dia942_utt4,0,0,0,0,1,0,0
train/0006/dia942_utt5,0,0,0,0,0,0,1
train/0294/dia942_utt6,0,0,0,0,1,0,0
train/0006/dia942_utt7,0,0,0,0,1,0,0
train/0294/dia942_utt8,0,0,0,0,1,0,0
train/0001/dia943_utt0,0,0,0,0,1,0,0
train/0001/dia943_utt1,1,0,0,0,0,0,0
train/0001/dia943_utt2,0,0,0,0,1,0,0
train/0006/dia943_utt3,0,0,0,0,1,0,0
train/0000/dia943_utt4,0,0,0,0,0,0,1
train/0001/dia943_utt5,0,0,0,0,1,0,0
train/0000/dia944_utt0,0,0,0,0,1,0,0
train/0004/dia944_utt1,1,0,0,0,0,0,0
train/0002/dia945_utt0,0,1,0,0,0,0,0
train/0001/dia945_utt1,0,0,0,0,0,1,0
train/0002/dia945_utt10,0,0,0,1,0,0,0
train/0002/dia945_utt11,0,0,0,1,0,0,0
train/0027/dia945_utt12,0,0,0,0,1,0,0
train/0002/dia945_utt13,0,0,0,1,0,0,0
train/0027/dia945_utt14,0,0,0,0,1,0,0
train/0002/dia945_utt15,0,0,0,0,1,0,0
train/0002/dia945_utt2,0,0,0,0,0,1,0
train/0001/dia945_utt3,0,0,0,1,0,0,0
train/0002/dia945_utt4,0,0,0,0,0,1,0
train/0002/dia945_utt5,0,1,0,0,0,0,0
train/0002/dia945_utt6,1,0,0,0,0,0,0
train/0027/dia945_utt7,0,0,1,0,0,0,0
train/0002/dia945_utt8,1,0,0,0,0,0,0
train/0027/dia945_utt9,0,0,0,0,1,0,0
train/0000/dia946_utt0,0,0,0,0,1,0,0
train/0001/dia946_utt1,0,0,0,0,0,0,1
train/0000/dia946_utt10,0,0,0,0,1,0,0
train/0001/dia946_utt11,1,0,0,0,0,0,0
train/0000/dia946_utt12,0,0,0,1,0,0,0
train/0001/dia946_utt13,1,0,0,0,0,0,0
train/0000/dia946_utt14,0,0,0,1,0,0,0
train/0001/dia946_utt15,0,0,0,1,0,0,0
train/0000/dia946_utt16,0,0,0,0,0,0,1
train/0000/dia946_utt2,0,0,0,0,1,0,0
train/0001/dia946_utt3,0,0,0,0,0,0,1
train/0001/dia946_utt4,0,0,0,0,1,0,0
train/0001/dia946_utt5,0,0,0,0,1,0,0
train/0000/dia946_utt6,0,0,0,1,0,0,0
train/0001/dia946_utt7,1,0,0,0,0,0,0
train/0000/dia946_utt8,0,0,0,1,0,0,0
train/0001/dia946_utt9,1,0,0,0,0,0,0
train/0001/dia947_utt0,0,0,0,0,1,0,0
train/0295/dia947_utt1,0,0,0,0,0,0,1
train/0296/dia947_utt10,0,0,0,0,1,0,0
train/0001/dia947_utt11,0,0,0,0,1,0,0
train/0296/dia947_utt12,0,0,0,0,1,0,0
train/0001/dia947_utt13,0,0,0,0,1,0,0
train/0296/dia947_utt14,0,0,0,0,1,0,0
train/0001/dia947_utt15,0,0,0,1,0,0,0
train/0001/dia947_utt2,0,0,0,0,1,0,0
train/0295/dia947_utt3,0,0,0,1,0,0,0
train/0004/dia947_utt4,1,0,0,0,0,0,0
train/0001/dia947_utt5,0,0,0,1,0,0,0
train/0295/dia947_utt6,0,1,0,0,0,0,0
train/0004/dia947_utt7,0,0,0,1,0,0,0
train/0296/dia947_utt8,0,0,0,0,1,0,0
train/0001/dia947_utt9,0,0,0,0,1,0,0
train/0000/dia948_utt0,0,0,0,0,1,0,0
train/0000/dia948_utt1,0,0,0,0,1,0,0
train/0001/dia948_utt10,0,0,0,1,0,0,0
train/0000/dia948_utt11,0,0,0,0,1,0,0
train/0001/dia948_utt12,0,0,0,0,1,0,0
train/0000/dia948_utt13,0,0,0,0,1,0,0
train/0001/dia948_utt14,0,0,0,0,1,0,0
train/0000/dia948_utt15,0,0,0,0,1,0,0
train/0000/dia948_utt2,0,0,0,0,1,0,0
train/0000/dia948_utt3,0,0,0,1,0,0,0
train/0001/dia948_utt4,0,0,0,0,0,0,1
train/0000/dia948_utt5,0,0,0,1,0,0,0
train/0001/dia948_utt6,0,0,0,1,0,0,0
train/0000/dia948_utt7,0,0,0,1,0,0,0
train/0000/dia948_utt8,0,0,0,1,0,0,0
train/0000/dia948_utt9,0,0,0,1,0,0,0
train/0004/dia949_utt0,0,0,0,0,0,1,0
train/0002/dia949_utt1,0,0,0,0,1,0,0
train/0002/dia949_utt10,0,0,0,1,0,0,0
train/0004/dia949_utt11,0,0,0,0,1,0,0
train/0002/dia949_utt12,0,0,0,0,1,0,0
train/0004/dia949_utt2,0,0,0,1,0,0,0
train/0004/dia949_utt3,0,0,0,1,0,0,0
train/0297/dia949_utt4,0,0,0,0,1,0,0
train/0004/dia949_utt5,0,0,0,0,1,0,0
train/0002/dia949_utt6,0,0,0,0,0,1,0
train/0004/dia949_utt7,0,0,0,0,1,0,0
train/0002/dia949_utt8,0,0,0,0,1,0,0
train/0004/dia949_utt9,0,0,0,0,1,0,0
train/0002/dia94_utt0,0,0,0,0,1,0,0
train/0037/dia94_utt1,0,0,0,0,1,0,0
train/0002/dia94_utt10,0,0,0,1,0,0,0
train/0037/dia94_utt11,0,0,0,1,0,0,0
train/0002/dia94_utt12,0,0,0,0,1,0,0
train/0037/dia94_utt13,0,0,0,1,0,0,0
train/0002/dia94_utt14,0,0,0,0,1,0,0
train/0037/dia94_utt15,0,0,0,1,0,0,0
train/0002/dia94_utt2,0,0,1,0,0,0,0
train/0037/dia94_utt3,0,0,0,0,1,0,0
train/0002/dia94_utt4,0,1,0,0,0,0,0
train/0037/dia94_utt5,0,0,1,0,0,0,0
train/0037/dia94_utt6,1,0,0,0,0,0,0
train/0037/dia94_utt7,0,0,0,0,0,1,0
train/0037/dia94_utt8,0,0,0,0,1,0,0
train/0037/dia94_utt9,0,0,0,0,1,0,0
train/0003/dia950_utt0,0,0,0,0,0,0,1
train/0001/dia950_utt1,0,0,0,0,0,1,0
train/0004/dia950_utt10,0,0,0,1,0,0,0
train/0006/dia950_utt11,0,0,0,1,0,0,0
train/0006/dia950_utt12,0,0,0,1,0,0,0
train/0006/dia950_utt13,0,0,0,1,0,0,0
train/0006/dia950_utt14,0,0,0,1,0,0,0
train/0006/dia950_utt15,0,0,0,1,0,0,0
train/0001/dia950_utt16,0,0,0,0,1,0,0
train/0003/dia950_utt17,0,0,0,0,1,0,0
train/0006/dia950_utt2,1,0,0,0,0,0,0
train/0006/dia950_utt3,0,1,0,0,0,0,0
train/0016/dia950_utt4,0,0,0,0,0,1,0
train/0006/dia950_utt5,1,0,0,0,0,0,0
train/0001/dia950_utt6,0,0,0,1,0,0,0
train/0006/dia950_utt7,0,0,0,0,0,1,0
train/0001/dia950_utt8,0,0,0,1,0,0,0
train/0002/dia950_utt9,0,0,0,1,0,0,0
train/0006/dia951_utt0,1,0,0,0,0,0,0
train/0003/dia951_utt1,0,0,0,0,0,0,1
train/0004/dia952_utt0,0,0,0,0,1,0,0
train/0006/dia952_utt1,0,0,0,0,1,0,0
train/0004/dia952_utt2,0,0,0,1,0,0,0
train/0125/dia952_utt3,0,0,0,0,1,0,0
train/0004/dia952_utt4,0,0,0,0,1,0,0
train/0000/dia952_utt5,0,1,0,0,0,0,0
train/0004/dia952_utt6,0,0,0,0,1,0,0
train/0000/dia953_utt0,0,0,0,0,1,0,0
train/0073/dia953_utt1,0,0,0,0,1,0,0
train/0000/dia953_utt10,0,0,1,0,0,0,0
train/0000/dia953_utt11,0,0,0,0,0,1,0
train/0000/dia953_utt12,1,0,0,0,0,0,0
train/0000/dia953_utt13,0,0,0,0,1,0,0
train/0000/dia953_utt14,0,0,0,0,0,0,1
train/0000/dia953_utt15,0,0,0,0,0,0,1
train/0000/dia953_utt16,0,0,0,0,0,0,1
train/0073/dia953_utt17,0,0,0,0,1,0,0
train/0000/dia953_utt18,0,0,0,0,1,0,0
train/0073/dia953_utt19,0,0,0,0,1,0,0
train/0000/dia953_utt2,0,0,0,0,1,0,0
train/0000/dia953_utt20,0,0,0,0,0,1,0
train/0073/dia953_utt21,0,0,0,0,1,0,0
train/0000/dia953_utt22,0,0,0,0,1,0,0
train/0073/dia953_utt3,0,0,0,0,1,0,0
train/0000/dia953_utt4,0,0,0,0,0,0,1
train/0073/dia953_utt5,0,0,0,0,1,0,0
train/0000/dia953_utt6,1,0,0,0,0,0,0
train/0000/dia953_utt7,0,0,0,0,0,1,0
train/0073/dia953_utt8,0,0,0,0,1,0,0
train/0000/dia953_utt9,0,0,0,0,1,0,0
train/0004/dia954_utt0,0,0,0,1,0,0,0
train/0021/dia954_utt1,0,0,0,0,1,0,0
train/0004/dia954_utt2,0,0,0,0,1,0,0
train/0021/dia954_utt3,0,0,0,0,1,0,0
train/0004/dia954_utt4,0,0,0,0,0,1,0
train/0006/dia954_utt5,0,0,0,0,0,0,1
train/0001/dia955_utt0,0,0,0,0,0,0,1
train/0002/dia955_utt1,1,0,0,0,0,0,0
train/0002/dia955_utt2,1,0,0,0,0,0,0
train/0002/dia955_utt3,1,0,0,0,0,0,0
train/0002/dia955_utt4,0,0,0,0,1,0,0
train/0001/dia955_utt5,1,0,0,0,0,0,0
train/0002/dia955_utt6,1,0,0,0,0,0,0
train/0091/dia956_utt0,0,0,0,0,0,0,1
train/0002/dia956_utt1,0,0,0,0,1,0,0
train/0091/dia956_utt10,0,0,0,0,1,0,0
train/0091/dia956_utt11,0,0,0,0,1,0,0
train/0091/dia956_utt12,0,0,0,0,1,0,0
train/0002/dia956_utt13,0,0,0,0,1,0,0
train/0168/dia956_utt14,0,0,0,0,1,0,0
train/0091/dia956_utt15,0,0,0,0,0,0,1
train/0002/dia956_utt16,0,0,0,0,1,0,0
train/0091/dia956_utt2,0,0,0,0,0,0,1
train/0002/dia956_utt3,0,0,0,0,1,0,0
train/0091/dia956_utt4,1,0,0,0,0,0,0
train/0091/dia956_utt5,0,0,0,0,1,0,0
train/0002/dia956_utt6,0,0,0,0,1,0,0
train/0091/dia956_utt7,0,0,0,0,1,0,0
train/0002/dia956_utt8,0,0,0,0,1,0,0
train/0091/dia956_utt9,0,0,0,0,1,0,0
train/0006/dia957_utt0,0,0,0,0,0,1,0
train/0002/dia957_utt1,0,0,0,0,0,1,0
train/0006/dia958_utt0,0,0,0,0,0,1,0
train/0006/dia959_utt0,0,0,0,0,1,0,0
train/0006/dia959_utt1,0,0,0,0,0,1,0
train/0006/dia959_utt2,0,0,0,0,1,0,0
train/0002/dia959_utt3,0,0,0,0,1,0,0
train/0006/dia959_utt4,0,0,0,1,0,0,0
train/0002/dia959_utt5,0,0,0,0,1,0,0
train/0002/dia959_utt6,0,0,0,0,1,0,0
train/0006/dia959_utt7,0,0,0,0,1,0,0
train/0002/dia959_utt8,0,0,0,0,1,0,0
train/0006/dia959_utt9,0,0,0,1,0,0,0
train/0002/dia95_utt0,0,0,0,1,0,0,0
train/0004/dia95_utt1,0,0,0,0,0,0,1
train/0002/dia95_utt10,0,0,0,0,1,0,0
train/0001/dia95_utt11,0,0,0,0,1,0,0
train/0002/dia95_utt12,0,0,0,0,0,0,1
train/0001/dia95_utt13,0,0,0,0,1,0,0
train/0002/dia95_utt14,0,0,0,0,1,0,0
train/0004/dia95_utt15,0,0,0,0,1,0,0
train/0002/dia95_utt16,0,0,0,0,1,0,0
train/0004/dia95_utt17,0,0,0,0,1,0,0
train/0002/dia95_utt2,0,0,0,0,1,0,0
train/0004/dia95_utt3,0,0,0,0,1,0,0
train/0002/dia95_utt4,0,0,0,1,0,0,0
train/0001/dia95_utt5,0,0,0,1,0,0,0
train/0002/dia95_utt6,0,0,0,0,0,0,1
train/0002/dia95_utt7,0,0,0,0,0,0,1
train/0002/dia95_utt8,1,0,0,0,0,0,0
train/0002/dia95_utt9,0,0,0,0,1,0,0
train/0001/dia960_utt0,1,0,0,0,0,0,0
train/0298/dia960_utt1,0,0,0,0,1,0,0
train/0298/dia960_utt10,0,0,0,0,1,0,0
train/0001/dia960_utt2,0,0,0,0,1,0,0
train/0001/dia960_utt3,0,1,0,0,0,0,0
train/0001/dia960_utt4,0,1,0,0,0,0,0
train/0001/dia960_utt5,0,1,0,0,0,0,0
train/0298/dia960_utt6,1,0,0,0,0,0,0
train/0001/dia960_utt7,0,0,0,0,0,0,1
train/0298/dia960_utt8,0,0,0,0,1,0,0
train/0001/dia960_utt9,1,0,0,0,0,0,0
train/0000/dia961_utt0,0,0,0,0,1,0,0
train/0000/dia961_utt1,1,0,0,0,0,0,0
train/0006/dia961_utt10,0,0,0,0,0,1,0
train/0004/dia961_utt11,0,0,0,0,1,0,0
train/0006/dia961_utt12,0,0,0,0,1,0,0
train/0004/dia961_utt13,0,0,0,0,1,0,0
train/0006/dia961_utt14,0,0,0,0,0,0,1
train/0006/dia961_utt2,0,0,0,0,1,0,0
train/0000/dia961_utt3,1,0,0,0,0,0,0
train/0006/dia961_utt4,1,0,0,0,0,0,0
train/0000/dia961_utt5,0,0,0,0,0,0,1
train/0006/dia961_utt6,0,0,0,0,0,1,0
train/0004/dia961_utt7,0,0,0,0,1,0,0
train/0006/dia961_utt8,0,0,0,0,0,1,0
train/0004/dia961_utt9,0,0,0,0,0,0,1
train/0003/dia962_utt0,0,0,0,1,0,0,0
train/0001/dia962_utt1,0,0,0,0,1,0,0
train/0001/dia962_utt2,0,0,0,1,0,0,0
train/0001/dia962_utt3,0,0,0,1,0,0,0
train/0001/dia962_utt4,0,0,0,1,0,0,0
train/0003/dia962_utt5,0,0,0,0,1,0,0
train/0003/dia963_utt0,1,0,0,0,0,0,0
train/0006/dia963_utt1,0,0,0,0,0,0,1
train/0006/dia963_utt2,1,0,0,0,0,0,0
train/0006/dia963_utt3,1,0,0,0,0,0,0
train/0006/dia963_utt4,1,0,0,0,0,0,0
train/0006/dia963_utt5,0,0,0,0,1,0,0
train/0006/dia963_utt6,1,0,0,0,0,0,0
train/0003/dia963_utt7,0,0,0,0,1,0,0
train/0006/dia963_utt8,1,0,0,0,0,0,0
train/0003/dia963_utt9,0,1,0,0,0,0,0
train/0006/dia964_utt0,0,0,0,0,1,0,0
train/0002/dia964_utt1,0,0,0,1,0,0,0
train/0002/dia964_utt10,0,0,0,0,0,1,0
train/0002/dia964_utt11,0,1,0,0,0,0,0
train/0002/dia964_utt12,0,0,0,0,0,1,0
train/0002/dia964_utt13,0,0,0,0,1,0,0
train/0006/dia964_utt14,0,0,0,0,1,0,0
train/0002/dia964_utt15,0,0,0,0,0,1,0
train/0006/dia964_utt16,0,0,0,0,0,1,0
train/0002/dia964_utt17,0,0,0,0,1,0,0
train/0006/dia964_utt2,0,0,0,1,0,0,0
train/0006/dia964_utt3,0,0,0,0,1,0,0
train/0006/dia964_utt4,0,0,0,0,0,0,1
train/0002/dia964_utt5,0,0,0,0,1,0,0
train/0006/dia964_utt6,0,0,0,0,0,0,1
train/0002/dia964_utt7,0,0,0,0,0,1,0
train/0002/dia964_utt8,0,0,0,0,0,1,0
train/0002/dia964_utt9,1,0,0,0,0,0,0
train/0001/dia965_utt0,0,0,1,0,0,0,0
train/0002/dia965_utt1,0,0,0,0,1,0,0
train/0112/dia965_utt2,0,0,0,1,0,0,0
train/0002/dia965_utt3,0,0,0,1,0,0,0
train/0112/dia965_utt4,0,0,0,0,1,0,0
train/0002/dia965_utt5,0,0,0,0,1,0,0
train/0112/dia965_utt6,0,0,0,0,0,0,1
train/0006/dia966_utt0,0,0,0,1,0,0,0
train/0000/dia966_utt1,0,0,0,0,0,0,1
train/0002/dia966_utt2,0,0,0,0,1,0,0
train/0000/dia966_utt3,0,0,0,0,0,0,1
train/0000/dia966_utt4,0,0,0,0,0,0,1
train/0000/dia966_utt5,0,0,0,0,0,0,1
train/0002/dia966_utt6,0,0,0,0,1,0,0
train/0000/dia966_utt7,0,0,0,0,1,0,0
train/0004/dia967_utt0,0,0,0,0,0,0,1
train/0002/dia967_utt1,0,0,0,0,0,0,1
train/0002/dia967_utt2,0,0,0,0,0,0,1
train/0002/dia967_utt3,0,0,0,0,0,0,1
train/0002/dia967_utt4,0,0,0,1,0,0,0
train/0004/dia967_utt5,0,0,0,0,1,0,0
train/0002/dia967_utt6,0,0,0,1,0,0,0
train/0004/dia967_utt7,0,0,0,1,0,0,0
train/0002/dia967_utt8,0,0,0,0,0,0,1
train/0004/dia967_utt9,0,0,0,0,0,0,1
train/0003/dia968_utt0,0,0,0,0,1,0,0
train/0006/dia968_utt1,0,0,0,0,0,0,1
train/0004/dia968_utt2,0,0,0,0,0,1,0
train/0003/dia968_utt3,0,0,0,0,0,0,1
train/0006/dia968_utt4,0,0,0,0,0,0,1
train/0003/dia968_utt5,0,0,0,0,1,0,0
train/0006/dia968_utt6,0,0,0,0,1,0,0
train/0004/dia968_utt7,0,0,0,1,0,0,0
train/0006/dia969_utt0,1,0,0,0,0,0,0
train/0006/dia969_utt1,0,0,0,0,1,0,0
train/0006/dia969_utt2,0,0,0,0,1,0,0
train/0004/dia969_utt3,0,0,0,1,0,0,0
train/0068/dia969_utt4,0,0,0,0,1,0,0
train/0004/dia969_utt5,0,0,0,1,0,0,0
train/0004/dia969_utt6,0,0,0,0,1,0,0
train/0001/dia96_utt0,0,0,0,0,1,0,0
train/0001/dia96_utt1,0,0,0,0,1,0,0
train/0001/dia96_utt2,0,0,0,0,1,0,0
train/0001/dia96_utt3,0,0,0,0,1,0,0
train/0001/dia96_utt4,0,0,0,0,1,0,0
train/0004/dia970_utt0,0,0,0,0,1,0,0
train/0004/dia971_utt0,0,0,0,0,1,0,0
train/0006/dia971_utt1,0,0,0,0,0,1,0
train/0004/dia971_utt2,1,0,0,0,0,0,0
train/0006/dia972_utt0,0,0,0,0,1,0,0
train/0227/dia972_utt1,0,0,0,0,1,0,0
train/0227/dia972_utt10,0,0,0,0,0,0,1
train/0006/dia972_utt11,0,0,0,0,1,0,0
train/0006/dia972_utt2,0,0,0,1,0,0,0
train/0227/dia972_utt3,0,0,0,0,1,0,0
train/0006/dia972_utt4,0,0,0,0,1,0,0
train/0006/dia972_utt5,0,0,0,0,1,0,0
train/0006/dia972_utt6,0,0,0,1,0,0,0
train/0006/dia972_utt7,0,0,0,0,0,1,0
train/0227/dia972_utt8,0,0,0,1,0,0,0
train/0006/dia972_utt9,0,0,0,1,0,0,0
train/0000/dia973_utt0,0,0,0,0,1,0,0
train/0000/dia973_utt1,0,0,0,0,1,0,0
train/0000/dia973_utt10,0,0,0,0,1,0,0
train/0001/dia973_utt11,0,0,0,0,0,1,0
train/0000/dia973_utt12,0,0,0,1,0,0,0
train/0001/dia973_utt13,0,0,0,0,0,1,0
train/0000/dia973_utt14,0,0,0,0,1,0,0
train/0000/dia973_utt15,0,0,0,0,1,0,0
train/0000/dia973_utt16,0,0,0,1,0,0,0
train/0000/dia973_utt17,0,0,0,0,1,0,0
train/0001/dia973_utt18,0,1,0,0,0,0,0
train/0000/dia973_utt2,0,0,0,0,1,0,0
train/0000/dia973_utt3,0,0,0,0,1,0,0
train/0001/dia973_utt4,0,0,0,1,0,0,0
train/0000/dia973_utt5,1,0,0,0,0,0,0
train/0001/dia973_utt6,0,0,0,0,0,1,0
train/0000/dia973_utt7,0,0,0,0,1,0,0
train/0000/dia973_utt8,0,0,0,0,1,0,0
train/0001/dia973_utt9,0,0,0,0,1,0,0
train/0006/dia974_utt0,0,0,0,0,1,0,0
train/0142/dia974_utt1,0,0,0,0,1,0,0
train/0002/dia975_utt0,0,0,0,0,1,0,0
train/0002/dia975_utt1,0,0,0,0,1,0,0
train/0006/dia975_utt2,0,0,0,0,1,0,0
train/0002/dia975_utt3,0,0,0,1,0,0,0
train/0006/dia975_utt4,0,0,0,0,1,0,0
train/0002/dia975_utt5,0,0,0,0,1,0,0
train/0006/dia975_utt6,0,0,0,0,1,0,0
train/0000/dia976_utt0,0,0,0,1,0,0,0
train/0002/dia976_utt1,0,0,0,0,1,0,0
train/0002/dia976_utt10,0,0,0,0,0,1,0
train/0299/dia976_utt11,0,0,0,0,1,0,0
train/0002/dia976_utt12,0,0,1,0,0,0,0
train/0299/dia976_utt2,0,0,0,0,1,0,0
train/0002/dia976_utt3,0,0,0,0,1,0,0
train/0299/dia976_utt4,0,0,0,0,1,0,0
train/0299/dia976_utt5,0,0,0,0,1,0,0
train/0299/dia976_utt6,0,0,0,0,1,0,0
train/0299/dia976_utt7,0,0,0,0,1,0,0
train/0002/dia976_utt8,0,0,0,0,0,0,1
train/0299/dia976_utt9,0,1,0,0,0,0,0
train/0006/dia977_utt0,0,0,0,0,0,1,0
train/0002/dia977_utt1,0,0,0,0,1,0,0
train/0002/dia977_utt10,0,0,0,0,0,1,0
train/0006/dia977_utt11,0,0,0,0,0,0,1
train/0006/dia977_utt12,0,0,0,0,0,0,1
train/0002/dia977_utt13,0,0,0,1,0,0,0
train/0003/dia977_utt14,0,0,0,0,1,0,0
train/0006/dia977_utt2,0,0,0,0,0,0,1
train/0002/dia977_utt3,1,0,0,0,0,0,0
train/0002/dia977_utt4,1,0,0,0,0,0,0
train/0006/dia977_utt5,0,0,0,1,0,0,0
train/0002/dia977_utt6,1,0,0,0,0,0,0
train/0002/dia977_utt7,0,0,0,0,1,0,0
train/0002/dia977_utt8,0,0,0,0,1,0,0
train/0006/dia977_utt9,0,0,0,0,1,0,0
train/0003/dia978_utt0,0,0,0,0,0,0,1
train/0002/dia978_utt1,0,0,0,1,0,0,0
train/0300/dia978_utt10,0,0,0,1,0,0,0
train/0002/dia978_utt2,0,0,0,0,1,0,0
train/0002/dia978_utt3,0,0,0,1,0,0,0
train/0301/dia978_utt4,0,0,0,1,0,0,0
train/0002/dia978_utt5,0,0,0,0,1,0,0
train/0301/dia978_utt6,0,0,0,0,0,0,1
train/0002/dia978_utt7,0,0,0,0,1,0,0
train/0302/dia978_utt8,0,0,0,0,0,0,1
train/0002/dia978_utt9,0,0,0,0,1,0,0
train/0000/dia979_utt0,0,0,0,0,0,0,1
train/0004/dia979_utt1,0,0,0,1,0,0,0
train/0003/dia979_utt2,0,0,0,1,0,0,0
train/0000/dia979_utt3,0,0,0,0,0,0,1
train/0004/dia979_utt4,0,0,0,1,0,0,0
train/0001/dia979_utt5,0,0,0,0,1,0,0
train/0003/dia979_utt6,0,0,0,0,1,0,0
train/0001/dia97_utt0,0,0,0,0,1,0,0
train/0002/dia97_utt1,0,0,0,0,1,0,0
train/0006/dia97_utt2,0,0,0,0,1,0,0
train/0002/dia97_utt3,1,0,0,0,0,0,0
train/0006/dia980_utt0,0,0,0,0,1,0,0
train/0006/dia980_utt1,0,0,0,0,1,0,0
train/0003/dia980_utt10,0,0,1,0,0,0,0
train/0006/dia980_utt11,0,0,0,0,0,1,0
train/0006/dia980_utt2,0,0,0,0,1,0,0
train/0006/dia980_utt3,0,0,0,0,0,1,0
train/0006/dia980_utt4,0,1,0,0,0,0,0
train/0006/dia980_utt5,1,0,0,0,0,0,0
train/0003/dia980_utt6,0,0,0,0,1,0,0
train/0006/dia980_utt7,0,0,0,0,1,0,0
train/0006/dia980_utt8,0,0,0,0,1,0,0
train/0006/dia980_utt9,0,0,0,0,1,0,0
train/0003/dia981_utt0,0,0,0,0,1,0,0
train/0006/dia981_utt1,0,0,0,0,0,1,0
train/0002/dia981_utt2,0,0,0,0,0,0,1
train/0006/dia981_utt3,0,0,0,0,0,1,0
train/0002/dia981_utt4,0,0,0,0,0,0,1
train/0004/dia982_utt0,0,0,0,0,1,0,0
train/0003/dia982_utt1,0,0,0,0,1,0,0
train/0004/dia982_utt10,0,0,0,1,0,0,0
train/0004/dia982_utt2,0,0,0,0,1,0,0
train/0003/dia982_utt3,0,0,0,1,0,0,0
train/0004/dia982_utt4,0,0,0,0,0,0,1
train/0003/dia982_utt5,0,0,0,0,1,0,0
train/0004/dia982_utt6,0,0,0,0,1,0,0
train/0003/dia982_utt7,0,0,0,0,0,0,1
train/0004/dia982_utt8,0,0,0,0,1,0,0
train/0003/dia982_utt9,0,0,0,0,0,0,1
train/0002/dia983_utt0,0,0,0,0,0,0,1
train/0004/dia983_utt1,0,0,0,0,1,0,0
train/0002/dia983_utt2,1,0,0,0,0,0,0
train/0004/dia983_utt3,0,0,0,0,0,1,0
train/0002/dia983_utt4,0,0,0,0,0,1,0
train/0004/dia983_utt5,1,0,0,0,0,0,0
train/0002/dia983_utt6,0,0,0,0,0,1,0
train/0004/dia983_utt7,1,0,0,0,0,0,0
train/0000/dia984_utt0,0,0,0,1,0,0,0
train/0004/dia984_utt1,0,0,0,0,1,0,0
train/0000/dia984_utt2,0,0,0,0,1,0,0
train/0004/dia984_utt3,0,0,0,0,1,0,0
train/0000/dia984_utt4,0,0,0,0,1,0,0
train/0004/dia984_utt5,0,0,0,1,0,0,0
train/0004/dia985_utt0,0,0,0,0,0,1,0
train/0018/dia985_utt1,0,0,0,0,1,0,0
train/0004/dia985_utt2,0,0,0,0,0,0,1
train/0018/dia985_utt3,0,0,0,0,0,1,0
train/0004/dia985_utt4,1,0,0,0,0,0,0
train/0000/dia986_utt0,0,0,0,0,0,0,1
train/0000/dia986_utt1,0,0,0,0,0,0,1
train/0004/dia986_utt10,0,0,0,0,1,0,0
train/0002/dia986_utt11,0,0,0,0,1,0,0
train/0000/dia986_utt12,0,0,0,0,0,0,1
train/0004/dia986_utt13,0,0,0,0,1,0,0
train/0004/dia986_utt14,0,0,0,0,1,0,0
train/0004/dia986_utt15,0,0,0,0,1,0,0
train/0004/dia986_utt16,0,0,0,1,0,0,0
train/0002/dia986_utt2,0,0,0,1,0,0,0
train/0000/dia986_utt3,0,0,0,0,0,0,1
train/0000/dia986_utt4,0,0,0,1,0,0,0
train/0000/dia986_utt5,0,0,0,0,1,0,0
train/0000/dia986_utt6,0,0,0,0,1,0,0
train/0004/dia986_utt7,0,0,0,0,1,0,0
train/0002/dia986_utt8,0,0,0,0,1,0,0
train/0002/dia986_utt9,0,0,0,0,1,0,0
train/0003/dia987_utt0,0,0,0,0,1,0,0
train/0000/dia988_utt0,0,0,0,0,1,0,0
train/0002/dia988_utt1,0,0,0,0,0,0,1
train/0000/dia988_utt2,0,0,0,0,0,0,1
train/0000/dia988_utt3,0,0,0,0,0,1,0
train/0000/dia988_utt4,0,0,0,0,0,1,0
train/0002/dia988_utt5,0,0,0,0,1,0,0
train/0004/dia988_utt6,0,0,0,0,0,1,0
train/0006/dia988_utt7,0,0,0,0,1,0,0
train/0002/dia989_utt0,0,0,0,0,0,0,1
train/0003/dia989_utt1,0,0,0,0,1,0,0
train/0002/dia989_utt10,0,0,1,0,0,0,0
train/0003/dia989_utt11,0,0,1,0,0,0,0
train/0002/dia989_utt2,0,0,0,0,0,1,0
train/0003/dia989_utt3,0,0,1,0,0,0,0
train/0002/dia989_utt4,0,0,1,0,0,0,0
train/0003/dia989_utt5,0,0,0,0,1,0,0
train/0002/dia989_utt6,0,0,0,0,1,0,0
train/0003/dia989_utt7,0,0,0,0,1,0,0
train/0002/dia989_utt8,0,0,1,0,0,0,0
train/0003/dia989_utt9,0,0,0,0,0,0,1
train/0003/dia98_utt1,0,0,0,0,1,0,0
train/0003/dia990_utt0,0,0,0,0,1,0,0
train/0004/dia990_utt1,0,0,0,0,1,0,0
train/0003/dia990_utt10,0,0,0,0,1,0,0
train/0004/dia990_utt11,0,0,0,0,1,0,0
train/0003/dia990_utt12,0,0,0,0,1,0,0
train/0003/dia990_utt13,0,0,0,0,1,0,0
train/0003/dia990_utt14,0,0,0,0,1,0,0
train/0003/dia990_utt15,0,0,0,0,1,0,0
train/0004/dia990_utt16,0,0,0,1,0,0,0
train/0003/dia990_utt17,0,0,0,0,1,0,0
train/0004/dia990_utt18,0,0,0,0,1,0,0
train/0003/dia990_utt19,1,0,0,0,0,0,0
train/0003/dia990_utt2,0,0,0,0,1,0,0
train/0004/dia990_utt3,0,0,0,0,1,0,0
train/0003/dia990_utt4,0,0,0,0,1,0,0
train/0004/dia990_utt5,0,0,0,0,1,0,0
train/0004/dia990_utt6,0,0,0,0,0,1,0
train/0004/dia990_utt7,0,0,0,0,1,0,0
train/0003/dia990_utt8,0,0,0,0,1,0,0
train/0003/dia990_utt9,0,0,0,0,1,0,0
train/0004/dia991_utt0,0,0,0,0,1,0,0
train/0296/dia991_utt1,0,0,0,0,1,0,0
train/0001/dia991_utt10,0,0,0,0,1,0,0
train/0296/dia991_utt11,0,0,0,1,0,0,0
train/0001/dia991_utt12,0,0,0,0,1,0,0
train/0296/dia991_utt13,0,0,0,1,0,0,0
train/0001/dia991_utt14,0,0,0,1,0,0,0
train/0004/dia991_utt2,0,0,0,0,1,0,0
train/0296/dia991_utt3,0,0,0,0,1,0,0
train/0004/dia991_utt4,0,0,0,0,1,0,0
train/0296/dia991_utt5,0,0,0,0,1,0,0
train/0004/dia991_utt6,0,0,0,0,1,0,0
train/0296/dia991_utt7,0,0,0,0,0,0,1
train/0001/dia991_utt8,0,0,0,0,0,0,1
train/0001/dia991_utt9,0,0,0,0,1,0,0
train/0016/dia992_utt0,0,0,0,0,1,0,0
train/0000/dia992_utt1,0,0,0,0,1,0,0
train/0006/dia992_utt10,0,0,0,0,0,1,0
train/0000/dia992_utt11,0,0,0,0,1,0,0
train/0000/dia992_utt12,0,0,0,0,1,0,0
train/0000/dia992_utt13,0,0,0,0,1,0,0
train/0016/dia992_utt14,0,1,0,0,0,0,0
train/0002/dia992_utt15,0,0,0,0,0,1,0
train/0001/dia992_utt2,0,0,0,0,1,0,0
train/0000/dia992_utt3,0,0,0,1,0,0,0
train/0000/dia992_utt4,0,0,0,0,1,0,0
train/0001/dia992_utt5,0,0,0,0,1,0,0
train/0006/dia992_utt6,0,0,0,0,1,0,0
train/0003/dia992_utt7,0,0,0,0,1,0,0
train/0002/dia992_utt8,0,1,0,0,0,0,0
train/0016/dia992_utt9,0,1,0,0,0,0,0
train/0006/dia993_utt0,0,0,0,1,0,0,0
train/0004/dia993_utt1,0,0,0,1,0,0,0
train/0006/dia993_utt2,0,0,0,0,1,0,0
train/0004/dia993_utt3,0,0,0,0,1,0,0
train/0003/dia994_utt0,0,0,1,0,0,0,0
train/0004/dia994_utt1,0,0,0,0,1,0,0
train/0003/dia994_utt2,0,0,0,0,0,1,0
train/0004/dia994_utt3,1,0,0,0,0,0,0
train/0004/dia994_utt4,0,0,0,0,1,0,0
train/0004/dia994_utt5,0,0,0,0,1,0,0
train/0004/dia994_utt6,1,0,0,0,0,0,0
train/0003/dia995_utt0,1,0,0,0,0,0,0
train/0006/dia995_utt1,0,0,0,0,1,0,0
train/0006/dia996_utt0,0,0,0,0,0,0,1
train/0059/dia996_utt1,0,0,0,0,1,0,0
train/0059/dia996_utt10,1,0,0,0,0,0,0
train/0059/dia996_utt11,1,0,0,0,0,0,0
train/0006/dia996_utt12,0,0,0,0,1,0,0
train/0059/dia996_utt13,1,0,0,0,0,0,0
train/0006/dia996_utt14,0,0,0,0,1,0,0
train/0059/dia996_utt15,1,0,0,0,0,0,0
train/0006/dia996_utt16,1,0,0,0,0,0,0
train/0059/dia996_utt17,1,0,0,0,0,0,0
train/0059/dia996_utt18,1,0,0,0,0,0,0
train/0059/dia996_utt19,1,0,0,0,0,0,0
train/0006/dia996_utt2,0,0,0,1,0,0,0
train/0006/dia996_utt20,0,0,0,0,0,1,0
train/0006/dia996_utt3,1,0,0,0,0,0,0
train/0006/dia996_utt4,1,0,0,0,0,0,0
train/0006/dia996_utt5,0,0,0,0,1,0,0
train/0059/dia996_utt6,0,0,0,0,0,1,0
train/0006/dia996_utt7,1,0,0,0,0,0,0
train/0059/dia996_utt8,1,0,0,0,0,0,0
train/0059/dia996_utt9,1,0,0,0,0,0,0
train/0001/dia997_utt0,0,0,0,0,1,0,0
train/0003/dia997_utt1,0,0,0,0,1,0,0
train/0001/dia997_utt2,0,0,0,1,0,0,0
train/0003/dia997_utt3,1,0,0,0,0,0,0
train/0291/dia997_utt4,0,0,0,0,1,0,0
train/0001/dia997_utt5,0,0,0,0,0,0,1
train/0291/dia997_utt6,0,0,0,0,1,0,0
train/0001/dia997_utt7,0,0,1,0,0,0,0
train/0003/dia997_utt8,0,0,0,0,0,0,1
train/0001/dia997_utt9,1,0,0,0,0,0,0
train/0004/dia998_utt0,0,0,0,0,0,0,1
train/0303/dia998_utt1,0,0,0,0,1,0,0
train/0004/dia998_utt2,0,0,0,0,0,0,1
train/0015/dia999_utt0,0,0,0,0,1,0,0
train/0006/dia999_utt1,0,0,0,0,1,0,0
train/0015/dia999_utt2,0,0,0,0,1,0,0
train/0006/dia999_utt3,0,0,0,0,0,0,1
train/0015/dia999_utt4,0,0,0,0,1,0,0
train/0003/dia99_utt0,0,0,0,1,0,0,0
train/0001/dia99_utt1,0,0,0,1,0,0,0
train/0003/dia99_utt10,0,0,0,0,1,0,0
train/0001/dia99_utt11,1,0,0,0,0,0,0
train/0227/dia99_utt12,0,0,0,0,1,0,0
train/0003/dia99_utt13,0,0,0,1,0,0,0
train/0227/dia99_utt14,0,0,0,0,1,0,0
train/0001/dia99_utt15,0,0,0,0,1,0,0
train/0227/dia99_utt16,0,0,0,0,1,0,0
train/0001/dia99_utt17,1,0,0,0,0,0,0
train/0003/dia99_utt18,0,0,0,0,1,0,0
train/0003/dia99_utt2,0,0,0,1,0,0,0
train/0001/dia99_utt3,0,0,0,1,0,0,0
train/0003/dia99_utt4,0,0,0,0,1,0,0
train/0001/dia99_utt5,0,0,1,0,0,0,0
train/0003/dia99_utt6,0,0,0,0,1,0,0
train/0001/dia99_utt7,1,0,0,0,0,0,0
train/0003/dia99_utt8,0,0,0,1,0,0,0
train/0001/dia99_utt9,0,0,0,0,1,0,0
train/0003/dia9_utt0,0,0,0,0,1,0,0
train/0121/dia9_utt1,0,0,0,0,1,0,0
train/0006/dia9_utt10,0,0,0,0,1,0,0
train/0003/dia9_utt11,0,0,0,0,1,0,0
train/0006/dia9_utt12,0,1,0,0,0,0,0
train/0003/dia9_utt13,1,0,0,0,0,0,0
train/0121/dia9_utt2,0,0,0,0,1,0,0
train/0003/dia9_utt3,0,0,0,1,0,0,0
train/0006/dia9_utt4,0,0,0,0,1,0,0
train/0003/dia9_utt5,0,0,0,0,1,0,0
train/0121/dia9_utt6,0,0,0,0,1,0,0
train/0003/dia9_utt7,0,0,0,0,1,0,0
train/0121/dia9_utt8,0,0,0,0,1,0,0
train/0003/dia9_utt9,0,0,0,1,0,0,0
